selection_scope,outer_fold,embedding,config_id,n_estimators,forest_params,max_depth,min_samples_leaf,max_features,class_weight,mean_inner_average_precision,inner_average_precision_0,inner_average_precision_1,inner_average_precision_2,inner_rows,selection_rank
outer_fold,0,a,rf_00,200,"{""class_weight"":null,""max_depth"":8,""max_features"":""sqrt"",""min_samples_leaf"":12,""n_estimators"":200,""n_jobs"":2,""random_state"":42}",8.0,12,sqrt,None,0.943208174499635,0.9602384002706749,0.9251381242826819,0.9442479989455482,722,64
outer_fold,0,a,rf_01,200,"{""class_weight"":""balanced"",""max_depth"":8,""max_features"":""sqrt"",""min_samples_leaf"":12,""n_estimators"":200,""n_jobs"":2,""random_state"":42}",8.0,12,sqrt,balanced,0.9419872988076662,0.957887413967897,0.9223374892794359,0.9457369931756656,722,68
outer_fold,0,a,rf_02,200,"{""class_weight"":null,""max_depth"":8,""max_features"":0.1,""min_samples_leaf"":12,""n_estimators"":200,""n_jobs"":2,""random_state"":42}",8.0,12,0.1,None,0.9417994899089303,0.9601309510472478,0.923531430910776,0.9417360877687669,722,69
outer_fold,0,a,rf_03,200,"{""class_weight"":""balanced"",""max_depth"":8,""max_features"":0.1,""min_samples_leaf"":12,""n_estimators"":200,""n_jobs"":2,""random_state"":42}",8.0,12,0.1,balanced,0.9443780497816384,0.9570919708239651,0.9306561485926061,0.9453860299283441,722,61
outer_fold,0,a,rf_04,200,"{""class_weight"":null,""max_depth"":8,""max_features"":""sqrt"",""min_samples_leaf"":4,""n_estimators"":200,""n_jobs"":2,""random_state"":42}",8.0,4,sqrt,None,0.9460404726210795,0.9681955576764816,0.9240238155211278,0.9459020446656292,722,53
outer_fold,0,a,rf_05,200,"{""class_weight"":""balanced"",""max_depth"":8,""max_features"":""sqrt"",""min_samples_leaf"":4,""n_estimators"":200,""n_jobs"":2,""random_state"":42}",8.0,4,sqrt,balanced,0.9489821895903884,0.9627024174431091,0.936527315506431,0.9477168358216252,722,40
outer_fold,0,a,rf_06,200,"{""class_weight"":null,""max_depth"":8,""max_features"":0.1,""min_samples_leaf"":4,""n_estimators"":200,""n_jobs"":2,""random_state"":42}",8.0,4,0.1,None,0.9442680435820993,0.9597721938059816,0.9270078468346952,0.9460240901056207,722,62
outer_fold,0,a,rf_07,200,"{""class_weight"":""balanced"",""max_depth"":8,""max_features"":0.1,""min_samples_leaf"":4,""n_estimators"":200,""n_jobs"":2,""random_state"":42}",8.0,4,0.1,balanced,0.9464478312197234,0.9584021394824397,0.9329367290367425,0.9480046251399883,722,51
outer_fold,0,a,rf_08,200,"{""class_weight"":null,""max_depth"":8,""max_features"":""sqrt"",""min_samples_leaf"":1,""n_estimators"":200,""n_jobs"":2,""random_state"":42}",8.0,1,sqrt,None,0.9491465018092891,0.9642604775216113,0.934300834875788,0.9488781930304678,722,38
outer_fold,0,a,rf_09,200,"{""class_weight"":""balanced"",""max_depth"":8,""max_features"":""sqrt"",""min_samples_leaf"":1,""n_estimators"":200,""n_jobs"":2,""random_state"":42}",8.0,1,sqrt,balanced,0.9492146185569007,0.9561463815444725,0.9396831299528008,0.9518143441734284,722,37
outer_fold,0,a,rf_10,200,"{""class_weight"":null,""max_depth"":8,""max_features"":0.1,""min_samples_leaf"":1,""n_estimators"":200,""n_jobs"":2,""random_state"":42}",8.0,1,0.1,None,0.9414454015018875,0.9602845748237545,0.9264862076297528,0.9375654220521551,722,71
outer_fold,0,a,rf_11,200,"{""class_weight"":""balanced"",""max_depth"":8,""max_features"":0.1,""min_samples_leaf"":1,""n_estimators"":200,""n_jobs"":2,""random_state"":42}",8.0,1,0.1,balanced,0.9444098282342578,0.9538918765358374,0.9377943027238884,0.9415433054430473,722,60
outer_fold,0,a,rf_12,200,"{""class_weight"":null,""max_depth"":null,""max_features"":""sqrt"",""min_samples_leaf"":12,""n_estimators"":200,""n_jobs"":2,""random_state"":42}",,12,sqrt,None,0.9429361338775001,0.9600848311785057,0.9247708360165864,0.9439527344374081,722,65
outer_fold,0,a,rf_13,200,"{""class_weight"":""balanced"",""max_depth"":null,""max_features"":""sqrt"",""min_samples_leaf"":12,""n_estimators"":200,""n_jobs"":2,""random_state"":42}",,12,sqrt,balanced,0.9420770064045181,0.9577004371520752,0.9227935888858132,0.9457369931756656,722,67
outer_fold,0,a,rf_14,200,"{""class_weight"":null,""max_depth"":null,""max_features"":0.1,""min_samples_leaf"":12,""n_estimators"":200,""n_jobs"":2,""random_state"":42}",,12,0.1,None,0.9417093407130223,0.960065817868759,0.9234695258554246,0.9415926784148831,722,70
outer_fold,0,a,rf_15,200,"{""class_weight"":""balanced"",""max_depth"":null,""max_features"":0.1,""min_samples_leaf"":12,""n_estimators"":200,""n_jobs"":2,""random_state"":42}",,12,0.1,balanced,0.9444672152564136,0.957155300517242,0.9307316218039215,0.9455147234480774,722,59
outer_fold,0,a,rf_16,200,"{""class_weight"":null,""max_depth"":null,""max_features"":""sqrt"",""min_samples_leaf"":4,""n_estimators"":200,""n_jobs"":2,""random_state"":42}",,4,sqrt,None,0.9454071336658268,0.9691756400074089,0.9201297196357959,0.946916041354276,722,56
outer_fold,0,a,rf_17,200,"{""class_weight"":""balanced"",""max_depth"":null,""max_features"":""sqrt"",""min_samples_leaf"":4,""n_estimators"":200,""n_jobs"":2,""random_state"":42}",,4,sqrt,balanced,0.9487019508360738,0.9605867064761094,0.9344179723482617,0.9511011736838503,722,41
outer_fold,0,a,rf_18,200,"{""class_weight"":null,""max_depth"":null,""max_features"":0.1,""min_samples_leaf"":4,""n_estimators"":200,""n_jobs"":2,""random_state"":42}",,4,0.1,None,0.9440415750062457,0.9602248756152317,0.9280555122450518,0.9438443371584541,722,63
outer_fold,0,a,rf_19,200,"{""class_weight"":""balanced"",""max_depth"":null,""max_features"":0.1,""min_samples_leaf"":4,""n_estimators"":200,""n_jobs"":2,""random_state"":42}",,4,0.1,balanced,0.9484268596742685,0.9601077123948747,0.9356774066193182,0.9494954600086125,722,43
outer_fold,0,a,rf_20,200,"{""class_weight"":null,""max_depth"":null,""max_features"":""sqrt"",""min_samples_leaf"":1,""n_estimators"":200,""n_jobs"":2,""random_state"":42}",,1,sqrt,None,0.9478092166161135,0.9604620997682811,0.9356749233902754,0.9472906266897841,722,45
outer_fold,0,a,rf_21,200,"{""class_weight"":""balanced"",""max_depth"":null,""max_features"":""sqrt"",""min_samples_leaf"":1,""n_estimators"":200,""n_jobs"":2,""random_state"":42}",,1,sqrt,balanced,0.947660021319824,0.956368538332754,0.9376633123796143,0.9489482132471034,722,46
outer_fold,0,a,rf_22,200,"{""class_weight"":null,""max_depth"":null,""max_features"":0.1,""min_samples_leaf"":1,""n_estimators"":200,""n_jobs"":2,""random_state"":42}",,1,0.1,None,0.9398288602605822,0.9589061339402583,0.9280952787538677,0.9324851680876208,722,72
outer_fold,0,a,rf_23,200,"{""class_weight"":""balanced"",""max_depth"":null,""max_features"":0.1,""min_samples_leaf"":1,""n_estimators"":200,""n_jobs"":2,""random_state"":42}",,1,0.1,balanced,0.9427562654225271,0.9536861078104485,0.9363889026962062,0.9381937857609268,722,66
outer_fold,0,b,rf_00,200,"{""class_weight"":null,""max_depth"":8,""max_features"":""sqrt"",""min_samples_leaf"":12,""n_estimators"":200,""n_jobs"":2,""random_state"":42}",8.0,12,sqrt,None,0.9543819312123217,0.9660212652635115,0.9370828745331513,0.9600416538403023,722,24
outer_fold,0,b,rf_01,200,"{""class_weight"":""balanced"",""max_depth"":8,""max_features"":""sqrt"",""min_samples_leaf"":12,""n_estimators"":200,""n_jobs"":2,""random_state"":42}",8.0,12,sqrt,balanced,0.9547589104692308,0.968215700930924,0.935482024177998,0.9605790062987704,722,21
outer_fold,0,b,rf_02,200,"{""class_weight"":null,""max_depth"":8,""max_features"":0.1,""min_samples_leaf"":12,""n_estimators"":200,""n_jobs"":2,""random_state"":42}",8.0,12,0.1,None,0.9556476295301136,0.9688400672600459,0.9388436515597496,0.9592591697705453,722,17
outer_fold,0,b,rf_03,200,"{""class_weight"":""balanced"",""max_depth"":8,""max_features"":0.1,""min_samples_leaf"":12,""n_estimators"":200,""n_jobs"":2,""random_state"":42}",8.0,12,0.1,balanced,0.9545913974687296,0.9684574795737848,0.9342133472033498,0.961103365629054,722,22
outer_fold,0,b,rf_04,200,"{""class_weight"":null,""max_depth"":8,""max_features"":""sqrt"",""min_samples_leaf"":4,""n_estimators"":200,""n_jobs"":2,""random_state"":42}",8.0,4,sqrt,None,0.9571867730010002,0.970702890416198,0.9421013853782421,0.9587560432085607,722,14
outer_fold,0,b,rf_05,200,"{""class_weight"":""balanced"",""max_depth"":8,""max_features"":""sqrt"",""min_samples_leaf"":4,""n_estimators"":200,""n_jobs"":2,""random_state"":42}",8.0,4,sqrt,balanced,0.9619493468642815,0.9736295778723895,0.9462201504923289,0.9659983122281259,722,1
outer_fold,0,b,rf_06,200,"{""class_weight"":null,""max_depth"":8,""max_features"":0.1,""min_samples_leaf"":4,""n_estimators"":200,""n_jobs"":2,""random_state"":42}",8.0,4,0.1,None,0.9570528359958236,0.967897596582505,0.945475074089003,0.9577858373159628,722,15
outer_fold,0,b,rf_07,200,"{""class_weight"":""balanced"",""max_depth"":8,""max_features"":0.1,""min_samples_leaf"":4,""n_estimators"":200,""n_jobs"":2,""random_state"":42}",8.0,4,0.1,balanced,0.959505124482981,0.9693351797234719,0.9415725039950531,0.9676076897304182,722,8
outer_fold,0,b,rf_08,200,"{""class_weight"":null,""max_depth"":8,""max_features"":""sqrt"",""min_samples_leaf"":1,""n_estimators"":200,""n_jobs"":2,""random_state"":42}",8.0,1,sqrt,None,0.9578127539964103,0.9719161202102674,0.9406600476052986,0.9608620941736651,722,13
outer_fold,0,b,rf_09,200,"{""class_weight"":""balanced"",""max_depth"":8,""max_features"":""sqrt"",""min_samples_leaf"":1,""n_estimators"":200,""n_jobs"":2,""random_state"":42}",8.0,1,sqrt,balanced,0.9603972233229549,0.971447474609616,0.9447865375527307,0.9649576578065182,722,5
outer_fold,0,b,rf_10,200,"{""class_weight"":null,""max_depth"":8,""max_features"":0.1,""min_samples_leaf"":1,""n_estimators"":200,""n_jobs"":2,""random_state"":42}",8.0,1,0.1,None,0.956312146459215,0.9683292353032985,0.9434406397850998,0.9571665642892468,722,16
outer_fold,0,b,rf_11,200,"{""class_weight"":""balanced"",""max_depth"":8,""max_features"":0.1,""min_samples_leaf"":1,""n_estimators"":200,""n_jobs"":2,""random_state"":42}",8.0,1,0.1,balanced,0.9609403099639424,0.970662164359635,0.944208959727874,0.9679498058043183,722,3
outer_fold,0,b,rf_12,200,"{""class_weight"":null,""max_depth"":null,""max_features"":""sqrt"",""min_samples_leaf"":12,""n_estimators"":200,""n_jobs"":2,""random_state"":42}",,12,sqrt,None,0.9543276285812311,0.9659729135435967,0.9370272700312381,0.9599827021688584,722,25
outer_fold,0,b,rf_13,200,"{""class_weight"":""balanced"",""max_depth"":null,""max_features"":""sqrt"",""min_samples_leaf"":12,""n_estimators"":200,""n_jobs"":2,""random_state"":42}",,12,sqrt,balanced,0.9548527817910192,0.9681197689253078,0.935664383775615,0.9607741926721345,722,20
outer_fold,0,b,rf_14,200,"{""class_weight"":null,""max_depth"":null,""max_features"":0.1,""min_samples_leaf"":12,""n_estimators"":200,""n_jobs"":2,""random_state"":42}",,12,0.1,None,0.9556260710842776,0.9683829688543076,0.9390824601154913,0.9594127842830334,722,18
outer_fold,0,b,rf_15,200,"{""class_weight"":""balanced"",""max_depth"":null,""max_features"":0.1,""min_samples_leaf"":12,""n_estimators"":200,""n_jobs"":2,""random_state"":42}",,12,0.1,balanced,0.9545913974687296,0.9684574795737848,0.9342133472033498,0.961103365629054,722,23
outer_fold,0,b,rf_16,200,"{""class_weight"":null,""max_depth"":null,""max_features"":""sqrt"",""min_samples_leaf"":4,""n_estimators"":200,""n_jobs"":2,""random_state"":42}",,4,sqrt,None,0.959632336492608,0.9715367207879912,0.9476469818117972,0.9597133068780359,722,7
outer_fold,0,b,rf_17,200,"{""class_weight"":""balanced"",""max_depth"":null,""max_features"":""sqrt"",""min_samples_leaf"":4,""n_estimators"":200,""n_jobs"":2,""random_state"":42}",,4,sqrt,balanced,0.9616487985087283,0.9733489085814796,0.9471214044810025,0.9644760824637029,722,2
outer_fold,0,b,rf_18,200,"{""class_weight"":null,""max_depth"":null,""max_features"":0.1,""min_samples_leaf"":4,""n_estimators"":200,""n_jobs"":2,""random_state"":42}",,4,0.1,None,0.9578179015292055,0.9667720173767813,0.9481046479823935,0.9585770392284417,722,12
outer_fold,0,b,rf_19,200,"{""class_weight"":""balanced"",""max_depth"":null,""max_features"":0.1,""min_samples_leaf"":4,""n_estimators"":200,""n_jobs"":2,""random_state"":42}",,4,0.1,balanced,0.9592990862004581,0.9699136022459194,0.9403565337527819,0.9676271226026731,722,10
outer_fold,0,b,rf_20,200,"{""class_weight"":null,""max_depth"":null,""max_features"":""sqrt"",""min_samples_leaf"":1,""n_estimators"":200,""n_jobs"":2,""random_state"":42}",,1,sqrt,None,0.9602722165749622,0.9723954413695635,0.9445499143481607,0.9638712940071624,722,6
outer_fold,0,b,rf_21,200,"{""class_weight"":""balanced"",""max_depth"":null,""max_features"":""sqrt"",""min_samples_leaf"":1,""n_estimators"":200,""n_jobs"":2,""random_state"":42}",,1,sqrt,balanced,0.9594842043657779,0.9692488845948712,0.9463358475714864,0.962867880930976,722,9
outer_fold,0,b,rf_22,200,"{""class_weight"":null,""max_depth"":null,""max_features"":0.1,""min_samples_leaf"":1,""n_estimators"":200,""n_jobs"":2,""random_state"":42}",,1,0.1,None,0.9588814557915891,0.9696339836409289,0.9457719631142955,0.9612384206195431,722,11
outer_fold,0,b,rf_23,200,"{""class_weight"":""balanced"",""max_depth"":null,""max_features"":0.1,""min_samples_leaf"":1,""n_estimators"":200,""n_jobs"":2,""random_state"":42}",,1,0.1,balanced,0.9608790041859284,0.9738340619830836,0.9433259324989657,0.965477018075736,722,4
outer_fold,0,c,rf_00,200,"{""class_weight"":null,""max_depth"":8,""max_features"":""sqrt"",""min_samples_leaf"":12,""n_estimators"":200,""n_jobs"":2,""random_state"":42}",8.0,12,sqrt,None,0.9474351897702661,0.9587015631683317,0.9429542175654395,0.9406497885770271,722,47
outer_fold,0,c,rf_01,200,"{""class_weight"":""balanced"",""max_depth"":8,""max_features"":""sqrt"",""min_samples_leaf"":12,""n_estimators"":200,""n_jobs"":2,""random_state"":42}",8.0,12,sqrt,balanced,0.9463246635525301,0.9601803060855374,0.9352522703335957,0.9435414142384573,722,52
outer_fold,0,c,rf_02,200,"{""class_weight"":null,""max_depth"":8,""max_features"":0.1,""min_samples_leaf"":12,""n_estimators"":200,""n_jobs"":2,""random_state"":42}",8.0,12,0.1,None,0.9454044422218052,0.9642474831714205,0.9314623699949018,0.9405034734990934,722,57
outer_fold,0,c,rf_03,200,"{""class_weight"":""balanced"",""max_depth"":8,""max_features"":0.1,""min_samples_leaf"":12,""n_estimators"":200,""n_jobs"":2,""random_state"":42}",8.0,12,0.1,balanced,0.9458512786825123,0.9589032319191633,0.9394242223491973,0.9392263817791763,722,54
outer_fold,0,c,rf_04,200,"{""class_weight"":null,""max_depth"":8,""max_features"":""sqrt"",""min_samples_leaf"":4,""n_estimators"":200,""n_jobs"":2,""random_state"":42}",8.0,4,sqrt,None,0.9551894984055749,0.9648320839046841,0.9560045023063536,0.9447319090056869,722,19
outer_fold,0,c,rf_05,200,"{""class_weight"":""balanced"",""max_depth"":8,""max_features"":""sqrt"",""min_samples_leaf"":4,""n_estimators"":200,""n_jobs"":2,""random_state"":42}",8.0,4,sqrt,balanced,0.9523587267002139,0.9610897274282075,0.9496190423620042,0.94636741031043,722,28
outer_fold,0,c,rf_06,200,"{""class_weight"":null,""max_depth"":8,""max_features"":0.1,""min_samples_leaf"":4,""n_estimators"":200,""n_jobs"":2,""random_state"":42}",8.0,4,0.1,None,0.9494038524701681,0.9658819194236896,0.9384300400568037,0.9438995979300113,722,35
outer_fold,0,c,rf_07,200,"{""class_weight"":""balanced"",""max_depth"":8,""max_features"":0.1,""min_samples_leaf"":4,""n_estimators"":200,""n_jobs"":2,""random_state"":42}",8.0,4,0.1,balanced,0.9485539672143664,0.9551127508271124,0.9451292749132376,0.945419875902749,722,42
outer_fold,0,c,rf_08,200,"{""class_weight"":null,""max_depth"":8,""max_features"":""sqrt"",""min_samples_leaf"":1,""n_estimators"":200,""n_jobs"":2,""random_state"":42}",8.0,1,sqrt,None,0.9501563380634166,0.9634904841543468,0.9442229523137514,0.9427555777221513,722,33
outer_fold,0,c,rf_09,200,"{""class_weight"":""balanced"",""max_depth"":8,""max_features"":""sqrt"",""min_samples_leaf"":1,""n_estimators"":200,""n_jobs"":2,""random_state"":42}",8.0,1,sqrt,balanced,0.9525596988602003,0.9624100221099933,0.9489474655431334,0.9463216089274744,722,27
outer_fold,0,c,rf_10,200,"{""class_weight"":null,""max_depth"":8,""max_features"":0.1,""min_samples_leaf"":1,""n_estimators"":200,""n_jobs"":2,""random_state"":42}",8.0,1,0.1,None,0.9502009266305717,0.9628495934449397,0.9457553136434702,0.9419978728033049,722,31
outer_fold,0,c,rf_11,200,"{""class_weight"":""balanced"",""max_depth"":8,""max_features"":0.1,""min_samples_leaf"":1,""n_estimators"":200,""n_jobs"":2,""random_state"":42}",8.0,1,0.1,balanced,0.9492658109171535,0.9589630563324918,0.9502903732424315,0.9385440031765373,722,36
outer_fold,0,c,rf_12,200,"{""class_weight"":null,""max_depth"":null,""max_features"":""sqrt"",""min_samples_leaf"":12,""n_estimators"":200,""n_jobs"":2,""random_state"":42}",,12,sqrt,None,0.9471061385305797,0.9587712061134557,0.942586075364553,0.9399611341137303,722,49
outer_fold,0,c,rf_13,200,"{""class_weight"":""balanced"",""max_depth"":null,""max_features"":""sqrt"",""min_samples_leaf"":12,""n_estimators"":200,""n_jobs"":2,""random_state"":42}",,12,sqrt,balanced,0.9465901871435426,0.960454268731637,0.9354008646368148,0.9439154280621759,722,50
outer_fold,0,c,rf_14,200,"{""class_weight"":null,""max_depth"":null,""max_features"":0.1,""min_samples_leaf"":12,""n_estimators"":200,""n_jobs"":2,""random_state"":42}",,12,0.1,None,0.9452137588210593,0.9636902559083166,0.9311180013719285,0.9408330191829329,722,58
outer_fold,0,c,rf_15,200,"{""class_weight"":""balanced"",""max_depth"":null,""max_features"":0.1,""min_samples_leaf"":12,""n_estimators"":200,""n_jobs"":2,""random_state"":42}",,12,0.1,balanced,0.9455271765202017,0.9589615142863208,0.9392016440447789,0.9384183712295052,722,55
outer_fold,0,c,rf_16,200,"{""class_weight"":null,""max_depth"":null,""max_features"":""sqrt"",""min_samples_leaf"":4,""n_estimators"":200,""n_jobs"":2,""random_state"":42}",,4,sqrt,None,0.9516712118574014,0.9619123714167331,0.9518255248687655,0.9412757392867055,722,29
outer_fold,0,c,rf_17,200,"{""class_weight"":""balanced"",""max_depth"":null,""max_features"":""sqrt"",""min_samples_leaf"":4,""n_estimators"":200,""n_jobs"":2,""random_state"":42}",,4,sqrt,balanced,0.9532069020500611,0.9632647756790667,0.9495592198229026,0.9467967106482142,722,26
outer_fold,0,c,rf_18,200,"{""class_weight"":null,""max_depth"":null,""max_features"":0.1,""min_samples_leaf"":4,""n_estimators"":200,""n_jobs"":2,""random_state"":42}",,4,0.1,None,0.9514974820440324,0.9674271766077838,0.9407527877273976,0.9463124817969155,722,30
outer_fold,0,c,rf_19,200,"{""class_weight"":""balanced"",""max_depth"":null,""max_features"":0.1,""min_samples_leaf"":4,""n_estimators"":200,""n_jobs"":2,""random_state"":42}",,4,0.1,balanced,0.9491003084550499,0.9554215105981361,0.9479141360902203,0.9439652786767933,722,39
outer_fold,0,c,rf_20,200,"{""class_weight"":null,""max_depth"":null,""max_features"":""sqrt"",""min_samples_leaf"":1,""n_estimators"":200,""n_jobs"":2,""random_state"":42}",,1,sqrt,None,0.9481151765250747,0.9552539102503895,0.9483915508999193,0.9407000684249156,722,44
outer_fold,0,c,rf_21,200,"{""class_weight"":""balanced"",""max_depth"":null,""max_features"":""sqrt"",""min_samples_leaf"":1,""n_estimators"":200,""n_jobs"":2,""random_state"":42}",,1,sqrt,balanced,0.9501828690318735,0.9548257709609457,0.9487961344277622,0.9469267017069127,722,32
outer_fold,0,c,rf_22,200,"{""class_weight"":null,""max_depth"":null,""max_features"":0.1,""min_samples_leaf"":1,""n_estimators"":200,""n_jobs"":2,""random_state"":42}",,1,0.1,None,0.9494735348009354,0.9623931955452392,0.9429101211665278,0.9431172876910395,722,34
outer_fold,0,c,rf_23,200,"{""class_weight"":""balanced"",""max_depth"":null,""max_features"":0.1,""min_samples_leaf"":1,""n_estimators"":200,""n_jobs"":2,""random_state"":42}",,1,0.1,balanced,0.9472132446575454,0.9548934708027507,0.9514649468401817,0.935281316329704,722,48
outer_fold,1,a,rf_00,200,"{""class_weight"":null,""max_depth"":8,""max_features"":""sqrt"",""min_samples_leaf"":12,""n_estimators"":200,""n_jobs"":2,""random_state"":42}",8.0,12,sqrt,None,0.947070241115319,0.9525675951279319,0.9430908067005175,0.9455523215175079,722,60
outer_fold,1,a,rf_01,200,"{""class_weight"":""balanced"",""max_depth"":8,""max_features"":""sqrt"",""min_samples_leaf"":12,""n_estimators"":200,""n_jobs"":2,""random_state"":42}",8.0,12,sqrt,balanced,0.9453659843417047,0.9503050687312224,0.9397223651706128,0.9460705191232789,722,63
outer_fold,1,a,rf_02,200,"{""class_weight"":null,""max_depth"":8,""max_features"":0.1,""min_samples_leaf"":12,""n_estimators"":200,""n_jobs"":2,""random_state"":42}",8.0,12,0.1,None,0.9445364922049183,0.9481021600901783,0.937723542767156,0.9477837737574206,722,68
outer_fold,1,a,rf_03,200,"{""class_weight"":""balanced"",""max_depth"":8,""max_features"":0.1,""min_samples_leaf"":12,""n_estimators"":200,""n_jobs"":2,""random_state"":42}",8.0,12,0.1,balanced,0.9456927100163157,0.9509750164115811,0.9426748648007902,0.9434282488365756,722,62
outer_fold,1,a,rf_04,200,"{""class_weight"":null,""max_depth"":8,""max_features"":""sqrt"",""min_samples_leaf"":4,""n_estimators"":200,""n_jobs"":2,""random_state"":42}",8.0,4,sqrt,None,0.9504192201851819,0.9519077029535109,0.9518443742740744,0.9475055833279604,722,44
outer_fold,1,a,rf_05,200,"{""class_weight"":""balanced"",""max_depth"":8,""max_features"":""sqrt"",""min_samples_leaf"":4,""n_estimators"":200,""n_jobs"":2,""random_state"":42}",8.0,4,sqrt,balanced,0.954369408110892,0.9596182837613095,0.9518620743410576,0.9516278662303088,722,32
outer_fold,1,a,rf_06,200,"{""class_weight"":null,""max_depth"":8,""max_features"":0.1,""min_samples_leaf"":4,""n_estimators"":200,""n_jobs"":2,""random_state"":42}",8.0,4,0.1,None,0.9502616943307803,0.9485502443041525,0.9522076388592927,0.9500271998288963,722,46
outer_fold,1,a,rf_07,200,"{""class_weight"":""balanced"",""max_depth"":8,""max_features"":0.1,""min_samples_leaf"":4,""n_estimators"":200,""n_jobs"":2,""random_state"":42}",8.0,4,0.1,balanced,0.9488968061205928,0.9526387051494262,0.9466275114618871,0.9474242017504649,722,52
outer_fold,1,a,rf_08,200,"{""class_weight"":null,""max_depth"":8,""max_features"":""sqrt"",""min_samples_leaf"":1,""n_estimators"":200,""n_jobs"":2,""random_state"":42}",8.0,1,sqrt,None,0.9520819755729412,0.9539169324659346,0.9516487731333406,0.9506802211195481,722,40
outer_fold,1,a,rf_09,200,"{""class_weight"":""balanced"",""max_depth"":8,""max_features"":""sqrt"",""min_samples_leaf"":1,""n_estimators"":200,""n_jobs"":2,""random_state"":42}",8.0,1,sqrt,balanced,0.9530542230895894,0.9619208626763918,0.9524122663649315,0.9448295402274451,722,35
outer_fold,1,a,rf_10,200,"{""class_weight"":null,""max_depth"":8,""max_features"":0.1,""min_samples_leaf"":1,""n_estimators"":200,""n_jobs"":2,""random_state"":42}",8.0,1,0.1,None,0.9536771976292843,0.9552242877455086,0.9515819389932507,0.9542253661490935,722,33
outer_fold,1,a,rf_11,200,"{""class_weight"":""balanced"",""max_depth"":8,""max_features"":0.1,""min_samples_leaf"":1,""n_estimators"":200,""n_jobs"":2,""random_state"":42}",8.0,1,0.1,balanced,0.9555723537587779,0.959685092574589,0.954286954157165,0.9527450145445795,722,27
outer_fold,1,a,rf_12,200,"{""class_weight"":null,""max_depth"":null,""max_features"":""sqrt"",""min_samples_leaf"":12,""n_estimators"":200,""n_jobs"":2,""random_state"":42}",,12,sqrt,None,0.9472673078477235,0.9532016533104406,0.9428934470919313,0.9457068231407987,722,59
outer_fold,1,a,rf_13,200,"{""class_weight"":""balanced"",""max_depth"":null,""max_features"":""sqrt"",""min_samples_leaf"":12,""n_estimators"":200,""n_jobs"":2,""random_state"":42}",,12,sqrt,balanced,0.9452831038232183,0.9499097211165719,0.939985170044186,0.9459544203088969,722,64
outer_fold,1,a,rf_14,200,"{""class_weight"":null,""max_depth"":null,""max_features"":0.1,""min_samples_leaf"":12,""n_estimators"":200,""n_jobs"":2,""random_state"":42}",,12,0.1,None,0.9445441871925467,0.9481166605213672,0.9377470541831484,0.9477688468731242,722,67
outer_fold,1,a,rf_15,200,"{""class_weight"":""balanced"",""max_depth"":null,""max_features"":0.1,""min_samples_leaf"":12,""n_estimators"":200,""n_jobs"":2,""random_state"":42}",,12,0.1,balanced,0.945726940238775,0.9509750164115811,0.9427775554681683,0.9434282488365756,722,61
outer_fold,1,a,rf_16,200,"{""class_weight"":null,""max_depth"":null,""max_features"":""sqrt"",""min_samples_leaf"":4,""n_estimators"":200,""n_jobs"":2,""random_state"":42}",,4,sqrt,None,0.9503806907824891,0.9519092958365817,0.9551159229574071,0.9441168535534789,722,45
outer_fold,1,a,rf_17,200,"{""class_weight"":""balanced"",""max_depth"":null,""max_features"":""sqrt"",""min_samples_leaf"":4,""n_estimators"":200,""n_jobs"":2,""random_state"":42}",,4,sqrt,balanced,0.9528904298802505,0.9604611428389709,0.9482197776467444,0.9499903691550363,722,36
outer_fold,1,a,rf_18,200,"{""class_weight"":null,""max_depth"":null,""max_features"":0.1,""min_samples_leaf"":4,""n_estimators"":200,""n_jobs"":2,""random_state"":42}",,4,0.1,None,0.9518908532383804,0.951323564510861,0.9551767267642521,0.9491722684400281,722,42
outer_fold,1,a,rf_19,200,"{""class_weight"":""balanced"",""max_depth"":null,""max_features"":0.1,""min_samples_leaf"":4,""n_estimators"":200,""n_jobs"":2,""random_state"":42}",,4,0.1,balanced,0.9490904973461491,0.9518187794265281,0.9489717333744624,0.9464809792374567,722,50
outer_fold,1,a,rf_20,200,"{""class_weight"":null,""max_depth"":null,""max_features"":""sqrt"",""min_samples_leaf"":1,""n_estimators"":200,""n_jobs"":2,""random_state"":42}",,1,sqrt,None,0.9522760450843224,0.9464529137270031,0.9554794866729404,0.954895734853024,722,38
outer_fold,1,a,rf_21,200,"{""class_weight"":""balanced"",""max_depth"":null,""max_features"":""sqrt"",""min_samples_leaf"":1,""n_estimators"":200,""n_jobs"":2,""random_state"":42}",,1,sqrt,balanced,0.9550163086737954,0.9640423570172193,0.9547332976463203,0.9462732713578464,722,29
outer_fold,1,a,rf_22,200,"{""class_weight"":null,""max_depth"":null,""max_features"":0.1,""min_samples_leaf"":1,""n_estimators"":200,""n_jobs"":2,""random_state"":42}",,1,0.1,None,0.953443239928072,0.9547810273055143,0.9535195841269197,0.9520291083517817,722,34
outer_fold,1,a,rf_23,200,"{""class_weight"":""balanced"",""max_depth"":null,""max_features"":0.1,""min_samples_leaf"":1,""n_estimators"":200,""n_jobs"":2,""random_state"":42}",,1,0.1,balanced,0.9522404977245381,0.9530707143863735,0.9484587492677767,0.955192029519464,722,39
outer_fold,1,b,rf_00,200,"{""class_weight"":null,""max_depth"":8,""max_features"":""sqrt"",""min_samples_leaf"":12,""n_estimators"":200,""n_jobs"":2,""random_state"":42}",8.0,12,sqrt,None,0.9595488893204851,0.9660065005424368,0.9573733595088075,0.9552668079102111,722,24
outer_fold,1,b,rf_01,200,"{""class_weight"":""balanced"",""max_depth"":8,""max_features"":""sqrt"",""min_samples_leaf"":12,""n_estimators"":200,""n_jobs"":2,""random_state"":42}",8.0,12,sqrt,balanced,0.9613170825059667,0.9668144171675093,0.9594382515023034,0.9576985788480873,722,17
outer_fold,1,b,rf_02,200,"{""class_weight"":null,""max_depth"":8,""max_features"":0.1,""min_samples_leaf"":12,""n_estimators"":200,""n_jobs"":2,""random_state"":42}",8.0,12,0.1,None,0.9601329856725066,0.9636707750926826,0.9594966376884098,0.9572315442364274,722,22
outer_fold,1,b,rf_03,200,"{""class_weight"":""balanced"",""max_depth"":8,""max_features"":0.1,""min_samples_leaf"":12,""n_estimators"":200,""n_jobs"":2,""random_state"":42}",8.0,12,0.1,balanced,0.9606164886075591,0.9677604087667896,0.9565497973471153,0.9575392597087726,722,19
outer_fold,1,b,rf_04,200,"{""class_weight"":null,""max_depth"":8,""max_features"":""sqrt"",""min_samples_leaf"":4,""n_estimators"":200,""n_jobs"":2,""random_state"":42}",8.0,4,sqrt,None,0.9637966953464238,0.9702251166842466,0.9596003637564166,0.9615646055986079,722,13
outer_fold,1,b,rf_05,200,"{""class_weight"":""balanced"",""max_depth"":8,""max_features"":""sqrt"",""min_samples_leaf"":4,""n_estimators"":200,""n_jobs"":2,""random_state"":42}",8.0,4,sqrt,balanced,0.9668242400888891,0.9717044371333312,0.9669704984170838,0.9617977847162523,722,8
outer_fold,1,b,rf_06,200,"{""class_weight"":null,""max_depth"":8,""max_features"":0.1,""min_samples_leaf"":4,""n_estimators"":200,""n_jobs"":2,""random_state"":42}",8.0,4,0.1,None,0.9613660642794559,0.9629825335172648,0.9593340531287824,0.9617816061923207,722,16
outer_fold,1,b,rf_07,200,"{""class_weight"":""balanced"",""max_depth"":8,""max_features"":0.1,""min_samples_leaf"":4,""n_estimators"":200,""n_jobs"":2,""random_state"":42}",8.0,4,0.1,balanced,0.9674077547585395,0.9742841857999363,0.9624990389042134,0.9654400395714688,722,7
outer_fold,1,b,rf_08,200,"{""class_weight"":null,""max_depth"":8,""max_features"":""sqrt"",""min_samples_leaf"":1,""n_estimators"":200,""n_jobs"":2,""random_state"":42}",8.0,1,sqrt,None,0.965914864686504,0.9692357068286706,0.9656680149401523,0.9628408722906894,722,10
outer_fold,1,b,rf_09,200,"{""class_weight"":""balanced"",""max_depth"":8,""max_features"":""sqrt"",""min_samples_leaf"":1,""n_estimators"":200,""n_jobs"":2,""random_state"":42}",8.0,1,sqrt,balanced,0.967910079547072,0.9741723742230584,0.9644688688720952,0.9650889955460628,722,2
outer_fold,1,b,rf_10,200,"{""class_weight"":null,""max_depth"":8,""max_features"":0.1,""min_samples_leaf"":1,""n_estimators"":200,""n_jobs"":2,""random_state"":42}",8.0,1,0.1,None,0.9630735071774738,0.9719660879375168,0.9555135831873942,0.96174085040751,722,14
outer_fold,1,b,rf_11,200,"{""class_weight"":""balanced"",""max_depth"":8,""max_features"":0.1,""min_samples_leaf"":1,""n_estimators"":200,""n_jobs"":2,""random_state"":42}",8.0,1,0.1,balanced,0.9678250577275479,0.974459831771967,0.9666156534823639,0.9623996879283123,722,4
outer_fold,1,b,rf_12,200,"{""class_weight"":null,""max_depth"":null,""max_features"":""sqrt"",""min_samples_leaf"":12,""n_estimators"":200,""n_jobs"":2,""random_state"":42}",,12,sqrt,None,0.9595953940661612,0.9663241925018482,0.9571666997223276,0.9552952899743081,722,23
outer_fold,1,b,rf_13,200,"{""class_weight"":""balanced"",""max_depth"":null,""max_features"":""sqrt"",""min_samples_leaf"":12,""n_estimators"":200,""n_jobs"":2,""random_state"":42}",,12,sqrt,balanced,0.9613137198104457,0.9668144171675093,0.9594382515023034,0.9576884907615243,722,18
outer_fold,1,b,rf_14,200,"{""class_weight"":null,""max_depth"":null,""max_features"":0.1,""min_samples_leaf"":12,""n_estimators"":200,""n_jobs"":2,""random_state"":42}",,12,0.1,None,0.9601425680224632,0.9636697246365782,0.9594007604113244,0.9573572190194873,722,21
outer_fold,1,b,rf_15,200,"{""class_weight"":""balanced"",""max_depth"":null,""max_features"":0.1,""min_samples_leaf"":12,""n_estimators"":200,""n_jobs"":2,""random_state"":42}",,12,0.1,balanced,0.9606019775427036,0.9677168755722225,0.9565497973471153,0.9575392597087726,722,20
outer_fold,1,b,rf_16,200,"{""class_weight"":null,""max_depth"":null,""max_features"":""sqrt"",""min_samples_leaf"":4,""n_estimators"":200,""n_jobs"":2,""random_state"":42}",,4,sqrt,None,0.9639498235312409,0.9689669575955426,0.9613648942360773,0.9615176187621028,722,12
outer_fold,1,b,rf_17,200,"{""class_weight"":""balanced"",""max_depth"":null,""max_features"":""sqrt"",""min_samples_leaf"":4,""n_estimators"":200,""n_jobs"":2,""random_state"":42}",,4,sqrt,balanced,0.9677518147235334,0.972211320964492,0.9680712625377987,0.9629728606683097,722,5
outer_fold,1,b,rf_18,200,"{""class_weight"":null,""max_depth"":null,""max_features"":0.1,""min_samples_leaf"":4,""n_estimators"":200,""n_jobs"":2,""random_state"":42}",,4,0.1,None,0.9623685632185554,0.9649944812964497,0.9614663450112024,0.9606448633480139,722,15
outer_fold,1,b,rf_19,200,"{""class_weight"":""balanced"",""max_depth"":null,""max_features"":0.1,""min_samples_leaf"":4,""n_estimators"":200,""n_jobs"":2,""random_state"":42}",,4,0.1,balanced,0.9667373261223126,0.9733025091557894,0.9615837247070688,0.9653257445040797,722,9
outer_fold,1,b,rf_20,200,"{""class_weight"":null,""max_depth"":null,""max_features"":""sqrt"",""min_samples_leaf"":1,""n_estimators"":200,""n_jobs"":2,""random_state"":42}",,1,sqrt,None,0.9676003059661681,0.9718992461989714,0.9647324602804253,0.9661692114191077,722,6
outer_fold,1,b,rf_21,200,"{""class_weight"":""balanced"",""max_depth"":null,""max_features"":""sqrt"",""min_samples_leaf"":1,""n_estimators"":200,""n_jobs"":2,""random_state"":42}",,1,sqrt,balanced,0.9678873397698986,0.9723662093409844,0.9668857893440891,0.9644100206246224,722,3
outer_fold,1,b,rf_22,200,"{""class_weight"":null,""max_depth"":null,""max_features"":0.1,""min_samples_leaf"":1,""n_estimators"":200,""n_jobs"":2,""random_state"":42}",,1,0.1,None,0.9643155140467382,0.9734959042536451,0.9587571214014893,0.9606935164850806,722,11
outer_fold,1,b,rf_23,200,"{""class_weight"":""balanced"",""max_depth"":null,""max_features"":0.1,""min_samples_leaf"":1,""n_estimators"":200,""n_jobs"":2,""random_state"":42}",,1,0.1,balanced,0.9684246162183415,0.9736119043177761,0.9676717775159767,0.9639901668212717,722,1
outer_fold,1,c,rf_00,200,"{""class_weight"":null,""max_depth"":8,""max_features"":""sqrt"",""min_samples_leaf"":12,""n_estimators"":200,""n_jobs"":2,""random_state"":42}",8.0,12,sqrt,None,0.9441637852168568,0.9394671609596772,0.9499021299990027,0.9431220646918907,722,70
outer_fold,1,c,rf_01,200,"{""class_weight"":""balanced"",""max_depth"":8,""max_features"":""sqrt"",""min_samples_leaf"":12,""n_estimators"":200,""n_jobs"":2,""random_state"":42}",8.0,12,sqrt,balanced,0.9519256815678796,0.9521187457566167,0.9565210482061361,0.9471372507408857,722,41
outer_fold,1,c,rf_02,200,"{""class_weight"":null,""max_depth"":8,""max_features"":0.1,""min_samples_leaf"":12,""n_estimators"":200,""n_jobs"":2,""random_state"":42}",8.0,12,0.1,None,0.9410384418832692,0.9376684937708921,0.9432794008157999,0.9421674310631155,722,72
outer_fold,1,c,rf_03,200,"{""class_weight"":""balanced"",""max_depth"":8,""max_features"":0.1,""min_samples_leaf"":12,""n_estimators"":200,""n_jobs"":2,""random_state"":42}",8.0,12,0.1,balanced,0.9451983822323141,0.9478506128360249,0.9426949043156293,0.9450496295452877,722,66
outer_fold,1,c,rf_04,200,"{""class_weight"":null,""max_depth"":8,""max_features"":""sqrt"",""min_samples_leaf"":4,""n_estimators"":200,""n_jobs"":2,""random_state"":42}",8.0,4,sqrt,None,0.9481101204012106,0.9430502804929,0.9547213354504034,0.9465587452603286,722,56
outer_fold,1,c,rf_05,200,"{""class_weight"":""balanced"",""max_depth"":8,""max_features"":""sqrt"",""min_samples_leaf"":4,""n_estimators"":200,""n_jobs"":2,""random_state"":42}",8.0,4,sqrt,balanced,0.9546660980564079,0.9561224874730697,0.9514550497980921,0.956420756898062,722,30
outer_fold,1,c,rf_06,200,"{""class_weight"":null,""max_depth"":8,""max_features"":0.1,""min_samples_leaf"":4,""n_estimators"":200,""n_jobs"":2,""random_state"":42}",8.0,4,0.1,None,0.9480512940227946,0.9454314378772722,0.9480103721947676,0.950712071996344,722,57
outer_fold,1,c,rf_07,200,"{""class_weight"":""balanced"",""max_depth"":8,""max_features"":0.1,""min_samples_leaf"":4,""n_estimators"":200,""n_jobs"":2,""random_state"":42}",8.0,4,0.1,balanced,0.9486852500021031,0.9492850029327915,0.9465934621318953,0.9501772849416221,722,53
outer_fold,1,c,rf_08,200,"{""class_weight"":null,""max_depth"":8,""max_features"":""sqrt"",""min_samples_leaf"":1,""n_estimators"":200,""n_jobs"":2,""random_state"":42}",8.0,1,sqrt,None,0.9550886955735813,0.9537939712437702,0.9547994889287876,0.9566726265481863,722,28
outer_fold,1,c,rf_09,200,"{""class_weight"":""balanced"",""max_depth"":8,""max_features"":""sqrt"",""min_samples_leaf"":1,""n_estimators"":200,""n_jobs"":2,""random_state"":42}",8.0,1,sqrt,balanced,0.9573429460355133,0.9579636643325478,0.9587683463408273,0.9552968274331646,722,25
outer_fold,1,c,rf_10,200,"{""class_weight"":null,""max_depth"":8,""max_features"":0.1,""min_samples_leaf"":1,""n_estimators"":200,""n_jobs"":2,""random_state"":42}",8.0,1,0.1,None,0.948050601017777,0.9458662534755318,0.9486600438169144,0.949625505760885,722,58
outer_fold,1,c,rf_11,200,"{""class_weight"":""balanced"",""max_depth"":8,""max_features"":0.1,""min_samples_leaf"":1,""n_estimators"":200,""n_jobs"":2,""random_state"":42}",8.0,1,0.1,balanced,0.9518876592061876,0.9539371721847665,0.9484525714818022,0.9532732339519943,722,43
outer_fold,1,c,rf_12,200,"{""class_weight"":null,""max_depth"":null,""max_features"":""sqrt"",""min_samples_leaf"":12,""n_estimators"":200,""n_jobs"":2,""random_state"":42}",,12,sqrt,None,0.9444915120757221,0.9404228128911842,0.950027067869317,0.9430246554666653,722,69
outer_fold,1,c,rf_13,200,"{""class_weight"":""balanced"",""max_depth"":null,""max_features"":""sqrt"",""min_samples_leaf"":12,""n_estimators"":200,""n_jobs"":2,""random_state"":42}",,12,sqrt,balanced,0.9524615535677915,0.9524373293301164,0.9567578223768245,0.9481895089964334,722,37
outer_fold,1,c,rf_14,200,"{""class_weight"":null,""max_depth"":null,""max_features"":0.1,""min_samples_leaf"":12,""n_estimators"":200,""n_jobs"":2,""random_state"":42}",,12,0.1,None,0.9415156048639167,0.938189963598719,0.9438891471405757,0.9424677038524554,722,71
outer_fold,1,c,rf_15,200,"{""class_weight"":""balanced"",""max_depth"":null,""max_features"":0.1,""min_samples_leaf"":12,""n_estimators"":200,""n_jobs"":2,""random_state"":42}",,12,0.1,balanced,0.9452602400196547,0.9478506128360249,0.9431499599068187,0.9447801473161204,722,65
outer_fold,1,c,rf_16,200,"{""class_weight"":null,""max_depth"":null,""max_features"":""sqrt"",""min_samples_leaf"":4,""n_estimators"":200,""n_jobs"":2,""random_state"":42}",,4,sqrt,None,0.9481763038718585,0.9431470739900856,0.9528126554855201,0.94856918213997,722,54
outer_fold,1,c,rf_17,200,"{""class_weight"":""balanced"",""max_depth"":null,""max_features"":""sqrt"",""min_samples_leaf"":4,""n_estimators"":200,""n_jobs"":2,""random_state"":42}",,4,sqrt,balanced,0.9559154294929199,0.9584718197300219,0.9560250074330732,0.9532494613156645,722,26
outer_fold,1,c,rf_18,200,"{""class_weight"":null,""max_depth"":null,""max_features"":0.1,""min_samples_leaf"":4,""n_estimators"":200,""n_jobs"":2,""random_state"":42}",,4,0.1,None,0.9492873857101706,0.947537105004258,0.9490946499805688,0.951230402145685,722,49
outer_fold,1,c,rf_19,200,"{""class_weight"":""balanced"",""max_depth"":null,""max_features"":0.1,""min_samples_leaf"":4,""n_estimators"":200,""n_jobs"":2,""random_state"":42}",,4,0.1,balanced,0.949596086330872,0.9510353027157064,0.9451693699227879,0.9525835863541219,722,48
outer_fold,1,c,rf_20,200,"{""class_weight"":null,""max_depth"":null,""max_features"":""sqrt"",""min_samples_leaf"":1,""n_estimators"":200,""n_jobs"":2,""random_state"":42}",,1,sqrt,None,0.9498521075547668,0.9418617676529493,0.9575782824737249,0.9501162725376263,722,47
outer_fold,1,c,rf_21,200,"{""class_weight"":""balanced"",""max_depth"":null,""max_features"":""sqrt"",""min_samples_leaf"":1,""n_estimators"":200,""n_jobs"":2,""random_state"":42}",,1,sqrt,balanced,0.9544446879745722,0.958886469401389,0.9549961316275318,0.9494514628947955,722,31
outer_fold,1,c,rf_22,200,"{""class_weight"":null,""max_depth"":null,""max_features"":0.1,""min_samples_leaf"":1,""n_estimators"":200,""n_jobs"":2,""random_state"":42}",,1,0.1,None,0.9489685037481691,0.9465032827216212,0.948600792981084,0.9518014355418019,722,51
outer_fold,1,c,rf_23,200,"{""class_weight"":""balanced"",""max_depth"":null,""max_features"":0.1,""min_samples_leaf"":1,""n_estimators"":200,""n_jobs"":2,""random_state"":42}",,1,0.1,balanced,0.9481440170149341,0.9550061725987615,0.9394702914901548,0.9499555869558864,722,55
outer_fold,2,a,rf_00,200,"{""class_weight"":null,""max_depth"":8,""max_features"":""sqrt"",""min_samples_leaf"":12,""n_estimators"":200,""n_jobs"":2,""random_state"":42}",8.0,12,sqrt,None,0.9459541189999964,0.9373907790568129,0.9545934049107816,0.9458781730323946,723,50
outer_fold,2,a,rf_01,200,"{""class_weight"":""balanced"",""max_depth"":8,""max_features"":""sqrt"",""min_samples_leaf"":12,""n_estimators"":200,""n_jobs"":2,""random_state"":42}",8.0,12,sqrt,balanced,0.9500084648108592,0.950968917176983,0.9556032386918848,0.9434532385637102,723,37
outer_fold,2,a,rf_02,200,"{""class_weight"":null,""max_depth"":8,""max_features"":0.1,""min_samples_leaf"":12,""n_estimators"":200,""n_jobs"":2,""random_state"":42}",8.0,12,0.1,None,0.9467883491298993,0.9404351782873492,0.9502057628349498,0.9497241062673988,723,46
outer_fold,2,a,rf_03,200,"{""class_weight"":""balanced"",""max_depth"":8,""max_features"":0.1,""min_samples_leaf"":12,""n_estimators"":200,""n_jobs"":2,""random_state"":42}",8.0,12,0.1,balanced,0.9455747306432863,0.938555610474773,0.9558960921364728,0.9422724893186131,723,54
outer_fold,2,a,rf_04,200,"{""class_weight"":null,""max_depth"":8,""max_features"":""sqrt"",""min_samples_leaf"":4,""n_estimators"":200,""n_jobs"":2,""random_state"":42}",8.0,4,sqrt,None,0.9506435914138835,0.9455716627909796,0.9587770706478342,0.9475820408028369,723,35
outer_fold,2,a,rf_05,200,"{""class_weight"":""balanced"",""max_depth"":8,""max_features"":""sqrt"",""min_samples_leaf"":4,""n_estimators"":200,""n_jobs"":2,""random_state"":42}",8.0,4,sqrt,balanced,0.9546514637483314,0.9550846292362318,0.9642996378741857,0.944570124134577,723,28
outer_fold,2,a,rf_06,200,"{""class_weight"":null,""max_depth"":8,""max_features"":0.1,""min_samples_leaf"":4,""n_estimators"":200,""n_jobs"":2,""random_state"":42}",8.0,4,0.1,None,0.9467701644627905,0.9407127094367659,0.9571062827431212,0.9424915012084842,723,48
outer_fold,2,a,rf_07,200,"{""class_weight"":""balanced"",""max_depth"":8,""max_features"":0.1,""min_samples_leaf"":4,""n_estimators"":200,""n_jobs"":2,""random_state"":42}",8.0,4,0.1,balanced,0.9528844554511164,0.9472599389081486,0.9639728475358146,0.947420579909386,723,33
outer_fold,2,a,rf_08,200,"{""class_weight"":null,""max_depth"":8,""max_features"":""sqrt"",""min_samples_leaf"":1,""n_estimators"":200,""n_jobs"":2,""random_state"":42}",8.0,1,sqrt,None,0.9489220256932525,0.9509173944603175,0.9573018212008804,0.9385468614185593,723,41
outer_fold,2,a,rf_09,200,"{""class_weight"":""balanced"",""max_depth"":8,""max_features"":""sqrt"",""min_samples_leaf"":1,""n_estimators"":200,""n_jobs"":2,""random_state"":42}",8.0,1,sqrt,balanced,0.9574318105052472,0.9604114155089708,0.9650690541050193,0.9468149619017514,723,23
outer_fold,2,a,rf_10,200,"{""class_weight"":null,""max_depth"":8,""max_features"":0.1,""min_samples_leaf"":1,""n_estimators"":200,""n_jobs"":2,""random_state"":42}",8.0,1,0.1,None,0.9506147260154737,0.9479452756487565,0.9571714075893407,0.9467274948083237,723,36
outer_fold,2,a,rf_11,200,"{""class_weight"":""balanced"",""max_depth"":8,""max_features"":0.1,""min_samples_leaf"":1,""n_estimators"":200,""n_jobs"":2,""random_state"":42}",8.0,1,0.1,balanced,0.9542672421955324,0.9523502662410746,0.9603979090310191,0.9500535513145036,723,29
outer_fold,2,a,rf_12,200,"{""class_weight"":null,""max_depth"":null,""max_features"":""sqrt"",""min_samples_leaf"":12,""n_estimators"":200,""n_jobs"":2,""random_state"":42}",,12,sqrt,None,0.9458688609422915,0.9373907790568129,0.9543376307376668,0.9458781730323946,723,52
outer_fold,2,a,rf_13,200,"{""class_weight"":""balanced"",""max_depth"":null,""max_features"":""sqrt"",""min_samples_leaf"":12,""n_estimators"":200,""n_jobs"":2,""random_state"":42}",,12,sqrt,balanced,0.9499703359703805,0.9507675242910083,0.955589701291588,0.9435537823285451,723,38
outer_fold,2,a,rf_14,200,"{""class_weight"":null,""max_depth"":null,""max_features"":0.1,""min_samples_leaf"":12,""n_estimators"":200,""n_jobs"":2,""random_state"":42}",,12,0.1,None,0.9467880720562847,0.9405446567955252,0.9500954531059299,0.9497241062673988,723,47
outer_fold,2,a,rf_15,200,"{""class_weight"":""balanced"",""max_depth"":null,""max_features"":0.1,""min_samples_leaf"":12,""n_estimators"":200,""n_jobs"":2,""random_state"":42}",,12,0.1,balanced,0.945617620153696,0.9386842790060023,0.9558960921364728,0.9422724893186131,723,53
outer_fold,2,a,rf_16,200,"{""class_weight"":null,""max_depth"":null,""max_features"":""sqrt"",""min_samples_leaf"":4,""n_estimators"":200,""n_jobs"":2,""random_state"":42}",,4,sqrt,None,0.9514061525423582,0.9454161079812501,0.959971853047666,0.948830496598158,723,34
outer_fold,2,a,rf_17,200,"{""class_weight"":""balanced"",""max_depth"":null,""max_features"":""sqrt"",""min_samples_leaf"":4,""n_estimators"":200,""n_jobs"":2,""random_state"":42}",,4,sqrt,balanced,0.953472567726148,0.9553115839699852,0.9618585968237823,0.9432475223846764,723,32
outer_fold,2,a,rf_18,200,"{""class_weight"":null,""max_depth"":null,""max_features"":0.1,""min_samples_leaf"":4,""n_estimators"":200,""n_jobs"":2,""random_state"":42}",,4,0.1,None,0.9480093590208621,0.9429315202359722,0.9578330023322996,0.9432635544943144,723,42
outer_fold,2,a,rf_19,200,"{""class_weight"":""balanced"",""max_depth"":null,""max_features"":0.1,""min_samples_leaf"":4,""n_estimators"":200,""n_jobs"":2,""random_state"":42}",,4,0.1,balanced,0.9538451484890192,0.9478422597866578,0.965097508246407,0.948595677433993,723,31
outer_fold,2,a,rf_20,200,"{""class_weight"":null,""max_depth"":null,""max_features"":""sqrt"",""min_samples_leaf"":1,""n_estimators"":200,""n_jobs"":2,""random_state"":42}",,1,sqrt,None,0.9495469247819317,0.9493800145234028,0.9556506367122819,0.9436101231101105,723,39
outer_fold,2,a,rf_21,200,"{""class_weight"":""balanced"",""max_depth"":null,""max_features"":""sqrt"",""min_samples_leaf"":1,""n_estimators"":200,""n_jobs"":2,""random_state"":42}",,1,sqrt,balanced,0.9552104732042048,0.9592762098200752,0.9623923265813454,0.9439628832111941,723,27
outer_fold,2,a,rf_22,200,"{""class_weight"":null,""max_depth"":null,""max_features"":0.1,""min_samples_leaf"":1,""n_estimators"":200,""n_jobs"":2,""random_state"":42}",,1,0.1,None,0.9539725568822582,0.9524339747624344,0.9566795145283838,0.9528041813559562,723,30
outer_fold,2,a,rf_23,200,"{""class_weight"":""balanced"",""max_depth"":null,""max_features"":0.1,""min_samples_leaf"":1,""n_estimators"":200,""n_jobs"":2,""random_state"":42}",,1,0.1,balanced,0.9552959257106766,0.953385905504591,0.9659142381992204,0.9465876334282186,723,26
outer_fold,2,b,rf_00,200,"{""class_weight"":null,""max_depth"":8,""max_features"":""sqrt"",""min_samples_leaf"":12,""n_estimators"":200,""n_jobs"":2,""random_state"":42}",8.0,12,sqrt,None,0.9584773476702496,0.954328432657086,0.9629158757059912,0.9581877346476713,723,22
outer_fold,2,b,rf_01,200,"{""class_weight"":""balanced"",""max_depth"":8,""max_features"":""sqrt"",""min_samples_leaf"":12,""n_estimators"":200,""n_jobs"":2,""random_state"":42}",8.0,12,sqrt,balanced,0.9613648476075913,0.9537740723872247,0.9720919625723858,0.9582285078631635,723,17
outer_fold,2,b,rf_02,200,"{""class_weight"":null,""max_depth"":8,""max_features"":0.1,""min_samples_leaf"":12,""n_estimators"":200,""n_jobs"":2,""random_state"":42}",8.0,12,0.1,None,0.9571133368824762,0.9512750955940723,0.9627301364223064,0.95733477863105,723,25
outer_fold,2,b,rf_03,200,"{""class_weight"":""balanced"",""max_depth"":8,""max_features"":0.1,""min_samples_leaf"":12,""n_estimators"":200,""n_jobs"":2,""random_state"":42}",8.0,12,0.1,balanced,0.9617028548417036,0.956443409292381,0.9674786662194745,0.9611864890132555,723,16
outer_fold,2,b,rf_04,200,"{""class_weight"":null,""max_depth"":8,""max_features"":""sqrt"",""min_samples_leaf"":4,""n_estimators"":200,""n_jobs"":2,""random_state"":42}",8.0,4,sqrt,None,0.9627210862242794,0.954688704026436,0.9705663929253346,0.9629081617210675,723,12
outer_fold,2,b,rf_05,200,"{""class_weight"":""balanced"",""max_depth"":8,""max_features"":""sqrt"",""min_samples_leaf"":4,""n_estimators"":200,""n_jobs"":2,""random_state"":42}",8.0,4,sqrt,balanced,0.9641240193998123,0.9578946964289493,0.9725905175613274,0.9618868442091602,723,7
outer_fold,2,b,rf_06,200,"{""class_weight"":null,""max_depth"":8,""max_features"":0.1,""min_samples_leaf"":4,""n_estimators"":200,""n_jobs"":2,""random_state"":42}",8.0,4,0.1,None,0.9594247752132138,0.9564997511096417,0.9619630074307757,0.9598115670992239,723,20
outer_fold,2,b,rf_07,200,"{""class_weight"":""balanced"",""max_depth"":8,""max_features"":0.1,""min_samples_leaf"":4,""n_estimators"":200,""n_jobs"":2,""random_state"":42}",8.0,4,0.1,balanced,0.964059285038684,0.9609575226600032,0.9669888089449202,0.9642315235111283,723,8
outer_fold,2,b,rf_08,200,"{""class_weight"":null,""max_depth"":8,""max_features"":""sqrt"",""min_samples_leaf"":1,""n_estimators"":200,""n_jobs"":2,""random_state"":42}",8.0,1,sqrt,None,0.9625862826669976,0.9530026947132209,0.971350317131408,0.9634058361563642,723,13
outer_fold,2,b,rf_09,200,"{""class_weight"":""balanced"",""max_depth"":8,""max_features"":""sqrt"",""min_samples_leaf"":1,""n_estimators"":200,""n_jobs"":2,""random_state"":42}",8.0,1,sqrt,balanced,0.9666812009952581,0.9611897213174695,0.972150614399353,0.966703267268952,723,1
outer_fold,2,b,rf_10,200,"{""class_weight"":null,""max_depth"":8,""max_features"":0.1,""min_samples_leaf"":1,""n_estimators"":200,""n_jobs"":2,""random_state"":42}",8.0,1,0.1,None,0.9627550156024881,0.9568598238474444,0.9685158314437985,0.9628893915162213,723,11
outer_fold,2,b,rf_11,200,"{""class_weight"":""balanced"",""max_depth"":8,""max_features"":0.1,""min_samples_leaf"":1,""n_estimators"":200,""n_jobs"":2,""random_state"":42}",8.0,1,0.1,balanced,0.9659671741483562,0.9610347586884147,0.9681997758726071,0.9686669878840466,723,3
outer_fold,2,b,rf_12,200,"{""class_weight"":null,""max_depth"":null,""max_features"":""sqrt"",""min_samples_leaf"":12,""n_estimators"":200,""n_jobs"":2,""random_state"":42}",,12,sqrt,None,0.9585352156882371,0.9543693011754413,0.962964741700881,0.9582716041883892,723,21
outer_fold,2,b,rf_13,200,"{""class_weight"":""balanced"",""max_depth"":null,""max_features"":""sqrt"",""min_samples_leaf"":12,""n_estimators"":200,""n_jobs"":2,""random_state"":42}",,12,sqrt,balanced,0.9613370448560872,0.9539133795559751,0.9720919625723858,0.9580057924399004,723,18
outer_fold,2,b,rf_14,200,"{""class_weight"":null,""max_depth"":null,""max_features"":0.1,""min_samples_leaf"":12,""n_estimators"":200,""n_jobs"":2,""random_state"":42}",,12,0.1,None,0.9573315013433227,0.9511603676747004,0.962792042790802,0.9580420935644658,723,24
outer_fold,2,b,rf_15,200,"{""class_weight"":""balanced"",""max_depth"":null,""max_features"":0.1,""min_samples_leaf"":12,""n_estimators"":200,""n_jobs"":2,""random_state"":42}",,12,0.1,balanced,0.9617188174611829,0.956443409292381,0.9674786662194745,0.9612343768716931,723,15
outer_fold,2,b,rf_16,200,"{""class_weight"":null,""max_depth"":null,""max_features"":""sqrt"",""min_samples_leaf"":4,""n_estimators"":200,""n_jobs"":2,""random_state"":42}",,4,sqrt,None,0.9659207499269309,0.95872923985245,0.9732493236609832,0.9657836862673593,723,4
outer_fold,2,b,rf_17,200,"{""class_weight"":""balanced"",""max_depth"":null,""max_features"":""sqrt"",""min_samples_leaf"":4,""n_estimators"":200,""n_jobs"":2,""random_state"":42}",,4,sqrt,balanced,0.9641330987950317,0.9565051024437807,0.9727239247617798,0.963170269179535,723,6
outer_fold,2,b,rf_18,200,"{""class_weight"":null,""max_depth"":null,""max_features"":0.1,""min_samples_leaf"":4,""n_estimators"":200,""n_jobs"":2,""random_state"":42}",,4,0.1,None,0.9605931774698954,0.9554237232161495,0.9630782488063275,0.9632775603872086,723,19
outer_fold,2,b,rf_19,200,"{""class_weight"":""balanced"",""max_depth"":null,""max_features"":0.1,""min_samples_leaf"":4,""n_estimators"":200,""n_jobs"":2,""random_state"":42}",,4,0.1,balanced,0.9638066183982102,0.960318208921711,0.9668166877138715,0.9642849585590482,723,9
outer_fold,2,b,rf_20,200,"{""class_weight"":null,""max_depth"":null,""max_features"":""sqrt"",""min_samples_leaf"":1,""n_estimators"":200,""n_jobs"":2,""random_state"":42}",,1,sqrt,None,0.9623580607258203,0.9537030153880074,0.972276477717633,0.9610946890718205,723,14
outer_fold,2,b,rf_21,200,"{""class_weight"":""balanced"",""max_depth"":null,""max_features"":""sqrt"",""min_samples_leaf"":1,""n_estimators"":200,""n_jobs"":2,""random_state"":42}",,1,sqrt,balanced,0.9664330183425358,0.9618373466296617,0.9701491096431656,0.96731259875478,723,2
outer_fold,2,b,rf_22,200,"{""class_weight"":null,""max_depth"":null,""max_features"":0.1,""min_samples_leaf"":1,""n_estimators"":200,""n_jobs"":2,""random_state"":42}",,1,0.1,None,0.9628773830532075,0.9563827678400226,0.9670301890267067,0.9652191922928929,723,10
outer_fold,2,b,rf_23,200,"{""class_weight"":""balanced"",""max_depth"":null,""max_features"":0.1,""min_samples_leaf"":1,""n_estimators"":200,""n_jobs"":2,""random_state"":42}",,1,0.1,balanced,0.9650686414015827,0.9614517625919164,0.9653416327717156,0.9684125288411163,723,5
outer_fold,2,c,rf_00,200,"{""class_weight"":null,""max_depth"":8,""max_features"":""sqrt"",""min_samples_leaf"":12,""n_estimators"":200,""n_jobs"":2,""random_state"":42}",8.0,12,sqrt,None,0.94454377908878,0.9378827861258576,0.9533156003155377,0.942432950824944,723,60
outer_fold,2,c,rf_01,200,"{""class_weight"":""balanced"",""max_depth"":8,""max_features"":""sqrt"",""min_samples_leaf"":12,""n_estimators"":200,""n_jobs"":2,""random_state"":42}",8.0,12,sqrt,balanced,0.9451606210709866,0.9355924920944232,0.9520692148220358,0.9478201562965011,723,58
outer_fold,2,c,rf_02,200,"{""class_weight"":null,""max_depth"":8,""max_features"":0.1,""min_samples_leaf"":12,""n_estimators"":200,""n_jobs"":2,""random_state"":42}",8.0,12,0.1,None,0.934376174820707,0.9228740771475261,0.9445938297371935,0.9356606175774014,723,71
outer_fold,2,c,rf_03,200,"{""class_weight"":""balanced"",""max_depth"":8,""max_features"":0.1,""min_samples_leaf"":12,""n_estimators"":200,""n_jobs"":2,""random_state"":42}",8.0,12,0.1,balanced,0.9422751607466197,0.9409675066210635,0.9486410846249999,0.9372168909937955,723,66
outer_fold,2,c,rf_04,200,"{""class_weight"":null,""max_depth"":8,""max_features"":""sqrt"",""min_samples_leaf"":4,""n_estimators"":200,""n_jobs"":2,""random_state"":42}",8.0,4,sqrt,None,0.9382350086535566,0.9271609457757339,0.9467336465279464,0.9408104336569895,723,70
outer_fold,2,c,rf_05,200,"{""class_weight"":""balanced"",""max_depth"":8,""max_features"":""sqrt"",""min_samples_leaf"":4,""n_estimators"":200,""n_jobs"":2,""random_state"":42}",8.0,4,sqrt,balanced,0.9453215896744614,0.9342201824692558,0.9512594330656001,0.9504851534885284,723,56
outer_fold,2,c,rf_06,200,"{""class_weight"":null,""max_depth"":8,""max_features"":0.1,""min_samples_leaf"":4,""n_estimators"":200,""n_jobs"":2,""random_state"":42}",8.0,4,0.1,None,0.9424263791158108,0.9369600913093995,0.945823578935323,0.9444954671027099,723,65
outer_fold,2,c,rf_07,200,"{""class_weight"":""balanced"",""max_depth"":8,""max_features"":0.1,""min_samples_leaf"":4,""n_estimators"":200,""n_jobs"":2,""random_state"":42}",8.0,4,0.1,balanced,0.9468075275592215,0.9357590318769959,0.956011705867565,0.9486518449331037,723,45
outer_fold,2,c,rf_08,200,"{""class_weight"":null,""max_depth"":8,""max_features"":""sqrt"",""min_samples_leaf"":1,""n_estimators"":200,""n_jobs"":2,""random_state"":42}",8.0,1,sqrt,None,0.9472516859090484,0.9407024932560792,0.9524977091607436,0.9485548553103226,723,44
outer_fold,2,c,rf_09,200,"{""class_weight"":""balanced"",""max_depth"":8,""max_features"":""sqrt"",""min_samples_leaf"":1,""n_estimators"":200,""n_jobs"":2,""random_state"":42}",8.0,1,sqrt,balanced,0.9458898717227026,0.9410957135138132,0.9496418407763031,0.9469320608779916,723,51
outer_fold,2,c,rf_10,200,"{""class_weight"":null,""max_depth"":8,""max_features"":0.1,""min_samples_leaf"":1,""n_estimators"":200,""n_jobs"":2,""random_state"":42}",8.0,1,0.1,None,0.9449707572514363,0.9452282922454938,0.9436322708397025,0.9460517086691129,723,59
outer_fold,2,c,rf_11,200,"{""class_weight"":""balanced"",""max_depth"":8,""max_features"":0.1,""min_samples_leaf"":1,""n_estimators"":200,""n_jobs"":2,""random_state"":42}",8.0,1,0.1,balanced,0.9452090966607849,0.9367321546386056,0.9558664918210291,0.94302864352272,723,57
outer_fold,2,c,rf_12,200,"{""class_weight"":null,""max_depth"":null,""max_features"":""sqrt"",""min_samples_leaf"":12,""n_estimators"":200,""n_jobs"":2,""random_state"":42}",,12,sqrt,None,0.9443922085913332,0.9372304099381228,0.9530127739376602,0.9429334418982167,723,61
outer_fold,2,c,rf_13,200,"{""class_weight"":""balanced"",""max_depth"":null,""max_features"":""sqrt"",""min_samples_leaf"":12,""n_estimators"":200,""n_jobs"":2,""random_state"":42}",,12,sqrt,balanced,0.9454688572453099,0.9361079920719911,0.9519954825247053,0.9483030971392332,723,55
outer_fold,2,c,rf_14,200,"{""class_weight"":null,""max_depth"":null,""max_features"":0.1,""min_samples_leaf"":12,""n_estimators"":200,""n_jobs"":2,""random_state"":42}",,12,0.1,None,0.934183538757701,0.9224571099073793,0.9443663722515825,0.9357271341141412,723,72
outer_fold,2,c,rf_15,200,"{""class_weight"":""balanced"",""max_depth"":null,""max_features"":0.1,""min_samples_leaf"":12,""n_estimators"":200,""n_jobs"":2,""random_state"":42}",,12,0.1,balanced,0.9421465944902017,0.9410798039830628,0.9488281147714522,0.93653186471609,723,67
outer_fold,2,c,rf_16,200,"{""class_weight"":null,""max_depth"":null,""max_features"":""sqrt"",""min_samples_leaf"":4,""n_estimators"":200,""n_jobs"":2,""random_state"":42}",,4,sqrt,None,0.9410236916389905,0.9352769321820575,0.9464702521673304,0.9413238905675834,723,68
outer_fold,2,c,rf_17,200,"{""class_weight"":""balanced"",""max_depth"":null,""max_features"":""sqrt"",""min_samples_leaf"":4,""n_estimators"":200,""n_jobs"":2,""random_state"":42}",,4,sqrt,balanced,0.9493115763455985,0.9391393434001942,0.9531166631092123,0.955678722527389,723,40
outer_fold,2,c,rf_18,200,"{""class_weight"":null,""max_depth"":null,""max_features"":0.1,""min_samples_leaf"":4,""n_estimators"":200,""n_jobs"":2,""random_state"":42}",,4,0.1,None,0.9435647567915227,0.9357816074052314,0.9473926866696732,0.9475199762996638,723,63
outer_fold,2,c,rf_19,200,"{""class_weight"":""balanced"",""max_depth"":null,""max_features"":0.1,""min_samples_leaf"":4,""n_estimators"":200,""n_jobs"":2,""random_state"":42}",,4,0.1,balanced,0.9477967089505087,0.939115010708889,0.9565613124163301,0.947713803726307,723,43
outer_fold,2,c,rf_20,200,"{""class_weight"":null,""max_depth"":null,""max_features"":""sqrt"",""min_samples_leaf"":1,""n_estimators"":200,""n_jobs"":2,""random_state"":42}",,1,sqrt,None,0.9440817345904273,0.9327014093259507,0.9534073750543578,0.9461364193909735,723,62
outer_fold,2,c,rf_21,200,"{""class_weight"":""balanced"",""max_depth"":null,""max_features"":""sqrt"",""min_samples_leaf"":1,""n_estimators"":200,""n_jobs"":2,""random_state"":42}",,1,sqrt,balanced,0.9466441541262159,0.9400513395091403,0.947995994778863,0.9518851280906445,723,49
outer_fold,2,c,rf_22,200,"{""class_weight"":null,""max_depth"":null,""max_features"":0.1,""min_samples_leaf"":1,""n_estimators"":200,""n_jobs"":2,""random_state"":42}",,1,0.1,None,0.9404965472995518,0.9340152391500237,0.9417451963478808,0.9457292064007506,723,69
outer_fold,2,c,rf_23,200,"{""class_weight"":""balanced"",""max_depth"":null,""max_features"":0.1,""min_samples_leaf"":1,""n_estimators"":200,""n_jobs"":2,""random_state"":42}",,1,0.1,balanced,0.9426636178806381,0.9353932696546707,0.9521563582690244,0.9404412257182192,723,64
outer_fold,3,a,rf_00,200,"{""class_weight"":null,""max_depth"":8,""max_features"":""sqrt"",""min_samples_leaf"":12,""n_estimators"":200,""n_jobs"":2,""random_state"":42}",8.0,12,sqrt,None,0.9504517607289258,0.9353274117571171,0.952105086683461,0.9639227837461992,723,37
outer_fold,3,a,rf_01,200,"{""class_weight"":""balanced"",""max_depth"":8,""max_features"":""sqrt"",""min_samples_leaf"":12,""n_estimators"":200,""n_jobs"":2,""random_state"":42}",8.0,12,sqrt,balanced,0.9496317499809018,0.9371379035142483,0.9531591981742514,0.9585981482542056,723,41
outer_fold,3,a,rf_02,200,"{""class_weight"":null,""max_depth"":8,""max_features"":0.1,""min_samples_leaf"":12,""n_estimators"":200,""n_jobs"":2,""random_state"":42}",8.0,12,0.1,None,0.9452869848555133,0.9175899350274555,0.9548463267647413,0.963424692774343,723,59
outer_fold,3,a,rf_03,200,"{""class_weight"":""balanced"",""max_depth"":8,""max_features"":0.1,""min_samples_leaf"":12,""n_estimators"":200,""n_jobs"":2,""random_state"":42}",8.0,12,0.1,balanced,0.9485317327463338,0.9283199965199721,0.957361826952884,0.9599133747661457,723,49
outer_fold,3,a,rf_04,200,"{""class_weight"":null,""max_depth"":8,""max_features"":""sqrt"",""min_samples_leaf"":4,""n_estimators"":200,""n_jobs"":2,""random_state"":42}",8.0,4,sqrt,None,0.9503792149808632,0.9360889109624683,0.9487172023422835,0.9663315316378376,723,38
outer_fold,3,a,rf_05,200,"{""class_weight"":""balanced"",""max_depth"":8,""max_features"":""sqrt"",""min_samples_leaf"":4,""n_estimators"":200,""n_jobs"":2,""random_state"":42}",8.0,4,sqrt,balanced,0.9536303294090397,0.9375714217088598,0.9572136384510614,0.9661059280671982,723,28
outer_fold,3,a,rf_06,200,"{""class_weight"":null,""max_depth"":8,""max_features"":0.1,""min_samples_leaf"":4,""n_estimators"":200,""n_jobs"":2,""random_state"":42}",8.0,4,0.1,None,0.9494886799589137,0.9335653076395674,0.9493677805572018,0.9655329516799718,723,42
outer_fold,3,a,rf_07,200,"{""class_weight"":""balanced"",""max_depth"":8,""max_features"":0.1,""min_samples_leaf"":4,""n_estimators"":200,""n_jobs"":2,""random_state"":42}",8.0,4,0.1,balanced,0.951937504588226,0.9316250254722492,0.9627848045038363,0.9614026837885926,723,31
outer_fold,3,a,rf_08,200,"{""class_weight"":null,""max_depth"":8,""max_features"":""sqrt"",""min_samples_leaf"":1,""n_estimators"":200,""n_jobs"":2,""random_state"":42}",8.0,1,sqrt,None,0.9461665201830579,0.9290475639281996,0.945191312334968,0.9642606842860064,723,55
outer_fold,3,a,rf_09,200,"{""class_weight"":""balanced"",""max_depth"":8,""max_features"":""sqrt"",""min_samples_leaf"":1,""n_estimators"":200,""n_jobs"":2,""random_state"":42}",8.0,1,sqrt,balanced,0.951441718003795,0.9341601711079126,0.9589926891661553,0.9611722937373168,723,33
outer_fold,3,a,rf_10,200,"{""class_weight"":null,""max_depth"":8,""max_features"":0.1,""min_samples_leaf"":1,""n_estimators"":200,""n_jobs"":2,""random_state"":42}",8.0,1,0.1,None,0.9459291786544002,0.9339892847861946,0.9411859315258623,0.9626123196511436,723,57
outer_fold,3,a,rf_11,200,"{""class_weight"":""balanced"",""max_depth"":8,""max_features"":0.1,""min_samples_leaf"":1,""n_estimators"":200,""n_jobs"":2,""random_state"":42}",8.0,1,0.1,balanced,0.9548003217181863,0.9405024521449556,0.958398319570146,0.9655001934394571,723,25
outer_fold,3,a,rf_12,200,"{""class_weight"":null,""max_depth"":null,""max_features"":""sqrt"",""min_samples_leaf"":12,""n_estimators"":200,""n_jobs"":2,""random_state"":42}",,12,sqrt,None,0.9506701277787334,0.9354248964337657,0.9520414616541755,0.9645440252482591,723,34
outer_fold,3,a,rf_13,200,"{""class_weight"":""balanced"",""max_depth"":null,""max_features"":""sqrt"",""min_samples_leaf"":12,""n_estimators"":200,""n_jobs"":2,""random_state"":42}",,12,sqrt,balanced,0.9494482740109854,0.9367164529392564,0.953063146290823,0.9585652228028771,723,43
outer_fold,3,a,rf_14,200,"{""class_weight"":null,""max_depth"":null,""max_features"":0.1,""min_samples_leaf"":12,""n_estimators"":200,""n_jobs"":2,""random_state"":42}",,12,0.1,None,0.9450829127759857,0.9175899350274555,0.9547407276166291,0.9629180756838723,723,60
outer_fold,3,a,rf_15,200,"{""class_weight"":""balanced"",""max_depth"":null,""max_features"":0.1,""min_samples_leaf"":12,""n_estimators"":200,""n_jobs"":2,""random_state"":42}",,12,0.1,balanced,0.9485317327463338,0.9283199965199721,0.957361826952884,0.9599133747661457,723,50
outer_fold,3,a,rf_16,200,"{""class_weight"":null,""max_depth"":null,""max_features"":""sqrt"",""min_samples_leaf"":4,""n_estimators"":200,""n_jobs"":2,""random_state"":42}",,4,sqrt,None,0.9499926695310513,0.9328658807748597,0.9503791503618739,0.9667329774564202,723,40
outer_fold,3,a,rf_17,200,"{""class_weight"":""balanced"",""max_depth"":null,""max_features"":""sqrt"",""min_samples_leaf"":4,""n_estimators"":200,""n_jobs"":2,""random_state"":42}",,4,sqrt,balanced,0.9541638917951851,0.9379157783487794,0.9584809267272684,0.9660949703095076,723,26
outer_fold,3,a,rf_18,200,"{""class_weight"":null,""max_depth"":null,""max_features"":0.1,""min_samples_leaf"":4,""n_estimators"":200,""n_jobs"":2,""random_state"":42}",,4,0.1,None,0.9488273730958232,0.9345277229906439,0.9478362645453735,0.9641181317514521,723,45
outer_fold,3,a,rf_19,200,"{""class_weight"":""balanced"",""max_depth"":null,""max_features"":0.1,""min_samples_leaf"":4,""n_estimators"":200,""n_jobs"":2,""random_state"":42}",,4,0.1,balanced,0.952094661734364,0.9322441332076505,0.9630763389171668,0.9609635130782748,723,30
outer_fold,3,a,rf_20,200,"{""class_weight"":null,""max_depth"":null,""max_features"":""sqrt"",""min_samples_leaf"":1,""n_estimators"":200,""n_jobs"":2,""random_state"":42}",,1,sqrt,None,0.9475446390909417,0.9331387016025172,0.9440782346017161,0.9654169810685914,723,53
outer_fold,3,a,rf_21,200,"{""class_weight"":""balanced"",""max_depth"":null,""max_features"":""sqrt"",""min_samples_leaf"":1,""n_estimators"":200,""n_jobs"":2,""random_state"":42}",,1,sqrt,balanced,0.9534878168750414,0.9375247684120923,0.9607583654666356,0.962180316746396,723,29
outer_fold,3,a,rf_22,200,"{""class_weight"":null,""max_depth"":null,""max_features"":0.1,""min_samples_leaf"":1,""n_estimators"":200,""n_jobs"":2,""random_state"":42}",,1,0.1,None,0.948278218383464,0.939694869371438,0.941045559165105,0.9640942266138491,723,52
outer_fold,3,a,rf_23,200,"{""class_weight"":""balanced"",""max_depth"":null,""max_features"":0.1,""min_samples_leaf"":1,""n_estimators"":200,""n_jobs"":2,""random_state"":42}",,1,0.1,balanced,0.9536396834167754,0.9447824881108583,0.9554214393984096,0.9607151227410583,723,27
outer_fold,3,b,rf_00,200,"{""class_weight"":null,""max_depth"":8,""max_features"":""sqrt"",""min_samples_leaf"":12,""n_estimators"":200,""n_jobs"":2,""random_state"":42}",8.0,12,sqrt,None,0.9560300849049931,0.949449669424515,0.9606789755078045,0.95796160978266,723,24
outer_fold,3,b,rf_01,200,"{""class_weight"":""balanced"",""max_depth"":8,""max_features"":""sqrt"",""min_samples_leaf"":12,""n_estimators"":200,""n_jobs"":2,""random_state"":42}",8.0,12,sqrt,balanced,0.9561082103448405,0.9512947965947354,0.9636833415785289,0.953346492861257,723,21
outer_fold,3,b,rf_02,200,"{""class_weight"":null,""max_depth"":8,""max_features"":0.1,""min_samples_leaf"":12,""n_estimators"":200,""n_jobs"":2,""random_state"":42}",8.0,12,0.1,None,0.9562370440921959,0.94804010202831,0.9653240385277275,0.9553469917205502,723,19
outer_fold,3,b,rf_03,200,"{""class_weight"":""balanced"",""max_depth"":8,""max_features"":0.1,""min_samples_leaf"":12,""n_estimators"":200,""n_jobs"":2,""random_state"":42}",8.0,12,0.1,balanced,0.956770391668631,0.951049428247812,0.9659444686647665,0.9533172780933143,723,17
outer_fold,3,b,rf_04,200,"{""class_weight"":null,""max_depth"":8,""max_features"":""sqrt"",""min_samples_leaf"":4,""n_estimators"":200,""n_jobs"":2,""random_state"":42}",8.0,4,sqrt,None,0.9596987852667693,0.9521677637242664,0.9609227551130846,0.9660058369629574,723,13
outer_fold,3,b,rf_05,200,"{""class_weight"":""balanced"",""max_depth"":8,""max_features"":""sqrt"",""min_samples_leaf"":4,""n_estimators"":200,""n_jobs"":2,""random_state"":42}",8.0,4,sqrt,balanced,0.9619221971620003,0.9559938183891861,0.9681654517974565,0.9616073212993581,723,8
outer_fold,3,b,rf_06,200,"{""class_weight"":null,""max_depth"":8,""max_features"":0.1,""min_samples_leaf"":4,""n_estimators"":200,""n_jobs"":2,""random_state"":42}",8.0,4,0.1,None,0.9628367807162098,0.9523158886667757,0.9663637821392983,0.9698306713425553,723,4
outer_fold,3,b,rf_07,200,"{""class_weight"":""balanced"",""max_depth"":8,""max_features"":0.1,""min_samples_leaf"":4,""n_estimators"":200,""n_jobs"":2,""random_state"":42}",8.0,4,0.1,balanced,0.9622928677006529,0.9528402000153151,0.9690956314953552,0.9649427715912888,723,6
outer_fold,3,b,rf_08,200,"{""class_weight"":null,""max_depth"":8,""max_features"":""sqrt"",""min_samples_leaf"":1,""n_estimators"":200,""n_jobs"":2,""random_state"":42}",8.0,1,sqrt,None,0.960899463667603,0.9552492836727151,0.9609374448462255,0.9665116624838685,723,12
outer_fold,3,b,rf_09,200,"{""class_weight"":""balanced"",""max_depth"":8,""max_features"":""sqrt"",""min_samples_leaf"":1,""n_estimators"":200,""n_jobs"":2,""random_state"":42}",8.0,1,sqrt,balanced,0.9629829454332789,0.9573939325696572,0.9655513692832511,0.966003534446928,723,3
outer_fold,3,b,rf_10,200,"{""class_weight"":null,""max_depth"":8,""max_features"":0.1,""min_samples_leaf"":1,""n_estimators"":200,""n_jobs"":2,""random_state"":42}",8.0,1,0.1,None,0.9576025749296342,0.9455135011900789,0.9606828391036308,0.9666113844951929,723,16
outer_fold,3,b,rf_11,200,"{""class_weight"":""balanced"",""max_depth"":8,""max_features"":0.1,""min_samples_leaf"":1,""n_estimators"":200,""n_jobs"":2,""random_state"":42}",8.0,1,0.1,balanced,0.9649821817121653,0.957829166225201,0.9715600465976544,0.9655573323136406,723,1
outer_fold,3,b,rf_12,200,"{""class_weight"":null,""max_depth"":null,""max_features"":""sqrt"",""min_samples_leaf"":12,""n_estimators"":200,""n_jobs"":2,""random_state"":42}",,12,sqrt,None,0.9560927666226243,0.9497027798918086,0.9607221080941422,0.9578534118819222,723,23
outer_fold,3,b,rf_13,200,"{""class_weight"":""balanced"",""max_depth"":null,""max_features"":""sqrt"",""min_samples_leaf"":12,""n_estimators"":200,""n_jobs"":2,""random_state"":42}",,12,sqrt,balanced,0.9560946770265778,0.951466963403236,0.9634668310909914,0.9533502365855064,723,22
outer_fold,3,b,rf_14,200,"{""class_weight"":null,""max_depth"":null,""max_features"":0.1,""min_samples_leaf"":12,""n_estimators"":200,""n_jobs"":2,""random_state"":42}",,12,0.1,None,0.9561959611696746,0.9476794474009987,0.9653736993676367,0.9555347367403881,723,20
outer_fold,3,b,rf_15,200,"{""class_weight"":""balanced"",""max_depth"":null,""max_features"":0.1,""min_samples_leaf"":12,""n_estimators"":200,""n_jobs"":2,""random_state"":42}",,12,0.1,balanced,0.9566799661500599,0.951049428247812,0.965933706953205,0.9530567632491627,723,18
outer_fold,3,b,rf_16,200,"{""class_weight"":null,""max_depth"":null,""max_features"":""sqrt"",""min_samples_leaf"":4,""n_estimators"":200,""n_jobs"":2,""random_state"":42}",,4,sqrt,None,0.9614226177087799,0.9545224770178902,0.9650834855621102,0.9646618905463392,723,11
outer_fold,3,b,rf_17,200,"{""class_weight"":""balanced"",""max_depth"":null,""max_features"":""sqrt"",""min_samples_leaf"":4,""n_estimators"":200,""n_jobs"":2,""random_state"":42}",,4,sqrt,balanced,0.9615029626465351,0.9554911045160945,0.9676872902607042,0.9613304931628064,723,9
outer_fold,3,b,rf_18,200,"{""class_weight"":null,""max_depth"":null,""max_features"":0.1,""min_samples_leaf"":4,""n_estimators"":200,""n_jobs"":2,""random_state"":42}",,4,0.1,None,0.9625284230472643,0.953385754653808,0.9659833473752719,0.968216167112713,723,5
outer_fold,3,b,rf_19,200,"{""class_weight"":""balanced"",""max_depth"":null,""max_features"":0.1,""min_samples_leaf"":4,""n_estimators"":200,""n_jobs"":2,""random_state"":42}",,4,0.1,balanced,0.9614727439169931,0.9530403605212654,0.9677394880549399,0.9636383831747743,723,10
outer_fold,3,b,rf_20,200,"{""class_weight"":null,""max_depth"":null,""max_features"":""sqrt"",""min_samples_leaf"":1,""n_estimators"":200,""n_jobs"":2,""random_state"":42}",,1,sqrt,None,0.9593371691649363,0.9526539853137005,0.9602924271306837,0.9650650950504244,723,14
outer_fold,3,b,rf_21,200,"{""class_weight"":""balanced"",""max_depth"":null,""max_features"":""sqrt"",""min_samples_leaf"":1,""n_estimators"":200,""n_jobs"":2,""random_state"":42}",,1,sqrt,balanced,0.9621100597687985,0.9559860357088642,0.9661798149936565,0.9641643286038748,723,7
outer_fold,3,b,rf_22,200,"{""class_weight"":null,""max_depth"":null,""max_features"":0.1,""min_samples_leaf"":1,""n_estimators"":200,""n_jobs"":2,""random_state"":42}",,1,0.1,None,0.9579265929448392,0.9496296607087736,0.9588154601872857,0.9653346579384583,723,15
outer_fold,3,b,rf_23,200,"{""class_weight"":""balanced"",""max_depth"":null,""max_features"":0.1,""min_samples_leaf"":1,""n_estimators"":200,""n_jobs"":2,""random_state"":42}",,1,0.1,balanced,0.9638314220794021,0.9571019043309608,0.9703367431346485,0.9640556187725974,723,2
outer_fold,3,c,rf_00,200,"{""class_weight"":null,""max_depth"":8,""max_features"":""sqrt"",""min_samples_leaf"":12,""n_estimators"":200,""n_jobs"":2,""random_state"":42}",8.0,12,sqrt,None,0.9453818075001655,0.9244834700991229,0.955054699189948,0.9566072532114257,723,58
outer_fold,3,c,rf_01,200,"{""class_weight"":""balanced"",""max_depth"":8,""max_features"":""sqrt"",""min_samples_leaf"":12,""n_estimators"":200,""n_jobs"":2,""random_state"":42}",8.0,12,sqrt,balanced,0.9487661512142953,0.9351013435461992,0.9555925636298946,0.955604546466792,723,48
outer_fold,3,c,rf_02,200,"{""class_weight"":null,""max_depth"":8,""max_features"":0.1,""min_samples_leaf"":12,""n_estimators"":200,""n_jobs"":2,""random_state"":42}",8.0,12,0.1,None,0.9436346078182791,0.9335627872413956,0.9491421317582038,0.9481989044552379,723,65
outer_fold,3,c,rf_03,200,"{""class_weight"":""balanced"",""max_depth"":8,""max_features"":0.1,""min_samples_leaf"":12,""n_estimators"":200,""n_jobs"":2,""random_state"":42}",8.0,12,0.1,balanced,0.9385999525295107,0.9233291100845523,0.9432665045939657,0.9492042429100138,723,71
outer_fold,3,c,rf_04,200,"{""class_weight"":null,""max_depth"":8,""max_features"":""sqrt"",""min_samples_leaf"":4,""n_estimators"":200,""n_jobs"":2,""random_state"":42}",8.0,4,sqrt,None,0.9489519694637226,0.9419591409140811,0.9477620906807676,0.9571346767963191,723,44
outer_fold,3,c,rf_05,200,"{""class_weight"":""balanced"",""max_depth"":8,""max_features"":""sqrt"",""min_samples_leaf"":4,""n_estimators"":200,""n_jobs"":2,""random_state"":42}",8.0,4,sqrt,balanced,0.9502858784940935,0.9410013949575773,0.9521907675587737,0.9576654729659294,723,39
outer_fold,3,c,rf_06,200,"{""class_weight"":null,""max_depth"":8,""max_features"":0.1,""min_samples_leaf"":4,""n_estimators"":200,""n_jobs"":2,""random_state"":42}",8.0,4,0.1,None,0.9398000064269576,0.9234139238113741,0.9435468757932168,0.9524392196762821,723,69
outer_fold,3,c,rf_07,200,"{""class_weight"":""balanced"",""max_depth"":8,""max_features"":0.1,""min_samples_leaf"":4,""n_estimators"":200,""n_jobs"":2,""random_state"":42}",8.0,4,0.1,balanced,0.943698061693277,0.9321496264955893,0.9440545447772941,0.9548900138069472,723,63
outer_fold,3,c,rf_08,200,"{""class_weight"":null,""max_depth"":8,""max_features"":""sqrt"",""min_samples_leaf"":1,""n_estimators"":200,""n_jobs"":2,""random_state"":42}",8.0,1,sqrt,None,0.9468748837802089,0.9316686184782779,0.9552437502129587,0.9537122826493902,723,54
outer_fold,3,c,rf_09,200,"{""class_weight"":""balanced"",""max_depth"":8,""max_features"":""sqrt"",""min_samples_leaf"":1,""n_estimators"":200,""n_jobs"":2,""random_state"":42}",8.0,1,sqrt,balanced,0.9516295338561536,0.9444446183449184,0.9547629805529736,0.9556810026705685,723,32
outer_fold,3,c,rf_10,200,"{""class_weight"":null,""max_depth"":8,""max_features"":0.1,""min_samples_leaf"":1,""n_estimators"":200,""n_jobs"":2,""random_state"":42}",8.0,1,0.1,None,0.9460933176975197,0.9351746857433031,0.9501339797692451,0.9529712875800109,723,56
outer_fold,3,c,rf_11,200,"{""class_weight"":""balanced"",""max_depth"":8,""max_features"":0.1,""min_samples_leaf"":1,""n_estimators"":200,""n_jobs"":2,""random_state"":42}",8.0,1,0.1,balanced,0.9428843283844414,0.9355253788086907,0.9465645059152421,0.9465631004293914,723,67
outer_fold,3,c,rf_12,200,"{""class_weight"":null,""max_depth"":null,""max_features"":""sqrt"",""min_samples_leaf"":12,""n_estimators"":200,""n_jobs"":2,""random_state"":42}",,12,sqrt,None,0.9446262823331826,0.9242442307217711,0.9531868611087201,0.9564477551690566,723,62
outer_fold,3,c,rf_13,200,"{""class_weight"":""balanced"",""max_depth"":null,""max_features"":""sqrt"",""min_samples_leaf"":12,""n_estimators"":200,""n_jobs"":2,""random_state"":42}",,12,sqrt,balanced,0.9487909101776775,0.9355050485387949,0.9554233663736879,0.9554443156205497,723,46
outer_fold,3,c,rf_14,200,"{""class_weight"":null,""max_depth"":null,""max_features"":0.1,""min_samples_leaf"":12,""n_estimators"":200,""n_jobs"":2,""random_state"":42}",,12,0.1,None,0.9436443794196309,0.9340359131851615,0.9484418417536071,0.948455383320124,723,64
outer_fold,3,c,rf_15,200,"{""class_weight"":""balanced"",""max_depth"":null,""max_features"":0.1,""min_samples_leaf"":12,""n_estimators"":200,""n_jobs"":2,""random_state"":42}",,12,0.1,balanced,0.9387306638681538,0.923646131206799,0.943341617487649,0.9492042429100138,723,70
outer_fold,3,c,rf_16,200,"{""class_weight"":null,""max_depth"":null,""max_features"":""sqrt"",""min_samples_leaf"":4,""n_estimators"":200,""n_jobs"":2,""random_state"":42}",,4,sqrt,None,0.9504817779127203,0.9419750029656234,0.9522272142027257,0.9572431165698116,723,36
outer_fold,3,c,rf_17,200,"{""class_weight"":""balanced"",""max_depth"":null,""max_features"":""sqrt"",""min_samples_leaf"":4,""n_estimators"":200,""n_jobs"":2,""random_state"":42}",,4,sqrt,balanced,0.9487874662621891,0.9359932025947838,0.9520955007981811,0.9582736953936024,723,47
outer_fold,3,c,rf_18,200,"{""class_weight"":null,""max_depth"":null,""max_features"":0.1,""min_samples_leaf"":4,""n_estimators"":200,""n_jobs"":2,""random_state"":42}",,4,0.1,None,0.9415585146673523,0.9282086804435228,0.9463908528195576,0.9500760107389765,723,68
outer_fold,3,c,rf_19,200,"{""class_weight"":""balanced"",""max_depth"":null,""max_features"":0.1,""min_samples_leaf"":4,""n_estimators"":200,""n_jobs"":2,""random_state"":42}",,4,0.1,balanced,0.9429056897586724,0.92921546174285,0.9450401290670383,0.9544614784661285,723,66
outer_fold,3,c,rf_20,200,"{""class_weight"":null,""max_depth"":null,""max_features"":""sqrt"",""min_samples_leaf"":1,""n_estimators"":200,""n_jobs"":2,""random_state"":42}",,1,sqrt,None,0.9484722365496676,0.934858740979387,0.9560198972145502,0.9545380714550656,723,51
outer_fold,3,c,rf_21,200,"{""class_weight"":""balanced"",""max_depth"":null,""max_features"":""sqrt"",""min_samples_leaf"":1,""n_estimators"":200,""n_jobs"":2,""random_state"":42}",,1,sqrt,balanced,0.9506559749116112,0.9419312379883144,0.9566022299330248,0.9534344568134947,723,35
outer_fold,3,c,rf_22,200,"{""class_weight"":null,""max_depth"":null,""max_features"":0.1,""min_samples_leaf"":1,""n_estimators"":200,""n_jobs"":2,""random_state"":42}",,1,0.1,None,0.9448116155507433,0.9369038550008126,0.9464752498395853,0.9510557418118324,723,61
outer_fold,3,c,rf_23,200,"{""class_weight"":""balanced"",""max_depth"":null,""max_features"":0.1,""min_samples_leaf"":1,""n_estimators"":200,""n_jobs"":2,""random_state"":42}",,1,0.1,balanced,0.9384105444441939,0.925235853865223,0.9402023054321873,0.9497934740351714,723,72
outer_fold,4,a,rf_00,200,"{""class_weight"":null,""max_depth"":8,""max_features"":""sqrt"",""min_samples_leaf"":12,""n_estimators"":200,""n_jobs"":2,""random_state"":42}",8.0,12,sqrt,None,0.9419704629096307,0.9368600625131255,0.9377554531433023,0.9512958730724648,722,50
outer_fold,4,a,rf_01,200,"{""class_weight"":""balanced"",""max_depth"":8,""max_features"":""sqrt"",""min_samples_leaf"":12,""n_estimators"":200,""n_jobs"":2,""random_state"":42}",8.0,12,sqrt,balanced,0.9503420379065289,0.9424651503434979,0.9508555577069591,0.9577054056691295,722,37
outer_fold,4,a,rf_02,200,"{""class_weight"":null,""max_depth"":8,""max_features"":0.1,""min_samples_leaf"":12,""n_estimators"":200,""n_jobs"":2,""random_state"":42}",8.0,12,0.1,None,0.945890562809133,0.9433418350859869,0.9458039788054953,0.9485258745359165,722,46
outer_fold,4,a,rf_03,200,"{""class_weight"":""balanced"",""max_depth"":8,""max_features"":0.1,""min_samples_leaf"":12,""n_estimators"":200,""n_jobs"":2,""random_state"":42}",8.0,12,0.1,balanced,0.9480032920199845,0.9404004915650198,0.9440144260492992,0.9595949584456345,722,41
outer_fold,4,a,rf_04,200,"{""class_weight"":null,""max_depth"":8,""max_features"":""sqrt"",""min_samples_leaf"":4,""n_estimators"":200,""n_jobs"":2,""random_state"":42}",8.0,4,sqrt,None,0.9448885652329295,0.9408286088882452,0.9370708358333537,0.9567662509771895,722,48
outer_fold,4,a,rf_05,200,"{""class_weight"":""balanced"",""max_depth"":8,""max_features"":""sqrt"",""min_samples_leaf"":4,""n_estimators"":200,""n_jobs"":2,""random_state"":42}",8.0,4,sqrt,balanced,0.9515675791647787,0.9468126474478764,0.9482280396945056,0.9596620503519542,722,32
outer_fold,4,a,rf_06,200,"{""class_weight"":null,""max_depth"":8,""max_features"":0.1,""min_samples_leaf"":4,""n_estimators"":200,""n_jobs"":2,""random_state"":42}",8.0,4,0.1,None,0.9503470805410105,0.9413591743271064,0.9504537470187115,0.9592283202772134,722,36
outer_fold,4,a,rf_07,200,"{""class_weight"":""balanced"",""max_depth"":8,""max_features"":0.1,""min_samples_leaf"":4,""n_estimators"":200,""n_jobs"":2,""random_state"":42}",8.0,4,0.1,balanced,0.951692757926669,0.9459549773808411,0.9492500351407058,0.9598732612584601,722,30
outer_fold,4,a,rf_08,200,"{""class_weight"":null,""max_depth"":8,""max_features"":""sqrt"",""min_samples_leaf"":1,""n_estimators"":200,""n_jobs"":2,""random_state"":42}",8.0,1,sqrt,None,0.9519897146123988,0.951786285359213,0.9433483126369254,0.9608345458410578,722,28
outer_fold,4,a,rf_09,200,"{""class_weight"":""balanced"",""max_depth"":8,""max_features"":""sqrt"",""min_samples_leaf"":1,""n_estimators"":200,""n_jobs"":2,""random_state"":42}",8.0,1,sqrt,balanced,0.9573583326294236,0.9451776825627871,0.956814336703795,0.9700829786216887,722,14
outer_fold,4,a,rf_10,200,"{""class_weight"":null,""max_depth"":8,""max_features"":0.1,""min_samples_leaf"":1,""n_estimators"":200,""n_jobs"":2,""random_state"":42}",8.0,1,0.1,None,0.9497074042784414,0.9406301039524547,0.9451748097533756,0.9633172991294938,722,38
outer_fold,4,a,rf_11,200,"{""class_weight"":""balanced"",""max_depth"":8,""max_features"":0.1,""min_samples_leaf"":1,""n_estimators"":200,""n_jobs"":2,""random_state"":42}",8.0,1,0.1,balanced,0.9525442954459655,0.9428495309337654,0.9539262526302584,0.9608571027738728,722,26
outer_fold,4,a,rf_12,200,"{""class_weight"":null,""max_depth"":null,""max_features"":""sqrt"",""min_samples_leaf"":12,""n_estimators"":200,""n_jobs"":2,""random_state"":42}",,12,sqrt,None,0.9417293785422505,0.936582546097197,0.9373097164570898,0.9512958730724648,722,51
outer_fold,4,a,rf_13,200,"{""class_weight"":""balanced"",""max_depth"":null,""max_features"":""sqrt"",""min_samples_leaf"":12,""n_estimators"":200,""n_jobs"":2,""random_state"":42}",,12,sqrt,balanced,0.9504774970470266,0.9428603034850669,0.9509738469484521,0.9575983407075606,722,35
outer_fold,4,a,rf_14,200,"{""class_weight"":null,""max_depth"":null,""max_features"":0.1,""min_samples_leaf"":12,""n_estimators"":200,""n_jobs"":2,""random_state"":42}",,12,0.1,None,0.9460224378186425,0.9437374601145158,0.9458039788054953,0.9485258745359165,722,45
outer_fold,4,a,rf_15,200,"{""class_weight"":""balanced"",""max_depth"":null,""max_features"":0.1,""min_samples_leaf"":12,""n_estimators"":200,""n_jobs"":2,""random_state"":42}",,12,0.1,balanced,0.9478155934010933,0.9401651226787249,0.9436866990789207,0.9595949584456345,722,42
outer_fold,4,a,rf_16,200,"{""class_weight"":null,""max_depth"":null,""max_features"":""sqrt"",""min_samples_leaf"":4,""n_estimators"":200,""n_jobs"":2,""random_state"":42}",,4,sqrt,None,0.9441288285491499,0.940931525532451,0.9359301384930013,0.9555248216219974,722,49
outer_fold,4,a,rf_17,200,"{""class_weight"":""balanced"",""max_depth"":null,""max_features"":""sqrt"",""min_samples_leaf"":4,""n_estimators"":200,""n_jobs"":2,""random_state"":42}",,4,sqrt,balanced,0.9532223930389397,0.94603372750389,0.9520337000826087,0.9615997515303205,722,24
outer_fold,4,a,rf_18,200,"{""class_weight"":null,""max_depth"":null,""max_features"":0.1,""min_samples_leaf"":4,""n_estimators"":200,""n_jobs"":2,""random_state"":42}",,4,0.1,None,0.9507850987396337,0.9414337123119438,0.9486562216760688,0.9622653622308888,722,34
outer_fold,4,a,rf_19,200,"{""class_weight"":""balanced"",""max_depth"":null,""max_features"":0.1,""min_samples_leaf"":4,""n_estimators"":200,""n_jobs"":2,""random_state"":42}",,4,0.1,balanced,0.9514576140738972,0.9460290648024435,0.9486289750275727,0.9597148023916752,722,33
outer_fold,4,a,rf_20,200,"{""class_weight"":null,""max_depth"":null,""max_features"":""sqrt"",""min_samples_leaf"":1,""n_estimators"":200,""n_jobs"":2,""random_state"":42}",,1,sqrt,None,0.9523986991285026,0.9518155625544659,0.942100902696919,0.9632796321341227,722,27
outer_fold,4,a,rf_21,200,"{""class_weight"":""balanced"",""max_depth"":null,""max_features"":""sqrt"",""min_samples_leaf"":1,""n_estimators"":200,""n_jobs"":2,""random_state"":42}",,1,sqrt,balanced,0.9581053538395627,0.9499793198688484,0.9553338956586153,0.9690028459912245,722,11
outer_fold,4,a,rf_22,200,"{""class_weight"":null,""max_depth"":null,""max_features"":0.1,""min_samples_leaf"":1,""n_estimators"":200,""n_jobs"":2,""random_state"":42}",,1,0.1,None,0.9518591723224339,0.9426550035672937,0.9476075200416046,0.9653149933584033,722,29
outer_fold,4,a,rf_23,200,"{""class_weight"":""balanced"",""max_depth"":null,""max_features"":0.1,""min_samples_leaf"":1,""n_estimators"":200,""n_jobs"":2,""random_state"":42}",,1,0.1,balanced,0.9515776607549986,0.9422217313044405,0.9526830811475284,0.9598281698130269,722,31
outer_fold,4,b,rf_00,200,"{""class_weight"":null,""max_depth"":8,""max_features"":""sqrt"",""min_samples_leaf"":12,""n_estimators"":200,""n_jobs"":2,""random_state"":42}",8.0,12,sqrt,None,0.9492553461713626,0.9353980846918488,0.9581962629008662,0.9541716909213731,722,40
outer_fold,4,b,rf_01,200,"{""class_weight"":""balanced"",""max_depth"":8,""max_features"":""sqrt"",""min_samples_leaf"":12,""n_estimators"":200,""n_jobs"":2,""random_state"":42}",8.0,12,sqrt,balanced,0.9566144772772501,0.9492980264512854,0.9654050486487307,0.9551403567317343,722,15
outer_fold,4,b,rf_02,200,"{""class_weight"":null,""max_depth"":8,""max_features"":0.1,""min_samples_leaf"":12,""n_estimators"":200,""n_jobs"":2,""random_state"":42}",8.0,12,0.1,None,0.9532047130764498,0.9425027291637151,0.9594779841652328,0.9576334259004015,722,25
outer_fold,4,b,rf_03,200,"{""class_weight"":""balanced"",""max_depth"":8,""max_features"":0.1,""min_samples_leaf"":12,""n_estimators"":200,""n_jobs"":2,""random_state"":42}",8.0,12,0.1,balanced,0.9565801924946027,0.9432936456433949,0.9693766890813564,0.9570702427590567,722,17
outer_fold,4,b,rf_04,200,"{""class_weight"":null,""max_depth"":8,""max_features"":""sqrt"",""min_samples_leaf"":4,""n_estimators"":200,""n_jobs"":2,""random_state"":42}",8.0,4,sqrt,None,0.9558863355561371,0.938369550188054,0.9604838528553864,0.9688056036249711,722,22
outer_fold,4,b,rf_05,200,"{""class_weight"":""balanced"",""max_depth"":8,""max_features"":""sqrt"",""min_samples_leaf"":4,""n_estimators"":200,""n_jobs"":2,""random_state"":42}",8.0,4,sqrt,balanced,0.9606417367356972,0.9474480515671209,0.9714021646734178,0.9630749939665527,722,5
outer_fold,4,b,rf_06,200,"{""class_weight"":null,""max_depth"":8,""max_features"":0.1,""min_samples_leaf"":4,""n_estimators"":200,""n_jobs"":2,""random_state"":42}",8.0,4,0.1,None,0.9580584315147159,0.9442507290698677,0.9664672585795677,0.9634573068947123,722,12
outer_fold,4,b,rf_07,200,"{""class_weight"":""balanced"",""max_depth"":8,""max_features"":0.1,""min_samples_leaf"":4,""n_estimators"":200,""n_jobs"":2,""random_state"":42}",8.0,4,0.1,balanced,0.9624333861102977,0.9513779064999663,0.9694481048615023,0.9664741469694246,722,1
outer_fold,4,b,rf_08,200,"{""class_weight"":null,""max_depth"":8,""max_features"":""sqrt"",""min_samples_leaf"":1,""n_estimators"":200,""n_jobs"":2,""random_state"":42}",8.0,1,sqrt,None,0.9590339572086979,0.9430054532236537,0.9662264743872173,0.9678699440152225,722,8
outer_fold,4,b,rf_09,200,"{""class_weight"":""balanced"",""max_depth"":8,""max_features"":""sqrt"",""min_samples_leaf"":1,""n_estimators"":200,""n_jobs"":2,""random_state"":42}",8.0,1,sqrt,balanced,0.9618865868586958,0.9486642632646063,0.9731892384958841,0.9638062588155969,722,3
outer_fold,4,b,rf_10,200,"{""class_weight"":null,""max_depth"":8,""max_features"":0.1,""min_samples_leaf"":1,""n_estimators"":200,""n_jobs"":2,""random_state"":42}",8.0,1,0.1,None,0.9562878104118773,0.9383638906542647,0.9659591541724644,0.9645403864089026,722,20
outer_fold,4,b,rf_11,200,"{""class_weight"":""balanced"",""max_depth"":8,""max_features"":0.1,""min_samples_leaf"":1,""n_estimators"":200,""n_jobs"":2,""random_state"":42}",8.0,1,0.1,balanced,0.960710526497739,0.9453585072752339,0.9691083492174972,0.967664723000486,722,4
outer_fold,4,b,rf_12,200,"{""class_weight"":null,""max_depth"":null,""max_features"":""sqrt"",""min_samples_leaf"":12,""n_estimators"":200,""n_jobs"":2,""random_state"":42}",,12,sqrt,None,0.9493618539532322,0.935335420603869,0.9583925472584142,0.9543575939974138,722,39
outer_fold,4,b,rf_13,200,"{""class_weight"":""balanced"",""max_depth"":null,""max_features"":""sqrt"",""min_samples_leaf"":12,""n_estimators"":200,""n_jobs"":2,""random_state"":42}",,12,sqrt,balanced,0.9565334019014667,0.9492980264512854,0.9653764924057532,0.9549256868473619,722,19
outer_fold,4,b,rf_14,200,"{""class_weight"":null,""max_depth"":null,""max_features"":0.1,""min_samples_leaf"":12,""n_estimators"":200,""n_jobs"":2,""random_state"":42}",,12,0.1,None,0.9533141748524053,0.9425576990684195,0.9597513995883953,0.9576334259004015,722,23
outer_fold,4,b,rf_15,200,"{""class_weight"":""balanced"",""max_depth"":null,""max_features"":0.1,""min_samples_leaf"":12,""n_estimators"":200,""n_jobs"":2,""random_state"":42}",,12,0.1,balanced,0.9565801924946027,0.9432936456433949,0.9693766890813564,0.9570702427590567,722,18
outer_fold,4,b,rf_16,200,"{""class_weight"":null,""max_depth"":null,""max_features"":""sqrt"",""min_samples_leaf"":4,""n_estimators"":200,""n_jobs"":2,""random_state"":42}",,4,sqrt,None,0.9560634213610136,0.939595145126476,0.9595965499935075,0.9689985689630576,722,21
outer_fold,4,b,rf_17,200,"{""class_weight"":""balanced"",""max_depth"":null,""max_features"":""sqrt"",""min_samples_leaf"":4,""n_estimators"":200,""n_jobs"":2,""random_state"":42}",,4,sqrt,balanced,0.9592135660506189,0.9439996651350944,0.9704683077214232,0.963172725295339,722,7
outer_fold,4,b,rf_18,200,"{""class_weight"":null,""max_depth"":null,""max_features"":0.1,""min_samples_leaf"":4,""n_estimators"":200,""n_jobs"":2,""random_state"":42}",,4,0.1,None,0.9579234967214415,0.9447426669670427,0.9648358299122628,0.9641919932850194,722,13
outer_fold,4,b,rf_19,200,"{""class_weight"":""balanced"",""max_depth"":null,""max_features"":0.1,""min_samples_leaf"":4,""n_estimators"":200,""n_jobs"":2,""random_state"":42}",,4,0.1,balanced,0.9622667707807581,0.9505762682528494,0.9696665957694891,0.9665574483199358,722,2
outer_fold,4,b,rf_20,200,"{""class_weight"":null,""max_depth"":null,""max_features"":""sqrt"",""min_samples_leaf"":1,""n_estimators"":200,""n_jobs"":2,""random_state"":42}",,1,sqrt,None,0.9586556621050047,0.9439409531881283,0.9642340227818291,0.9677920103450565,722,10
outer_fold,4,b,rf_21,200,"{""class_weight"":""balanced"",""max_depth"":null,""max_features"":""sqrt"",""min_samples_leaf"":1,""n_estimators"":200,""n_jobs"":2,""random_state"":42}",,1,sqrt,balanced,0.9596326622929315,0.9509334696908208,0.9663692756885875,0.9615952414993861,722,6
outer_fold,4,b,rf_22,200,"{""class_weight"":null,""max_depth"":null,""max_features"":0.1,""min_samples_leaf"":1,""n_estimators"":200,""n_jobs"":2,""random_state"":42}",,1,0.1,None,0.9565830811120843,0.9400980011563874,0.9647759417397522,0.9648753004401136,722,16
outer_fold,4,b,rf_23,200,"{""class_weight"":""balanced"",""max_depth"":null,""max_features"":0.1,""min_samples_leaf"":1,""n_estimators"":200,""n_jobs"":2,""random_state"":42}",,1,0.1,balanced,0.9589656037809214,0.9427759256708139,0.9663236470050633,0.9677972386668872,722,9
outer_fold,4,c,rf_00,200,"{""class_weight"":null,""max_depth"":8,""max_features"":""sqrt"",""min_samples_leaf"":12,""n_estimators"":200,""n_jobs"":2,""random_state"":42}",8.0,12,sqrt,None,0.9378817793928634,0.9271530528112455,0.941798429123895,0.9446938562434499,722,63
outer_fold,4,c,rf_01,200,"{""class_weight"":""balanced"",""max_depth"":8,""max_features"":""sqrt"",""min_samples_leaf"":12,""n_estimators"":200,""n_jobs"":2,""random_state"":42}",8.0,12,sqrt,balanced,0.9360425326150467,0.9325039537747715,0.9346867006451282,0.9409369434252404,722,67
outer_fold,4,c,rf_02,200,"{""class_weight"":null,""max_depth"":8,""max_features"":0.1,""min_samples_leaf"":12,""n_estimators"":200,""n_jobs"":2,""random_state"":42}",8.0,12,0.1,None,0.9333417973767721,0.9270056290534565,0.9349592903547388,0.9380604727221211,722,71
outer_fold,4,c,rf_03,200,"{""class_weight"":""balanced"",""max_depth"":8,""max_features"":0.1,""min_samples_leaf"":12,""n_estimators"":200,""n_jobs"":2,""random_state"":42}",8.0,12,0.1,balanced,0.9342580088243114,0.9291301312213716,0.9322378814244157,0.9414060138271473,722,69
outer_fold,4,c,rf_04,200,"{""class_weight"":null,""max_depth"":8,""max_features"":""sqrt"",""min_samples_leaf"":4,""n_estimators"":200,""n_jobs"":2,""random_state"":42}",8.0,4,sqrt,None,0.9475983922619099,0.9489948972092843,0.9409032577615457,0.9528970218148997,722,43
outer_fold,4,c,rf_05,200,"{""class_weight"":""balanced"",""max_depth"":8,""max_features"":""sqrt"",""min_samples_leaf"":4,""n_estimators"":200,""n_jobs"":2,""random_state"":42}",8.0,4,sqrt,balanced,0.9395201021241392,0.9268877928041078,0.9412654702904788,0.950407043277831,722,56
outer_fold,4,c,rf_06,200,"{""class_weight"":null,""max_depth"":8,""max_features"":0.1,""min_samples_leaf"":4,""n_estimators"":200,""n_jobs"":2,""random_state"":42}",8.0,4,0.1,None,0.9372784364723167,0.9330891259952467,0.9332119307577806,0.9455342526639228,722,66
outer_fold,4,c,rf_07,200,"{""class_weight"":""balanced"",""max_depth"":8,""max_features"":0.1,""min_samples_leaf"":4,""n_estimators"":200,""n_jobs"":2,""random_state"":42}",8.0,4,0.1,balanced,0.9391518408531261,0.9339191767496344,0.942617664616096,0.940918681193648,722,59
outer_fold,4,c,rf_08,200,"{""class_weight"":null,""max_depth"":8,""max_features"":""sqrt"",""min_samples_leaf"":1,""n_estimators"":200,""n_jobs"":2,""random_state"":42}",8.0,1,sqrt,None,0.9389697988966499,0.9353357388055374,0.9269300079447576,0.9546436499396548,722,60
outer_fold,4,c,rf_09,200,"{""class_weight"":""balanced"",""max_depth"":8,""max_features"":""sqrt"",""min_samples_leaf"":1,""n_estimators"":200,""n_jobs"":2,""random_state"":42}",8.0,1,sqrt,balanced,0.9408362817751336,0.9399669574246738,0.9354418278076738,0.947100060093053,722,53
outer_fold,4,c,rf_10,200,"{""class_weight"":null,""max_depth"":8,""max_features"":0.1,""min_samples_leaf"":1,""n_estimators"":200,""n_jobs"":2,""random_state"":42}",8.0,1,0.1,None,0.9393514286418738,0.9330766471821254,0.9411928705493641,0.943784768194132,722,58
outer_fold,4,c,rf_11,200,"{""class_weight"":""balanced"",""max_depth"":8,""max_features"":0.1,""min_samples_leaf"":1,""n_estimators"":200,""n_jobs"":2,""random_state"":42}",8.0,1,0.1,balanced,0.9388571064764895,0.9373652587416634,0.9353287445300196,0.9438773161577856,722,61
outer_fold,4,c,rf_12,200,"{""class_weight"":null,""max_depth"":null,""max_features"":""sqrt"",""min_samples_leaf"":12,""n_estimators"":200,""n_jobs"":2,""random_state"":42}",,12,sqrt,None,0.9377587897973007,0.9271970342124748,0.9423797895093351,0.9436995456700923,722,65
outer_fold,4,c,rf_13,200,"{""class_weight"":""balanced"",""max_depth"":null,""max_features"":""sqrt"",""min_samples_leaf"":12,""n_estimators"":200,""n_jobs"":2,""random_state"":42}",,12,sqrt,balanced,0.9354314537418887,0.9322517999391193,0.934323975434564,0.9397185858519828,722,68
outer_fold,4,c,rf_14,200,"{""class_weight"":null,""max_depth"":null,""max_features"":0.1,""min_samples_leaf"":12,""n_estimators"":200,""n_jobs"":2,""random_state"":42}",,12,0.1,None,0.9330554008957642,0.9271674660226388,0.9337210306492588,0.9382777060153953,722,72
outer_fold,4,c,rf_15,200,"{""class_weight"":""balanced"",""max_depth"":null,""max_features"":0.1,""min_samples_leaf"":12,""n_estimators"":200,""n_jobs"":2,""random_state"":42}",,12,0.1,balanced,0.9340176065652493,0.9286592509216327,0.931880029577828,0.9415135391962872,722,70
outer_fold,4,c,rf_16,200,"{""class_weight"":null,""max_depth"":null,""max_features"":""sqrt"",""min_samples_leaf"":4,""n_estimators"":200,""n_jobs"":2,""random_state"":42}",,4,sqrt,None,0.9473329784133561,0.9457725146882361,0.9412672084366093,0.9549592121152229,722,44
outer_fold,4,c,rf_17,200,"{""class_weight"":""balanced"",""max_depth"":null,""max_features"":""sqrt"",""min_samples_leaf"":4,""n_estimators"":200,""n_jobs"":2,""random_state"":42}",,4,sqrt,balanced,0.9395767522351638,0.9266418492699325,0.9394885227193565,0.9525998847162025,722,55
outer_fold,4,c,rf_18,200,"{""class_weight"":null,""max_depth"":null,""max_features"":0.1,""min_samples_leaf"":4,""n_estimators"":200,""n_jobs"":2,""random_state"":42}",,4,0.1,None,0.9378627261268302,0.9334508180772851,0.9344541053075475,0.945683254995658,722,64
outer_fold,4,c,rf_19,200,"{""class_weight"":""balanced"",""max_depth"":null,""max_features"":0.1,""min_samples_leaf"":4,""n_estimators"":200,""n_jobs"":2,""random_state"":42}",,4,0.1,balanced,0.9393615608059128,0.9357447559573668,0.9398724188274837,0.9424675076328879,722,57
outer_fold,4,c,rf_20,200,"{""class_weight"":null,""max_depth"":null,""max_features"":""sqrt"",""min_samples_leaf"":1,""n_estimators"":200,""n_jobs"":2,""random_state"":42}",,1,sqrt,None,0.9452773827370077,0.9411693559000439,0.9435692826251512,0.9510935096858277,722,47
outer_fold,4,c,rf_21,200,"{""class_weight"":""balanced"",""max_depth"":null,""max_features"":""sqrt"",""min_samples_leaf"":1,""n_estimators"":200,""n_jobs"":2,""random_state"":42}",,1,sqrt,balanced,0.9385511853320007,0.9371155945730247,0.9300863880579309,0.9484515733650463,722,62
outer_fold,4,c,rf_22,200,"{""class_weight"":null,""max_depth"":null,""max_features"":0.1,""min_samples_leaf"":1,""n_estimators"":200,""n_jobs"":2,""random_state"":42}",,1,0.1,None,0.9407559484518746,0.9403074210597362,0.9328599428005737,0.9491004814953138,722,54
outer_fold,4,c,rf_23,200,"{""class_weight"":""balanced"",""max_depth"":null,""max_features"":0.1,""min_samples_leaf"":1,""n_estimators"":200,""n_jobs"":2,""random_state"":42}",,1,0.1,balanced,0.9409607360182716,0.9375324713181342,0.9383061573904593,0.9470435793462212,722,52
final_all_training,final,a,rf_00,200,"{""class_weight"":null,""max_depth"":8,""max_features"":""sqrt"",""min_samples_leaf"":12,""n_estimators"":200,""n_jobs"":2,""random_state"":42}",8.0,12,sqrt,None,0.9460674606259177,0.944515101527132,0.9534553016058359,0.9402319787447856,903,70
final_all_training,final,a,rf_01,200,"{""class_weight"":""balanced"",""max_depth"":8,""max_features"":""sqrt"",""min_samples_leaf"":12,""n_estimators"":200,""n_jobs"":2,""random_state"":42}",8.0,12,sqrt,balanced,0.9514034968039432,0.9518068573224748,0.9596116198531295,0.9427920132362253,903,43
final_all_training,final,a,rf_02,200,"{""class_weight"":null,""max_depth"":8,""max_features"":0.1,""min_samples_leaf"":12,""n_estimators"":200,""n_jobs"":2,""random_state"":42}",8.0,12,0.1,None,0.9492770947134397,0.953105448555688,0.9559145988083813,0.9388112367762497,903,56
final_all_training,final,a,rf_03,200,"{""class_weight"":""balanced"",""max_depth"":8,""max_features"":0.1,""min_samples_leaf"":12,""n_estimators"":200,""n_jobs"":2,""random_state"":42}",8.0,12,0.1,balanced,0.9491823482319176,0.9518932859800854,0.9550965411870088,0.9405572175286587,903,57
final_all_training,final,a,rf_04,200,"{""class_weight"":null,""max_depth"":8,""max_features"":""sqrt"",""min_samples_leaf"":4,""n_estimators"":200,""n_jobs"":2,""random_state"":42}",8.0,4,sqrt,None,0.9493331529437358,0.9516203763732551,0.9554154627416853,0.940963619716267,903,54
final_all_training,final,a,rf_05,200,"{""class_weight"":""balanced"",""max_depth"":8,""max_features"":""sqrt"",""min_samples_leaf"":4,""n_estimators"":200,""n_jobs"":2,""random_state"":42}",8.0,4,sqrt,balanced,0.9554180511433699,0.9557228007014242,0.9623400703433098,0.9481912823853756,903,27
final_all_training,final,a,rf_06,200,"{""class_weight"":null,""max_depth"":8,""max_features"":0.1,""min_samples_leaf"":4,""n_estimators"":200,""n_jobs"":2,""random_state"":42}",8.0,4,0.1,None,0.9504676935669787,0.9540581460784782,0.954315027243057,0.9430299073794011,903,50
final_all_training,final,a,rf_07,200,"{""class_weight"":""balanced"",""max_depth"":8,""max_features"":0.1,""min_samples_leaf"":4,""n_estimators"":200,""n_jobs"":2,""random_state"":42}",8.0,4,0.1,balanced,0.9521793119630187,0.9525220799369476,0.960010224385616,0.9440056315664928,903,37
final_all_training,final,a,rf_08,200,"{""class_weight"":null,""max_depth"":8,""max_features"":""sqrt"",""min_samples_leaf"":1,""n_estimators"":200,""n_jobs"":2,""random_state"":42}",8.0,1,sqrt,None,0.9504278655318942,0.9554106572121748,0.95279396123439,0.9430789781491178,903,51
final_all_training,final,a,rf_09,200,"{""class_weight"":""balanced"",""max_depth"":8,""max_features"":""sqrt"",""min_samples_leaf"":1,""n_estimators"":200,""n_jobs"":2,""random_state"":42}",8.0,1,sqrt,balanced,0.957101351273069,0.9527288631288604,0.9652434067332131,0.9533317839571332,903,26
final_all_training,final,a,rf_10,200,"{""class_weight"":null,""max_depth"":8,""max_features"":0.1,""min_samples_leaf"":1,""n_estimators"":200,""n_jobs"":2,""random_state"":42}",8.0,1,0.1,None,0.9538125445079054,0.9538909030903742,0.9643120320414663,0.9432346983918758,903,33
final_all_training,final,a,rf_11,200,"{""class_weight"":""balanced"",""max_depth"":8,""max_features"":0.1,""min_samples_leaf"":1,""n_estimators"":200,""n_jobs"":2,""random_state"":42}",8.0,1,0.1,balanced,0.9545846398257659,0.957001940021943,0.9637051427855893,0.9430468366697657,903,29
final_all_training,final,a,rf_12,200,"{""class_weight"":null,""max_depth"":null,""max_features"":""sqrt"",""min_samples_leaf"":12,""n_estimators"":200,""n_jobs"":2,""random_state"":42}",,12,sqrt,None,0.9462400948945607,0.9447718135717755,0.9535181297912733,0.9404303413206334,903,69
final_all_training,final,a,rf_13,200,"{""class_weight"":""balanced"",""max_depth"":null,""max_features"":""sqrt"",""min_samples_leaf"":12,""n_estimators"":200,""n_jobs"":2,""random_state"":42}",,12,sqrt,balanced,0.9513485968361387,0.9517831916864726,0.9595878648611522,0.9426747339607913,903,44
final_all_training,final,a,rf_14,200,"{""class_weight"":null,""max_depth"":null,""max_features"":0.1,""min_samples_leaf"":12,""n_estimators"":200,""n_jobs"":2,""random_state"":42}",,12,0.1,None,0.949621014315885,0.9537560256805937,0.9557270474912849,0.9393799697757761,903,53
final_all_training,final,a,rf_15,200,"{""class_weight"":""balanced"",""max_depth"":null,""max_features"":0.1,""min_samples_leaf"":12,""n_estimators"":200,""n_jobs"":2,""random_state"":42}",,12,0.1,balanced,0.9491104015487846,0.9514463105282924,0.9551261153785663,0.9407587787394946,903,58
final_all_training,final,a,rf_16,200,"{""class_weight"":null,""max_depth"":null,""max_features"":""sqrt"",""min_samples_leaf"":4,""n_estimators"":200,""n_jobs"":2,""random_state"":42}",,4,sqrt,None,0.9483818727077749,0.9515913770927661,0.9582484611535795,0.9353057798769793,903,62
final_all_training,final,a,rf_17,200,"{""class_weight"":""balanced"",""max_depth"":null,""max_features"":""sqrt"",""min_samples_leaf"":4,""n_estimators"":200,""n_jobs"":2,""random_state"":42}",,4,sqrt,balanced,0.9549021789688839,0.9566507624656839,0.9627718265531007,0.9452839478878667,903,28
final_all_training,final,a,rf_18,200,"{""class_weight"":null,""max_depth"":null,""max_features"":0.1,""min_samples_leaf"":4,""n_estimators"":200,""n_jobs"":2,""random_state"":42}",,4,0.1,None,0.9508001325538317,0.9519653240713996,0.9575843134548927,0.942850760135203,903,45
final_all_training,final,a,rf_19,200,"{""class_weight"":""balanced"",""max_depth"":null,""max_features"":0.1,""min_samples_leaf"":4,""n_estimators"":200,""n_jobs"":2,""random_state"":42}",,4,0.1,balanced,0.9519598777554704,0.9525950990165497,0.9597074500493639,0.9435770842004975,903,41
final_all_training,final,a,rf_20,200,"{""class_weight"":null,""max_depth"":null,""max_features"":""sqrt"",""min_samples_leaf"":1,""n_estimators"":200,""n_jobs"":2,""random_state"":42}",,1,sqrt,None,0.9514074827072042,0.9538775586895243,0.9590941462950965,0.9412507431369921,903,42
final_all_training,final,a,rf_21,200,"{""class_weight"":""balanced"",""max_depth"":null,""max_features"":""sqrt"",""min_samples_leaf"":1,""n_estimators"":200,""n_jobs"":2,""random_state"":42}",,1,sqrt,balanced,0.9544995868061031,0.9507940146352717,0.9646890479046057,0.9480156978784321,903,30
final_all_training,final,a,rf_22,200,"{""class_weight"":null,""max_depth"":null,""max_features"":0.1,""min_samples_leaf"":1,""n_estimators"":200,""n_jobs"":2,""random_state"":42}",,1,0.1,None,0.9542095854513759,0.9571911933618044,0.9651710790409032,0.9402664839514201,903,32
final_all_training,final,a,rf_23,200,"{""class_weight"":""balanced"",""max_depth"":null,""max_features"":0.1,""min_samples_leaf"":1,""n_estimators"":200,""n_jobs"":2,""random_state"":42}",,1,0.1,balanced,0.9575617199781905,0.9599609089175257,0.9640924741552706,0.9486317768617752,903,24
final_all_training,final,b,rf_00,200,"{""class_weight"":null,""max_depth"":8,""max_features"":""sqrt"",""min_samples_leaf"":12,""n_estimators"":200,""n_jobs"":2,""random_state"":42}",8.0,12,sqrt,None,0.9573492391568154,0.9491431513253407,0.9611295124823613,0.9617750536627441,903,25
final_all_training,final,b,rf_01,200,"{""class_weight"":""balanced"",""max_depth"":8,""max_features"":""sqrt"",""min_samples_leaf"":12,""n_estimators"":200,""n_jobs"":2,""random_state"":42}",8.0,12,sqrt,balanced,0.9628098786359546,0.9545842347984174,0.967678890439413,0.9661665106700332,903,18
final_all_training,final,b,rf_02,200,"{""class_weight"":null,""max_depth"":8,""max_features"":0.1,""min_samples_leaf"":12,""n_estimators"":200,""n_jobs"":2,""random_state"":42}",8.0,12,0.1,None,0.9578162315132994,0.9529884774620111,0.9616565855862389,0.9588036314916482,903,23
final_all_training,final,b,rf_03,200,"{""class_weight"":""balanced"",""max_depth"":8,""max_features"":0.1,""min_samples_leaf"":12,""n_estimators"":200,""n_jobs"":2,""random_state"":42}",8.0,12,0.1,balanced,0.9615395539277237,0.9557880516970664,0.9644397700356786,0.9643908400504262,903,19
final_all_training,final,b,rf_04,200,"{""class_weight"":null,""max_depth"":8,""max_features"":""sqrt"",""min_samples_leaf"":4,""n_estimators"":200,""n_jobs"":2,""random_state"":42}",8.0,4,sqrt,None,0.9640832025365653,0.9553236270971156,0.9761248096954929,0.9608011708170876,903,13
final_all_training,final,b,rf_05,200,"{""class_weight"":""balanced"",""max_depth"":8,""max_features"":""sqrt"",""min_samples_leaf"":4,""n_estimators"":200,""n_jobs"":2,""random_state"":42}",8.0,4,sqrt,balanced,0.9666535314879378,0.9578053345717887,0.9723763645533949,0.9697788953386296,903,4
final_all_training,final,b,rf_06,200,"{""class_weight"":null,""max_depth"":8,""max_features"":0.1,""min_samples_leaf"":4,""n_estimators"":200,""n_jobs"":2,""random_state"":42}",8.0,4,0.1,None,0.9646598532719012,0.9585087691194303,0.9711681762091922,0.9643026144870811,903,8
final_all_training,final,b,rf_07,200,"{""class_weight"":""balanced"",""max_depth"":8,""max_features"":0.1,""min_samples_leaf"":4,""n_estimators"":200,""n_jobs"":2,""random_state"":42}",8.0,4,0.1,balanced,0.9635323761754776,0.9552042278361039,0.9692680687243074,0.9661248319660214,903,15
final_all_training,final,b,rf_08,200,"{""class_weight"":null,""max_depth"":8,""max_features"":""sqrt"",""min_samples_leaf"":1,""n_estimators"":200,""n_jobs"":2,""random_state"":42}",8.0,1,sqrt,None,0.9646714058548095,0.9564014889377481,0.9729057212109151,0.9647070074157653,903,7
final_all_training,final,b,rf_09,200,"{""class_weight"":""balanced"",""max_depth"":8,""max_features"":""sqrt"",""min_samples_leaf"":1,""n_estimators"":200,""n_jobs"":2,""random_state"":42}",8.0,1,sqrt,balanced,0.9683246359604017,0.9608076282966695,0.9752525716831508,0.9689137079013851,903,1
final_all_training,final,b,rf_10,200,"{""class_weight"":null,""max_depth"":8,""max_features"":0.1,""min_samples_leaf"":1,""n_estimators"":200,""n_jobs"":2,""random_state"":42}",8.0,1,0.1,None,0.9644456650480526,0.9604977329676571,0.9723120004091738,0.9605272617673273,903,9
final_all_training,final,b,rf_11,200,"{""class_weight"":""balanced"",""max_depth"":8,""max_features"":0.1,""min_samples_leaf"":1,""n_estimators"":200,""n_jobs"":2,""random_state"":42}",8.0,1,0.1,balanced,0.9650990361820543,0.9558159817090035,0.9722341080552819,0.9672470187818777,903,5
final_all_training,final,b,rf_12,200,"{""class_weight"":null,""max_depth"":null,""max_features"":""sqrt"",""min_samples_leaf"":12,""n_estimators"":200,""n_jobs"":2,""random_state"":42}",,12,sqrt,None,0.958035777206999,0.9499539601173164,0.9612828580937106,0.9628705134099698,903,22
final_all_training,final,b,rf_13,200,"{""class_weight"":""balanced"",""max_depth"":null,""max_features"":""sqrt"",""min_samples_leaf"":12,""n_estimators"":200,""n_jobs"":2,""random_state"":42}",,12,sqrt,balanced,0.9628862336339316,0.9542417609179784,0.9679036734415146,0.9665132665423017,903,17
final_all_training,final,b,rf_14,200,"{""class_weight"":null,""max_depth"":null,""max_features"":0.1,""min_samples_leaf"":12,""n_estimators"":200,""n_jobs"":2,""random_state"":42}",,12,0.1,None,0.9580748315662732,0.9533179428955888,0.9619198775616759,0.9589866742415551,903,21
final_all_training,final,b,rf_15,200,"{""class_weight"":""balanced"",""max_depth"":null,""max_features"":0.1,""min_samples_leaf"":12,""n_estimators"":200,""n_jobs"":2,""random_state"":42}",,12,0.1,balanced,0.961354506193174,0.9556408090221657,0.9643811047273226,0.9640416048300335,903,20
final_all_training,final,b,rf_16,200,"{""class_weight"":null,""max_depth"":null,""max_features"":""sqrt"",""min_samples_leaf"":4,""n_estimators"":200,""n_jobs"":2,""random_state"":42}",,4,sqrt,None,0.9631978251534603,0.9552645707340792,0.9734939462014,0.9608349585249019,903,16
final_all_training,final,b,rf_17,200,"{""class_weight"":""balanced"",""max_depth"":null,""max_features"":""sqrt"",""min_samples_leaf"":4,""n_estimators"":200,""n_jobs"":2,""random_state"":42}",,4,sqrt,balanced,0.9666775274345983,0.9585072793649388,0.9714399319702942,0.9700853709685618,903,3
final_all_training,final,b,rf_18,200,"{""class_weight"":null,""max_depth"":null,""max_features"":0.1,""min_samples_leaf"":4,""n_estimators"":200,""n_jobs"":2,""random_state"":42}",,4,0.1,None,0.9647734577299548,0.9591039967414738,0.9710781418785339,0.9641382345698566,903,6
final_all_training,final,b,rf_19,200,"{""class_weight"":""balanced"",""max_depth"":null,""max_features"":0.1,""min_samples_leaf"":4,""n_estimators"":200,""n_jobs"":2,""random_state"":42}",,4,0.1,balanced,0.9642256368913266,0.9579513365419712,0.9681160388056418,0.9666095353263665,903,11
final_all_training,final,b,rf_20,200,"{""class_weight"":null,""max_depth"":null,""max_features"":""sqrt"",""min_samples_leaf"":1,""n_estimators"":200,""n_jobs"":2,""random_state"":42}",,1,sqrt,None,0.9641920740585986,0.9570152378070758,0.9725690909424461,0.9629918934262739,903,12
final_all_training,final,b,rf_21,200,"{""class_weight"":""balanced"",""max_depth"":null,""max_features"":""sqrt"",""min_samples_leaf"":1,""n_estimators"":200,""n_jobs"":2,""random_state"":42}",,1,sqrt,balanced,0.9671546318484096,0.9580864519418303,0.9744895593653031,0.968887884238095,903,2
final_all_training,final,b,rf_22,200,"{""class_weight"":null,""max_depth"":null,""max_features"":0.1,""min_samples_leaf"":1,""n_estimators"":200,""n_jobs"":2,""random_state"":42}",,1,0.1,None,0.9643176060633575,0.961883020782082,0.9706945011765662,0.9603752962314245,903,10
final_all_training,final,b,rf_23,200,"{""class_weight"":""balanced"",""max_depth"":null,""max_features"":0.1,""min_samples_leaf"":1,""n_estimators"":200,""n_jobs"":2,""random_state"":42}",,1,0.1,balanced,0.9639474508184199,0.9523844601480048,0.9730204679498895,0.9664374243573651,903,14
final_all_training,final,c,rf_00,200,"{""class_weight"":null,""max_depth"":8,""max_features"":""sqrt"",""min_samples_leaf"":12,""n_estimators"":200,""n_jobs"":2,""random_state"":42}",8.0,12,sqrt,None,0.9505977798207157,0.9449515297054196,0.9513999776327999,0.9554418321239273,903,48
final_all_training,final,c,rf_01,200,"{""class_weight"":""balanced"",""max_depth"":8,""max_features"":""sqrt"",""min_samples_leaf"":12,""n_estimators"":200,""n_jobs"":2,""random_state"":42}",8.0,12,sqrt,balanced,0.9477352644467142,0.9334622395926662,0.9583007534231114,0.951442800324365,903,65
final_all_training,final,c,rf_02,200,"{""class_weight"":null,""max_depth"":8,""max_features"":0.1,""min_samples_leaf"":12,""n_estimators"":200,""n_jobs"":2,""random_state"":42}",8.0,12,0.1,None,0.9477388515331221,0.9369356833901009,0.9528088217154809,0.9534720494937847,903,64
final_all_training,final,c,rf_03,200,"{""class_weight"":""balanced"",""max_depth"":8,""max_features"":0.1,""min_samples_leaf"":12,""n_estimators"":200,""n_jobs"":2,""random_state"":42}",8.0,12,0.1,balanced,0.9444849126688393,0.9365341790056516,0.9468329431392128,0.9500876158616536,903,72
final_all_training,final,c,rf_04,200,"{""class_weight"":null,""max_depth"":8,""max_features"":""sqrt"",""min_samples_leaf"":4,""n_estimators"":200,""n_jobs"":2,""random_state"":42}",8.0,4,sqrt,None,0.9535058192138322,0.9477529401080182,0.9555740335694642,0.9571904839640138,903,34
final_all_training,final,c,rf_05,200,"{""class_weight"":""balanced"",""max_depth"":8,""max_features"":""sqrt"",""min_samples_leaf"":4,""n_estimators"":200,""n_jobs"":2,""random_state"":42}",8.0,4,sqrt,balanced,0.9520298003913631,0.9443254789969727,0.9565681407432055,0.955195781433911,903,39
final_all_training,final,c,rf_06,200,"{""class_weight"":null,""max_depth"":8,""max_features"":0.1,""min_samples_leaf"":4,""n_estimators"":200,""n_jobs"":2,""random_state"":42}",8.0,4,0.1,None,0.952008207838514,0.9437248917863033,0.9576529037490915,0.9546468279801472,903,40
final_all_training,final,c,rf_07,200,"{""class_weight"":""balanced"",""max_depth"":8,""max_features"":0.1,""min_samples_leaf"":4,""n_estimators"":200,""n_jobs"":2,""random_state"":42}",8.0,4,0.1,balanced,0.9473475280903667,0.9425098335641888,0.9487774454999672,0.9507553052069443,903,66
final_all_training,final,c,rf_08,200,"{""class_weight"":null,""max_depth"":8,""max_features"":""sqrt"",""min_samples_leaf"":1,""n_estimators"":200,""n_jobs"":2,""random_state"":42}",8.0,1,sqrt,None,0.9473416473308719,0.9404953319509187,0.9505676910909198,0.9509619189507773,903,67
final_all_training,final,c,rf_09,200,"{""class_weight"":""balanced"",""max_depth"":8,""max_features"":""sqrt"",""min_samples_leaf"":1,""n_estimators"":200,""n_jobs"":2,""random_state"":42}",8.0,1,sqrt,balanced,0.9520604417515713,0.9443184069827775,0.9581700584535453,0.9536928598183914,903,38
final_all_training,final,c,rf_10,200,"{""class_weight"":null,""max_depth"":8,""max_features"":0.1,""min_samples_leaf"":1,""n_estimators"":200,""n_jobs"":2,""random_state"":42}",8.0,1,0.1,None,0.95219621526387,0.9427428201051659,0.9561547897179481,0.957691035968496,903,36
final_all_training,final,c,rf_11,200,"{""class_weight"":""balanced"",""max_depth"":8,""max_features"":0.1,""min_samples_leaf"":1,""n_estimators"":200,""n_jobs"":2,""random_state"":42}",8.0,1,0.1,balanced,0.9492978741835758,0.9445796882187125,0.9471250260413238,0.9561889082906909,903,55
final_all_training,final,c,rf_12,200,"{""class_weight"":null,""max_depth"":null,""max_features"":""sqrt"",""min_samples_leaf"":12,""n_estimators"":200,""n_jobs"":2,""random_state"":42}",,12,sqrt,None,0.950645128053676,0.9446887378359492,0.9516268897249405,0.9556197566001382,903,47
final_all_training,final,c,rf_13,200,"{""class_weight"":""balanced"",""max_depth"":null,""max_features"":""sqrt"",""min_samples_leaf"":12,""n_estimators"":200,""n_jobs"":2,""random_state"":42}",,12,sqrt,balanced,0.9482230134308202,0.9345755445944126,0.9572361084729771,0.9528573872250707,903,63
final_all_training,final,c,rf_14,200,"{""class_weight"":null,""max_depth"":null,""max_features"":0.1,""min_samples_leaf"":12,""n_estimators"":200,""n_jobs"":2,""random_state"":42}",,12,0.1,None,0.9484056572845189,0.9379412140969616,0.9531577523678987,0.9541180053886961,903,61
final_all_training,final,c,rf_15,200,"{""class_weight"":""balanced"",""max_depth"":null,""max_features"":0.1,""min_samples_leaf"":12,""n_estimators"":200,""n_jobs"":2,""random_state"":42}",,12,0.1,balanced,0.9444863547095524,0.9365633468663204,0.9465436444042102,0.9503520728581266,903,71
final_all_training,final,c,rf_16,200,"{""class_weight"":null,""max_depth"":null,""max_features"":""sqrt"",""min_samples_leaf"":4,""n_estimators"":200,""n_jobs"":2,""random_state"":42}",,4,sqrt,None,0.9544897853275461,0.9477145915280882,0.9583082005427983,0.9574465639117518,903,31
final_all_training,final,c,rf_17,200,"{""class_weight"":""balanced"",""max_depth"":null,""max_features"":""sqrt"",""min_samples_leaf"":4,""n_estimators"":200,""n_jobs"":2,""random_state"":42}",,4,sqrt,balanced,0.9505281597500811,0.9415907607302225,0.955063167284124,0.954930551235897,903,49
final_all_training,final,c,rf_18,200,"{""class_weight"":null,""max_depth"":null,""max_features"":0.1,""min_samples_leaf"":4,""n_estimators"":200,""n_jobs"":2,""random_state"":42}",,4,0.1,None,0.9525640264180554,0.9473593777636912,0.9543826982444911,0.9559500032459838,903,35
final_all_training,final,c,rf_19,200,"{""class_weight"":""balanced"",""max_depth"":null,""max_features"":0.1,""min_samples_leaf"":4,""n_estimators"":200,""n_jobs"":2,""random_state"":42}",,4,0.1,balanced,0.9496658557266384,0.9436842546097439,0.9524668275843494,0.952846484985822,903,52
final_all_training,final,c,rf_20,200,"{""class_weight"":null,""max_depth"":null,""max_features"":""sqrt"",""min_samples_leaf"":1,""n_estimators"":200,""n_jobs"":2,""random_state"":42}",,1,sqrt,None,0.9467744612541583,0.941344277990659,0.9502855956823528,0.9486935100894633,903,68
final_all_training,final,c,rf_21,200,"{""class_weight"":""balanced"",""max_depth"":null,""max_features"":""sqrt"",""min_samples_leaf"":1,""n_estimators"":200,""n_jobs"":2,""random_state"":42}",,1,sqrt,balanced,0.948632957580266,0.9370250681439077,0.9560886341698054,0.9527851704270849,903,60
final_all_training,final,c,rf_22,200,"{""class_weight"":null,""max_depth"":null,""max_features"":0.1,""min_samples_leaf"":1,""n_estimators"":200,""n_jobs"":2,""random_state"":42}",,1,0.1,None,0.9487454850299452,0.9386795940413895,0.9564602340940693,0.9510966269543765,903,59
final_all_training,final,c,rf_23,200,"{""class_weight"":""balanced"",""max_depth"":null,""max_features"":0.1,""min_samples_leaf"":1,""n_estimators"":200,""n_jobs"":2,""random_state"":42}",,1,0.1,balanced,0.9506927040017866,0.9444260019503159,0.9518553278393234,0.9557967822157206,903,46
