row_index,query_id,outer_fold,group_id,truth,true_label,intent,selected_embedding,selected_config_id,probability_method,p_raw,p_chosen,threshold_default_0_5,label_default_0_5,threshold_balanced_macro_f1,label_balanced_macro_f1,threshold_recall_first,label_recall_first,baseline_lr_a_p_relevant,baseline_lr_b_p_relevant,baseline_lr_c_p_relevant,rf_p_chosen_v2,llm_predicted_label
0,q_01749,4,g0000,1,relevant,Delivery confirmation,b,mlp_b_00,sigmoid,0.46760278940200806,0.5050700572482344,0.5,1,0.8974034020455047,0,0.11693543486357616,1,0.8924838304519653,0.6323497891426086,0.5718727707862854,0.433745265150971,relevant
1,q_01282,1,g0001,1,relevant,Feedback,b,mlp_b_00,sigmoid,0.0011102256830781698,0.10243603270475173,0.5,0,0.23768152094704456,0,0.11729335980726327,0,0.17848701775074,0.3187030553817749,0.2785673439502716,0.3207700377693288,relevant
2,q_01630,3,g0002,0,irrelevant,OSS,c,mlp_c_06,sigmoid,0.7975717186927795,0.8310747068744403,0.5,1,0.36233221122745896,1,0.11025523996418578,1,0.2526803016662597,0.1919354200363159,0.7104786038398743,0.1836241464452404,irrelevant
3,q_00293,3,g0003,1,relevant,Language change,c,mlp_c_06,sigmoid,0.9997503161430359,0.9305574190919514,0.5,1,0.36233221122745896,1,0.11025523996418578,1,0.7504088878631592,0.7848408818244934,0.7703670263290405,0.9249470307818028,relevant
4,q_01349,1,g0004,0,irrelevant,Acknowledgment,b,mlp_b_00,sigmoid,3.6540372093440965e-05,0.10196684904928673,0.5,0,0.23768152094704456,0,0.11729335980726327,0,0.2058966159820556,0.13189098238945,0.3588714897632599,0.0107770644130241,irrelevant
5,q_00369,4,g0005,1,relevant,Medical,b,mlp_b_00,sigmoid,1.0,0.9161610066039345,0.5,1,0.8974034020455047,1,0.11693543486357616,1,0.9529845118522644,0.9835591912269592,0.8170908093452454,0.9730063109671367,relevant
6,q_00214,2,g0006,0,irrelevant,Spam,c,mlp_c_13,sigmoid,0.04927799850702286,0.1283041400684869,0.5,0,0.4772407436879798,0,0.11423573115129508,1,0.6040060520172119,0.6101722121238708,0.6372044682502747,0.6681870945187259,irrelevant
7,q_00681,2,g0007,1,relevant,Medical,c,mlp_c_13,sigmoid,0.9999948740005493,0.918474671468803,0.5,1,0.4772407436879798,1,0.11423573115129508,1,0.9816190004348756,0.9755895733833312,0.8810451626777649,0.9855994824354778,relevant
8,q_00736,0,g0008,1,relevant,Medical,c,mlp_c_06,sigmoid,0.9999996423721313,0.9276185778375516,0.5,1,0.32555279518719016,1,0.11662208400911445,1,0.9784135818481444,0.989788293838501,0.9711067080497742,0.9907639988053476,relevant
9,q_00022,4,g0009,0,irrelevant,Greeting,b,mlp_b_00,sigmoid,0.03869479522109032,0.131261991696997,0.5,0,0.8974034020455047,0,0.11693543486357616,1,0.2539491355419159,0.2801587581634521,0.3382554948329925,0.0566412579567168,irrelevant
10,q_00982,1,g0010,0,irrelevant,Automated message,b,mlp_b_00,sigmoid,2.4122737158904783e-06,0.10195196688865274,0.5,0,0.23768152094704456,0,0.11729335980726327,0,0.1508854627609253,0.1919472515583038,0.1585515886545181,0.0254448629255583,irrelevant
11,q_01432,1,g0011,0,irrelevant,Acknowledgment,b,mlp_b_00,sigmoid,3.313430397611228e-06,0.10195235982920378,0.5,0,0.23768152094704456,0,0.11729335980726327,0,0.0943089500069618,0.0605983398854732,0.1029470562934875,0.0036403086033238,irrelevant
12,q_00512,1,g0012,1,relevant,Medical,b,mlp_b_00,sigmoid,0.9989438652992249,0.9296737842511416,0.5,1,0.23768152094704456,1,0.11729335980726327,1,0.953882336616516,0.8803412318229675,0.8143486380577087,0.9331827538216956,relevant
13,q_00682,4,g0013,1,relevant,Medical,b,mlp_b_00,sigmoid,0.9998103976249695,0.9160961263702854,0.5,1,0.8974034020455047,1,0.11693543486357616,1,0.9173663258552552,0.9521101117134094,0.8301194906234741,0.9473894889182494,relevant
14,q_00974,4,g0014,0,irrelevant,Automated message,b,mlp_b_00,sigmoid,4.953982170263771e-06,0.11283041331620411,0.5,0,0.8974034020455047,0,0.11693543486357616,0,0.170002281665802,0.0745499208569526,0.1265531331300735,0.049513717007858,irrelevant
15,q_00228,2,g0015,0,irrelevant,Spam,c,mlp_c_13,sigmoid,0.12958890199661255,0.1751437109789557,0.5,0,0.4772407436879798,0,0.11423573115129508,1,0.5574184060096741,0.6018137335777283,0.5369823575019836,0.6781200365745943,irrelevant
16,q_00999,1,g0016,0,irrelevant,Automated message,b,mlp_b_00,sigmoid,0.8916931748390198,0.8880437491102536,0.5,1,0.23768152094704456,1,0.11729335980726327,1,0.4379788935184479,0.7137439250946045,0.5807702541351318,0.697189117591281,irrelevant
17,q_01587,3,g0017,0,irrelevant,OSS,c,mlp_c_06,sigmoid,0.9979618787765503,0.9299824534608423,0.5,1,0.36233221122745896,1,0.11025523996418578,1,0.6131834387779236,0.788336455821991,0.835139811038971,0.9221215662007076,relevant
18,q_01292,3,g0018,0,irrelevant,Acknowledgment,c,mlp_c_06,sigmoid,0.0005013656336814165,0.0865023389894094,0.5,0,0.36233221122745896,0,0.11025523996418578,0,0.32051682472229,0.1848901212215423,0.1166508346796035,0.0911767750196996,irrelevant
19,q_00175,2,g0019,0,irrelevant,Acknowledgment,c,mlp_c_13,sigmoid,0.0019714348018169403,0.10603638521669755,0.5,0,0.4772407436879798,0,0.11423573115129508,0,0.2744407057762146,0.2856777012348175,0.3223544061183929,0.0769759212801578,irrelevant
20,q_00519,4,g0020,1,relevant,Medical,b,mlp_b_00,sigmoid,0.9999028444290161,0.9161277665339879,0.5,1,0.8974034020455047,1,0.11693543486357616,1,0.7900810241699219,0.8567115664482117,0.775413453578949,0.9442518392003793,relevant
21,q_00304,4,g0021,1,relevant,Language change,b,mlp_b_00,sigmoid,0.9999107122421265,0.9161304588133234,0.5,1,0.8974034020455047,1,0.11693543486357616,1,0.8054033517837524,0.8657355904579163,0.8292235732078552,0.8347578925265657,relevant
22,q_00273,3,g0022,1,relevant,Language change,c,mlp_c_06,sigmoid,0.9717892408370972,0.9210504109791059,0.5,1,0.36233221122745896,1,0.11025523996418578,1,0.7227761745452881,0.7679237723350525,0.622215986251831,0.926069800197344,relevant
23,q_00437,1,g0023,1,relevant,Medical,b,mlp_b_00,sigmoid,0.9999780654907227,0.9299951237243098,0.5,1,0.23768152094704456,1,0.11729335980726327,1,0.8271659016609192,0.8351840972900391,0.8260876536369324,0.9455841754418022,relevant
24,q_01204,0,g0024,0,irrelevant,Acknowledgment,c,mlp_c_06,sigmoid,0.000981674063950777,0.07343933895509323,0.5,0,0.32555279518719016,0,0.11662208400911445,0,0.0687758028507232,0.2519713342189789,0.117451898753643,0.0556933302289824,irrelevant
25,q_01234,3,g0025,0,irrelevant,Acknowledgment,c,mlp_c_06,sigmoid,0.0009747071308083832,0.0866878939418471,0.5,0,0.36233221122745896,0,0.11025523996418578,0,0.251186728477478,0.198480412364006,0.138883426785469,0.087035396255566,irrelevant
26,q_00215,2,g0026,0,irrelevant,Spam,c,mlp_c_13,sigmoid,0.0015444174641743302,0.10585183736753562,0.5,0,0.4772407436879798,0,0.11423573115129508,0,0.3791822791099548,0.5413314700126648,0.5021011233329773,0.6539124624622361,irrelevant
27,q_01686,4,g0027,1,relevant,Language change,b,mlp_b_00,sigmoid,0.9933761954307556,0.9138672033369227,0.5,1,0.8974034020455047,1,0.11693543486357616,1,0.8052867650985718,0.802392840385437,0.9228765368461608,0.9053787104346572,relevant
28,q_00059,2,g0028,1,relevant,Other,c,mlp_c_13,sigmoid,0.029632480815052986,0.11860850805299428,0.5,0,0.4772407436879798,0,0.11423573115129508,1,0.2656005620956421,0.4577470421791076,0.415547102689743,0.4006081707385946,irrelevant
29,q_01194,1,g0029,1,relevant,Feedback,b,mlp_b_00,sigmoid,0.9999979734420776,0.9300012960446173,0.5,1,0.23768152094704456,1,0.11729335980726327,1,0.8869278430938721,0.9315207600593568,0.7563239932060242,0.986284934232608,irrelevant
30,q_00898,1,g0030,1,relevant,Medical,b,mlp_b_00,sigmoid,0.999677300453186,0.9299018123819641,0.5,1,0.23768152094704456,1,0.11729335980726327,1,0.947243332862854,0.9026094675064088,0.8434290885925293,0.9557929055323444,relevant
31,q_01563,2,g0031,0,irrelevant,OSS,c,mlp_c_13,sigmoid,0.9993208646774292,0.9182440994191647,0.5,1,0.4772407436879798,1,0.11423573115129508,1,0.5273378491401672,0.4658332765102386,0.8182461261749268,0.3661109455631302,irrelevant
32,q_01472,2,g0032,0,irrelevant,Acknowledgment,c,mlp_c_13,sigmoid,0.010998871177434921,0.11000468110410203,0.5,0,0.4772407436879798,0,0.11423573115129508,0,0.7660322785377502,0.7048105597496033,0.5263040661811829,0.7311140262029581,irrelevant
33,q_00107,0,g0033,0,irrelevant,Acknowledgment,c,mlp_c_06,sigmoid,0.1145835816860199,0.12382379385738415,0.5,0,0.32555279518719016,0,0.11662208400911445,1,0.6955476999282837,0.7259418368339539,0.5640665888786316,0.9171829267721936,irrelevant
34,q_00044,3,g0034,0,irrelevant,Greeting,c,mlp_c_06,sigmoid,0.0014658572617918253,0.08688081083720176,0.5,0,0.36233221122745896,0,0.11025523996418578,0,0.5916343331336975,0.5234522819519043,0.4184393584728241,0.5410397182346803,irrelevant
35,q_01371,4,g0035,0,irrelevant,Acknowledgment,b,mlp_b_00,sigmoid,0.7485231757164001,0.780973821248952,0.5,1,0.8974034020455047,0,0.11693543486357616,1,0.1490647792816162,0.1101077571511268,0.2502295970916748,0.0345496014575346,irrelevant
36,q_01763,1,g0036,1,relevant,Delivery confirmation,b,mlp_b_00,sigmoid,0.997199296951294,0.9291286328814008,0.5,1,0.23768152094704456,1,0.11729335980726327,1,0.7263561487197876,0.8563904166221619,0.5139147043228149,0.8844990453201014,relevant
37,q_00232,4,g0037,0,irrelevant,Spam,b,mlp_b_00,sigmoid,0.0009741761023178697,0.11326320610624838,0.5,0,0.8974034020455047,0,0.11693543486357616,0,0.3008633255958557,0.29702889919281,0.2876218557357788,0.1757215475740362,irrelevant
38,q_00781,2,g0038,1,relevant,Medical,c,mlp_c_13,sigmoid,0.9995822310447693,0.9183335807493264,0.5,1,0.4772407436879798,1,0.11423573115129508,1,0.9513169527053832,0.9574148058891296,0.8210034966468811,0.9738754627359812,relevant
39,q_00820,2,g0039,1,relevant,Medical,c,mlp_c_13,sigmoid,0.9987778067588806,0.9180578926028531,0.5,1,0.4772407436879798,1,0.11423573115129508,1,0.9400908946990968,0.8997769355773926,0.7635635137557983,0.963530761417461,relevant
40,q_00525,4,g0040,1,relevant,Medical,b,mlp_b_00,sigmoid,0.9945084452629089,0.9142632859360922,0.5,1,0.8974034020455047,1,0.11693543486357616,1,0.7853581309318542,0.7826499938964844,0.731555700302124,0.943218531183182,relevant
41,q_01642,1,g0041,0,irrelevant,OSS,b,mlp_b_00,sigmoid,0.008977857418358326,0.10593274043477488,0.5,0,0.23768152094704456,0,0.11729335980726327,0,0.4577743113040924,0.5350117087364197,0.49951833486557,0.2337508778068615,irrelevant
42,q_01724,4,g0042,1,relevant,Delivery confirmation,b,mlp_b_00,sigmoid,0.9668285846710205,0.9040941159484212,0.5,1,0.8974034020455047,1,0.11693543486357616,1,0.5743783712387085,0.5460828542709351,0.7791678309440613,0.604646297796506,relevant
43,q_00929,1,g0043,1,relevant,Medical,b,mlp_b_00,sigmoid,0.9990190267562866,0.9296971837660687,0.5,1,0.23768152094704456,1,0.11729335980726327,1,0.5617082715034485,0.7646424770355225,0.8034981489181519,0.9222099072328972,relevant
44,q_00174,2,g0044,0,irrelevant,Acknowledgment,c,mlp_c_13,sigmoid,0.0026583424769341946,0.10633384717392132,0.5,0,0.4772407436879798,0,0.11423573115129508,0,0.3030291795730591,0.2831945717334747,0.3232217729091644,0.0107311070988907,irrelevant
45,q_00006,2,g0045,0,irrelevant,Greeting,c,mlp_c_13,sigmoid,0.674942672252655,0.7188338165923799,0.5,1,0.4772407436879798,1,0.11423573115129508,1,0.5005901455879211,0.0811943411827087,0.6386328339576721,0.0060441459531581,irrelevant
46,q_01457,0,g0046,1,relevant,Other,c,mlp_c_06,sigmoid,0.8705398440361023,0.8689414152089333,0.5,1,0.32555279518719016,1,0.11662208400911445,1,0.7707244157791138,0.756505012512207,0.6587214469909668,0.914789608615861,relevant
47,q_00586,0,g0047,1,relevant,Medical,c,mlp_c_06,sigmoid,0.9588419198989868,0.9122281878735821,0.5,1,0.32555279518719016,1,0.11662208400911445,1,0.8107338547706604,0.671342134475708,0.7728321552276611,0.7533589793356936,relevant
48,q_01745,4,g0048,1,relevant,Delivery confirmation,b,mlp_b_00,sigmoid,0.8268427848815918,0.8348150022222576,0.5,1,0.8974034020455047,0,0.11693543486357616,1,0.4410220384597778,0.7699455618858337,0.8150926828384399,0.9161409902411974,relevant
49,q_00455,2,g0049,1,relevant,Medical,c,mlp_c_13,sigmoid,0.9998841285705566,0.9184368272558764,0.5,1,0.4772407436879798,1,0.11423573115129508,1,0.8232446908950806,0.9810727834701538,0.8588041067123413,0.9907906665939868,relevant
50,q_01294,0,g0050,0,irrelevant,Acknowledgment,c,mlp_c_06,sigmoid,0.0005471678450703621,0.07328896746293624,0.5,0,0.32555279518719016,0,0.11662208400911445,0,0.1731423884630203,0.0916988998651504,0.1569922268390655,0.0240213624578594,irrelevant
51,q_00297,4,g0051,1,relevant,Language change,b,mlp_b_00,sigmoid,0.9999961853027344,0.9161597016981152,0.5,1,0.8974034020455047,1,0.11693543486357616,1,0.776749849319458,0.8585268259048462,0.8290901184082031,0.9605632445008758,relevant
52,q_01342,3,g0052,0,irrelevant,Acknowledgment,c,mlp_c_06,sigmoid,0.8680869340896606,0.8746533630677287,0.5,1,0.36233221122745896,1,0.11025523996418578,1,0.5901744365692139,0.5982663035392761,0.6762683391571045,0.364458750292681,irrelevant
53,q_00667,3,g0053,1,relevant,Medical,c,mlp_c_06,sigmoid,0.9994626641273499,0.9304652374521694,0.5,1,0.36233221122745896,1,0.11025523996418578,1,0.9621667861938475,0.9254747629165648,0.8406391739845276,0.9693389255615922,relevant
54,q_00950,3,g0054,1,relevant,Medical,c,mlp_c_06,sigmoid,0.9999676942825317,0.930627005567572,0.5,1,0.36233221122745896,1,0.11025523996418578,1,0.921379566192627,0.8785909414291382,0.8712987303733826,0.964741589021836,relevant
55,q_00652,2,g0055,1,relevant,Medical,c,mlp_c_13,sigmoid,0.9999169111251831,0.9184480314622632,0.5,1,0.4772407436879798,1,0.11423573115129508,1,0.8419390916824341,0.7905324697494507,0.8392971754074097,0.9189835631737006,relevant
56,q_00740,0,g0056,1,relevant,Medical,c,mlp_c_06,sigmoid,0.9963422417640686,0.9263584789042985,0.5,1,0.32555279518719016,1,0.11662208400911445,1,0.9752601981163024,0.9407300353050232,0.8348526954650879,0.9434091331474752,relevant
57,q_01163,2,g0057,1,relevant,Feedback,c,mlp_c_13,sigmoid,0.05225541070103645,0.12983120856683475,0.5,0,0.4772407436879798,0,0.11423573115129508,1,0.5419451594352722,0.5503857731819153,0.2434615492820739,0.298912729820786,relevant
58,q_00934,3,g0058,1,relevant,Medical,c,mlp_c_06,sigmoid,0.9999810457229614,0.9306312774887526,0.5,1,0.36233221122745896,1,0.11025523996418578,1,0.989068329334259,0.9868112206459044,0.925067901611328,0.9847919204110762,relevant
59,q_01375,0,g0059,0,irrelevant,Acknowledgment,c,mlp_c_06,sigmoid,0.023410500958561897,0.08159716692999099,0.5,0,0.32555279518719016,0,0.11662208400911445,0,0.6212484836578369,0.6271125078201294,0.555908203125,0.4675254759283386,irrelevant
60,q_01166,0,g0060,0,irrelevant,Acknowledgment,c,mlp_c_06,sigmoid,0.0704745277762413,0.10144663517409687,0.5,0,0.32555279518719016,0,0.11662208400911445,0,0.0987801030278205,0.0502661727368831,0.5082739591598511,0.0052571076013124,irrelevant
61,q_00931,1,g0061,1,relevant,Medical,b,mlp_b_00,sigmoid,0.9994822144508362,0.9298412261299809,0.5,1,0.23768152094704456,1,0.11729335980726327,1,0.809589147567749,0.8321986198425293,0.7019405364990234,0.9296949452595684,relevant
62,q_00417,0,g0062,1,relevant,Medical,c,mlp_c_06,sigmoid,0.998702883720398,0.9271740914504757,0.5,1,0.32555279518719016,1,0.11662208400911445,1,0.7543495297431946,0.9450579881668092,0.7357807159423828,0.9822007712317108,relevant
63,q_01540,2,g0063,1,relevant,Feedback,c,mlp_c_13,sigmoid,0.7609452605247498,0.7910206236489452,0.5,1,0.4772407436879798,1,0.11423573115129508,1,0.8395187854766846,0.863307774066925,0.7148754596710205,0.969911693088346,relevant
64,q_01130,3,g0064,0,irrelevant,Acknowledgment,c,mlp_c_06,sigmoid,1.7389307686244138e-05,0.08631298691873986,0.5,0,0.36233221122745896,0,0.11025523996418578,0,0.0855247229337692,0.0477577149868011,0.0866371989250183,0.0132674328402458,irrelevant
65,q_00981,2,g0065,0,irrelevant,Automated message,c,mlp_c_13,sigmoid,5.266116204438731e-05,0.1052093528826672,0.5,0,0.4772407436879798,0,0.11423573115129508,0,0.3043146133422851,0.1532460153102874,0.2193828970193863,0.0365834205361178,irrelevant
66,q_00731,0,g0066,1,relevant,Medical,c,mlp_c_06,sigmoid,0.9995937943458557,0.9274797360037685,0.5,1,0.32555279518719016,1,0.11662208400911445,1,0.9275844097137452,0.9343808889389038,0.9008156657218932,0.9413619640107088,relevant
67,q_00518,4,g0067,1,relevant,Medical,b,mlp_b_00,sigmoid,0.9998031258583069,0.9160936371289405,0.5,1,0.8974034020455047,1,0.11693543486357616,1,0.9352763891220092,0.9506852626800536,0.8399829268455505,0.9784666521482678,relevant
68,q_01270,4,g0068,0,irrelevant,Acknowledgment,b,mlp_b_00,sigmoid,1.5128859558899421e-05,0.112834949261294,0.5,0,0.8974034020455047,0,0.11693543486357616,0,0.1051799058914184,0.0959084331989288,0.1756667494773864,0.0123392969563556,irrelevant
69,q_00668,2,g0069,1,relevant,Medical,c,mlp_c_13,sigmoid,0.9809304475784302,0.9117196732017138,0.5,1,0.4772407436879798,1,0.11423573115129508,1,0.9427276253700256,0.9502565264701844,0.6462645530700684,0.9767985717088046,relevant
70,q_01266,1,g0070,1,relevant,Other,b,mlp_b_00,sigmoid,0.2182714343070984,0.24301394724256176,0.5,0,0.23768152094704456,1,0.11729335980726327,1,0.5395117998123169,0.5974322557449341,0.3914912641048431,0.5172856071077391,relevant
71,q_00602,3,g0071,1,relevant,Other,c,mlp_c_06,sigmoid,0.8697980642318726,0.8755801775523647,0.5,1,0.36233221122745896,1,0.11025523996418578,1,0.7186763882637024,0.756149411201477,0.685380220413208,0.7852752953638662,irrelevant
72,q_00128,0,g0072,0,irrelevant,Acknowledgment,c,mlp_c_06,sigmoid,0.1599283665418625,0.15111642988730664,0.5,0,0.32555279518719016,0,0.11662208400911445,1,0.5042696595191956,0.5581405758857727,0.5148616433143616,0.4577207679038769,irrelevant
73,q_00721,4,g0073,1,relevant,Medical,b,mlp_b_00,sigmoid,0.9999825954437256,0.9161550528211784,0.5,1,0.8974034020455047,1,0.11693543486357616,1,0.892059862613678,0.9274088740348816,0.8273114562034607,0.9626677286106408,relevant
74,q_01645,0,g0074,0,irrelevant,OSS,c,mlp_c_06,sigmoid,0.02453085035085678,0.0820255919643145,0.5,0,0.32555279518719016,0,0.11662208400911445,0,0.5073024034500122,0.4609503149986267,0.5013264417648315,0.4564132044539099,irrelevant
75,q_01276,0,g0075,0,irrelevant,Acknowledgment,c,mlp_c_06,sigmoid,0.00034820003202185035,0.0732202044799852,0.5,0,0.32555279518719016,0,0.11662208400911445,0,0.0460303239524364,0.0646766200661659,0.1188071817159652,0.0045237540032692,irrelevant
76,q_00873,2,g0076,1,relevant,Medical,c,mlp_c_13,sigmoid,0.9991599321365356,0.9181889581717372,0.5,1,0.4772407436879798,1,0.11423573115129508,1,0.8990780115127563,0.8621692061424255,0.8914555907249451,0.9747591224097324,relevant
77,q_00847,2,g0077,1,relevant,Medical,c,mlp_c_13,sigmoid,0.9939031004905701,0.9163690592798979,0.5,1,0.4772407436879798,1,0.11423573115129508,1,0.981656014919281,0.9529197812080384,0.5553677678108215,0.9757352528775642,relevant
78,q_00964,2,g0078,1,relevant,Medical,c,mlp_c_13,sigmoid,0.9967824220657349,0.9173703825527351,0.5,1,0.4772407436879798,1,0.11423573115129508,1,0.8597466349601746,0.9746431112289428,0.7853559255599976,0.9872607330479144,relevant
79,q_01111,2,g0079,1,relevant,Other,c,mlp_c_13,sigmoid,0.9840669631958008,0.9128647537259236,0.5,1,0.4772407436879798,1,0.11423573115129508,1,0.5461443066596985,0.7807536721229553,0.6850560903549194,0.8267147217711418,relevant
80,q_00341,0,g0080,1,relevant,Medical,c,mlp_c_06,sigmoid,0.8702217936515808,0.8687569187850552,0.5,1,0.32555279518719016,1,0.11662208400911445,1,0.3462935388088226,0.5747650265693665,0.5649393200874329,0.6341072331395523,relevant
81,q_00481,4,g0081,1,relevant,Medical,b,mlp_b_00,sigmoid,0.9482414722442627,0.8966726777589551,0.5,1,0.8974034020455047,0,0.11693543486357616,1,0.8575778603553772,0.7497206330299377,0.602532684803009,0.9237778687598645,relevant
82,q_00355,0,g0082,1,relevant,Medical,c,mlp_c_06,sigmoid,0.9986164569854736,0.9271443779665111,0.5,1,0.32555279518719016,1,0.11662208400911445,1,0.7448586225509644,0.9214767217636108,0.7804389595985413,0.9343589668443094,relevant
83,q_00978,4,g0083,0,irrelevant,Automated message,b,mlp_b_00,sigmoid,0.0005026715225540102,0.11305248164248921,0.5,0,0.8974034020455047,0,0.11693543486357616,0,0.3402884900569916,0.3051619231700897,0.3051424324512481,0.2907225398492038,irrelevant
84,q_00074,0,g0084,0,irrelevant,Greeting,c,mlp_c_06,sigmoid,0.06474066525697708,0.09881665930994049,0.5,0,0.32555279518719016,0,0.11662208400911445,0,0.5378366708755493,0.6247061491012573,0.4987505376338959,0.6452290253139001,irrelevant
85,q_00866,4,g0085,1,relevant,Medical,b,mlp_b_00,sigmoid,0.20503948628902435,0.2406652290994243,0.5,0,0.8974034020455047,0,0.11693543486357616,1,0.4830789566040039,0.5343692302703857,0.6829670071601868,0.3030961079783112,relevant
86,q_00637,2,g0086,1,relevant,Medical,c,mlp_c_13,sigmoid,0.9995366334915161,0.9183179764093284,0.5,1,0.4772407436879798,1,0.11423573115129508,1,0.8365652561187744,0.777859628200531,0.8545053601264954,0.6771382506986305,relevant
87,q_01271,3,g0087,0,irrelevant,Acknowledgment,c,mlp_c_06,sigmoid,5.745095040765591e-05,0.08632864647370145,0.5,0,0.36233221122745896,0,0.11025523996418578,0,0.1018468514084816,0.1344670802354812,0.1044129133224487,0.0335123744257284,irrelevant
88,q_01476,2,g0088,1,relevant,Feedback,c,mlp_c_13,sigmoid,0.8252931237220764,0.8354407281599953,0.5,1,0.4772407436879798,1,0.11423573115129508,1,0.7773250937461853,0.7569594383239746,0.6376680731773376,0.6989057602800246,relevant
89,q_00643,0,g0089,1,relevant,Medical,c,mlp_c_06,sigmoid,0.9999982118606567,0.9276180888859247,0.5,1,0.32555279518719016,1,0.11662208400911445,1,0.9840547442436218,0.9756129384040833,0.9374154210090636,0.9898344068988708,relevant
90,q_01037,0,g0090,1,relevant,Other,c,mlp_c_06,sigmoid,0.01960851065814495,0.0801584355711793,0.5,0,0.32555279518719016,0,0.11662208400911445,0,0.3449349105358124,0.3943847715854645,0.3723416626453399,0.3380971800982669,relevant
91,q_00199,3,g0091,1,relevant,Other,c,mlp_c_06,sigmoid,0.1192999854683876,0.14575016797608079,0.5,0,0.36233221122745896,0,0.11025523996418578,1,0.4347496330738067,0.4675054848194122,0.4580863714218139,0.317128585125785,relevant
92,q_00479,3,g0092,1,relevant,Medical,c,mlp_c_06,sigmoid,0.9999638795852661,0.9306257849739458,0.5,1,0.36233221122745896,1,0.11025523996418578,1,0.8476877808570862,0.8838174343109131,0.9165247082710266,0.9095208739850604,relevant
93,q_00495,0,g0093,1,relevant,Medical,c,mlp_c_06,sigmoid,0.9999501705169678,0.9276016664919465,0.5,1,0.32555279518719016,1,0.11662208400911445,1,0.9470436573028564,0.9497628211975098,0.8654668927192688,0.9759459884801684,relevant
94,q_00609,0,g0094,1,relevant,Medical,c,mlp_c_06,sigmoid,0.9998385906219482,0.9275635109021686,0.5,1,0.32555279518719016,1,0.11662208400911445,1,0.9047546982765198,0.7800812125205994,0.8759625554084778,0.9450891078257192,relevant
95,q_01403,2,g0095,0,irrelevant,Acknowledgment,c,mlp_c_13,sigmoid,0.0011564024025574327,0.10568439108775529,0.5,0,0.4772407436879798,0,0.11423573115129508,0,0.4555772542953491,0.1244387030601501,0.3880282938480377,0.0093625626178391,irrelevant
96,q_00207,0,g0096,0,irrelevant,Acknowledgment,c,mlp_c_06,sigmoid,0.32950758934020996,0.29679721182386204,0.5,0,0.32555279518719016,0,0.11662208400911445,1,0.801504909992218,0.8878190517425537,0.5883045196533203,0.8976369049308832,irrelevant
97,q_01584,4,g0097,0,irrelevant,OSS,b,mlp_b_00,sigmoid,0.4884249269962311,0.5282228712592724,0.5,1,0.8974034020455047,0,0.11693543486357616,1,0.4308061003684997,0.392116367816925,0.4124690890312195,0.5362602199121402,irrelevant
98,q_00169,0,g0098,0,irrelevant,Acknowledgment,c,mlp_c_06,sigmoid,0.16829322278499603,0.156660501416089,0.5,0,0.32555279518719016,0,0.11662208400911445,1,0.38604536652565,0.2292129695415496,0.5041366219520569,0.0509400008793216,irrelevant
99,q_01657,2,g0099,0,irrelevant,OSS,c,mlp_c_13,sigmoid,0.9867047071456909,0.9138173243306649,0.5,1,0.4772407436879798,1,0.11423573115129508,1,0.3852415978908539,0.2048614025115966,0.577494740486145,0.0810744937755084,irrelevant
100,q_00564,0,g0100,1,relevant,Medical,c,mlp_c_06,sigmoid,0.9998564720153809,0.9275696268271781,0.5,1,0.32555279518719016,1,0.11662208400911445,1,0.7653427124023438,0.9111329317092896,0.9010074138641356,0.972385129833556,relevant
101,q_00434,1,g0101,1,relevant,Medical,b,mlp_b_00,sigmoid,0.9999948740005493,0.9300003351176467,0.5,1,0.23768152094704456,1,0.11729335980726327,1,0.972833514213562,0.96356201171875,0.7821508049964905,0.9876869291942582,relevant
102,q_00236,1,g0102,1,relevant,Language change,b,mlp_b_00,sigmoid,0.1866302490234375,0.21637533127751737,0.5,0,0.23768152094704456,0,0.11729335980726327,1,0.6578068137168884,0.7591078877449036,0.4057564735412597,0.7990260777686686,relevant
103,q_00382,4,g0103,1,relevant,Medical,b,mlp_b_00,sigmoid,0.9842257499694824,0.9106049475332552,0.5,1,0.8974034020455047,1,0.11693543486357616,1,0.7838833928108215,0.8411014676094055,0.8294720649719238,0.9407946342250952,relevant
104,q_01431,0,g0104,0,irrelevant,Acknowledgment,c,mlp_c_06,sigmoid,1.877576141851023e-05,0.07310648655759727,0.5,0,0.32555279518719016,0,0.11662208400911445,0,0.0367466248571872,0.0235490128397941,0.0781540349125862,0.0036570940301204,irrelevant
105,q_01373,4,g0105,1,relevant,Feedback,b,mlp_b_00,sigmoid,0.02616214193403721,0.1250273540221192,0.5,0,0.8974034020455047,0,0.11693543486357616,1,0.3857036232948303,0.412057101726532,0.3338591158390045,0.2489551747987033,relevant
106,q_00359,1,g0106,1,relevant,Medical,b,mlp_b_00,sigmoid,0.9999563694000244,0.9299883964308465,0.5,1,0.23768152094704456,1,0.11729335980726327,1,0.7577322721481323,0.8901302814483643,0.6842756271362305,0.975266524342222,relevant
107,q_01801,4,g0107,1,relevant,Date,b,mlp_b_00,sigmoid,0.9997338652610779,0.9160699247626786,0.5,1,0.8974034020455047,1,0.11693543486357616,1,0.7433905601501465,0.7457458972930908,0.7758264541625977,0.9124257360113522,relevant
108,q_01776,3,g0108,1,relevant,Delivery confirmation,c,mlp_c_06,sigmoid,0.9994732737541199,0.9304686394481525,0.5,1,0.36233221122745896,1,0.11025523996418578,1,0.8193087577819824,0.8273546099662781,0.8329232335090637,0.893056572212667,relevant
109,q_01198,1,g0109,0,irrelevant,Acknowledgment,b,mlp_b_00,sigmoid,0.0026524008717387915,0.10311328502359209,0.5,0,0.23768152094704456,0,0.11729335980726327,0,0.4084256887435913,0.4313935339450836,0.2385697364807129,0.3089863892018353,irrelevant
110,q_01315,4,g0110,1,relevant,Feedback,b,mlp_b_00,sigmoid,0.9999548196792603,0.916145550440728,0.5,1,0.8974034020455047,1,0.11693543486357616,1,0.799613356590271,0.887533962726593,0.6715831756591797,0.972217794970324,relevant
111,q_00398,0,g0111,1,relevant,Medical,c,mlp_c_06,sigmoid,0.6743663549423218,0.7095032854148602,0.5,1,0.32555279518719016,1,0.11662208400911445,1,0.6971110701560974,0.8989030122756958,0.729331374168396,0.973068156574645,relevant
112,q_01453,2,g0112,0,irrelevant,Acknowledgment,c,mlp_c_13,sigmoid,0.16782425343990326,0.20178973295178745,0.5,0,0.4772407436879798,0,0.11423573115129508,1,0.6528699398040771,0.7478277087211609,0.58735191822052,0.8266969311060691,relevant
113,q_00195,1,g0113,0,irrelevant,Acknowledgment,b,mlp_b_00,sigmoid,5.681432213577864e-08,0.10195093981997866,0.5,0,0.23768152094704456,0,0.11729335980726327,0,0.0464806146919727,0.0622012950479984,0.1569705456495285,0.0066191795249438,irrelevant
114,q_01092,1,g0114,1,relevant,Other,b,mlp_b_00,sigmoid,0.47607049345970154,0.5228664618926048,0.5,1,0.23768152094704456,1,0.11729335980726327,1,0.7125611901283264,0.7734276056289673,0.6780945062637329,0.8788000376953797,irrelevant
115,q_01455,0,g0115,0,irrelevant,Acknowledgment,c,mlp_c_06,sigmoid,0.9862803220748901,0.9227869685408809,0.5,1,0.32555279518719016,1,0.11662208400911445,1,0.6224260926246643,0.7630165815353394,0.7415396571159363,0.8994111990303442,irrelevant
116,q_01705,3,g0116,1,relevant,Language change,c,mlp_c_06,sigmoid,0.9999269247055054,0.9306139594442728,0.5,1,0.36233221122745896,1,0.11025523996418578,1,0.734630823135376,0.7981290817260742,0.7995465397834778,0.8676389568461618,relevant
117,q_01655,4,g0117,0,irrelevant,OSS,b,mlp_b_00,sigmoid,0.9648687839508057,0.9033346634393161,0.5,1,0.8974034020455047,1,0.11693543486357616,1,0.7322379350662231,0.7140246033668518,0.7345409393310547,0.7791955700226729,irrelevant
118,q_00685,1,g0118,1,relevant,Medical,b,mlp_b_00,sigmoid,0.9999456405639648,0.9299850695263678,0.5,1,0.23768152094704456,1,0.11729335980726327,1,0.9626522064208984,0.953777313232422,0.889978289604187,0.9883338772971024,relevant
119,q_00990,2,g0119,0,irrelevant,Automated message,c,mlp_c_13,sigmoid,1.736115518724546e-05,0.1051941912822236,0.5,0,0.4772407436879798,0,0.11423573115129508,0,0.1958218365907669,0.1654848605394363,0.1637467592954635,0.0672326297281725,irrelevant
120,q_00177,0,g0120,1,relevant,Other,c,mlp_c_06,sigmoid,0.15758520364761353,0.14959262203543097,0.5,0,0.32555279518719016,0,0.11662208400911445,1,0.6699014902114868,0.7548335194587708,0.492298275232315,0.7869061222329244,relevant
121,q_01695,3,g0121,1,relevant,Language change,c,mlp_c_06,sigmoid,0.19074928760528564,0.19556950219596822,0.5,0,0.36233221122745896,0,0.11025523996418578,1,0.4332904517650604,0.8121781349182129,0.5426523685455322,0.955831009479449,relevant
122,q_01098,3,g0122,1,relevant,Other,c,mlp_c_06,sigmoid,0.6658937931060791,0.719231371545676,0.5,1,0.36233221122745896,1,0.11025523996418578,1,0.5170691609382629,0.6036447286605835,0.575365424156189,0.5039030321488404,relevant
123,q_00942,2,g0123,1,relevant,Medical,c,mlp_c_13,sigmoid,0.9992393255233765,0.9182161654197326,0.5,1,0.4772407436879798,1,0.11423573115129508,1,0.9442840814590454,0.9152119159698486,0.8804240226745605,0.971521226743252,relevant
124,q_00793,3,g0124,1,relevant,Medical,c,mlp_c_06,sigmoid,0.9600224494934082,0.9167042719624283,0.5,1,0.36233221122745896,1,0.11025523996418578,1,0.8985415697097778,0.8439515233039856,0.8404146432876587,0.92181312612512,relevant
125,q_00435,3,g0125,1,relevant,Medical,c,mlp_c_06,sigmoid,0.9996850490570068,0.9305365133718906,0.5,1,0.36233221122745896,1,0.11025523996418578,1,0.8255969285964966,0.8746622204780579,0.8506053686141968,0.9740795264224744,relevant
126,q_00008,0,g0126,0,irrelevant,Greeting,c,mlp_c_06,sigmoid,0.09899327903985977,0.11546720106242564,0.5,0,0.32555279518719016,0,0.11662208400911445,0,0.7402513027191162,0.7316213250160217,0.6003258228302002,0.8965896915214409,irrelevant
127,q_00472,0,g0127,1,relevant,Medical,c,mlp_c_06,sigmoid,0.15899457037448883,0.15050763911549414,0.5,0,0.32555279518719016,0,0.11662208400911445,1,0.326762855052948,0.5291821360588074,0.5593423843383789,0.4373647667298963,relevant
128,q_01634,0,g0128,0,irrelevant,OSS,c,mlp_c_06,sigmoid,0.6647658348083496,0.6993279337030015,0.5,1,0.32555279518719016,1,0.11662208400911445,1,0.8188174366950989,0.6310106515884399,0.681564211845398,0.7525385060496954,irrelevant
129,q_01338,4,g0129,0,irrelevant,Acknowledgment,b,mlp_b_00,sigmoid,0.00029127896414138377,0.11295811735420394,0.5,0,0.8974034020455047,0,0.11693543486357616,0,0.1976210325956344,0.0979972928762435,0.3178336024284363,0.0064979538762145,irrelevant
130,q_00855,3,g0130,1,relevant,Medical,c,mlp_c_06,sigmoid,0.8006607890129089,0.8332131600828139,0.5,1,0.36233221122745896,1,0.11025523996418578,1,0.9256462454795836,0.8707493543624878,0.6832367181777954,0.9557266346498158,relevant
131,q_00172,0,g0131,0,irrelevant,Acknowledgment,c,mlp_c_06,sigmoid,0.00023851735750213265,0.07318232371994624,0.5,0,0.32555279518719016,0,0.11662208400911445,0,0.1150367781519889,0.1545739769935608,0.1745826154947281,0.0478384301579394,irrelevant
132,q_00547,2,g0132,1,relevant,Medical,c,mlp_c_13,sigmoid,0.9999712705612183,0.918466606982803,0.5,1,0.4772407436879798,1,0.11423573115129508,1,0.681472897529602,0.9079902768135072,0.8222954273223877,0.9815973148447492,relevant
133,q_01478,0,g0133,1,relevant,Feedback,c,mlp_c_06,sigmoid,0.03204983472824097,0.08495423362944536,0.5,0,0.32555279518719016,0,0.11662208400911445,0,0.1410030275583267,0.2653454542160034,0.2274287939071655,0.1329905181586045,relevant
134,q_01615,3,g0134,0,irrelevant,OSS,c,mlp_c_06,sigmoid,0.011997335590422153,0.09111186296789177,0.5,0,0.36233221122745896,0,0.11025523996418578,0,0.6733309030532837,0.6385951638221741,0.5264928340911865,0.6807101119875504,irrelevant
135,q_01329,0,g0135,0,irrelevant,Acknowledgment,c,mlp_c_06,sigmoid,0.0026727276854217052,0.0740272771303916,0.5,0,0.32555279518719016,0,0.11662208400911445,0,0.231806218624115,0.4419361650943756,0.4140045046806335,0.2709107403173791,irrelevant
136,q_01551,1,g0136,0,irrelevant,OSS,b,mlp_b_00,sigmoid,0.0023008030839264393,0.10295853157076142,0.5,0,0.23768152094704456,0,0.11729335980726327,0,0.4860400557518005,0.487314373254776,0.6436564922332764,0.697189117591281,irrelevant
137,q_00115,0,g0137,0,irrelevant,Acknowledgment,c,mlp_c_06,sigmoid,0.5275200605392456,0.5362920396009121,0.5,1,0.32555279518719016,1,0.11662208400911445,1,0.3239630460739136,0.3393591642379761,0.6816467046737671,0.0284515326646698,irrelevant
138,q_01796,2,g0138,1,relevant,Date,c,mlp_c_13,sigmoid,0.9999041557312012,0.9184436721741037,0.5,1,0.4772407436879798,1,0.11423573115129508,1,0.8053492307662964,0.8821741342544556,0.8042219281196594,0.9606872799218232,relevant
139,q_01286,2,g0139,0,irrelevant,Acknowledgment,c,mlp_c_13,sigmoid,7.175813721005397e-08,0.1051867660684192,0.5,0,0.4772407436879798,0,0.11423573115129508,0,0.0432749651372432,0.0204197242856025,0.0570856779813766,0.0050835810940022,irrelevant
140,q_00464,4,g0140,1,relevant,Medical,b,mlp_b_00,sigmoid,0.9980589747428894,0.9154946454877331,0.5,1,0.8974034020455047,1,0.11693543486357616,1,0.8152629137039185,0.8308898210525513,0.5443894863128662,0.8418416324721886,relevant
141,q_00148,3,g0141,0,irrelevant,Acknowledgment,c,mlp_c_06,sigmoid,0.00017365851090289652,0.08637408499474655,0.5,0,0.36233221122745896,0,0.11025523996418578,0,0.1690745651721954,0.0823619589209556,0.1332311034202575,0.012676109488774,irrelevant
142,q_01278,3,g0142,0,irrelevant,Acknowledgment,c,mlp_c_06,sigmoid,2.8344498787191696e-05,0.08631726889941041,0.5,0,0.36233221122745896,0,0.11025523996418578,0,0.2462133169174194,0.1925861239433288,0.0924325957894325,0.0896874124234573,irrelevant
143,q_00510,1,g0143,1,relevant,Medical,b,mlp_b_00,sigmoid,0.9847766160964966,0.9251325817719964,0.5,1,0.23768152094704456,1,0.11729335980726327,1,0.8259133100509644,0.8115074634552002,0.8161202073097229,0.8728602516870603,relevant
144,q_01332,3,g0144,0,irrelevant,Acknowledgment,c,mlp_c_06,sigmoid,0.05585847795009613,0.11078446104127102,0.5,0,0.36233221122745896,0,0.11025523996418578,1,0.635212242603302,0.6598660349845886,0.5215534567832947,0.4807313002877503,relevant
145,q_00229,3,g0145,0,irrelevant,Spam,c,mlp_c_06,sigmoid,0.0494835264980793,0.10771006071692306,0.5,0,0.36233221122745896,0,0.11025523996418578,0,0.4134424030780792,0.5082575678825378,0.5178048610687256,0.4664795594470111,irrelevant
146,q_00462,0,g0146,1,relevant,Medical,c,mlp_c_06,sigmoid,0.9955323934555054,0.9260767407975877,0.5,1,0.32555279518719016,1,0.11662208400911445,1,0.7490692734718323,0.8129928112030029,0.8306533098220825,0.913349051433592,relevant
147,q_01380,2,g0147,0,irrelevant,Acknowledgment,c,mlp_c_13,sigmoid,0.81037437915802,0.8258676373425858,0.5,1,0.4772407436879798,1,0.11423573115129508,1,0.8259195685386658,0.722950279712677,0.5941170454025269,0.5775886287620358,irrelevant
148,q_01040,3,g0148,1,relevant,Medical,c,mlp_c_06,sigmoid,0.9999954700469971,0.93063589241573,0.5,1,0.36233221122745896,1,0.11025523996418578,1,0.977702796459198,0.973282754421234,0.9496631026268004,0.9621491920883232,relevant
149,q_01479,2,g0149,0,irrelevant,Acknowledgment,c,mlp_c_13,sigmoid,0.0001458827464375645,0.10524940147721001,0.5,0,0.4772407436879798,0,0.11423573115129508,0,0.1224201992154121,0.1807776987552642,0.1865063309669494,0.0233989388249519,irrelevant
150,q_00075,0,g0150,0,irrelevant,Greeting,c,mlp_c_06,sigmoid,0.31006932258605957,0.27656788965917906,0.5,0,0.32555279518719016,0,0.11662208400911445,1,0.5112013220787048,0.4036936163902282,0.6693775653839111,0.1030179503809555,irrelevant
151,q_00014,4,g0151,0,irrelevant,Greeting,b,mlp_b_00,sigmoid,3.5002187360078096e-05,0.11284380922006323,0.5,0,0.8974034020455047,0,0.11693543486357616,0,0.4211162030696869,0.3356602489948272,0.3663900196552276,0.1244463974953569,irrelevant
152,q_01598,0,g0152,0,irrelevant,OSS,c,mlp_c_06,sigmoid,0.9925024509429932,0.9250138367422371,0.5,1,0.32555279518719016,1,0.11662208400911445,1,0.8281065225601196,0.8323952555656433,0.8556928634643555,0.9328595545580431,relevant
153,q_00135,3,g0153,0,irrelevant,Acknowledgment,c,mlp_c_06,sigmoid,1.7644759282120503e-05,0.08631308676316886,0.5,0,0.36233221122745896,0,0.11025523996418578,0,0.3627872765064239,0.4544767737388611,0.1690417677164077,0.2512623726746346,irrelevant
154,q_01699,4,g0154,1,relevant,Language change,b,mlp_b_00,sigmoid,0.9977791905403137,0.9153981990420897,0.5,1,0.8974034020455047,1,0.11693543486357616,1,0.8184167742729187,0.854719877243042,0.8780001401901245,0.923954307439766,relevant
155,q_01689,3,g0155,1,relevant,Language change,c,mlp_c_06,sigmoid,0.9798877239227295,0.923920153248633,0.5,1,0.36233221122745896,1,0.11025523996418578,1,0.5530200004577637,0.6969932913780212,0.7110026478767395,0.6769369364195693,relevant
156,q_01590,0,g0156,0,irrelevant,OSS,c,mlp_c_06,sigmoid,0.8902258276939392,0.8799383524560548,0.5,1,0.32555279518719016,1,0.11662208400911445,1,0.7174269556999207,0.7417824864387512,0.7343064546585083,0.8378021428672182,irrelevant
157,q_01567,4,g0157,0,irrelevant,OSS,b,mlp_b_00,sigmoid,2.258639688079711e-05,0.11283827392133056,0.5,0,0.8974034020455047,0,0.11693543486357616,0,0.1414472013711929,0.1547690778970718,0.3981971442699432,0.0299737366416237,irrelevant
158,q_01712,1,g0158,1,relevant,Language change,b,mlp_b_00,sigmoid,0.9071583151817322,0.8951597866901198,0.5,1,0.23768152094704456,1,0.11729335980726327,1,0.7603086233139038,0.6045399308204651,0.7896749973297119,0.7085960692859342,relevant
159,q_00180,2,g0159,0,irrelevant,Acknowledgment,c,mlp_c_13,sigmoid,0.009321251884102821,0.10925751399563287,0.5,0,0.4772407436879798,0,0.11423573115129508,0,0.0836535915732383,0.1469591110944748,0.2360608875751495,0.0153101848285,irrelevant
160,q_00757,1,g0160,1,relevant,Medical,b,mlp_b_00,sigmoid,0.999987006187439,0.929997895786705,0.5,1,0.23768152094704456,1,0.11729335980726327,1,0.9689101576805116,0.956924855709076,0.9335438013076782,0.9870045761392257,relevant
161,q_00758,1,g0161,1,relevant,Medical,b,mlp_b_00,sigmoid,0.9999986886978149,0.930001517795263,0.5,1,0.23768152094704456,1,0.11729335980726327,1,0.9792024493217468,0.9753495454788208,0.9572664499282836,0.9900798001675868,relevant
162,q_00339,3,g0162,1,relevant,Medical,c,mlp_c_06,sigmoid,0.999713122844696,0.9305455064089898,0.5,1,0.36233221122745896,1,0.11025523996418578,1,0.973053514957428,0.899555504322052,0.8980095386505127,0.9723881120042376,relevant
163,q_00842,0,g0163,1,relevant,Medical,c,mlp_c_06,sigmoid,0.908271074295044,0.8893096935131412,0.5,1,0.32555279518719016,1,0.11662208400911445,1,0.9192517399787904,0.8720822334289551,0.6802972555160522,0.9839820917675428,relevant
164,q_01164,1,g0164,0,irrelevant,Acknowledgment,b,mlp_b_00,sigmoid,6.1945611378178e-06,0.10195361612707175,0.5,0,0.23768152094704456,0,0.11729335980726327,0,0.0546997003257274,0.0558208003640174,0.0871677324175834,0.0053268678976386,irrelevant
165,q_00535,3,g0165,1,relevant,Medical,c,mlp_c_06,sigmoid,0.9057837128639221,0.8937445822043858,0.5,1,0.36233221122745896,1,0.11025523996418578,1,0.8222481608390808,0.8858512043952942,0.6375084519386292,0.953396939207504,relevant
166,q_01205,4,g0166,0,irrelevant,Acknowledgment,b,mlp_b_00,sigmoid,0.0008599213324487209,0.11321211202223229,0.5,0,0.8974034020455047,0,0.11693543486357616,0,0.1194951310753822,0.2066275626420974,0.1462308019399643,0.0361069376227138,irrelevant
167,q_00663,2,g0167,1,relevant,Medical,c,mlp_c_13,sigmoid,0.9988273978233337,0.9180749126843064,0.5,1,0.4772407436879798,1,0.11423573115129508,1,0.7959921360015869,0.7890137434005737,0.8550096154212952,0.7876862658818229,relevant
168,q_00807,4,g0168,1,relevant,Medical,b,mlp_b_00,sigmoid,0.9999998807907104,0.916160965825907,0.5,1,0.8974034020455047,1,0.11693543486357616,1,0.9653317928314208,0.968569815158844,0.9134978652000428,0.9849573177811332,relevant
169,q_00595,2,g0169,1,relevant,Medical,c,mlp_c_13,sigmoid,0.9999096393585205,0.9184455462866213,0.5,1,0.4772407436879798,1,0.11423573115129508,1,0.744719386100769,0.7243335843086243,0.8540520668029785,0.869130319873684,relevant
170,q_01049,1,g0170,0,irrelevant,Spam,b,mlp_b_00,sigmoid,0.9840072989463806,0.9248784204982297,0.5,1,0.23768152094704456,1,0.11729335980726327,1,0.8947145342826843,0.8160984516143799,0.8680375218391418,0.7515849549985429,irrelevant
171,q_01637,3,g0171,0,irrelevant,OSS,c,mlp_c_06,sigmoid,0.7235614657402039,0.7731983536032234,0.5,1,0.36233221122745896,1,0.11025523996418578,1,0.8450520038604736,0.7353192567825317,0.6854040026664734,0.888097240940128,irrelevant
172,q_01610,2,g0172,0,irrelevant,OSS,c,mlp_c_13,sigmoid,3.615975583670661e-05,0.10520226517300316,0.5,0,0.4772407436879798,0,0.11423573115129508,0,0.3587275147438049,0.470244437456131,0.4018908441066742,0.3650002141719861,irrelevant
173,q_00786,0,g0173,1,relevant,Medical,c,mlp_c_06,sigmoid,0.9988572597503662,0.9272271380953598,0.5,1,0.32555279518719016,1,0.11662208400911445,1,0.8849515318870544,0.919648826122284,0.8640320301055908,0.9435487993495096,relevant
174,q_00813,4,g0174,1,relevant,Medical,b,mlp_b_00,sigmoid,0.999665379524231,0.9160464716957262,0.5,1,0.8974034020455047,1,0.11693543486357616,1,0.7305449843406677,0.8783490657806396,0.9041444659233092,0.9248120191728264,relevant
175,q_01595,0,g0175,0,irrelevant,OSS,c,mlp_c_06,sigmoid,0.2165001630783081,0.1918735528388911,0.5,0,0.32555279518719016,0,0.11662208400911445,1,0.4347148835659027,0.4807009100914001,0.6389608979225159,0.4437662592159779,irrelevant
176,q_00856,2,g0176,1,relevant,Medical,c,mlp_c_13,sigmoid,0.998762845993042,0.9180527573065832,0.5,1,0.4772407436879798,1,0.11423573115129508,1,0.5257453918457031,0.7276251316070557,0.8631447553634644,0.5413429946829464,relevant
177,q_01502,2,g0177,0,irrelevant,Acknowledgment,c,mlp_c_13,sigmoid,0.945152223110199,0.8976672700739506,0.5,1,0.4772407436879798,1,0.11423573115129508,1,0.5831477046012878,0.5386059880256653,0.5427801012992859,0.1119613018545412,irrelevant
178,q_00441,2,g0178,1,relevant,Medical,c,mlp_c_13,sigmoid,0.996694803237915,0.9173400734940883,0.5,1,0.4772407436879798,1,0.11423573115129508,1,0.9585472345352172,0.935276985168457,0.8721292018890381,0.9695245222683117,relevant
179,q_00117,2,g0179,1,relevant,Other,c,mlp_c_13,sigmoid,0.9848508834838867,0.9131488417773241,0.5,1,0.4772407436879798,1,0.11423573115129508,1,0.3405701518058777,0.3878570795059204,0.7369081377983093,0.1214644211043192,relevant
180,q_01413,2,g0180,0,irrelevant,Acknowledgment,c,mlp_c_13,sigmoid,0.8157529830932617,0.8293687064656183,0.5,1,0.4772407436879798,1,0.11423573115129508,1,0.463050901889801,0.1398724168539047,0.4123366475105285,0.0141528103390942,irrelevant
181,q_00190,2,g0181,0,irrelevant,Acknowledgment,c,mlp_c_13,sigmoid,7.335864938795567e-05,0.10521824349533973,0.5,0,0.4772407436879798,0,0.11423573115129508,0,0.0899454578757286,0.0669267997145652,0.1271851509809494,0.0276405043790297,irrelevant
182,q_01301,2,g0182,0,irrelevant,Acknowledgment,c,mlp_c_13,sigmoid,2.37531867242069e-06,0.10518775534338906,0.5,0,0.4772407436879798,0,0.11423573115129508,0,0.0212346035987138,0.0366835743188858,0.0824258252978324,0.013513448183471,irrelevant
183,q_00576,0,g0183,1,relevant,Medical,c,mlp_c_06,sigmoid,0.9993298053741455,0.9273892928413011,0.5,1,0.32555279518719016,1,0.11662208400911445,1,0.768042802810669,0.80814528465271,0.8338696956634521,0.898105536837482,relevant
184,q_00201,0,g0184,1,relevant,Other,c,mlp_c_06,sigmoid,0.08860068768262863,0.11017267306105387,0.5,0,0.32555279518719016,0,0.11662208400911445,0,0.4620452523231506,0.3011593818664551,0.4545065760612488,0.1210229034928506,relevant
185,q_00360,4,g0185,1,relevant,Medical,b,mlp_b_00,sigmoid,0.9999655485153198,0.9161492210040739,0.5,1,0.8974034020455047,1,0.11693543486357616,1,0.8970048427581787,0.9144861698150636,0.9192736148834229,0.9613934822307604,relevant
186,q_00277,1,g0186,1,relevant,Language change,b,mlp_b_00,sigmoid,0.999969482421875,0.9299924624489102,0.5,1,0.23768152094704456,1,0.11729335980726327,1,0.8385354280471802,0.8303487300872803,0.7036125063896179,0.9557929055323444,relevant
187,q_01079,3,g0187,1,relevant,Medical,c,mlp_c_06,sigmoid,0.9992988109588623,0.9304126780782535,0.5,1,0.36233221122745896,1,0.11025523996418578,1,0.7566938996315002,0.7374728322029114,0.8736863136291504,0.922301391260858,relevant
188,q_00700,4,g0188,1,relevant,Medical,b,mlp_b_00,sigmoid,0.9999829530715942,0.9161551751630452,0.5,1,0.8974034020455047,1,0.11693543486357616,1,0.9785213470458984,0.9732086658477784,0.9032694101333618,0.9868772815460936,relevant
189,q_01546,1,g0189,0,irrelevant,OSS,b,mlp_b_00,sigmoid,6.18297733012696e-08,0.10195094200689384,0.5,0,0.23768152094704456,0,0.11729335980726327,0,0.1764128357172012,0.0723570957779884,0.521785318851471,0.0073776974804824,irrelevant
190,q_00958,4,g0190,1,relevant,Medical,b,mlp_b_00,sigmoid,0.9986214637756348,0.9156882432084549,0.5,1,0.8974034020455047,1,0.11693543486357616,1,0.8703562021255493,0.8595033884048462,0.856174111366272,0.96198330174754,relevant
191,q_00600,3,g0191,1,relevant,Medical,c,mlp_c_06,sigmoid,0.9992756247520447,0.9304052376433686,0.5,1,0.36233221122745896,1,0.11025523996418578,1,0.8775407671928406,0.6923162937164307,0.7877887487411499,0.7895589010815491,relevant
192,q_01805,3,g0192,1,relevant,Date,c,mlp_c_06,sigmoid,0.999595582485199,0.9305078468439645,0.5,1,0.36233221122745896,1,0.11025523996418578,1,0.7671316862106323,0.8074642419815063,0.82414311170578,0.9767612826720742,relevant
193,q_01778,4,g0193,1,relevant,Delivery confirmation,b,mlp_b_00,sigmoid,0.9990453124046326,0.9158338574844455,0.5,1,0.8974034020455047,1,0.11693543486357616,1,0.8608924746513367,0.920331597328186,0.9187064170837402,0.9525916016997515,relevant
194,q_01336,1,g0194,0,irrelevant,Acknowledgment,b,mlp_b_00,sigmoid,6.650753493886441e-05,0.10197991834824445,0.5,0,0.23768152094704456,0,0.11729335980726327,0,0.5195819139480591,0.1261813789606094,0.4008342027664184,0.0133738295030945,irrelevant
195,q_01104,1,g0195,1,relevant,Other,b,mlp_b_00,sigmoid,0.9869531393051147,0.9258473697969937,0.5,1,0.23768152094704456,1,0.11729335980726327,1,0.7595993280410767,0.7513267993927002,0.8340229392051697,0.7990260777686686,relevant
196,q_01543,2,g0196,0,irrelevant,OSS,c,mlp_c_13,sigmoid,0.24074308574199677,0.2606796735251706,0.5,0,0.4772407436879798,0,0.11423573115129508,1,0.698634147644043,0.4647692441940307,0.655957818031311,0.2924632429212804,irrelevant
197,q_00319,3,g0197,1,relevant,Language change,c,mlp_c_06,sigmoid,0.8711866140365601,0.8763279433235226,0.5,1,0.36233221122745896,1,0.11025523996418578,1,0.5243634581565857,0.5058295726776123,0.6600736379623413,0.7124586670170187,relevant
198,q_01082,4,g0198,1,relevant,Medical,b,mlp_b_00,sigmoid,0.19753006100654602,0.2346067863760666,0.5,0,0.8974034020455047,0,0.11693543486357616,1,0.659024178981781,0.6856552362442017,0.5012785196304321,0.6745079960911896,relevant
199,q_00784,2,g0199,1,relevant,Medical,c,mlp_c_13,sigmoid,0.9999258518218994,0.9184510869115061,0.5,1,0.4772407436879798,1,0.11423573115129508,1,0.9738888144493104,0.9382337331771852,0.9162591099739076,0.9789289305787288,relevant
200,q_01099,1,g0200,1,relevant,Other,b,mlp_b_00,sigmoid,0.9986055493354797,0.9295683694435042,0.5,1,0.23768152094704456,1,0.11729335980726327,1,0.7729973793029785,0.6583442687988281,0.5881573557853699,0.9096096245726631,relevant
201,q_01503,0,g0201,0,irrelevant,Acknowledgment,c,mlp_c_06,sigmoid,0.012880192138254642,0.07766898915423974,0.5,0,0.32555279518719016,0,0.11662208400911445,0,0.1692236810922622,0.0857762694358825,0.3478806912899017,0.0048416615805947,irrelevant
202,q_01365,1,g0202,0,irrelevant,Acknowledgment,b,mlp_b_00,sigmoid,0.019223593175411224,0.11064379861484612,0.5,0,0.23768152094704456,0,0.11729335980726327,0,0.1928932517766952,0.1712909489870071,0.5464902520179749,0.0133738295030945,irrelevant
203,q_01027,3,g0203,1,relevant,Medical,c,mlp_c_06,sigmoid,0.9996596574783325,0.9305283786141672,0.5,1,0.36233221122745896,1,0.11025523996418578,1,0.8470930457115173,0.8782393932342529,0.8406210541725159,0.9239494002954304,relevant
204,q_00962,1,g0204,1,relevant,Medical,b,mlp_b_00,sigmoid,0.9999687671661377,0.9299922406717375,0.5,1,0.23768152094704456,1,0.11729335980726327,1,0.8183012008666992,0.9085082411766052,0.7422573566436768,0.973914048932875,relevant
205,q_00782,1,g0205,1,relevant,Medical,b,mlp_b_00,sigmoid,0.990361213684082,0.9269540056374959,0.5,1,0.23768152094704456,1,0.11729335980726327,1,0.7733929753303528,0.7964608669281006,0.864831805229187,0.9050165625010116,relevant
206,q_00754,2,g0206,1,relevant,Medical,c,mlp_c_13,sigmoid,0.999990701675415,0.9184732459812369,0.5,1,0.4772407436879798,1,0.11423573115129508,1,0.9688082933425904,0.9540539383888244,0.9325675964355468,0.9840628428784448,relevant
207,q_01703,2,g0207,1,relevant,Language change,c,mlp_c_13,sigmoid,0.9999995231628418,0.9184762598424797,0.5,1,0.4772407436879798,1,0.11423573115129508,1,0.8578385710716248,0.8850677013397217,0.9442479610443116,0.97840659448509,relevant
208,q_01249,0,g0208,0,irrelevant,Acknowledgment,c,mlp_c_06,sigmoid,4.226503733661957e-06,0.07310146787757266,0.5,0,0.32555279518719016,0,0.11662208400911445,0,0.0620812103152275,0.0374952033162117,0.0551031902432441,0.0045634005447483,irrelevant
209,q_00851,4,g0209,1,relevant,Medical,b,mlp_b_00,sigmoid,0.9996169805526733,0.9160298937887299,0.5,1,0.8974034020455047,1,0.11693543486357616,1,0.8463225960731506,0.8390123844146729,0.669221043586731,0.945111425343021,relevant
210,q_01052,3,g0210,1,relevant,Other,c,mlp_c_06,sigmoid,0.9304271936416626,0.9047979482935536,0.5,1,0.36233221122745896,1,0.11025523996418578,1,0.4030640125274658,0.3993952572345733,0.5766385197639465,0.5867525724030168,relevant
211,q_01334,1,g0211,0,irrelevant,Acknowledgment,b,mlp_b_00,sigmoid,1.9805129340966232e-05,0.10195955111021844,0.5,0,0.23768152094704456,0,0.11729335980726327,0,0.3860954642295837,0.0518033169209957,0.516798198223114,0.0036403086033238,irrelevant
212,q_00272,1,g0212,1,relevant,Language change,b,mlp_b_00,sigmoid,0.9999996423721313,0.9300018134617798,0.5,1,0.23768152094704456,1,0.11729335980726327,1,0.9137043356895448,0.9171040058135986,0.8370625376701355,0.9694109081065564,relevant
213,q_01225,0,g0213,0,irrelevant,Acknowledgment,c,mlp_c_06,sigmoid,3.295114220236428e-05,0.07311137657624991,0.5,0,0.32555279518719016,0,0.11662208400911445,0,0.1133491769433021,0.1550129950046539,0.1534959375858307,0.0305350522787871,irrelevant
214,q_00574,1,g0214,1,relevant,Medical,b,mlp_b_00,sigmoid,0.9484761953353882,0.9122433585454531,0.5,1,0.23768152094704456,1,0.11729335980726327,1,0.7618139982223511,0.5669170618057251,0.5168039798736572,0.5309097868375856,relevant
215,q_00588,0,g0215,1,relevant,Medical,c,mlp_c_06,sigmoid,0.9999922513961792,0.9276160515546998,0.5,1,0.32555279518719016,1,0.11662208400911445,1,0.8923222422599792,0.9061997532844543,0.9193243980407716,0.9693307945897728,relevant
216,q_01010,1,g0216,1,relevant,Date,b,mlp_b_00,sigmoid,0.9999614953994751,0.9299899859002683,0.5,1,0.23768152094704456,1,0.11729335980726327,1,0.7860114574432373,0.8127614259719849,0.818042516708374,0.9765505664642926,relevant
217,q_00264,4,g0217,1,relevant,Language change,b,mlp_b_00,sigmoid,0.999968409538269,0.9161501997963138,0.5,1,0.8974034020455047,1,0.11693543486357616,1,0.7369837760925293,0.8473801016807556,0.8117295503616333,0.9336456944835666,relevant
218,q_01714,3,g0218,1,relevant,Delivery confirmation,c,mlp_c_06,sigmoid,0.9999399185180664,0.930618117665726,0.5,1,0.36233221122745896,1,0.11025523996418578,1,0.7333146333694458,0.753654956817627,0.9080433249473572,0.7917682592321418,relevant
219,q_00932,3,g0219,1,relevant,Medical,c,mlp_c_06,sigmoid,0.9993133544921875,0.9304173447106482,0.5,1,0.36233221122745896,1,0.11025523996418578,1,0.966921865940094,0.906901240348816,0.912384867668152,0.958892052522126,relevant
220,q_00235,0,g0220,1,relevant,Language change,c,mlp_c_06,sigmoid,0.9999778270721436,0.9276111209943477,0.5,1,0.32555279518719016,1,0.11662208400911445,1,0.5789651274681091,0.8721627593040466,0.7877094745635986,0.888128133138075,relevant
221,q_00983,0,g0221,0,irrelevant,Automated message,c,mlp_c_06,sigmoid,8.059840911300853e-05,0.07312781545241079,0.5,0,0.32555279518719016,0,0.11662208400911445,0,0.0672438368201255,0.1664352416992187,0.1481436043977737,0.1037902547830852,irrelevant
222,q_01481,1,g0222,1,relevant,Feedback,b,mlp_b_00,sigmoid,0.32909882068634033,0.35242064501781734,0.5,0,0.23768152094704456,1,0.11729335980726327,1,0.4683089852333069,0.6587924361228943,0.4913146495819092,0.5714275901288668,relevant
223,q_00863,0,g0223,1,relevant,Medical,c,mlp_c_06,sigmoid,0.9999693632125854,0.9276082277114781,0.5,1,0.32555279518719016,1,0.11662208400911445,1,0.9899768233299256,0.9488438367843628,0.924341320991516,0.9768498827324312,relevant
224,q_01030,1,g0224,1,relevant,Date,b,mlp_b_00,sigmoid,0.9964181184768677,0.9288832631708152,0.5,1,0.23768152094704456,1,0.11729335980726327,1,0.8418270349502563,0.8288713097572327,0.7039393782615662,0.9331827538216956,relevant
225,q_00534,1,g0225,1,relevant,Medical,b,mlp_b_00,sigmoid,0.968975305557251,0.9197507491065211,0.5,1,0.23768152094704456,1,0.11729335980726327,1,0.6935585737228394,0.7836421132087708,0.6549450755119324,0.9296949452595684,relevant
226,q_00080,1,g0226,0,irrelevant,Greeting,b,mlp_b_00,sigmoid,1.4776586795051116e-05,0.10195735834351365,0.5,0,0.23768152094704456,0,0.11729335980726327,0,0.2665006518363952,0.1534072011709213,0.1387047618627548,0.0184652046710921,irrelevant
227,q_01547,3,g0227,0,irrelevant,OSS,c,mlp_c_06,sigmoid,0.013462871313095093,0.0917151347050593,0.5,0,0.36233221122745896,0,0.11025523996418578,0,0.1071985363960266,0.0830350369215011,0.5380366444587708,0.0680981395819013,irrelevant
228,q_00770,0,g0228,1,relevant,Medical,c,mlp_c_06,sigmoid,0.9999996423721313,0.9276185778375516,0.5,1,0.32555279518719016,1,0.11662208400911445,1,0.9785460829734802,0.9765490293502808,0.9732632040977478,0.9837843022929428,relevant
229,q_00722,2,g0229,1,relevant,Medical,c,mlp_c_13,sigmoid,0.999966025352478,0.9184648147760879,0.5,1,0.4772407436879798,1,0.11423573115129508,1,0.984314739704132,0.961170732975006,0.8120847940444946,0.984781957297657,relevant
230,q_01730,1,g0230,1,relevant,Delivery confirmation,b,mlp_b_00,sigmoid,0.9999855756759644,0.9299974522635431,0.5,1,0.23768152094704456,1,0.11729335980726327,1,0.8861412405967712,0.9067497849464417,0.9045881032943726,0.9557929055323444,relevant
231,q_01435,1,g0231,1,relevant,Feedback,b,mlp_b_00,sigmoid,5.456895024735786e-08,0.10195093884091666,0.5,0,0.23768152094704456,0,0.11729335980726327,0,0.1253144592046737,0.0419006124138832,0.239122211933136,0.0073776974804824,relevant
232,q_00626,3,g0232,1,relevant,Medical,c,mlp_c_06,sigmoid,0.903400719165802,0.8926177791384985,0.5,1,0.36233221122745896,1,0.11025523996418578,1,0.9724737405776978,0.9712210297584534,0.6966426968574524,0.9866329618384226,relevant
233,q_01685,4,g0233,1,relevant,Language change,b,mlp_b_00,sigmoid,0.9999690055847168,0.9161504037100575,0.5,1,0.8974034020455047,1,0.11693543486357616,1,0.8685083985328674,0.8885926604270935,0.8854299783706665,0.9642343064012284,relevant
234,q_01764,4,g0234,1,relevant,Delivery confirmation,b,mlp_b_00,sigmoid,0.9983015060424805,0.9155781694504426,0.5,1,0.8974034020455047,1,0.11693543486357616,1,0.8469738960266113,0.8084725141525269,0.8747618794441223,0.9022742399951637,relevant
235,q_01441,2,g0235,0,irrelevant,Acknowledgment,c,mlp_c_13,sigmoid,0.0008216841379180551,0.10554013251919216,0.5,0,0.4772407436879798,0,0.11423573115129508,0,0.1570488661527633,0.181884616613388,0.2384177446365356,0.0199354061298205,irrelevant
236,q_00036,1,g0236,0,irrelevant,Greeting,b,mlp_b_00,sigmoid,1.0119370017491747e-05,0.10195532753592075,0.5,0,0.23768152094704456,0,0.11729335980726327,0,0.1726653426885604,0.1560940444469452,0.1217217594385147,0.028299233383111,irrelevant
237,q_00450,4,g0237,1,relevant,Medical,b,mlp_b_00,sigmoid,0.982846200466156,0.9101035588432346,0.5,1,0.8974034020455047,1,0.11693543486357616,1,0.7878772020339966,0.7592006325721741,0.7712758183479309,0.9118625544509222,relevant
238,q_01660,1,g0238,0,irrelevant,OSS,b,mlp_b_00,sigmoid,0.9999839067459106,0.92999693481657,0.5,1,0.23768152094704456,1,0.11729335980726327,1,0.867163896560669,0.7270606756210327,0.7027186751365662,0.9140016876898294,irrelevant
239,q_01107,4,g0239,1,relevant,Other,b,mlp_b_00,sigmoid,0.9999086856842041,0.916129765354941,0.5,1,0.8974034020455047,1,0.11693543486357616,1,0.7769485712051392,0.8215360045433044,0.8395498394966125,0.8973735425409408,relevant
240,q_00680,3,g0240,1,relevant,Medical,c,mlp_c_06,sigmoid,0.996777355670929,0.9295992203860879,0.5,1,0.36233221122745896,1,0.11025523996418578,1,0.9570425152778624,0.944732427597046,0.819279134273529,0.9829647695846048,relevant
241,q_01186,3,g0241,0,irrelevant,Acknowledgment,c,mlp_c_06,sigmoid,0.00037221875390969217,0.08645177449631726,0.5,0,0.36233221122745896,0,0.11025523996418578,0,0.2253694087266922,0.1888297647237777,0.1662480682134628,0.0819485441515595,irrelevant
242,q_00023,0,g0242,0,irrelevant,Greeting,c,mlp_c_06,sigmoid,1.6671519915689714e-05,0.07310576069235787,0.5,0,0.32555279518719016,0,0.11662208400911445,0,0.1306193321943283,0.0442163571715354,0.1292380690574646,0.0061464744946284,irrelevant
243,q_00947,2,g0243,1,relevant,Medical,c,mlp_c_13,sigmoid,0.9989560842514038,0.9181190639602276,0.5,1,0.4772407436879798,1,0.11423573115129508,1,0.7655487060546875,0.8861547112464905,0.8199964761734009,0.8692966472330953,relevant
244,q_01605,0,g0244,0,irrelevant,OSS,c,mlp_c_06,sigmoid,0.9970917701721191,0.9266183512733956,0.5,1,0.32555279518719016,1,0.11662208400911445,1,0.7651193737983704,0.8645360469818115,0.863655149936676,0.8886287162350032,irrelevant
245,q_01400,1,g0245,0,irrelevant,Acknowledgment,b,mlp_b_00,sigmoid,2.277635076097795e-06,0.10195190818090688,0.5,0,0.23768152094704456,0,0.11729335980726327,0,0.46647709608078,0.0764848440885543,0.3331519365310669,0.0113752769943414,irrelevant
246,q_00606,2,g0246,1,relevant,Medical,c,mlp_c_13,sigmoid,0.985550045967102,0.913401506733697,0.5,1,0.4772407436879798,1,0.11423573115129508,1,0.8438789248466492,0.962340533733368,0.5639767050743103,0.973127173929755,relevant
247,q_01133,4,g0247,0,irrelevant,Acknowledgment,b,mlp_b_00,sigmoid,2.0327561287558638e-05,0.1128372668961669,0.5,0,0.8974034020455047,0,0.11693543486357616,0,0.0706323832273483,0.0764425992965698,0.1541967540979385,0.0143712907359582,irrelevant
248,q_01161,1,g0248,1,relevant,Delivery confirmation,b,mlp_b_00,sigmoid,1.7019564211295801e-06,0.10195165716269473,0.5,0,0.23768152094704456,0,0.11729335980726327,0,0.1339371055364608,0.0575057230889797,0.1659463196992874,0.005045110905793,relevant
249,q_01499,1,g0249,1,relevant,Feedback,b,mlp_b_00,sigmoid,0.9986253976821899,0.9295745579579506,0.5,1,0.23768152094704456,1,0.11729335980726327,1,0.5606142282485962,0.5733687281608582,0.588638961315155,0.8076551691889285,relevant
250,q_00011,0,g0250,0,irrelevant,Greeting,c,mlp_c_06,sigmoid,0.007247449830174446,0.07563956037602991,0.5,0,0.32555279518719016,0,0.11662208400911445,0,0.5491952896118164,0.1920205950736999,0.4645275175571441,0.0285146165869257,irrelevant
251,q_00599,3,g0251,1,relevant,Medical,c,mlp_c_06,sigmoid,0.7309951782226562,0.779594025963633,0.5,1,0.36233221122745896,1,0.11025523996418578,1,0.7299721240997314,0.8471369743347168,0.7106752991676331,0.9243500784088288,relevant
252,q_00529,1,g0252,1,relevant,Medical,b,mlp_b_00,sigmoid,0.9997349381446838,0.9299197031851628,0.5,1,0.23768152094704456,1,0.11729335980726327,1,0.7695152163505554,0.9132722020149232,0.7289759516716003,0.975266524342222,relevant
253,q_00567,4,g0253,1,relevant,Medical,b,mlp_b_00,sigmoid,0.9997581839561462,0.9160782513126995,0.5,1,0.8974034020455047,1,0.11693543486357616,1,0.8559291362762451,0.8868458271026611,0.8592187166213989,0.941660030973138,relevant
254,q_00426,1,g0254,1,relevant,Medical,b,mlp_b_00,sigmoid,0.9999300241470337,0.9299802267708144,0.5,1,0.23768152094704456,1,0.11729335980726327,1,0.881863534450531,0.8743698596954346,0.7878468036651611,0.9331827538216956,relevant
255,q_00543,3,g0255,1,relevant,Medical,c,mlp_c_06,sigmoid,0.9789601564407349,0.9235963826588959,0.5,1,0.36233221122745896,1,0.11025523996418578,1,0.9215171337127686,0.8796916604042053,0.6309547424316406,0.9670676603693495,relevant
256,q_00067,3,g0256,0,irrelevant,Greeting,c,mlp_c_06,sigmoid,0.0003168731345795095,0.08643011338324051,0.5,0,0.36233221122745896,0,0.11025523996418578,0,0.1327008455991745,0.1478878557682037,0.3285211324691772,0.0437181388458051,irrelevant
257,q_01097,2,g0257,1,relevant,Other,c,mlp_c_13,sigmoid,0.9998534917831421,0.918426355147836,0.5,1,0.4772407436879798,1,0.11423573115129508,1,0.8383018970489502,0.6430332660675049,0.8335269093513489,0.7706595430961656,relevant
258,q_00388,3,g0258,1,relevant,Medical,c,mlp_c_06,sigmoid,0.9809522032737732,0.9242901615745052,0.5,1,0.36233221122745896,1,0.11025523996418578,1,0.6435160636901855,0.7530269026756287,0.7214974761009216,0.898938430536683,relevant
259,q_00334,0,g0259,1,relevant,Medical,c,mlp_c_06,sigmoid,0.9987618923187256,0.9271943721726846,0.5,1,0.32555279518719016,1,0.11662208400911445,1,0.8734576106071472,0.9213926196098328,0.830783486366272,0.9757200975463856,relevant
260,q_00087,3,g0260,0,irrelevant,Greeting,c,mlp_c_06,sigmoid,0.00027880206471309066,0.08641521601880113,0.5,0,0.36233221122745896,0,0.11025523996418578,0,0.1630603820085525,0.2116678357124328,0.2325232177972793,0.0193028445729587,irrelevant
261,q_01191,0,g0261,0,irrelevant,Acknowledgment,c,mlp_c_06,sigmoid,0.0001531349989818409,0.07315284797912526,0.5,0,0.32555279518719016,0,0.11662208400911445,0,0.1063486412167549,0.0585910156369209,0.3115524351596832,0.0044926421453528,irrelevant
262,q_01419,0,g0262,0,irrelevant,Acknowledgment,c,mlp_c_06,sigmoid,0.0671202763915062,0.09990067705098335,0.5,0,0.32555279518719016,0,0.11662208400911445,0,0.3976178169250488,0.3902207612991333,0.3147744536399841,0.2572634882304874,irrelevant
263,q_01214,2,g0263,1,relevant,Feedback,c,mlp_c_13,sigmoid,0.9709187746047974,0.9079731984530253,0.5,1,0.4772407436879798,1,0.11423573115129508,1,0.8725100159645081,0.9033198952674866,0.6160076856613159,0.9705396575339802,relevant
264,q_01247,2,g0264,0,irrelevant,Acknowledgment,c,mlp_c_13,sigmoid,0.00042019932880066335,0.10536732769064097,0.5,0,0.4772407436879798,0,0.11423573115129508,0,0.1676168590784073,0.1999898850917816,0.1631765067577362,0.1425799320383267,irrelevant
265,q_00532,4,g0265,1,relevant,Medical,b,mlp_b_00,sigmoid,0.9872558116912842,0.9116973605508365,0.5,1,0.8974034020455047,1,0.11693543486357616,1,0.7907384634017944,0.8725582361221313,0.7365656495094299,0.93232676203781,relevant
266,q_00568,2,g0266,1,relevant,Medical,c,mlp_c_13,sigmoid,0.7320647239685059,0.7684029379757131,0.5,1,0.4772407436879798,1,0.11423573115129508,1,0.6862359046936035,0.9295481443405152,0.7042602896690369,0.9693343685644384,relevant
267,q_01067,2,g0267,1,relevant,Other,c,mlp_c_13,sigmoid,0.12300015985965729,0.17084295986200312,0.5,0,0.4772407436879798,0,0.11423573115129508,1,0.5153087973594666,0.5695412755012512,0.5703719258308411,0.7853937888685888,relevant
268,q_01290,4,g0268,0,irrelevant,Acknowledgment,b,mlp_b_00,sigmoid,0.0005998304695822299,0.11309587584347716,0.5,0,0.8974034020455047,0,0.11693543486357616,0,0.144737884402275,0.1170159801840782,0.1104353368282318,0.054296593070094,irrelevant
269,q_00114,4,g0269,1,relevant,Other,b,mlp_b_00,sigmoid,0.3185654282569885,0.3444666441417718,0.5,0,0.8974034020455047,0,0.11693543486357616,1,0.599924623966217,0.3895653784275055,0.513821542263031,0.1549390905023543,relevant
270,q_00105,2,g0270,1,relevant,Other,c,mlp_c_13,sigmoid,0.9598243832588196,0.9036552137121066,0.5,1,0.4772407436879798,1,0.11423573115129508,1,0.7983384132385254,0.7584990859031677,0.7137740254402161,0.8862631908022285,relevant
271,q_00675,1,g0271,1,relevant,Medical,b,mlp_b_00,sigmoid,0.9992350339889526,0.9297643917991928,0.5,1,0.23768152094704456,1,0.11729335980726327,1,0.9507780075073242,0.9003738760948181,0.6667460799217224,0.975266524342222,relevant
272,q_00634,2,g0272,1,relevant,Medical,c,mlp_c_13,sigmoid,0.9517073035240173,0.9003822282427866,0.5,1,0.4772407436879798,1,0.11423573115129508,1,0.6681935787200928,0.6299777626991272,0.7421573996543884,0.812891469129665,relevant
273,q_00572,3,g0273,1,relevant,Medical,c,mlp_c_06,sigmoid,0.9967406392097473,0.9295873104514368,0.5,1,0.36233221122745896,1,0.11025523996418578,1,0.6615187525749207,0.8935107588768005,0.8100382089614868,0.9417024546403698,relevant
274,q_01788,0,g0274,1,relevant,Delivery confirmation,c,mlp_c_06,sigmoid,0.9834915995597839,0.9217693589203312,0.5,1,0.32555279518719016,1,0.11662208400911445,1,0.530398428440094,0.5966194272041321,0.5341145992279053,0.7441250730887761,relevant
275,q_00159,1,g0275,0,irrelevant,Acknowledgment,b,mlp_b_00,sigmoid,9.888653039524797e-06,0.10195522693131683,0.5,0,0.23768152094704456,0,0.11729335980726327,0,0.6228240728378296,0.320791095495224,0.2276782691478729,0.038848929323307,irrelevant
276,q_01486,2,g0276,1,relevant,Feedback,c,mlp_c_13,sigmoid,0.9999665021896362,0.9184649777054544,0.5,1,0.4772407436879798,1,0.11423573115129508,1,0.3963340222835541,0.6577408313751221,0.7975543737411499,0.7212224415265547,relevant
277,q_01748,2,g0277,1,relevant,Delivery confirmation,c,mlp_c_13,sigmoid,0.9999706745147705,0.9184664033247569,0.5,1,0.4772407436879798,1,0.11423573115129508,1,0.7673383951187134,0.9062562584877014,0.8957722783088684,0.9120883899577448,relevant
278,q_01527,1,g0278,1,relevant,Delivery confirmation,b,mlp_b_00,sigmoid,0.9999991655349731,0.9300016656286658,0.5,1,0.23768152094704456,1,0.11729335980726327,1,0.8907681107521057,0.956777811050415,0.7629669308662415,0.990602219334241,relevant
279,q_01544,0,g0279,0,irrelevant,OSS,c,mlp_c_06,sigmoid,0.6804153323173523,0.7158088992192375,0.5,1,0.32555279518719016,1,0.11662208400911445,1,0.3848173916339874,0.4348411858081817,0.7196322083473206,0.445352635029175,irrelevant
280,q_00452,1,g0280,1,relevant,Medical,b,mlp_b_00,sigmoid,0.9996606111526489,0.9298966312162297,0.5,1,0.23768152094704456,1,0.11729335980726327,1,0.781322181224823,0.699535608291626,0.8258944153785706,0.918199532513326,relevant
281,q_01550,2,g0281,1,relevant,Other,c,mlp_c_13,sigmoid,0.9998703002929688,0.9184321006973145,0.5,1,0.4772407436879798,1,0.11423573115129508,1,0.5742970705032349,0.6810954809188843,0.8315528035163879,0.7798262916376438,relevant
282,q_01662,2,g0282,0,irrelevant,OSS,c,mlp_c_13,sigmoid,0.02213263511657715,0.11507760371011612,0.5,0,0.4772407436879798,0,0.11423573115129508,1,0.6135540008544922,0.5228362083435059,0.4970374405384063,0.7697287528028977,relevant
283,q_01410,0,g0283,0,irrelevant,Acknowledgment,c,mlp_c_06,sigmoid,0.016080165281891823,0.07884401105141016,0.5,0,0.32555279518719016,0,0.11662208400911445,0,0.5923365354537964,0.6676075458526611,0.4217943847179413,0.6224586657529843,irrelevant
284,q_01350,4,g0284,1,relevant,Feedback,b,mlp_b_00,sigmoid,0.6887570023536682,0.7320765415316949,0.5,1,0.8974034020455047,0,0.11693543486357616,1,0.6476814150810242,0.6491785645484924,0.5738641023635864,0.769097857704959,relevant
285,q_01176,3,g0285,0,irrelevant,Acknowledgment,c,mlp_c_06,sigmoid,0.9922705888748169,0.9281233477350375,0.5,1,0.36233221122745896,1,0.11025523996418578,1,0.8403290510177612,0.7417661547660828,0.8587807416915894,0.8266949171566458,irrelevant
286,q_01558,1,g0286,0,irrelevant,OSS,b,mlp_b_00,sigmoid,0.0014561248244717717,0.1025875920400618,0.5,0,0.23768152094704456,0,0.11729335980726327,0,0.6801831126213074,0.3909465074539184,0.5575863122940063,0.1884082169803796,irrelevant
287,q_01682,1,g0287,1,relevant,Language change,b,mlp_b_00,sigmoid,0.9997072815895081,0.9299111190868032,0.5,1,0.23768152094704456,1,0.11729335980726327,1,0.910824418067932,0.856666624546051,0.9164279699325562,0.8602339660262406,relevant
288,q_01733,0,g0288,1,relevant,Delivery confirmation,c,mlp_c_06,sigmoid,0.9968845248222351,0.9265465808876332,0.5,1,0.32555279518719016,1,0.11662208400911445,1,0.8233396410942078,0.8607462048530579,0.7929030060768127,0.9266889561196148,relevant
289,q_00127,0,g0289,0,irrelevant,Acknowledgment,c,mlp_c_06,sigmoid,0.0006970568792894483,0.07334080816236543,0.5,0,0.32555279518719016,0,0.11662208400911445,0,0.3243675529956817,0.2197199016809463,0.1946824938058853,0.0109861825837582,irrelevant
290,q_00134,3,g0290,0,irrelevant,Acknowledgment,c,mlp_c_06,sigmoid,0.0014753156574442983,0.08688452977242998,0.5,0,0.36233221122745896,0,0.11025523996418578,0,0.4976166188716888,0.4465131163597107,0.3058622181415558,0.0517948167328927,irrelevant
291,q_01690,1,g0291,1,relevant,Language change,b,mlp_b_00,sigmoid,0.9999949932098389,0.9300003720766018,0.5,1,0.23768152094704456,1,0.11729335980726327,1,0.9013621807098388,0.8848936557769775,0.7660490870475769,0.9096096245726631,relevant
292,q_00371,4,g0292,1,relevant,Medical,b,mlp_b_00,sigmoid,0.999580442905426,0.9160173767242809,0.5,1,0.8974034020455047,1,0.11693543486357616,1,0.8640236854553223,0.8680887222290039,0.8732806444168091,0.9410397751372468,relevant
293,q_01084,1,g0293,1,relevant,Other,b,mlp_b_00,sigmoid,0.8851296305656433,0.884898058353374,0.5,1,0.23768152094704456,1,0.11729335980726327,1,0.7409001588821411,0.5977559089660645,0.4510446190834045,0.5979503418293058,relevant
294,q_01259,0,g0294,0,irrelevant,Acknowledgment,c,mlp_c_06,sigmoid,2.962996222777292e-05,0.07311023085640235,0.5,0,0.32555279518719016,0,0.11662208400911445,0,0.0390373431146144,0.1142487078905105,0.1152425706386566,0.0121296597668983,irrelevant
295,q_00835,4,g0295,1,relevant,Medical,b,mlp_b_00,sigmoid,0.9999889135360718,0.916157214170286,0.5,1,0.8974034020455047,1,0.11693543486357616,1,0.9398354291915894,0.9759534597396852,0.8853544592857361,0.9664627833611276,relevant
296,q_01359,2,g0296,0,irrelevant,Acknowledgment,c,mlp_c_13,sigmoid,0.24780015647411346,0.2669329578176631,0.5,0,0.4772407436879798,0,0.11423573115129508,1,0.3502863943576813,0.2847789525985718,0.4942062795162201,0.0236174610366301,irrelevant
297,q_01251,3,g0297,0,irrelevant,Acknowledgment,c,mlp_c_06,sigmoid,8.987626074485888e-07,0.08630654173478237,0.5,0,0.36233221122745896,0,0.11025523996418578,0,0.1243167668581008,0.0626994892954826,0.0740643069148063,0.0161334023336521,irrelevant
298,q_00244,0,g0298,1,relevant,Language change,c,mlp_c_06,sigmoid,0.9998880624771118,0.9275804304646141,0.5,1,0.32555279518719016,1,0.11662208400911445,1,0.8384191393852234,0.8408522009849548,0.8650165796279907,0.9305244349910732,relevant
299,q_00578,0,g0299,1,relevant,Medical,c,mlp_c_06,sigmoid,0.9998844861984253,0.9275792074858967,0.5,1,0.32555279518719016,1,0.11662208400911445,1,0.8745853304862976,0.938183069229126,0.8753547668457031,0.9851287301015084,relevant
300,q_00003,4,g0300,0,irrelevant,Greeting,b,mlp_b_00,sigmoid,0.0008163121528923512,0.11319261554719617,0.5,0,0.8974034020455047,0,0.11693543486357616,0,0.1759276539087295,0.1673393249511718,0.7802111506462097,0.0262506677341772,irrelevant
301,q_01238,3,g0301,0,irrelevant,Acknowledgment,c,mlp_c_06,sigmoid,4.1993313061539084e-05,0.08632260398728027,0.5,0,0.36233221122745896,0,0.11025523996418578,0,0.0332435630261898,0.0591919533908367,0.1060108169913292,0.007398159930163,irrelevant
302,q_01602,3,g0302,1,relevant,Other,c,mlp_c_06,sigmoid,0.555595874786377,0.5972459601733963,0.5,1,0.36233221122745896,1,0.11025523996418578,1,0.1441223472356796,0.5708867907524109,0.5502607226371765,0.4658299446351431,irrelevant
303,q_00956,2,g0303,1,relevant,Medical,c,mlp_c_13,sigmoid,0.09652019292116165,0.15440193288778237,0.5,0,0.4772407436879798,0,0.11423573115129508,1,0.8096610903739929,0.8161092400550842,0.5001267194747925,0.8860166183948849,relevant
304,q_01490,3,g0304,0,irrelevant,Acknowledgment,c,mlp_c_06,sigmoid,0.011122789233922958,0.0907535686621998,0.5,0,0.36233221122745896,0,0.11025523996418578,0,0.2222897261381149,0.1533434987068176,0.3748233616352081,0.0137898270703464,irrelevant
305,q_00095,2,g0305,0,irrelevant,Acknowledgment,c,mlp_c_13,sigmoid,0.037587326020002365,0.12245570161569541,0.5,0,0.4772407436879798,0,0.11423573115129508,1,0.4783505499362945,0.4120185673236847,0.5492052435874939,0.2642068673524198,irrelevant
306,q_00812,0,g0306,1,relevant,Medical,c,mlp_c_06,sigmoid,0.9999988079071045,0.9276182926161393,0.5,1,0.32555279518719016,1,0.11662208400911445,1,0.9270287156105042,0.9540184736251832,0.9577680826187134,0.9474840682203838,relevant
307,q_01727,1,g0307,1,relevant,Delivery confirmation,b,mlp_b_00,sigmoid,0.9999988079071045,0.9300015547536408,0.5,1,0.23768152094704456,1,0.11729335980726327,1,0.93870210647583,0.8911807537078857,0.9406978487968444,0.96018606148777,relevant
308,q_00298,0,g0308,1,relevant,Language change,c,mlp_c_06,sigmoid,0.9734176993370056,0.9179903937226584,0.5,1,0.32555279518719016,1,0.11662208400911445,1,0.8649204969406128,0.9100954532623292,0.638486921787262,0.930189705139575,relevant
309,q_00057,4,g0309,0,irrelevant,Greeting,b,mlp_b_00,sigmoid,0.002918194979429245,0.1141356470732039,0.5,0,0.8974034020455047,0,0.11693543486357616,0,0.3252927958965301,0.3326320052146911,0.2549620866775512,0.2745030817042786,irrelevant
310,q_00539,3,g0310,1,relevant,Medical,c,mlp_c_06,sigmoid,0.9845567941665649,0.925530862447592,0.5,1,0.36233221122745896,1,0.11025523996418578,1,0.9276688694953918,0.8278116583824158,0.8147896528244019,0.8179898330742998,relevant
311,q_01623,0,g0311,0,irrelevant,OSS,c,mlp_c_06,sigmoid,9.411448263563216e-05,0.0731324792790433,0.5,0,0.32555279518719016,0,0.11662208400911445,0,0.1698024272918701,0.1265034228563308,0.2131586968898773,0.1565156134223621,irrelevant
312,q_01279,0,g0312,0,irrelevant,Acknowledgment,c,mlp_c_06,sigmoid,0.000145979443914257,0.07315037823147036,0.5,0,0.32555279518719016,0,0.11662208400911445,0,0.1583788990974426,0.2793965935707092,0.1283800452947616,0.1608023459213201,irrelevant
313,q_00449,4,g0313,1,relevant,Medical,b,mlp_b_00,sigmoid,0.9999949932098389,0.9161592939112627,0.5,1,0.8974034020455047,1,0.11693543486357616,1,0.9766913056373596,0.9666741490364076,0.951742708683014,0.9878363691091367,relevant
314,q_01458,4,g0314,0,irrelevant,Acknowledgment,b,mlp_b_00,sigmoid,0.0043166326358914375,0.11476685626373699,0.5,0,0.8974034020455047,0,0.11693543486357616,0,0.2200598418712616,0.2971586585044861,0.2305228859186172,0.2120784313993672,irrelevant
315,q_00744,0,g0315,1,relevant,Medical,c,mlp_c_06,sigmoid,0.9996745586395264,0.9275073852644742,0.5,1,0.32555279518719016,1,0.11662208400911445,1,0.855782687664032,0.9057438373565674,0.859412431716919,0.9520360988988992,relevant
316,q_00725,1,g0316,1,relevant,Medical,b,mlp_b_00,sigmoid,0.9999979734420776,0.9300012960446173,0.5,1,0.23768152094704456,1,0.11729335980726327,1,0.9549046158790588,0.9505701065063475,0.9262206554412842,0.9870045761392257,relevant
317,q_00789,3,g0317,1,relevant,Medical,c,mlp_c_06,sigmoid,0.9999655485153198,0.9306263189861028,0.5,1,0.36233221122745896,1,0.11025523996418578,1,0.9668973684310912,0.9846351742744446,0.9365657567977904,0.9878367854094432,relevant
318,q_01694,1,g0318,1,relevant,Language change,b,mlp_b_00,sigmoid,0.9981149435043335,0.9294152436591676,0.5,1,0.23768152094704456,1,0.11729335980726327,1,0.7394561767578125,0.7691285014152527,0.582614541053772,0.96018606148777,relevant
319,q_00052,3,g0319,0,irrelevant,Greeting,c,mlp_c_06,sigmoid,0.014406473375856876,0.09210545631339342,0.5,0,0.36233221122745896,0,0.11025523996418578,0,0.439428836107254,0.6343657374382019,0.4847054481506347,0.7154529688992672,irrelevant
320,q_01366,1,g0320,0,irrelevant,Acknowledgment,b,mlp_b_00,sigmoid,0.01343552116304636,0.10796028492319497,0.5,0,0.23768152094704456,0,0.11729335980726327,0,0.5252941250801086,0.2037038803100586,0.6199675798416138,0.034968768962927,irrelevant
321,q_00223,1,g0321,0,irrelevant,Spam,b,mlp_b_00,sigmoid,0.0051000891253352165,0.10419633359102506,0.5,0,0.23768152094704456,0,0.11729335980726327,0,0.213556632399559,0.2427302002906799,0.2765448987483978,0.275131050750269,irrelevant
322,q_00240,1,g0322,1,relevant,Language change,b,mlp_b_00,sigmoid,0.9996294975280762,0.9298869710975776,0.5,1,0.23768152094704456,1,0.11729335980726327,1,0.7654716372489929,0.7757138013839722,0.7568390965461731,0.926039505239672,relevant
323,q_00991,2,g0323,0,irrelevant,Automated message,c,mlp_c_13,sigmoid,6.232316809473559e-05,0.10521350311812598,0.5,0,0.4772407436879798,0,0.11423573115129508,0,0.103191003203392,0.1726491898298263,0.1865749955177307,0.0296614478719659,irrelevant
324,q_01462,4,g0324,1,relevant,Feedback,b,mlp_b_00,sigmoid,0.3801962435245514,0.40878722886847463,0.5,0,0.8974034020455047,0,0.11693543486357616,1,0.6799885630607605,0.5044150352478027,0.5159395337104797,0.364544572450395,relevant
325,q_00684,3,g0325,1,relevant,Medical,c,mlp_c_06,sigmoid,0.9971718192100525,0.9297270574367723,0.5,1,0.36233221122745896,1,0.11025523996418578,1,0.5134034156799316,0.6166173815727234,0.8224703073501587,0.7918907957782726,relevant
326,q_00977,3,g0326,0,irrelevant,Automated message,c,mlp_c_06,sigmoid,3.6441156225919258e-06,0.0863076147015323,0.5,0,0.36233221122745896,0,0.11025523996418578,0,0.0895858705043792,0.0573100335896015,0.1097854375839233,0.0220309316340543,irrelevant
327,q_00791,2,g0327,1,relevant,Medical,c,mlp_c_13,sigmoid,0.9999020099639893,0.9184429388150451,0.5,1,0.4772407436879798,1,0.11423573115129508,1,0.9798710942268372,0.978361189365387,0.9256038665771484,0.9860527293916236,relevant
328,q_00269,2,g0328,1,relevant,Language change,c,mlp_c_13,sigmoid,0.9999035596847534,0.9184434684638569,0.5,1,0.4772407436879798,1,0.11423573115129508,1,0.8457474112510681,0.8567431569099426,0.8147868514060974,0.9636903683197606,relevant
329,q_01056,0,g0329,1,relevant,Other,c,mlp_c_06,sigmoid,0.8956652283668518,0.8828331061027643,0.5,1,0.32555279518719016,1,0.11662208400911445,1,0.7811868190765381,0.8331665992736816,0.6800785064697266,0.9287128830790482,relevant
330,q_00433,0,g0330,1,relevant,Medical,c,mlp_c_06,sigmoid,0.9992774128913879,0.927371330709601,0.5,1,0.32555279518719016,1,0.11662208400911445,1,0.9540014266967772,0.8945217728614807,0.8479682207107544,0.966387529230572,relevant
331,q_00101,3,g0331,1,relevant,Other,c,mlp_c_06,sigmoid,0.9971099495887756,0.9297070210371133,0.5,1,0.36233221122745896,1,0.11025523996418578,1,0.5588077902793884,0.591738760471344,0.7042944431304932,0.829151022460897,relevant
332,q_00923,2,g0332,1,relevant,Medical,c,mlp_c_13,sigmoid,0.9978793859481812,0.9177489887151236,0.5,1,0.4772407436879798,1,0.11423573115129508,1,0.883903443813324,0.9818888306617736,0.7458973526954651,0.9914124605785444,relevant
333,q_01093,1,g0333,1,relevant,Other,b,mlp_b_00,sigmoid,0.9938297867774963,0.9280646474339671,0.5,1,0.23768152094704456,1,0.11729335980726327,1,0.4758052229881286,0.4946933388710022,0.7456122636795044,0.9483275364423344,relevant
334,q_01178,1,g0334,0,irrelevant,Acknowledgment,b,mlp_b_00,sigmoid,1.5922113405508753e-08,0.10195092198952235,0.5,0,0.23768152094704456,0,0.11729335980726327,0,0.0262663830071687,0.0415346771478652,0.0944341197609901,0.0040588607281465,irrelevant
335,q_00156,0,g0335,0,irrelevant,Acknowledgment,c,mlp_c_06,sigmoid,0.009878931567072868,0.07658152962510548,0.5,0,0.32555279518719016,0,0.11662208400911445,0,0.0932210013270378,0.0900744348764419,0.2574181854724884,0.0226194078021916,irrelevant
336,q_01721,4,g0336,1,relevant,Delivery confirmation,b,mlp_b_00,sigmoid,0.995526134967804,0.9146178839284136,0.5,1,0.8974034020455047,1,0.11693543486357616,1,0.8580625057220459,0.8061685562133789,0.8173126578330994,0.885519393860707,relevant
337,q_01211,4,g0337,0,irrelevant,Acknowledgment,b,mlp_b_00,sigmoid,0.00015390512999147177,0.11289683140533224,0.5,0,0.8974034020455047,0,0.11693543486357616,0,0.1437908262014389,0.1839768439531326,0.2126326709985733,0.0284513309587955,irrelevant
338,q_01415,3,g0338,1,relevant,Feedback,c,mlp_c_06,sigmoid,0.002938235644251108,0.08746147021937065,0.5,0,0.36233221122745896,0,0.11025523996418578,0,0.4561839699745178,0.4232034385204315,0.2837913930416107,0.15780764792215,relevant
339,q_01799,4,g0339,1,relevant,Date,b,mlp_b_00,sigmoid,0.9999934434890747,0.9161587637856606,0.5,1,0.8974034020455047,1,0.11693543486357616,1,0.7739924788475037,0.8913923501968384,0.8435781002044678,0.9551027487858924,relevant
340,q_01237,1,g0340,0,irrelevant,Acknowledgment,b,mlp_b_00,sigmoid,5.28709335867461e-07,0.10195114558317576,0.5,0,0.23768152094704456,0,0.11729335980726327,0,0.0318916849792003,0.0311935897916555,0.0611827261745929,0.0038439139563422,irrelevant
341,q_01036,0,g0341,1,relevant,Date,c,mlp_c_06,sigmoid,0.997197151184082,0.9266548206198677,0.5,1,0.32555279518719016,1,0.11662208400911445,1,0.6548392176628113,0.7422213554382324,0.7836748957633972,0.9072514699028296,relevant
342,q_00511,1,g0342,1,relevant,Medical,b,mlp_b_00,sigmoid,0.9999690055847168,0.929992314597534,0.5,1,0.23768152094704456,1,0.11729335980726327,1,0.8585744500160217,0.8748385310173035,0.8820549249649048,0.9557929055323444,relevant
343,q_00295,2,g0343,1,relevant,Language change,c,mlp_c_13,sigmoid,0.9997108578681946,0.918377584630841,0.5,1,0.4772407436879798,1,0.11423573115129508,1,0.8100192546844482,0.8867923617362976,0.8649977445602417,0.9417091404569174,relevant
344,q_00716,0,g0344,1,relevant,Medical,c,mlp_c_06,sigmoid,0.996690034866333,0.9264791689961006,0.5,1,0.32555279518719016,1,0.11662208400911445,1,0.9076105952262878,0.8296817541122437,0.7595942616462708,0.929695877299847,relevant
345,q_01343,0,g0345,0,irrelevant,Acknowledgment,c,mlp_c_06,sigmoid,0.00016496035095769912,0.07315692968063298,0.5,0,0.32555279518719016,0,0.11662208400911445,0,0.1550658941268921,0.0631045028567314,0.2272987067699432,0.0037360636959751,irrelevant
346,q_00296,3,g0346,1,relevant,Language change,c,mlp_c_06,sigmoid,0.9655585885047913,0.9187755391447285,0.5,1,0.36233221122745896,1,0.11025523996418578,1,0.7338911890983582,0.7969541549682617,0.7539179921150208,0.7568848075793033,relevant
347,q_01033,3,g0347,1,relevant,Date,c,mlp_c_06,sigmoid,0.9960759282112122,0.9293713719696824,0.5,1,0.36233221122745896,1,0.11025523996418578,1,0.7834183573722839,0.7701343297958374,0.7696879506111145,0.90833147886529,relevant
348,q_01022,4,g0348,1,relevant,Date,b,mlp_b_00,sigmoid,0.999850869178772,0.9161099792009866,0.5,1,0.8974034020455047,1,0.11693543486357616,1,0.7977390885353088,0.8396140933036804,0.8478810787200928,0.917312362095366,relevant
349,q_01004,1,g0349,0,irrelevant,Automated message,b,mlp_b_00,sigmoid,0.18764470517635345,0.2171956344986856,0.5,0,0.23768152094704456,0,0.11729335980726327,1,0.1338814795017242,0.4931562840938568,0.4246930181980133,0.5714275901288668,irrelevant
350,q_00608,4,g0350,1,relevant,Medical,b,mlp_b_00,sigmoid,0.9990888833999634,0.9158488134589725,0.5,1,0.8974034020455047,1,0.11693543486357616,1,0.8489776253700256,0.8336703777313232,0.9402871131896972,0.9480658591073904,relevant
351,q_00644,2,g0351,1,relevant,Medical,c,mlp_c_13,sigmoid,0.998566210269928,0.9179852346710452,0.5,1,0.4772407436879798,1,0.11423573115129508,1,0.6119591593742371,0.6371346712112427,0.8731213808059692,0.7511439784398091,relevant
352,q_00429,3,g0352,1,relevant,Medical,c,mlp_c_06,sigmoid,0.9998434782028198,0.9305872497729362,0.5,1,0.36233221122745896,1,0.11025523996418578,1,0.7914843559265137,0.8059180974960327,0.8714856505393982,0.8118997220133698,relevant
353,q_00261,1,g0353,1,relevant,Language change,b,mlp_b_00,sigmoid,0.9572760462760925,0.9155409366435296,0.5,1,0.23768152094704456,1,0.11729335980726327,1,0.6231366395950317,0.631373941898346,0.6452764868736267,0.5036356799002488,relevant
354,q_00579,4,g0354,1,relevant,Medical,b,mlp_b_00,sigmoid,0.985801637172699,0.911174606972843,0.5,1,0.8974034020455047,1,0.11693543486357616,1,0.8528565764427185,0.8986418843269348,0.7453163862228394,0.9424933157965424,relevant
355,q_00322,4,g0355,1,relevant,Language change,b,mlp_b_00,sigmoid,0.9992570281028748,0.9159065073917015,0.5,1,0.8974034020455047,1,0.11693543486357616,1,0.603024423122406,0.8524481654167175,0.6665515303611755,0.9566860733085664,relevant
356,q_00631,2,g0356,1,relevant,Medical,c,mlp_c_13,sigmoid,0.9996803998947144,0.9183671667578116,0.5,1,0.4772407436879798,1,0.11423573115129508,1,0.9847477078437804,0.982829749584198,0.9015458226203918,0.9895925424830304,relevant
357,q_00502,1,g0357,1,relevant,Medical,b,mlp_b_00,sigmoid,0.99992835521698,0.9299797092060996,0.5,1,0.23768152094704456,1,0.11729335980726327,1,0.8747304081916809,0.8833332657814026,0.8390438556671143,0.983882000129104,relevant
358,q_00305,2,g0358,1,relevant,Language change,c,mlp_c_13,sigmoid,0.9999973773956299,0.9184755267504406,0.5,1,0.4772407436879798,1,0.11423573115129508,1,0.8668278455734253,0.9106765985488892,0.928234338760376,0.9729309409025054,relevant
359,q_00378,0,g0359,1,relevant,Medical,c,mlp_c_06,sigmoid,0.9999970197677612,0.9276176814239092,0.5,1,0.32555279518719016,1,0.11662208400911445,1,0.9626849889755248,0.9748347401618958,0.959139347076416,0.9844103124964204,relevant
360,q_01669,1,g0360,1,relevant,Language change,b,mlp_b_00,sigmoid,0.9998608827590942,0.9299587818412625,0.5,1,0.23768152094704456,1,0.11729335980726327,1,0.8145596981048584,0.7923052310943604,0.6870736479759216,0.9296949452595684,relevant
361,q_00861,2,g0361,1,relevant,Medical,c,mlp_c_13,sigmoid,0.9999887943267822,0.9184725943222136,0.5,1,0.4772407436879798,1,0.11423573115129508,1,0.8988036513328552,0.8789771199226379,0.9280760288238524,0.9665001444046932,relevant
362,q_00908,3,g0362,1,relevant,Medical,c,mlp_c_06,sigmoid,0.9992380142211914,0.9303931668893167,0.5,1,0.36233221122745896,1,0.11025523996418578,1,0.8166907429695129,0.7056321501731873,0.8572643995285034,0.8786486632574776,relevant
363,q_00084,1,g0363,0,irrelevant,Greeting,b,mlp_b_00,sigmoid,1.4248535990191158e-05,0.10195712808195849,0.5,0,0.23768152094704456,0,0.11729335980726327,0,0.3247870504856109,0.1943336278200149,0.1894708126783371,0.0368597773765998,irrelevant
364,q_00611,0,g0364,1,relevant,Medical,c,mlp_c_06,sigmoid,0.3411335051059723,0.30929607659468866,0.5,0,0.32555279518719016,0,0.11662208400911445,1,0.9213391542434692,0.9035701751708984,0.5667849183082581,0.9597313423778164,relevant
365,q_00287,4,g0365,1,relevant,Language change,b,mlp_b_00,sigmoid,0.9999586343765259,0.916146855546641,0.5,1,0.8974034020455047,1,0.11693543486357616,1,0.8420242667198181,0.8973527550697327,0.8261567950248718,0.9419963015143116,relevant
366,q_01561,1,g0366,0,irrelevant,OSS,b,mlp_b_00,sigmoid,4.4636040001933e-06,0.10195286135309617,0.5,0,0.23768152094704456,0,0.11729335980726327,0,0.1141062453389167,0.1629219949245453,0.4612078964710235,0.0157179304339464,irrelevant
367,q_00448,0,g0367,1,relevant,Medical,c,mlp_c_06,sigmoid,0.9299964308738708,0.8997370501554379,0.5,1,0.32555279518719016,1,0.11662208400911445,1,0.778414785861969,0.8127575516700745,0.6768699288368225,0.9391742977833148,relevant
368,q_01646,0,g0368,1,relevant,Other,c,mlp_c_06,sigmoid,0.002805162686854601,0.07407350396130402,0.5,0,0.32555279518719016,0,0.11662208400911445,0,0.4178610742092132,0.4417586028575897,0.424958199262619,0.3727645402267849,relevant
369,q_00200,1,g0369,0,irrelevant,Acknowledgment,b,mlp_b_00,sigmoid,0.000688568688929081,0.10225154757553925,0.5,0,0.23768152094704456,0,0.11729335980726327,0,0.3006881177425384,0.284412682056427,0.1212008595466613,0.0478822879642289,irrelevant
370,q_01591,3,g0370,0,irrelevant,OSS,c,mlp_c_06,sigmoid,0.9956998825073242,0.9292489386477633,0.5,1,0.36233221122745896,1,0.11025523996418578,1,0.9426727294921876,0.92042338848114,0.8788631558418274,0.9420502597473392,irrelevant
371,q_01014,2,g0371,1,relevant,Date,c,mlp_c_13,sigmoid,0.9999809265136719,0.9184699061785699,0.5,1,0.4772407436879798,1,0.11423573115129508,1,0.9642701148986816,0.9108361601829528,0.839241623878479,0.9417757624653686,relevant
372,q_01015,1,g0372,1,relevant,Date,b,mlp_b_00,sigmoid,0.9991077780723572,0.9297248048545561,0.5,1,0.23768152094704456,1,0.11729335980726327,1,0.6961948275566101,0.7707356214523315,0.7536190748214722,0.9140016876898294,relevant
373,q_01750,2,g0373,1,relevant,Delivery confirmation,c,mlp_c_13,sigmoid,0.9998118281364441,0.9184121119299559,0.5,1,0.4772407436879798,1,0.11423573115129508,1,0.6164836883544922,0.796991765499115,0.84864741563797,0.9324842276985944,relevant
374,q_00852,1,g0374,1,relevant,Medical,b,mlp_b_00,sigmoid,0.8701247572898865,0.877417028152393,0.5,1,0.23768152094704456,1,0.11729335980726327,1,0.8570979833602905,0.8768664002418518,0.9292348623275756,0.975266524342222,relevant
375,q_00290,2,g0375,1,relevant,Language change,c,mlp_c_13,sigmoid,0.03402010351419449,0.12071737950250662,0.5,0,0.4772407436879798,0,0.11423573115129508,1,0.8518111109733582,0.9196542501449584,0.5062925815582275,0.9771593956038008,relevant
376,q_01215,3,g0376,0,irrelevant,Acknowledgment,c,mlp_c_06,sigmoid,5.445430360850878e-05,0.08632747503593331,0.5,0,0.36233221122745896,0,0.11025523996418578,0,0.081973560154438,0.1200187504291534,0.1308331340551376,0.0152733548611948,irrelevant
377,q_00985,0,g0377,0,irrelevant,Automated message,c,mlp_c_06,sigmoid,0.00639374740421772,0.07533626022914523,0.5,0,0.32555279518719016,0,0.11662208400911445,0,0.3276762068271637,0.3576191365718841,0.2780095338821411,0.166995436555533,irrelevant
378,q_01794,4,g0378,1,relevant,Date,b,mlp_b_00,sigmoid,0.9944762587547302,0.9142520493100348,0.5,1,0.8974034020455047,1,0.11693543486357616,1,0.717137336730957,0.8256472945213318,0.6858863234519958,0.8771397295091478,relevant
379,q_00217,2,g0379,0,irrelevant,Spam,c,mlp_c_13,sigmoid,0.004089331720024347,0.1069558916783997,0.5,0,0.4772407436879798,0,0.11423573115129508,0,0.4395267069339752,0.3708609342575073,0.4341780841350555,0.5104588535566832,irrelevant
380,q_00944,0,g0380,1,relevant,Medical,c,mlp_c_06,sigmoid,0.9999887943267822,0.9276148698783646,0.5,1,0.32555279518719016,1,0.11662208400911445,1,0.9908069968223572,0.9728990197181702,0.9463549852371216,0.9879367746553576,relevant
381,q_00489,2,g0381,1,relevant,Medical,c,mlp_c_13,sigmoid,1.0,0.9184764227510059,0.5,1,0.4772407436879798,1,0.11423573115129508,1,0.9757298231124878,0.98037189245224,0.9752377271652222,0.9896077754012658,relevant
382,q_00922,1,g0382,1,relevant,Medical,b,mlp_b_00,sigmoid,0.9943515062332153,0.9282303489083027,0.5,1,0.23768152094704456,1,0.11729335980726327,1,0.9117435812950134,0.9052475094795228,0.598551332950592,0.962222682012824,relevant
383,q_01466,1,g0383,1,relevant,Medical,b,mlp_b_00,sigmoid,0.04174081236124039,0.12164491883103634,0.5,0,0.23768152094704456,0,0.11729335980726327,1,0.4344270825386047,0.4407781660556793,0.2485847622156143,0.3327866519804744,relevant
384,q_01121,4,g0384,0,irrelevant,Acknowledgment,b,mlp_b_00,sigmoid,0.9989732503890991,0.915809116519096,0.5,1,0.8974034020455047,1,0.11693543486357616,1,0.6232283711433411,0.7989588975906372,0.1596449762582779,0.9047812429139408,irrelevant
385,q_01683,4,g0385,1,relevant,Language change,b,mlp_b_00,sigmoid,0.9998134970664978,0.9160971873380092,0.5,1,0.8974034020455047,1,0.11693543486357616,1,0.6473159790039062,0.6562429070472717,0.7322147488594055,0.8976783120999767,relevant
386,q_00242,0,g0386,1,relevant,Language change,c,mlp_c_06,sigmoid,0.9998680353164673,0.927573581538552,0.5,1,0.32555279518719016,1,0.11662208400911445,1,0.745384693145752,0.8994387984275818,0.8512828946113586,0.983487980824831,relevant
387,q_01746,2,g0387,1,relevant,Delivery confirmation,c,mlp_c_13,sigmoid,0.9999985694885254,0.9184759340245372,0.5,1,0.4772407436879798,1,0.11423573115129508,1,0.8467176556587219,0.9292880296707152,0.8857465386390686,0.9694306404743708,relevant
388,q_00778,0,g0388,1,relevant,Medical,c,mlp_c_06,sigmoid,0.9997738003730774,0.9275413468793073,0.5,1,0.32555279518719016,1,0.11662208400911445,1,0.9246280193328856,0.9371193647384644,0.8637593388557434,0.9847933071570266,relevant
389,q_00561,0,g0389,1,relevant,Medical,c,mlp_c_06,sigmoid,0.7964684963226318,0.8197355731268772,0.5,1,0.32555279518719016,1,0.11662208400911445,1,0.9224964380264282,0.9397236704826356,0.5734645128250122,0.9789934598505426,relevant
390,q_01009,4,g0390,1,relevant,Date,b,mlp_b_00,sigmoid,0.999967098236084,0.9161497511844924,0.5,1,0.8974034020455047,1,0.11693543486357616,1,0.8427445888519287,0.8579891324043274,0.8069363236427307,0.9456251724615142,relevant
391,q_01181,1,g0391,0,irrelevant,Acknowledgment,b,mlp_b_00,sigmoid,0.00011690797691699117,0.10200190237127305,0.5,0,0.23768152094704456,0,0.11729335980726327,0,0.1227863430976867,0.1091389432549476,0.3269583284854889,0.0368597773765998,irrelevant
392,q_01424,3,g0392,0,irrelevant,Acknowledgment,c,mlp_c_06,sigmoid,0.9770247936248779,0.9229167648417965,0.5,1,0.36233221122745896,1,0.11025523996418578,1,0.6872057318687439,0.7082414627075195,0.7653914093971252,0.8472871251227987,irrelevant
393,q_01367,2,g0393,0,irrelevant,Acknowledgment,c,mlp_c_13,sigmoid,0.0006912417011335492,0.10548396082471702,0.5,0,0.4772407436879798,0,0.11423573115129508,0,0.4374938309192657,0.4172034561634063,0.4064901769161224,0.4994662947299462,irrelevant
394,q_01287,3,g0394,1,relevant,Feedback,c,mlp_c_06,sigmoid,0.022949574515223503,0.09570773821338423,0.5,0,0.36233221122745896,0,0.11025523996418578,0,0.2858029305934906,0.2867554426193237,0.2988242506980896,0.2095357939613676,relevant
395,q_01508,1,g0395,0,irrelevant,Acknowledgment,b,mlp_b_00,sigmoid,0.0020512978080660105,0.10284883821519682,0.5,0,0.23768152094704456,0,0.11729335980726327,0,0.1709213405847549,0.4344232082366943,0.4609088897705078,0.4763399186534561,irrelevant
396,q_00122,4,g0396,0,irrelevant,Acknowledgment,b,mlp_b_00,sigmoid,0.0005770199350081384,0.11308568664559056,0.5,0,0.8974034020455047,0,0.11693543486357616,0,0.0479281023144722,0.042252779006958,0.1861730813980102,0.0107756027914241,irrelevant
397,q_01438,4,g0397,0,irrelevant,Acknowledgment,b,mlp_b_00,sigmoid,0.7916039228439331,0.8120229955172773,0.5,1,0.8974034020455047,0,0.11693543486357616,1,0.8330948948860168,0.739710807800293,0.6283647418022156,0.7478014457855057,irrelevant
398,q_01434,3,g0398,0,irrelevant,Acknowledgment,c,mlp_c_06,sigmoid,0.01226621400564909,0.09122227574479638,0.5,0,0.36233221122745896,0,0.11025523996418578,0,0.1791256517171859,0.3274738788604736,0.2498771548271179,0.1011567936690615,irrelevant
399,q_01557,0,g0399,0,irrelevant,OSS,c,mlp_c_06,sigmoid,0.5156259536743164,0.5212059448851348,0.5,1,0.32555279518719016,1,0.11662208400911445,1,0.7238218784332275,0.667957067489624,0.7349656224250793,0.6965775693472768,irrelevant
400,q_00490,4,g0400,1,relevant,Medical,b,mlp_b_00,sigmoid,0.9999918937683105,0.9161582336570132,0.5,1,0.8974034020455047,1,0.11693543486357616,1,0.8747268915176392,0.9461100101470948,0.9430170059204102,0.9843110638792916,relevant
401,q_00797,0,g0401,1,relevant,Medical,c,mlp_c_06,sigmoid,0.9999977350234985,0.9276179259013723,0.5,1,0.32555279518719016,1,0.11662208400911445,1,0.965365469455719,0.965589702129364,0.9581566452980042,0.9788712421219876,relevant
402,q_00077,2,g0402,0,irrelevant,Greeting,c,mlp_c_13,sigmoid,0.7903227210044861,0.8123158984338786,0.5,1,0.4772407436879798,1,0.11423573115129508,1,0.4899057447910309,0.293409913778305,0.4918020665645599,0.092797374170678,irrelevant
403,q_00394,0,g0403,1,relevant,Medical,c,mlp_c_06,sigmoid,0.8920541405677795,0.8809181752335412,0.5,1,0.32555279518719016,1,0.11662208400911445,1,0.8685396909713745,0.8900809288024902,0.7332296967506409,0.9123632086899336,relevant
404,q_00803,0,g0404,1,relevant,Medical,c,mlp_c_06,sigmoid,0.9999605417251587,0.9276052120637516,0.5,1,0.32555279518719016,1,0.11662208400911445,1,0.9706991314888,0.9472203254699708,0.944500207901001,0.9644534901708108,relevant
405,q_01691,2,g0405,1,relevant,Language change,c,mlp_c_13,sigmoid,0.9997326731681824,0.9183850456114062,0.5,1,0.4772407436879798,1,0.11423573115129508,1,0.7275660634040833,0.630300760269165,0.7125459909439087,0.7792628529695763,relevant
406,q_00741,4,g0406,1,relevant,Medical,b,mlp_b_00,sigmoid,0.9999991655349731,0.9161607211573632,0.5,1,0.8974034020455047,1,0.11693543486357616,1,0.9854434132575988,0.9734519124031068,0.957719624042511,0.9828776464855206,relevant
407,q_00695,1,g0407,1,relevant,Medical,b,mlp_b_00,sigmoid,0.8995692133903503,0.8917190702117013,0.5,1,0.23768152094704456,1,0.11729335980726327,1,0.8811946511268616,0.7553776502609253,0.8656664490699768,0.9534264259930696,relevant
408,q_01573,1,g0408,0,irrelevant,OSS,b,mlp_b_00,sigmoid,0.9994483590126038,0.9298307069968214,0.5,1,0.23768152094704456,1,0.11729335980726327,1,0.8163677453994751,0.8513404130935669,0.783988356590271,0.9002157132475197,irrelevant
409,q_00224,1,g0409,0,irrelevant,Spam,b,mlp_b_00,sigmoid,0.8602428436279297,0.8722646280424213,0.5,1,0.23768152094704456,1,0.11729335980726327,1,0.4390542805194855,0.5219848155975342,0.5451679825782776,0.6239119912964856,irrelevant
410,q_00628,0,g0410,1,relevant,Medical,c,mlp_c_06,sigmoid,0.6651272177696228,0.6997146201301102,0.5,1,0.32555279518719016,1,0.11662208400911445,1,0.944654643535614,0.9574276804924012,0.7492362856864929,0.9910546634434192,relevant
411,q_00373,1,g0411,1,relevant,Medical,b,mlp_b_00,sigmoid,0.9982307553291321,0.9294514180630579,0.5,1,0.23768152094704456,1,0.11729335980726327,1,0.807937502861023,0.8258821964263916,0.9125191569328308,0.8602339660262406,relevant
412,q_01729,4,g0412,1,relevant,Delivery confirmation,b,mlp_b_00,sigmoid,0.9999827146530151,0.9161550936018187,0.5,1,0.8974034020455047,1,0.11693543486357616,1,0.8269633054733276,0.9060531854629515,0.8100200891494751,0.9361748081753848,relevant
413,q_00253,1,g0413,1,relevant,Language change,b,mlp_b_00,sigmoid,0.9979817867279053,0.9293736302902811,0.5,1,0.23768152094704456,1,0.11729335980726327,1,0.8481961488723755,0.7859152555465698,0.7520493865013123,0.9580444317449878,relevant
414,q_00794,4,g0414,1,relevant,Medical,b,mlp_b_00,sigmoid,0.9999825954437256,0.9161550528211784,0.5,1,0.8974034020455047,1,0.11693543486357616,1,0.9293001890182496,0.9584360718727112,0.8934264779090881,0.9666307423029576,relevant
415,q_00662,4,g0415,1,relevant,Medical,b,mlp_b_00,sigmoid,0.9999998807907104,0.916160965825907,0.5,1,0.8974034020455047,1,0.11693543486357616,1,0.9703897833824158,0.9637600779533386,0.8371480703353882,0.9830621185337414,relevant
416,q_00699,4,g0416,1,relevant,Medical,b,mlp_b_00,sigmoid,0.9999998807907104,0.916160965825907,0.5,1,0.8974034020455047,1,0.11693543486357616,1,0.9772671461105348,0.9811506867408752,0.923354148864746,0.9838648265622796,relevant
417,q_01020,2,g0417,1,relevant,Date,c,mlp_c_13,sigmoid,0.9985209107398987,0.9179696721107778,0.5,1,0.4772407436879798,1,0.11423573115129508,1,0.8171132206916809,0.8006221055984497,0.7486545443534851,0.8990459329386675,relevant
418,q_01341,4,g0418,0,irrelevant,Acknowledgment,b,mlp_b_00,sigmoid,0.9958613514900208,0.9147343934357117,0.5,1,0.8974034020455047,1,0.11693543486357616,1,0.61577308177948,0.5334098935127258,0.4470861256122589,0.342974091500185,relevant
419,q_00140,0,g0419,0,irrelevant,Acknowledgment,c,mlp_c_06,sigmoid,0.012337645515799522,0.07747136427770729,0.5,0,0.32555279518719016,0,0.11662208400911445,0,0.3743901550769806,0.3050568103790283,0.3091285824775696,0.056839377878025,irrelevant
420,q_00913,3,g0420,1,relevant,Medical,c,mlp_c_06,sigmoid,0.9902364611625671,0.9274479059006028,0.5,1,0.36233221122745896,1,0.11025523996418578,1,0.8315337300300598,0.8901655077934265,0.6785328388214111,0.9581040912697708,relevant
421,q_01268,2,g0421,0,irrelevant,Acknowledgment,c,mlp_c_13,sigmoid,9.092473919736221e-05,0.10522578953522332,0.5,0,0.4772407436879798,0,0.11423573115129508,0,0.0819935128092765,0.0785550475120544,0.0986582338809967,0.0068327796333811,irrelevant
422,q_01088,3,g0422,1,relevant,Medical,c,mlp_c_06,sigmoid,0.9911739230155945,0.9277599184360313,0.5,1,0.36233221122745896,1,0.11025523996418578,1,0.9205909371376038,0.906745970249176,0.706477165222168,0.9524610408915788,relevant
423,q_01469,2,g0423,0,irrelevant,Acknowledgment,c,mlp_c_13,sigmoid,1.0710014066717122e-05,0.10519133478635247,0.5,0,0.4772407436879798,0,0.11423573115129508,0,0.0657176002860069,0.0520321056246757,0.1270152330398559,0.020968265062186,irrelevant
424,q_01797,0,g0424,1,relevant,Date,c,mlp_c_06,sigmoid,0.999672532081604,0.9275066916011624,0.5,1,0.32555279518719016,1,0.11662208400911445,1,0.8094722032546997,0.8168506026268005,0.8321092128753662,0.9422204814999536,relevant
425,q_01487,1,g0425,0,irrelevant,Acknowledgment,b,mlp_b_00,sigmoid,0.8438975811004639,0.8633371805852941,0.5,1,0.23768152094704456,1,0.11729335980726327,1,0.5901846885681152,0.588935136795044,0.5099380016326904,0.4627347119221511,irrelevant
426,q_00904,1,g0426,1,relevant,Medical,b,mlp_b_00,sigmoid,0.9999974966049194,0.9300011482104927,0.5,1,0.23768152094704456,1,0.11729335980726327,1,0.982252836227417,0.982744038105011,0.9681835174560548,0.9932107446577458,relevant
427,q_00926,2,g0427,1,relevant,Medical,c,mlp_c_13,sigmoid,0.9997783303260803,0.918400658657963,0.5,1,0.4772407436879798,1,0.11423573115129508,1,0.9295948147773744,0.8845148682594299,0.8122533559799194,0.9784492085932912,relevant
428,q_00780,1,g0428,1,relevant,Medical,b,mlp_b_00,sigmoid,0.9995284080505371,0.929855576468717,0.5,1,0.23768152094704456,1,0.11729335980726327,1,0.9366511106491088,0.8818051815032959,0.9023883938789368,0.9659995979549704,relevant
429,q_01698,2,g0429,1,relevant,Language change,c,mlp_c_13,sigmoid,0.9999819993972778,0.9184702727483681,0.5,1,0.4772407436879798,1,0.11423573115129508,1,0.8922361731529236,0.8610337376594543,0.9000280499458313,0.96949229915941,relevant
430,q_00113,3,g0430,0,irrelevant,Greeting,c,mlp_c_06,sigmoid,0.04496646299958229,0.1055772886123211,0.5,0,0.36233221122745896,0,0.11025523996418578,0,0.3907827138900757,0.5127049684524536,0.443693608045578,0.3409599555785823,irrelevant
431,q_01347,4,g0431,0,irrelevant,Acknowledgment,b,mlp_b_00,sigmoid,0.1016814187169075,0.16668060885934247,0.5,0,0.8974034020455047,0,0.11693543486357616,1,0.6354571580886841,0.2112557142972946,0.4720926284790039,0.0642586980196255,irrelevant
432,q_00872,0,g0432,1,relevant,Medical,c,mlp_c_06,sigmoid,0.8533701300621033,0.8586625342227889,0.5,1,0.32555279518719016,1,0.11662208400911445,1,0.8589881062507629,0.981946051120758,0.654740571975708,0.9901023239466592,relevant
433,q_01183,2,g0433,0,irrelevant,Acknowledgment,c,mlp_c_13,sigmoid,1.6193078408832662e-05,0.10519368961801435,0.5,0,0.4772407436879798,0,0.11423573115129508,0,0.145270362496376,0.2832246124744415,0.1050919368863105,0.0894229951160612,irrelevant
434,q_00798,2,g0434,1,relevant,Medical,c,mlp_c_13,sigmoid,0.9999946355819702,0.9184745900129825,0.5,1,0.4772407436879798,1,0.11423573115129508,1,0.9833217859268188,0.9777703881263732,0.9033795595169068,0.9874624380985336,relevant
435,q_01635,0,g0435,0,irrelevant,OSS,c,mlp_c_06,sigmoid,0.00038220282294787467,0.0732319515833668,0.5,0,0.32555279518719016,0,0.11662208400911445,0,0.2074819952249527,0.154324322938919,0.2408578842878341,0.0608784177056733,irrelevant
436,q_01154,2,g0436,0,irrelevant,Acknowledgment,c,mlp_c_13,sigmoid,9.842942381510511e-05,0.105229013542812,0.5,0,0.4772407436879798,0,0.11423573115129508,0,0.073865570127964,0.1206274852156639,0.0793998837471008,0.0160374393449524,irrelevant
437,q_01500,1,g0437,0,irrelevant,Acknowledgment,b,mlp_b_00,sigmoid,1.3920041055826005e-05,0.10195698483886344,0.5,0,0.23768152094704456,0,0.11729335980726327,0,0.2300817370414734,0.0696747377514839,0.3534749448299408,0.0042857753377511,irrelevant
438,q_01201,3,g0438,0,irrelevant,Acknowledgment,c,mlp_c_06,sigmoid,3.1222418328979984e-05,0.08631839380405555,0.5,0,0.36233221122745896,0,0.11025523996418578,0,0.0511104650795459,0.0654858127236366,0.0729684606194496,0.0085506301072335,irrelevant
439,q_00666,3,g0439,1,relevant,Medical,c,mlp_c_06,sigmoid,0.9998321533203125,0.9305836241557827,0.5,1,0.36233221122745896,1,0.11025523996418578,1,0.975323498249054,0.9719831347465516,0.8734593987464905,0.9878720055720136,relevant
440,q_01411,4,g0440,1,relevant,Feedback,b,mlp_b_00,sigmoid,0.8460904955863953,0.846298943063929,0.5,1,0.8974034020455047,0,0.11693543486357616,1,0.3547858297824859,0.5337231159210205,0.5588542819023132,0.4537078033897625,relevant
441,q_00384,0,g0441,1,relevant,Medical,c,mlp_c_06,sigmoid,0.9937200546264648,0.9254426497637428,0.5,1,0.32555279518719016,1,0.11662208400911445,1,0.5878125429153442,0.3388729393482208,0.7647153735160828,0.2070335927951668,relevant
442,q_00387,4,g0442,1,relevant,Medical,b,mlp_b_00,sigmoid,0.9861148595809937,0.9112874411429087,0.5,1,0.8974034020455047,1,0.11693543486357616,1,0.8419303894042969,0.8349889516830444,0.8379060626029968,0.8928929175841459,relevant
443,q_00406,4,g0443,1,relevant,Medical,b,mlp_b_00,sigmoid,0.9865877032279968,0.9114575316501529,0.5,1,0.8974034020455047,1,0.11693543486357616,1,0.8037751913070679,0.8696874976158142,0.8511467576026917,0.9378116424698446,relevant
444,q_00385,3,g0444,1,relevant,Medical,c,mlp_c_06,sigmoid,0.8491862416267395,0.8640179494282793,0.5,1,0.36233221122745896,1,0.11025523996418578,1,0.9214064478874208,0.8772567510604858,0.7771360874176025,0.9436863654630208,relevant
445,q_00347,4,g0445,1,relevant,Medical,b,mlp_b_00,sigmoid,0.9999953508377075,0.9161594162475077,0.5,1,0.8974034020455047,1,0.11693543486357616,1,0.8984267711639404,0.9459170699119568,0.8860925436019897,0.9613908269808276,relevant
446,q_00553,0,g0446,1,relevant,Medical,c,mlp_c_06,sigmoid,0.9786744117736816,0.9199826135081084,0.5,1,0.32555279518719016,1,0.11662208400911445,1,0.7369421720504761,0.6435809135437012,0.709357500076294,0.7786125214151871,relevant
447,q_00571,4,g0447,1,relevant,Medical,b,mlp_b_00,sigmoid,0.9714871644973755,0.905878011183987,0.5,1,0.8974034020455047,1,0.11693543486357616,1,0.7645376920700073,0.8084126114845276,0.8339272141456604,0.7321966622031438,relevant
448,q_01241,2,g0448,0,irrelevant,Acknowledgment,c,mlp_c_13,sigmoid,2.2130649085738696e-05,0.10519623970063342,0.5,0,0.4772407436879798,0,0.11423573115129508,0,0.0671546310186386,0.0678945705294609,0.1398816853761673,0.0103843603231085,irrelevant
449,q_01717,0,g0449,1,relevant,Delivery confirmation,c,mlp_c_06,sigmoid,0.9999923706054688,0.9276160923018425,0.5,1,0.32555279518719016,1,0.11662208400911445,1,0.914865016937256,0.9035961627960204,0.9171901345252992,0.9537928799597089,relevant
450,q_00815,3,g0450,1,relevant,Medical,c,mlp_c_06,sigmoid,0.9999904632568359,0.9306342905724471,0.5,1,0.36233221122745896,1,0.11025523996418578,1,0.9555655717849731,0.9380170702934264,0.9614755511283876,0.96689915541526,relevant
451,q_00141,2,g0451,0,irrelevant,Acknowledgment,c,mlp_c_13,sigmoid,0.23002396523952484,0.2513646978359368,0.5,0,0.4772407436879798,0,0.11423573115129508,1,0.6820593476295471,0.4741274416446686,0.5942610502243042,0.1355628979792142,irrelevant
452,q_01210,2,g0452,0,irrelevant,Acknowledgment,c,mlp_c_13,sigmoid,2.0879537260043435e-05,0.10519570236547922,0.5,0,0.4772407436879798,0,0.11423573115129508,0,0.0769029110670089,0.0709436610341072,0.082004465162754,0.0103829300586412,irrelevant
453,q_00660,2,g0453,1,relevant,Medical,c,mlp_c_13,sigmoid,0.9994956254959106,0.9183039403822746,0.5,1,0.4772407436879798,1,0.11423573115129508,1,0.9819319248199464,0.9812233448028564,0.9050965905189514,0.9875931129287112,relevant
454,q_00834,0,g0454,1,relevant,Medical,c,mlp_c_06,sigmoid,0.9974728226661682,0.9267501436910248,0.5,1,0.32555279518719016,1,0.11662208400911445,1,0.8959184288978577,0.8597636222839355,0.875835120677948,0.9543576338094012,relevant
455,q_00379,1,g0455,1,relevant,Medical,b,mlp_b_00,sigmoid,0.9999513626098633,0.9299868438936153,0.5,1,0.23768152094704456,1,0.11729335980726327,1,0.931549310684204,0.9597468972206116,0.9694095253944396,0.983882000129104,relevant
456,q_00316,2,g0456,1,relevant,Language change,c,mlp_c_13,sigmoid,0.9999572038650513,0.9184618005292933,0.5,1,0.4772407436879798,1,0.11423573115129508,1,0.8153838515281677,0.811931848526001,0.8767595291137695,0.7885650440031255,relevant
457,q_00325,1,g0457,1,relevant,Language change,b,mlp_b_00,sigmoid,0.9995262622833252,0.9298549099324438,0.5,1,0.23768152094704456,1,0.11729335980726327,1,0.690778374671936,0.6992668509483337,0.8457167744636536,0.6736398750723007,relevant
458,q_00370,4,g0458,1,relevant,Medical,b,mlp_b_00,sigmoid,0.9851626753807068,0.9109440278725385,0.5,1,0.8974034020455047,1,0.11693543486357616,1,0.8058668375015259,0.8636943697929382,0.935648798942566,0.9547779965287015,relevant
459,q_00601,0,g0459,1,relevant,Medical,c,mlp_c_06,sigmoid,0.9982107877731323,0.927004759698315,0.5,1,0.32555279518719016,1,0.11662208400911445,1,0.6583707332611084,0.8961308002471924,0.7280011773109436,0.97211125957735,relevant
460,q_01566,4,g0460,0,irrelevant,OSS,b,mlp_b_00,sigmoid,0.8643966317176819,0.8566068482582704,0.5,1,0.8974034020455047,0,0.11693543486357616,1,0.5559243559837341,0.5920119285583496,0.7935162782669067,0.4900300016096222,irrelevant
461,q_01624,3,g0461,0,irrelevant,OSS,c,mlp_c_06,sigmoid,0.0017493714112788439,0.08699234799377381,0.5,0,0.36233221122745896,0,0.11025523996418578,0,0.1119282394647598,0.0660599693655967,0.2834413051605224,0.0129177879408149,irrelevant
462,q_00451,2,g0462,1,relevant,Medical,c,mlp_c_13,sigmoid,1.0,0.9184764227510059,0.5,1,0.4772407436879798,1,0.11423573115129508,1,0.9117853045463562,0.925619661808014,0.9593715667724608,0.9681468658936546,relevant
463,q_01168,0,g0463,1,relevant,Feedback,c,mlp_c_06,sigmoid,0.9785303473472595,0.9199286088585169,0.5,1,0.32555279518719016,1,0.11662208400911445,1,0.5897114276885986,0.5437914133071899,0.7992839217185974,0.4993299686114459,relevant
464,q_00943,3,g0464,1,relevant,Medical,c,mlp_c_06,sigmoid,0.9888772368431091,0.9269933129367796,0.5,1,0.36233221122745896,1,0.11025523996418578,1,0.92805278301239,0.8932759761810303,0.7575751543045044,0.970816628417225,relevant
465,q_01297,0,g0465,0,irrelevant,Acknowledgment,c,mlp_c_06,sigmoid,0.008407450281083584,0.07605347766445941,0.5,0,0.32555279518719016,0,0.11662208400911445,0,0.2493804544210434,0.1242265254259109,0.1991045176982879,0.0294204476832332,irrelevant
466,q_00094,4,g0466,0,irrelevant,Greeting,b,mlp_b_00,sigmoid,0.20731015503406525,0.24251805790447054,0.5,0,0.8974034020455047,0,0.11693543486357616,1,0.4655858278274536,0.2912585735321045,0.4982270002365112,0.0952324052892891,irrelevant
467,q_01141,3,g0467,1,relevant,Medical,c,mlp_c_06,sigmoid,0.999171257019043,0.930371737008813,0.5,1,0.36233221122745896,1,0.11025523996418578,1,0.4357835352420807,0.496829479932785,0.7327953577041626,0.4010159335577691,relevant
468,q_00171,3,g0468,0,irrelevant,Acknowledgment,c,mlp_c_06,sigmoid,3.524111434671795e-06,0.08630756780002426,0.5,0,0.36233221122745896,0,0.11025523996418578,0,0.7605460286140442,0.3275353610515594,0.1276103556156158,0.2044673848521382,irrelevant
469,q_00509,2,g0469,1,relevant,Medical,c,mlp_c_13,sigmoid,0.9996500015258789,0.918356768064087,0.5,1,0.4772407436879798,1,0.11423573115129508,1,0.8463582396507263,0.7227869033813477,0.8596898913383484,0.8148474320607996,relevant
470,q_01713,4,g0470,1,relevant,Delivery confirmation,b,mlp_b_00,sigmoid,0.9998583793640137,0.9161125496008029,0.5,1,0.8974034020455047,1,0.11693543486357616,1,0.8191747069358826,0.8253757953643799,0.8484383821487427,0.8753183225592979,relevant
471,q_01774,3,g0471,1,relevant,Delivery confirmation,c,mlp_c_06,sigmoid,0.9736560583114624,0.9217205808132949,0.5,1,0.36233221122745896,1,0.11025523996418578,1,0.7993491291999817,0.8537326455116272,0.7404510378837585,0.821934513376876,relevant
472,q_00086,1,g0472,0,irrelevant,Greeting,b,mlp_b_00,sigmoid,9.287843568017706e-06,0.10195496494754709,0.5,0,0.23768152094704456,0,0.11729335980726327,0,0.1522621065378189,0.1301417052745819,0.1975374072790146,0.0268351680353463,irrelevant
473,q_00846,4,g0473,1,relevant,Medical,b,mlp_b_00,sigmoid,0.9999915361404419,0.9161581113192007,0.5,1,0.8974034020455047,1,0.11693543486357616,1,0.949614644050598,0.9636503458023072,0.9621355533599854,0.9760430374040172,relevant
474,q_01621,4,g0474,0,irrelevant,OSS,b,mlp_b_00,sigmoid,0.0011754367733374238,0.11335325765693556,0.5,0,0.8974034020455047,0,0.11693543486357616,0,0.3456444442272186,0.2640850841999054,0.3967432975769043,0.0675872615779118,irrelevant
475,q_00145,0,g0475,0,irrelevant,Acknowledgment,c,mlp_c_06,sigmoid,0.00039099823334254324,0.07323499045751941,0.5,0,0.32555279518719016,0,0.11662208400911445,0,0.3461520671844482,0.2255188077688217,0.2218908816576004,0.0071282576320395,irrelevant
476,q_00906,2,g0476,1,relevant,Medical,c,mlp_c_13,sigmoid,0.8845137357711792,0.8693126005842492,0.5,1,0.4772407436879798,1,0.11423573115129508,1,0.911569893360138,0.8562353849411011,0.7070308923721313,0.8973805344764805,relevant
477,q_01582,2,g0477,0,irrelevant,OSS,c,mlp_c_13,sigmoid,0.9439850449562073,0.8971770299294936,0.5,1,0.4772407436879798,1,0.11423573115129508,1,0.6819457411766052,0.7128873467445374,0.6984807252883911,0.5703104870276995,irrelevant
478,q_00356,1,g0478,1,relevant,Medical,b,mlp_b_00,sigmoid,0.9999241828918457,0.9299784152788363,0.5,1,0.23768152094704456,1,0.11729335980726327,1,0.9466804265975952,0.9423573613166808,0.9265357255935668,0.9924328855049788,relevant
479,q_01722,3,g0479,1,relevant,Delivery confirmation,c,mlp_c_06,sigmoid,0.11450719088315964,0.14281748750914475,0.5,0,0.36233221122745896,0,0.11025523996418578,1,0.6066511869430542,0.5607619285583496,0.4753341674804687,0.6018695139002304,relevant
480,q_01668,2,g0480,1,relevant,Other,c,mlp_c_13,sigmoid,0.9964136481285095,0.9172427481468948,0.5,1,0.4772407436879798,1,0.11423573115129508,1,0.6182176470756531,0.5625314712524414,0.6693419218063354,0.2098040994361097,relevant
481,q_00818,0,g0481,1,relevant,Medical,c,mlp_c_06,sigmoid,0.9999902248382568,0.9276153588500399,0.5,1,0.32555279518719016,1,0.11662208400911445,1,0.8283246159553528,0.8643867373466492,0.8937469720840454,0.9501883712610648,relevant
482,q_00742,3,g0482,1,relevant,Medical,c,mlp_c_06,sigmoid,0.9999959468841553,0.9306360449704475,0.5,1,0.36233221122745896,1,0.11025523996418578,1,0.9838771224021912,0.9882385730743408,0.9665812849998474,0.985344228129562,relevant
483,q_00805,0,g0483,1,relevant,Medical,c,mlp_c_06,sigmoid,0.9791545271873474,0.9201623517517623,0.5,1,0.32555279518719016,1,0.11662208400911445,1,0.847995400428772,0.8812428712844849,0.8217700123786926,0.8616107040989722,relevant
484,q_00266,4,g0484,1,relevant,Language change,b,mlp_b_00,sigmoid,0.9999966621398926,0.9161598648123517,0.5,1,0.8974034020455047,1,0.11693543486357616,1,0.8078298568725586,0.9208405613899232,0.8291934728622437,0.9596185899164452,relevant
485,q_00204,1,g0485,0,irrelevant,Acknowledgment,b,mlp_b_00,sigmoid,7.729849471616035e-08,0.10195094875180696,0.5,0,0.23768152094704456,0,0.11729335980726327,0,0.2001312226057052,0.0333480946719646,0.3539732694625854,0.0038439139563422,irrelevant
486,q_00366,3,g0486,1,relevant,Medical,c,mlp_c_06,sigmoid,0.9993079900741577,0.9304156234455184,0.5,1,0.36233221122745896,1,0.11025523996418578,1,0.6217904090881348,0.838910698890686,0.8198336958885193,0.9220514971638312,relevant
487,q_01296,2,g0487,0,irrelevant,Acknowledgment,c,mlp_c_13,sigmoid,0.0004041741194669157,0.10536043539357445,0.5,0,0.4772407436879798,0,0.11423573115129508,0,0.1758317649364471,0.270169198513031,0.2507883310317993,0.0868292790349217,irrelevant
488,q_00247,4,g0488,1,relevant,Language change,b,mlp_b_00,sigmoid,0.8091728091239929,0.8236756259998098,0.5,1,0.8974034020455047,0,0.11693543486357616,1,0.8382558226585388,0.6733698844909668,0.8222188353538513,0.6586698107882057,relevant
489,q_00391,2,g0489,1,relevant,Medical,c,mlp_c_13,sigmoid,0.9903774857521057,0.9151279685385832,0.5,1,0.4772407436879798,1,0.11423573115129508,1,0.90283203125,0.8088794946670532,0.8291766047477722,0.8158614580398779,relevant
490,q_01042,2,g0490,0,irrelevant,Spam,c,mlp_c_13,sigmoid,0.9126394987106323,0.8832139711774499,0.5,1,0.4772407436879798,1,0.11423573115129508,1,0.5002690553665161,0.774959921836853,0.6578078269958496,0.7766392267437353,irrelevant
491,q_00945,3,g0491,1,relevant,Medical,c,mlp_c_06,sigmoid,0.999803364276886,0.9305744066663125,0.5,1,0.36233221122745896,1,0.11025523996418578,1,0.8476613759994507,0.975600004196167,0.8352455496788025,0.9862148370612006,relevant
492,q_01620,1,g0492,0,irrelevant,OSS,b,mlp_b_00,sigmoid,0.045592229813337326,0.12361837506961003,0.5,0,0.23768152094704456,0,0.11729335980726327,1,0.6598442196846008,0.4385277926921844,0.4424750208854675,0.2056852881720264,irrelevant
493,q_00383,2,g0493,1,relevant,Medical,c,mlp_c_13,sigmoid,0.9998252987861633,0.9184167172811712,0.5,1,0.4772407436879798,1,0.11423573115129508,1,0.8633318543434143,0.8509596586227417,0.8174551129341125,0.963329758138261,relevant
494,q_00533,1,g0494,1,relevant,Medical,b,mlp_b_00,sigmoid,0.5063060522079468,0.5586105867812632,0.5,1,0.23768152094704456,1,0.11729335980726327,1,0.7319892644882202,0.6719300150871277,0.7209070324897766,0.6491807780585291,relevant
495,q_01344,0,g0495,0,irrelevant,Acknowledgment,c,mlp_c_06,sigmoid,0.0014990366762503982,0.07361875539486659,0.5,0,0.32555279518719016,0,0.11662208400911445,0,0.2120335698127746,0.0921496301889419,0.319106787443161,0.0106247637083867,irrelevant
496,q_00268,1,g0496,1,relevant,Language change,b,mlp_b_00,sigmoid,0.9999415874481201,0.9299838126577418,0.5,1,0.23768152094704456,1,0.11729335980726327,1,0.8417876958847046,0.9246547222137452,0.8550335168838501,0.9820546386062964,relevant
497,q_00825,4,g0497,1,relevant,Medical,b,mlp_b_00,sigmoid,0.9999070167541504,0.9161291942676558,0.5,1,0.8974034020455047,1,0.11693543486357616,1,0.9647504091262816,0.9616696834564208,0.9365262389183044,0.9760196555647986,relevant
498,q_00291,1,g0498,1,relevant,Language change,b,mlp_b_00,sigmoid,0.9896851778030396,0.9267357065163797,0.5,1,0.23768152094704456,1,0.11729335980726327,1,0.58290696144104,0.6205386519432068,0.6776999831199646,0.66151820419985,relevant
499,q_00814,4,g0499,1,relevant,Medical,b,mlp_b_00,sigmoid,0.9895939826965332,0.9125320733438287,0.5,1,0.8974034020455047,1,0.11693543486357616,1,0.9794043302536012,0.9138187766075134,0.9193201661109924,0.942488385800548,relevant
500,q_01265,4,g0500,1,relevant,Feedback,b,mlp_b_00,sigmoid,0.4307314455509186,0.46408089176897044,0.5,0,0.8974034020455047,0,0.11693543486357616,1,0.4310064017772674,0.5202881693840027,0.4370191991329193,0.3115007156048371,relevant
501,q_01146,2,g0501,1,relevant,Feedback,c,mlp_c_13,sigmoid,0.9995855689048767,0.9183347229211206,0.5,1,0.4772407436879798,1,0.11423573115129508,1,0.7781782746315002,0.6728461384773254,0.7548142075538635,0.817993783094503,relevant
502,q_01766,3,g0502,1,relevant,Delivery confirmation,c,mlp_c_06,sigmoid,0.9989252686500549,0.9302927190313749,0.5,1,0.36233221122745896,1,0.11025523996418578,1,0.6801415681838989,0.9405771493911744,0.7836612462997437,0.972738514074078,relevant
503,q_01491,4,g0503,0,irrelevant,Greeting,b,mlp_b_00,sigmoid,0.10710770636796951,0.17006428358759879,0.5,0,0.8974034020455047,0,0.11693543486357616,1,0.1974769383668899,0.4337458908557892,0.613013505935669,0.1220791954585916,irrelevant
504,q_00678,0,g0504,1,relevant,Medical,c,mlp_c_06,sigmoid,0.9973921775817871,0.926722269640986,0.5,1,0.32555279518719016,1,0.11662208400911445,1,0.9531009197235109,0.9356783628463744,0.710959255695343,0.9691427956739044,relevant
505,q_00071,4,g0505,0,irrelevant,Greeting,b,mlp_b_00,sigmoid,0.00029181319405324757,0.11295835574436812,0.5,0,0.8974034020455047,0,0.11693543486357616,0,0.1908338963985443,0.1309685409069061,0.3591961562633514,0.0086103418609298,irrelevant
506,q_01106,4,g0506,0,irrelevant,OSS,b,mlp_b_00,sigmoid,0.8399586081504822,0.8427130914535126,0.5,1,0.8974034020455047,0,0.11693543486357616,1,0.7577241659164429,0.7798969745635986,0.6693164110183716,0.7678483486879347,irrelevant
507,q_01117,4,g0507,0,irrelevant,Acknowledgment,b,mlp_b_00,sigmoid,1.2013489936180122e-07,0.11282825845010154,0.5,0,0.8974034020455047,0,0.11693543486357616,0,0.1156900152564048,0.0632679983973503,0.1011410430073738,0.0222162591248935,irrelevant
508,q_01619,4,g0508,0,irrelevant,OSS,b,mlp_b_00,sigmoid,0.972915768623352,0.9064190761103654,0.5,1,0.8974034020455047,1,0.11693543486357616,1,0.8416534066200256,0.7134672999382019,0.4799717962741852,0.7753945601154625,irrelevant
509,q_01318,1,g0509,0,irrelevant,Acknowledgment,b,mlp_b_00,sigmoid,2.3109116682462627e-06,0.10195192269080793,0.5,0,0.23768152094704456,0,0.11729335980726327,0,0.1504759937524795,0.0552578195929527,0.2481023371219635,0.0034474505443998,irrelevant
510,q_00591,2,g0510,1,relevant,Medical,c,mlp_c_13,sigmoid,0.999876856803894,0.9184343417691248,0.5,1,0.4772407436879798,1,0.11423573115129508,1,0.6460309624671936,0.7458387613296509,0.8422424793243408,0.9113934584586552,relevant
511,q_01188,2,g0511,0,irrelevant,Acknowledgment,c,mlp_c_13,sigmoid,0.0005471049807965755,0.10542192270825552,0.5,0,0.4772407436879798,0,0.11423573115129508,0,0.1856755316257476,0.0232444740831851,0.324952632188797,0.0045681430276536,irrelevant
512,q_01560,4,g0512,0,irrelevant,OSS,b,mlp_b_00,sigmoid,0.9641201496124268,0.9030431414332863,0.5,1,0.8974034020455047,1,0.11693543486357616,1,0.5623472929000854,0.7003533840179443,0.6468838453292847,0.7544904484341625,irrelevant
513,q_01115,0,g0513,1,relevant,Feedback,c,mlp_c_06,sigmoid,0.012107262387871742,0.07738758566420625,0.5,0,0.32555279518719016,0,0.11662208400911445,0,0.3801150918006897,0.5214048624038696,0.4067969918251037,0.2444021992401062,relevant
514,q_01437,2,g0514,0,irrelevant,Acknowledgment,c,mlp_c_13,sigmoid,0.08966764807701111,0.1503637304347014,0.5,0,0.4772407436879798,0,0.11423573115129508,1,0.0469950884580612,0.0640193149447441,0.560785174369812,0.0172488945663698,irrelevant
515,q_00966,3,g0515,0,irrelevant,Automated message,c,mlp_c_06,sigmoid,0.00026712118415161967,0.08641064570884724,0.5,0,0.36233221122745896,0,0.11025523996418578,0,0.1575571298599243,0.1338894069194793,0.1812607645988464,0.0268985363455331,irrelevant
516,q_00902,2,g0516,1,relevant,Medical,c,mlp_c_13,sigmoid,0.5593287348747253,0.601368960944531,0.5,1,0.4772407436879798,1,0.11423573115129508,1,0.6240687966346741,0.7791433334350586,0.4770867228507995,0.9406798315615028,relevant
517,q_00975,0,g0517,0,irrelevant,Automated message,c,mlp_c_06,sigmoid,2.355623473704327e-05,0.07310813562274622,0.5,0,0.32555279518719016,0,0.11662208400911445,0,0.1308566778898239,0.2106921374797821,0.0823917314410209,0.1153919648974721,irrelevant
518,q_01193,4,g0518,0,irrelevant,Acknowledgment,b,mlp_b_00,sigmoid,0.022965438663959503,0.12347825031436649,0.5,0,0.8974034020455047,0,0.11693543486357616,1,0.1141271665692329,0.2571214437484741,0.1325491368770599,0.061661227868661,irrelevant
519,q_01402,4,g0519,0,irrelevant,Acknowledgment,b,mlp_b_00,sigmoid,0.060574550181627274,0.14277804531055785,0.5,0,0.8974034020455047,0,0.11693543486357616,1,0.406326562166214,0.4574621617794037,0.2907718122005462,0.468309429433613,irrelevant
520,q_00538,2,g0520,1,relevant,Medical,c,mlp_c_13,sigmoid,0.9925064444541931,0.915879391723255,0.5,1,0.4772407436879798,1,0.11423573115129508,1,0.9020854234695436,0.8763524889945984,0.7604279518127441,0.9643729919473992,relevant
521,q_00639,1,g0521,1,relevant,Medical,b,mlp_b_00,sigmoid,0.05007185414433479,0.1259482534470711,0.5,0,0.23768152094704456,0,0.11729335980726327,1,0.7987201809883118,0.7656242251396179,0.8881986141204834,0.7990260777686686,relevant
522,q_00896,2,g0522,1,relevant,Medical,c,mlp_c_13,sigmoid,0.9975574016571045,0.9176380230878444,0.5,1,0.4772407436879798,1,0.11423573115129508,1,0.8239821791648865,0.8030701279640198,0.8084844350814819,0.942689118767016,relevant
523,q_00243,3,g0523,1,relevant,Language change,c,mlp_c_06,sigmoid,0.9999784231185913,0.9306304383805922,0.5,1,0.36233221122745896,1,0.11025523996418578,1,0.8606066107749939,0.8521445989608765,0.8975483179092407,0.9677998906340132,relevant
524,q_01005,3,g0524,0,irrelevant,Automated message,c,mlp_c_06,sigmoid,0.8256164789199829,0.8497007840262959,0.5,1,0.36233221122745896,1,0.11025523996418578,1,0.2108351588249206,0.2867748141288757,0.6270211935043335,0.2754170170946969,irrelevant
525,q_00701,4,g0525,1,relevant,Medical,b,mlp_b_00,sigmoid,0.3336707055568695,0.359811798686563,0.5,0,0.8974034020455047,0,0.11693543486357616,1,0.8397548794746399,0.7183701395988464,0.8473993539810181,0.7909157427860978,relevant
526,q_00995,3,g0526,0,irrelevant,Automated message,c,mlp_c_06,sigmoid,0.001389899873174727,0.08685095046539432,0.5,0,0.36233221122745896,0,0.11025523996418578,0,0.1490504443645477,0.2452538311481475,0.1588331311941146,0.1547412526928942,irrelevant
527,q_01656,0,g0527,1,relevant,Other,c,mlp_c_06,sigmoid,0.9620617628097534,0.9135317616070214,0.5,1,0.32555279518719016,1,0.11662208400911445,1,0.5721757411956787,0.396795243024826,0.6915394067764282,0.399543571069178,relevant
528,q_00496,0,g0528,1,relevant,Medical,c,mlp_c_06,sigmoid,0.9999887943267822,0.9276148698783646,0.5,1,0.32555279518719016,1,0.11662208400911445,1,0.8401362299919128,0.807754397392273,0.9143697023391724,0.908117564440477,relevant
529,q_00672,1,g0529,1,relevant,Medical,b,mlp_b_00,sigmoid,0.9999922513961792,0.9299995220160667,0.5,1,0.23768152094704456,1,0.11729335980726327,1,0.9656324982643129,0.9800266623497008,0.9157475829124452,0.9910973741589568,relevant
530,q_01077,2,g0530,1,relevant,Other,c,mlp_c_13,sigmoid,0.9960070252418518,0.9171018061399645,0.5,1,0.4772407436879798,1,0.11423573115129508,1,0.7242898941040039,0.7874698638916016,0.7732658982276917,0.8464283550781159,irrelevant
531,q_00792,4,g0531,1,relevant,Medical,b,mlp_b_00,sigmoid,0.9999220371246338,0.9161343339260486,0.5,1,0.8974034020455047,1,0.11693543486357616,1,0.8387118577957153,0.8696659207344055,0.7923091053962708,0.9420797735738792,relevant
532,q_00768,2,g0532,1,relevant,Medical,c,mlp_c_13,sigmoid,0.9711717963218689,0.9080696174690728,0.5,1,0.4772407436879798,1,0.11423573115129508,1,0.8569474220275879,0.9211512804031372,0.7542757391929626,0.962905694873174,relevant
533,q_01085,4,g0533,1,relevant,Medical,b,mlp_b_00,sigmoid,0.9995515942573547,0.9160074925592727,0.5,1,0.8974034020455047,1,0.11693543486357616,1,0.8327541947364807,0.8127094507217407,0.8635159134864807,0.8628668083099174,relevant
534,q_01202,3,g0534,0,irrelevant,Acknowledgment,c,mlp_c_06,sigmoid,2.2346150672092335e-06,0.08630706382470014,0.5,0,0.36233221122745896,0,0.11025523996418578,0,0.0362696647644043,0.0369428470730781,0.0469962507486343,0.0112076076777277,irrelevant
535,q_01138,0,g0535,0,irrelevant,Acknowledgment,c,mlp_c_06,sigmoid,0.014140675775706768,0.07812990894770276,0.5,0,0.32555279518719016,0,0.11662208400911445,0,0.74278324842453,0.4234144389629364,0.4699983596801758,0.3122472080612999,irrelevant
536,q_00743,3,g0536,1,relevant,Medical,c,mlp_c_06,sigmoid,0.8687791228294373,0.8750289896550627,0.5,1,0.36233221122745896,1,0.11025523996418578,1,0.931710720062256,0.89298015832901,0.8014004826545715,0.9639584512112392,relevant
537,q_00857,4,g0537,1,relevant,Medical,b,mlp_b_00,sigmoid,0.9989089965820312,0.9157870507672717,0.5,1,0.8974034020455047,1,0.11693543486357616,1,0.8846979737281799,0.8328773379325867,0.8615826368331909,0.8870557295679771,relevant
538,q_00007,1,g0538,1,relevant,Other,b,mlp_b_00,sigmoid,0.941096842288971,0.9093888439842054,0.5,1,0.23768152094704456,1,0.11729335980726327,1,0.6749305129051208,0.6210070252418518,0.6083564758300781,0.3829371076489832,relevant
539,q_01585,4,g0539,0,irrelevant,OSS,b,mlp_b_00,sigmoid,0.9998396635055542,0.9161061438682424,0.5,1,0.8974034020455047,1,0.11693543486357616,1,0.8335703015327454,0.6826120615005493,0.6793917417526245,0.760379941600423,irrelevant
540,q_01539,0,g0540,1,relevant,Feedback,c,mlp_c_06,sigmoid,0.9620568156242371,0.9135297722183993,0.5,1,0.32555279518719016,1,0.11662208400911445,1,0.9315224289894104,0.8997136354446411,0.768958330154419,0.9643031812065735,relevant
541,q_01165,1,g0541,1,relevant,Feedback,b,mlp_b_00,sigmoid,0.9997842907905579,0.9299350189455985,0.5,1,0.23768152094704456,1,0.11729335980726327,1,0.7125934362411499,0.8715425133705139,0.6272963285446167,0.942703965497271,relevant
542,q_00257,1,g0542,1,relevant,Language change,b,mlp_b_00,sigmoid,0.992668092250824,0.9276944172584496,0.5,1,0.23768152094704456,1,0.11729335980726327,1,0.8668814301490784,0.7970123291015625,0.8755096197128296,0.9455841754418022,relevant
543,q_00702,2,g0543,1,relevant,Medical,c,mlp_c_13,sigmoid,0.9999945163726807,0.9184745492850445,0.5,1,0.4772407436879798,1,0.11423573115129508,1,0.8417858481407166,0.9169215559959412,0.9288392066955566,0.9780145243784304,relevant
544,q_00996,2,g0544,0,irrelevant,Automated message,c,mlp_c_13,sigmoid,7.990507583599538e-05,0.10522105565302914,0.5,0,0.4772407436879798,0,0.11423573115129508,0,0.181394875049591,0.11490198969841,0.2023971229791641,0.0596116974431155,irrelevant
545,q_00386,2,g0545,1,relevant,Medical,c,mlp_c_13,sigmoid,0.9999353885650635,0.9184543459423901,0.5,1,0.4772407436879798,1,0.11423573115129508,1,0.8130708932876587,0.9002441167831421,0.8769310712814331,0.9633244905643152,relevant
546,q_01492,1,g0546,1,relevant,Feedback,b,mlp_b_00,sigmoid,0.9638184309005737,0.9179192505517887,0.5,1,0.23768152094704456,1,0.11729335980726327,1,0.7094371914863586,0.8822715878486633,0.6843779683113098,0.973914048932875,relevant
547,q_00405,0,g0547,1,relevant,Medical,c,mlp_c_06,sigmoid,0.9983915686607361,0.9270670090748182,0.5,1,0.32555279518719016,1,0.11662208400911445,1,0.595155656337738,0.621178150177002,0.7580474615097046,0.5593645144828718,relevant
548,q_00274,3,g0548,1,relevant,Language change,c,mlp_c_06,sigmoid,0.9975554943084717,0.9298511922938374,0.5,1,0.36233221122745896,1,0.11025523996418578,1,0.7829954624176025,0.6655040979385376,0.7024961709976196,0.9064692682659256,relevant
549,q_00251,4,g0549,1,relevant,Language change,b,mlp_b_00,sigmoid,0.9903383851051331,0.9127963196720198,0.5,1,0.8974034020455047,1,0.11693543486357616,1,0.8987056016921997,0.8674396276473999,0.9019804000854492,0.9164383946173416,relevant
550,q_01509,2,g0550,1,relevant,Feedback,c,mlp_c_13,sigmoid,0.9994839429855347,0.9182999413445182,0.5,1,0.4772407436879798,1,0.11423573115129508,1,0.6300511360168457,0.4531022310256958,0.7622859477996826,0.2532443567151355,relevant
551,q_00711,1,g0551,1,relevant,Medical,b,mlp_b_00,sigmoid,0.9997926354408264,0.9299376082610129,0.5,1,0.23768152094704456,1,0.11729335980726327,1,0.7872313857078552,0.813326358795166,0.8227749466896057,0.973914048932875,relevant
552,q_00346,2,g0552,1,relevant,Medical,c,mlp_c_13,sigmoid,0.9999852180480957,0.9184713724487513,0.5,1,0.4772407436879798,1,0.11423573115129508,1,0.9599088430404664,0.8773054480552673,0.9224684238433838,0.9507338863749468,relevant
553,q_00879,0,g0553,1,relevant,Medical,c,mlp_c_06,sigmoid,0.9931527376174927,0.9252431345269442,0.5,1,0.32555279518719016,1,0.11662208400911445,1,0.96895569562912,0.9571255445480348,0.7482670545578003,0.985040248246686,relevant
554,q_01688,0,g0554,1,relevant,Language change,c,mlp_c_06,sigmoid,0.9999908208847046,0.927615562587339,0.5,1,0.32555279518719016,1,0.11662208400911445,1,0.6006611585617065,0.8210814595222473,0.9092229008674622,0.8826557089490389,relevant
555,q_01740,3,g0555,1,relevant,Delivery confirmation,c,mlp_c_06,sigmoid,0.9998536109924316,0.9305904935976357,0.5,1,0.36233221122745896,1,0.11025523996418578,1,0.7866641879081726,0.8899526000022888,0.891448438167572,0.9660438396327768,relevant
556,q_01531,2,g0556,0,irrelevant,Acknowledgment,c,mlp_c_13,sigmoid,0.2596837282180786,0.27767607858992926,0.5,0,0.4772407436879798,0,0.11423573115129508,1,0.3777895271778106,0.0769853144884109,0.5173407196998596,0.0068537091853365,irrelevant
557,q_01382,1,g0557,0,irrelevant,Acknowledgment,b,mlp_b_00,sigmoid,3.601471462388872e-06,0.10195248542697403,0.5,0,0.23768152094704456,0,0.11729335980726327,0,0.2073097378015518,0.0580641143023967,0.4674680233001709,0.0040588607281465,irrelevant
558,q_00968,1,g0558,0,irrelevant,Automated message,b,mlp_b_00,sigmoid,2.7284004318062216e-06,0.10195210473246026,0.5,0,0.23768152094704456,0,0.11729335980726327,0,0.2056832313537597,0.1492299884557724,0.1727329492568969,0.0059381800049462,irrelevant
559,q_00431,0,g0559,1,relevant,Medical,c,mlp_c_06,sigmoid,0.9999756813049316,0.9276103874961028,0.5,1,0.32555279518719016,1,0.11662208400911445,1,0.9113718271255492,0.9472773671150208,0.9193979501724244,0.9790542556656934,relevant
560,q_00173,2,g0560,0,irrelevant,Acknowledgment,c,mlp_c_13,sigmoid,0.0001978707587113604,0.10527174170508702,0.5,0,0.4772407436879798,0,0.11423573115129508,0,0.5016732811927795,0.2209570556879043,0.1981809437274933,0.004905661629059,irrelevant
561,q_00870,4,g0561,1,relevant,Medical,b,mlp_b_00,sigmoid,0.9999992847442627,0.916160761935499,0.5,1,0.8974034020455047,1,0.11693543486357616,1,0.828650176525116,0.9524314999580384,0.9008737802505492,0.9711471610987308,relevant
562,q_00605,2,g0562,1,relevant,Medical,c,mlp_c_13,sigmoid,1.0,0.9184764227510059,0.5,1,0.4772407436879798,1,0.11423573115129508,1,0.9843777418136596,0.956378936767578,0.969645857810974,0.9696278154113548,relevant
563,q_00144,2,g0563,1,relevant,Other,c,mlp_c_13,sigmoid,0.9496589303016663,0.899540794491686,0.5,1,0.4772407436879798,1,0.11423573115129508,1,0.648929238319397,0.7120842337608337,0.6177883148193359,0.7830250708233081,relevant
564,q_01659,1,g0564,1,relevant,Other,b,mlp_b_00,sigmoid,4.164929123362526e-05,0.10196907704950509,0.5,0,0.23768152094704456,0,0.11729335980726327,0,0.29010009765625,0.2485828697681427,0.319494754076004,0.1646171618935119,relevant
565,q_00066,2,g0565,0,irrelevant,Greeting,c,mlp_c_13,sigmoid,0.0891098827123642,0.15003889509604618,0.5,0,0.4772407436879798,0,0.11423573115129508,1,0.3234491050243377,0.7033309936523438,0.6145218014717102,0.6571540193657989,irrelevant
566,q_00527,3,g0566,1,relevant,Medical,c,mlp_c_06,sigmoid,0.999816358089447,0.9305785670812937,0.5,1,0.36233221122745896,1,0.11025523996418578,1,0.9279821515083312,0.9255753755569458,0.9282414317131042,0.9654326585584008,relevant
567,q_00363,4,g0567,1,relevant,Medical,b,mlp_b_00,sigmoid,0.9983880519866943,0.9156079563644405,0.5,1,0.8974034020455047,1,0.11693543486357616,1,0.7736361622810364,0.7739945650100708,0.7586248517036438,0.8996217352333582,relevant
568,q_00131,0,g0568,0,irrelevant,Acknowledgment,c,mlp_c_06,sigmoid,0.0021048446651548147,0.07382935666003868,0.5,0,0.32555279518719016,0,0.11662208400911445,0,0.4023585617542267,0.1375196725130081,0.2108943164348602,0.0216454100912761,irrelevant
569,q_00409,3,g0569,1,relevant,Medical,c,mlp_c_06,sigmoid,0.9931672215461731,0.9284192329855173,0.5,1,0.36233221122745896,1,0.11025523996418578,1,0.917672038078308,0.9547997713088988,0.789371907711029,0.9846427167503384,relevant
570,q_01123,2,g0570,0,irrelevant,Acknowledgment,c,mlp_c_13,sigmoid,0.001052127918228507,0.10563943170684628,0.5,0,0.4772407436879798,0,0.11423573115129508,0,0.0331269167363643,0.0274841915816068,0.1650028079748153,0.0043539379980983,irrelevant
571,q_01744,1,g0571,1,relevant,Delivery confirmation,b,mlp_b_00,sigmoid,0.7623181939125061,0.8107315596804313,0.5,1,0.23768152094704456,1,0.11729335980726327,1,0.910859227180481,0.7862061262130737,0.6102283596992493,0.9509397673395666,relevant
572,q_00546,4,g0572,1,relevant,Medical,b,mlp_b_00,sigmoid,0.9972943663597107,0.9152308352059201,0.5,1,0.8974034020455047,1,0.11693543486357616,1,0.7747688293457031,0.8035485148429871,0.85356205701828,0.9243680549795392,relevant
573,q_00916,2,g0573,1,relevant,Medical,c,mlp_c_13,sigmoid,0.9970648884773254,0.9174680243462575,0.5,1,0.4772407436879798,1,0.11423573115129508,1,0.7325696349143982,0.8115738034248352,0.723580002784729,0.802652121292568,relevant
574,q_00061,0,g0574,0,irrelevant,Greeting,c,mlp_c_06,sigmoid,0.0015091211535036564,0.07362225660171608,0.5,0,0.32555279518719016,0,0.11662208400911445,0,0.1269368082284927,0.139860600233078,0.2274025231599807,0.0087777103049397,irrelevant
575,q_00035,2,g0575,0,irrelevant,Greeting,c,mlp_c_13,sigmoid,0.00023993196373339742,0.10528981925876586,0.5,0,0.4772407436879798,0,0.11423573115129508,0,0.0949149802327156,0.1012657433748245,0.2467314302921295,0.0102802385626972,irrelevant
576,q_01451,4,g0576,0,irrelevant,Acknowledgment,b,mlp_b_00,sigmoid,0.0018880293937399983,0.11367260033465205,0.5,0,0.8974034020455047,0,0.11693543486357616,0,0.1090670526027679,0.1277524083852768,0.1737786829471588,0.0097375426554191,irrelevant
577,q_00042,3,g0577,0,irrelevant,Greeting,c,mlp_c_06,sigmoid,0.0010507330298423767,0.08671773046799766,0.5,0,0.36233221122745896,0,0.11025523996418578,0,0.285330206155777,0.2271881252527237,0.2355494350194931,0.0760681267114286,irrelevant
578,q_01696,1,g0578,1,relevant,Language change,b,mlp_b_00,sigmoid,0.9995860457420349,0.9298734781825588,0.5,1,0.23768152094704456,1,0.11729335980726327,1,0.7324187755584717,0.8115348219871521,0.8068135380744934,0.9002157132475197,relevant
579,q_00607,1,g0579,1,relevant,Medical,b,mlp_b_00,sigmoid,0.9997420907020569,0.9299219230523833,0.5,1,0.23768152094704456,1,0.11729335980726327,1,0.9218541383743286,0.909629225730896,0.9425110816955566,0.9765505664642926,relevant
580,q_00176,4,g0580,0,irrelevant,Acknowledgment,b,mlp_b_00,sigmoid,0.03303735330700874,0.1284155181228748,0.5,0,0.8974034020455047,0,0.11693543486357616,1,0.7093932032585144,0.5410614609718323,0.5386669039726257,0.3505487867822919,irrelevant
581,q_00211,4,g0581,0,irrelevant,Spam,b,mlp_b_00,sigmoid,3.63809522241354e-05,0.11284442392574304,0.5,0,0.8974034020455047,0,0.11693543486357616,0,0.6130695939064026,0.3082414865493774,0.7019032835960388,0.1947508615273155,irrelevant
582,q_01069,1,g0582,1,relevant,Other,b,mlp_b_00,sigmoid,0.3114621341228485,0.3334972287877774,0.5,0,0.23768152094704456,1,0.11729335980726327,1,0.5449146628379822,0.446231335401535,0.5597171783447266,0.6239119912964856,relevant
583,q_01348,1,g0583,0,irrelevant,Acknowledgment,b,mlp_b_00,sigmoid,9.769350435817614e-05,0.10199352077062103,0.5,0,0.23768152094704456,0,0.11729335980726327,0,0.3491977155208587,0.1542306691408157,0.2454793900251388,0.006269498420487,irrelevant
584,q_00132,0,g0120,1,relevant,Other,c,mlp_c_06,sigmoid,0.5906321406364441,0.6146042737622474,0.5,1,0.32555279518719016,1,0.11662208400911445,1,0.6699014902114868,0.7548335194587708,0.5335220694541931,0.7869061222329244,relevant
585,q_00761,3,g0584,1,relevant,Medical,c,mlp_c_06,sigmoid,0.9905664324760437,0.9275578706466702,0.5,1,0.36233221122745896,1,0.11025523996418578,1,0.8971585035324097,0.906097412109375,0.8067086338996887,0.9116367534593142,relevant
586,q_00526,2,g0585,1,relevant,Medical,c,mlp_c_13,sigmoid,0.5835455060005188,0.6275373176920374,0.5,1,0.4772407436879798,1,0.11423573115129508,1,0.7509039044380188,0.8247372508049011,0.7812790274620056,0.9346981381315992,relevant
587,q_01055,1,g0586,1,relevant,Other,b,mlp_b_00,sigmoid,0.9994134902954102,0.9298198715062033,0.5,1,0.23768152094704456,1,0.11729335980726327,1,0.7991930842399597,0.8285750150680542,0.7651656866073608,0.8602339660262406,relevant
588,q_00396,1,g0587,1,relevant,Medical,b,mlp_b_00,sigmoid,0.9997003078460693,0.9299089544085246,0.5,1,0.23768152094704456,1,0.11729335980726327,1,0.8225067853927612,0.8959699273109436,0.8644382953643799,0.9677488246228456,relevant
589,q_01790,4,g0588,1,relevant,Delivery confirmation,b,mlp_b_00,sigmoid,0.5506847500801086,0.5963509750533535,0.5,1,0.8974034020455047,0,0.11693543486357616,1,0.6784392595291138,0.5795226693153381,0.6765087842941284,0.387779683695431,relevant
590,q_00053,0,g0589,0,irrelevant,Greeting,c,mlp_c_06,sigmoid,0.00011791335418820381,0.07314069193128588,0.5,0,0.32555279518719016,0,0.11662208400911445,0,0.3984378278255462,0.2409171462059021,0.269513189792633,0.0629224120047796,irrelevant
591,q_01383,3,g0590,0,irrelevant,Acknowledgment,c,mlp_c_06,sigmoid,0.768600344657898,0.809948820443684,0.5,1,0.36233221122745896,1,0.11025523996418578,1,0.3837623000144958,0.3976805210113525,0.5565537810325623,0.1307314355102802,irrelevant
592,q_01043,4,g0591,0,irrelevant,Spam,b,mlp_b_00,sigmoid,0.25707361102104187,0.2855076114091593,0.5,0,0.8974034020455047,0,0.11693543486357616,1,0.3782280385494232,0.5145325064659119,0.5856778621673584,0.6535525969227807,irrelevant
593,q_00078,2,g0592,0,irrelevant,Greeting,c,mlp_c_13,sigmoid,0.0036411660257726908,0.10676073237486942,0.5,0,0.4772407436879798,0,0.11423573115129508,0,0.6542771458625793,0.5466723442077637,0.4556397795677185,0.5072662910243781,irrelevant
594,q_00836,3,g0593,1,relevant,Medical,c,mlp_c_06,sigmoid,0.9154038429260254,0.8981881172541618,0.5,1,0.36233221122745896,1,0.11025523996418578,1,0.9281887412071228,0.9536525011062622,0.717768132686615,0.9763643913138194,relevant
595,q_01025,4,g0594,1,relevant,Date,b,mlp_b_00,sigmoid,0.9987834095954895,0.9157439070888099,0.5,1,0.8974034020455047,1,0.11693543486357616,1,0.8023145794868469,0.8316050171852112,0.8482217788696289,0.9448816416347016,relevant
596,q_00779,1,g0595,1,relevant,Medical,b,mlp_b_00,sigmoid,0.9999947547912598,0.9300002981586735,0.5,1,0.23768152094704456,1,0.11729335980726327,1,0.9659954905509948,0.9866005778312684,0.935871958732605,0.9900798001675868,relevant
597,q_01616,3,g0596,0,irrelevant,OSS,c,mlp_c_06,sigmoid,0.801954984664917,0.8341026284773251,0.5,1,0.36233221122745896,1,0.11025523996418578,1,0.4269707798957824,0.6410219669342041,0.6511226892471313,0.6350334193987864,irrelevant
598,q_01618,2,g0597,0,irrelevant,OSS,c,mlp_c_13,sigmoid,0.696760356426239,0.7385087044790843,0.5,1,0.4772407436879798,1,0.11423573115129508,1,0.5961641669273376,0.4656084775924682,0.6841455101966858,0.245012754760989,irrelevant
599,q_01414,0,g0598,1,relevant,Delivery confirmation,c,mlp_c_06,sigmoid,0.03028801456093788,0.08425961007044327,0.5,0,0.32555279518719016,0,0.11662208400911445,0,0.6899890303611755,0.478639155626297,0.3960398435592651,0.3568913453889689,relevant
600,q_01739,4,g0599,1,relevant,Delivery confirmation,b,mlp_b_00,sigmoid,0.9999651908874512,0.9161490986543142,0.5,1,0.8974034020455047,1,0.11693543486357616,1,0.7132983803749084,0.8864092230796814,0.7126919627189636,0.9583274811402124,relevant
601,q_00461,1,g0600,1,relevant,Medical,b,mlp_b_00,sigmoid,0.9998949766159058,0.9299693571688795,0.5,1,0.23768152094704456,1,0.11729335980726327,1,0.8638054132461548,0.964744746685028,0.9229423999786376,0.993569352443474,relevant
602,q_00614,3,g0601,1,relevant,Medical,c,mlp_c_06,sigmoid,0.9770029783248901,0.9229090727420295,0.5,1,0.36233221122745896,1,0.11025523996418578,1,0.7352950572967529,0.8255464434623718,0.811502993106842,0.9258944674651218,relevant
603,q_00762,1,g0602,1,relevant,Medical,b,mlp_b_00,sigmoid,0.9999958276748657,0.9300006307887831,0.5,1,0.23768152094704456,1,0.11729335980726327,1,0.987697422504425,0.978771150112152,0.9037094712257384,0.985526025431871,relevant
604,q_00665,0,g0603,1,relevant,Medical,c,mlp_c_06,sigmoid,0.9940674304962158,0.9255645738586427,0.5,1,0.32555279518719016,1,0.11662208400911445,1,0.9179959893226624,0.761492133140564,0.8293073177337646,0.8455855247322168,relevant
605,q_00689,1,g0604,1,relevant,Medical,b,mlp_b_00,sigmoid,0.9999088048934937,0.9299736460417074,0.5,1,0.23768152094704456,1,0.11729335980726327,1,0.7935707569122314,0.8730146884918213,0.8443793058395386,0.973914048932875,relevant
606,q_00001,4,g0605,0,irrelevant,Greeting,b,mlp_b_00,sigmoid,0.05016491189599037,0.13719747213925698,0.5,0,0.8974034020455047,0,0.11693543486357616,1,0.4823185801506042,0.6967657208442688,0.3542803227901459,0.8018142428040823,irrelevant
607,q_00594,2,g0606,1,relevant,Medical,c,mlp_c_13,sigmoid,0.9999165534973145,0.9184479092421236,0.5,1,0.4772407436879798,1,0.11423573115129508,1,0.8075952529907227,0.8619690537452698,0.7324736714363098,0.976149264231463,relevant
608,q_00862,0,g0607,1,relevant,Medical,c,mlp_c_06,sigmoid,0.9998977184295654,0.9275837324120461,0.5,1,0.32555279518719016,1,0.11662208400911445,1,0.8671318292617798,0.909748911857605,0.8599786758422852,0.9583662060007228,relevant
609,q_01742,0,g0608,1,relevant,Delivery confirmation,c,mlp_c_06,sigmoid,0.9847434759140015,0.922227680177606,0.5,1,0.32555279518719016,1,0.11662208400911445,1,0.9452813267707824,0.9235249757766724,0.7765951752662659,0.9697404529537728,relevant
610,q_00909,2,g0609,1,relevant,Medical,c,mlp_c_13,sigmoid,0.9999947547912598,0.918474630740902,0.5,1,0.4772407436879798,1,0.11423573115129508,1,0.9598374962806702,0.905157506465912,0.9339205622673036,0.9741702919934848,relevant
611,q_00181,1,g0610,0,irrelevant,Acknowledgment,b,mlp_b_00,sigmoid,0.0034764360170811415,0.10347678549709506,0.5,0,0.23768152094704456,0,0.11729335980726327,0,0.4830121397972107,0.3497981429100036,0.3770448267459869,0.2436771023788601,irrelevant
612,q_00318,2,g0611,1,relevant,Language change,c,mlp_c_13,sigmoid,0.9999524354934692,0.9184601711644244,0.5,1,0.4772407436879798,1,0.11423573115129508,1,0.8409002423286438,0.8849859833717346,0.8283873200416565,0.978465797571616,relevant
613,q_01770,0,g0612,1,relevant,Delivery confirmation,c,mlp_c_06,sigmoid,0.9963219165802002,0.9263514200840794,0.5,1,0.32555279518719016,1,0.11662208400911445,1,0.6117827892303467,0.6901521682739258,0.8100188374519348,0.7874616042664762,relevant
614,q_01545,4,g0613,0,irrelevant,OSS,b,mlp_b_00,sigmoid,0.9998563528060913,0.9161118560079008,0.5,1,0.8974034020455047,1,0.11693543486357616,1,0.8153485059738159,0.8649049997329712,0.6821158528327942,0.9104276598126632,irrelevant
615,q_00963,2,g0614,1,relevant,Medical,c,mlp_c_13,sigmoid,0.9999779462814331,0.9184688879212507,0.5,1,0.4772407436879798,1,0.11423573115129508,1,0.8193507194519043,0.8365748524665833,0.8683682084083557,0.9571574970969092,relevant
616,q_01666,1,g0615,1,relevant,Language change,b,mlp_b_00,sigmoid,0.004987217485904694,0.10414617003332163,0.5,0,0.23768152094704456,0,0.11729335980726327,0,0.5541603565216064,0.5633333325386047,0.7450731992721558,0.2436771023788601,relevant
617,q_01644,3,g0616,0,irrelevant,OSS,c,mlp_c_06,sigmoid,0.029009882360696793,0.09833900499056088,0.5,0,0.36233221122745896,0,0.11025523996418578,0,0.1963164061307907,0.2322153896093368,0.4378973245620727,0.1459383636536012,irrelevant
618,q_01065,1,g0617,1,relevant,Other,b,mlp_b_00,sigmoid,0.331409752368927,0.35493643068969133,0.5,0,0.23768152094704456,1,0.11729335980726327,1,0.4857619106769562,0.4340891540050506,0.7359999418258667,0.1722676411279342,relevant
619,q_01600,0,g0618,0,irrelevant,OSS,c,mlp_c_06,sigmoid,0.9870136380195618,0.9230525357333187,0.5,1,0.32555279518719016,1,0.11662208400911445,1,0.5373432040214539,0.5368831753730774,0.7933030724525452,0.6043528098895433,irrelevant
620,q_00358,3,g0619,1,relevant,Medical,c,mlp_c_06,sigmoid,0.9999575614929199,0.9306237633220331,0.5,1,0.36233221122745896,1,0.11025523996418578,1,0.9860782623291016,0.9694187045097352,0.9386382102966307,0.9869604059474866,relevant
621,q_01192,3,g0620,0,irrelevant,Acknowledgment,c,mlp_c_06,sigmoid,0.011716441251337528,0.09099664438568765,0.5,0,0.36233221122745896,0,0.11025523996418578,0,0.4074962139129638,0.3571065366268158,0.3744041919708252,0.2188044246546948,irrelevant
622,q_01207,2,g0621,1,relevant,Feedback,c,mlp_c_13,sigmoid,0.1952780783176422,0.2227205296186061,0.5,0,0.4772407436879798,0,0.11423573115129508,1,0.2510656118392944,0.2285534739494323,0.5561071038246155,0.1259395854753322,relevant
623,q_00136,4,g0622,0,irrelevant,Acknowledgment,b,mlp_b_00,sigmoid,0.008615274913609028,0.11672617449878178,0.5,0,0.8974034020455047,0,0.11693543486357616,0,0.5655959248542786,0.387647807598114,0.2577435374259949,0.0726295454170853,irrelevant
624,q_01142,3,g0623,0,irrelevant,Acknowledgment,c,mlp_c_06,sigmoid,0.00021207251120358706,0.08638911008179624,0.5,0,0.36233221122745896,0,0.11025523996418578,0,0.074661374092102,0.1218192502856254,0.1351490616798401,0.0119490606530826,irrelevant
625,q_00516,1,g0624,1,relevant,Medical,b,mlp_b_00,sigmoid,0.9855740666389465,0.9253952031401784,0.5,1,0.23768152094704456,1,0.11729335980726327,1,0.7947697639465332,0.8582006096839905,0.8457390069961548,0.8788000376953797,relevant
626,q_00597,4,g0625,1,relevant,Medical,b,mlp_b_00,sigmoid,0.9999598264694214,0.9161472633884546,0.5,1,0.8974034020455047,1,0.11693543486357616,1,0.8210965991020203,0.8672471642494202,0.7025798559188843,0.9339713851387732,relevant
627,q_00424,3,g0626,1,relevant,Medical,c,mlp_c_06,sigmoid,0.9998077750205994,0.9305758189431366,0.5,1,0.36233221122745896,1,0.11025523996418578,1,0.8467316031455994,0.873127281665802,0.8961321711540222,0.9794803144469196,relevant
628,q_00735,4,g0627,1,relevant,Medical,b,mlp_b_00,sigmoid,0.9769867062568665,0.907945618578305,0.5,1,0.8974034020455047,1,0.11693543486357616,1,0.8036474585533142,0.6543576717376709,0.7911415100097656,0.7731299811921163,relevant
629,q_01497,3,g0628,0,irrelevant,Acknowledgment,c,mlp_c_06,sigmoid,0.005271055735647678,0.08838864616037886,0.5,0,0.36233221122745896,0,0.11025523996418578,0,0.2227176874876022,0.0582030825316906,0.486010879278183,0.0089840549687135,irrelevant
630,q_01169,0,g0629,0,irrelevant,Acknowledgment,c,mlp_c_06,sigmoid,1.9307719412609003e-05,0.07310667005936188,0.5,0,0.32555279518719016,0,0.11662208400911445,0,0.0526214465498924,0.0457126423716545,0.0843973979353904,0.0074124307023698,irrelevant
631,q_00617,2,g0630,1,relevant,Medical,c,mlp_c_13,sigmoid,0.9997895359992981,0.9184044901646706,0.5,1,0.4772407436879798,1,0.11423573115129508,1,0.939242959022522,0.9520501494407654,0.7356120347976685,0.98656699870092,relevant
632,q_00748,3,g0631,1,relevant,Medical,c,mlp_c_06,sigmoid,0.9762930870056152,0.9226583800514657,0.5,1,0.36233221122745896,1,0.11025523996418578,1,0.7860853672027588,0.834416925907135,0.7151538133621216,0.9632866012790984,relevant
633,q_00248,0,g0632,1,relevant,Language change,c,mlp_c_06,sigmoid,0.9998651742935181,0.9275726030717978,0.5,1,0.32555279518719016,1,0.11662208400911445,1,0.7963935732841492,0.7602461576461792,0.8199625611305237,0.9197591311257316,relevant
634,q_01127,3,g0633,0,irrelevant,Acknowledgment,c,mlp_c_06,sigmoid,0.9904851317405701,0.927530791005274,0.5,1,0.36233221122745896,1,0.11025523996418578,1,0.4199583232402801,0.0937222465872764,0.83427894115448,0.0263776329269398,irrelevant
635,q_01023,2,g0634,1,relevant,Date,c,mlp_c_13,sigmoid,0.987653911113739,0.9141577973191827,0.5,1,0.4772407436879798,1,0.11423573115129508,1,0.8156757950782776,0.8329982161521912,0.7826199531555176,0.9501345898881834,relevant
636,q_00099,3,g0635,0,irrelevant,Acknowledgment,c,mlp_c_06,sigmoid,0.24038192629814148,0.23717440511467802,0.5,0,0.36233221122745896,0,0.11025523996418578,1,0.2914938330650329,0.3344556093215942,0.582751989364624,0.0120762539022679,irrelevant
637,q_00625,2,g0636,1,relevant,Medical,c,mlp_c_13,sigmoid,0.9999580383300781,0.918462085665095,0.5,1,0.4772407436879798,1,0.11423573115129508,1,0.8648079037666321,0.8909597396850586,0.9126853346824646,0.965831886774388,relevant
638,q_01331,1,g0637,0,irrelevant,Acknowledgment,b,mlp_b_00,sigmoid,1.7451224266551435e-05,0.10195852465159819,0.5,0,0.23768152094704456,0,0.11729335980726327,0,0.5690622925758362,0.3211552500724792,0.3393504917621612,0.0840118311709896,irrelevant
639,q_00939,0,g0638,1,relevant,Medical,c,mlp_c_06,sigmoid,0.8151763677597046,0.8333826422433316,0.5,1,0.32555279518719016,1,0.11662208400911445,1,0.9176827669143676,0.8766852021217346,0.8500641584396362,0.9716000866862536,relevant
640,q_01443,0,g0639,0,irrelevant,Acknowledgment,c,mlp_c_06,sigmoid,0.7054678201675415,0.7410246058588016,0.5,1,0.32555279518719016,1,0.11662208400911445,1,0.3243619501590729,0.6116847395896912,0.6506080627441406,0.6495324746633998,irrelevant
641,q_01053,4,g0640,1,relevant,Medical,b,mlp_b_00,sigmoid,0.9999126195907593,0.9161311114752784,0.5,1,0.8974034020455047,1,0.11693543486357616,1,0.813696026802063,0.8230511546134949,0.7841092944145203,0.7542654324726568,relevant
642,q_00402,0,g0641,0,irrelevant,OSS,c,mlp_c_06,sigmoid,0.8098695874214172,0.829597563257428,0.5,1,0.32555279518719016,1,0.11662208400911445,1,0.4293176829814911,0.3709834516048431,0.7080726027488708,0.227282992414903,irrelevant
643,q_00246,2,g0642,1,relevant,Language change,c,mlp_c_13,sigmoid,0.9998075366020203,0.9184106446886656,0.5,1,0.4772407436879798,1,0.11423573115129508,1,0.8446338772773743,0.8996796607971191,0.8768717050552368,0.9858464309903328,relevant
644,q_00899,3,g0643,1,relevant,Medical,c,mlp_c_06,sigmoid,0.9708967208862305,0.9207281546081503,0.5,1,0.36233221122745896,1,0.11025523996418578,1,0.8297988176345825,0.7320239543914795,0.8203474283218384,0.9504561083853826,relevant
645,q_00772,0,g0644,1,relevant,Medical,c,mlp_c_06,sigmoid,0.9993599057197571,0.9273996105302759,0.5,1,0.32555279518719016,1,0.11662208400911445,1,0.8707424402236938,0.9159342050552368,0.7947201132774353,0.8196420930487625,relevant
646,q_01787,1,g0645,1,relevant,Delivery confirmation,b,mlp_b_00,sigmoid,0.9999369382858276,0.9299823709298026,0.5,1,0.23768152094704456,1,0.11729335980726327,1,0.6777316331863403,0.8534833788871765,0.8076348900794983,0.8844990453201014,relevant
647,q_00979,2,g0646,0,irrelevant,Automated message,c,mlp_c_13,sigmoid,5.390272053773515e-05,0.10520988617584676,0.5,0,0.4772407436879798,0,0.11423573115129508,0,0.2687638998031616,0.1696250289678573,0.2128617614507675,0.0104956381950881,irrelevant
648,q_00980,4,g0647,0,irrelevant,Automated message,b,mlp_b_00,sigmoid,1.1161740758325323e-06,0.11282870246844451,0.5,0,0.8974034020455047,0,0.11693543486357616,0,0.1506842672824859,0.2250007092952728,0.2746570408344269,0.1547786588090959,irrelevant
649,q_01269,2,g0648,1,relevant,Medical,c,mlp_c_13,sigmoid,0.9986560344696045,0.9180160856385837,0.5,1,0.4772407436879798,1,0.11423573115129508,1,0.8772700428962708,0.9401747584342957,0.8423143625259399,0.968219579048048,relevant
650,q_01687,3,g0649,1,relevant,Language change,c,mlp_c_06,sigmoid,0.947001576423645,0.9116423293658256,0.5,1,0.36233221122745896,1,0.11025523996418578,1,0.8965606689453125,0.8938957452774048,0.8009830117225647,0.9688824415710388,relevant
651,q_00038,1,g0650,0,irrelevant,Acknowledgment,b,mlp_b_00,sigmoid,3.0558840080630034e-06,0.10195224752848434,0.5,0,0.23768152094704456,0,0.11729335980726327,0,0.0402163006365299,0.0522533692419528,0.0720653384923935,0.0042857753377511,irrelevant
652,q_00493,2,g0651,1,relevant,Medical,c,mlp_c_13,sigmoid,0.994438886642456,0.9165562175079635,0.5,1,0.4772407436879798,1,0.11423573115129508,1,0.7419710755348206,0.7882379293441772,0.8329811096191406,0.9518463860859492,relevant
653,q_01372,4,g0652,0,irrelevant,Acknowledgment,b,mlp_b_00,sigmoid,0.001159762148745358,0.1133462420020743,0.5,0,0.8974034020455047,0,0.11693543486357616,0,0.466659814119339,0.259211003780365,0.3335692584514618,0.0597073819553436,irrelevant
654,q_00079,2,g0653,0,irrelevant,Greeting,c,mlp_c_13,sigmoid,0.00043745050788857043,0.10537474771074332,0.5,0,0.4772407436879798,0,0.11423573115129508,0,0.3302657604217529,0.3873829543590545,0.3791126310825348,0.1145888041807378,irrelevant
655,q_01526,2,g0654,0,irrelevant,Acknowledgment,c,mlp_c_13,sigmoid,0.9691336750984192,0.9072903646971657,0.5,1,0.4772407436879798,1,0.11423573115129508,1,0.5325881242752075,0.6938338875770569,0.7284713983535767,0.773906847191035,irrelevant
656,q_01677,1,g0655,1,relevant,Language change,b,mlp_b_00,sigmoid,0.9689465165138245,0.9197406287924141,0.5,1,0.23768152094704456,1,0.11729335980726327,1,0.6804403066635132,0.5746802091598511,0.56807941198349,0.7306315787841264,relevant
657,q_01046,4,g0656,1,relevant,Other,b,mlp_b_00,sigmoid,0.803579568862915,0.8200287309108694,0.5,1,0.8974034020455047,0,0.11693543486357616,1,0.587923526763916,0.5377769470214844,0.6729788780212402,0.4086798765118102,relevant
658,q_00531,0,g0657,1,relevant,Medical,c,mlp_c_06,sigmoid,0.9989866614341736,0.9272715756283368,0.5,1,0.32555279518719016,1,0.11662208400911445,1,0.7975971102714539,0.7848737239837646,0.8329721093177795,0.8108498819998188,relevant
659,q_00311,4,g0658,1,relevant,Language change,b,mlp_b_00,sigmoid,0.9999982118606567,0.916160394931629,0.5,1,0.8974034020455047,1,0.11693543486357616,1,0.8455957174301147,0.9153781533241272,0.6790223121643066,0.967695180836376,relevant
660,q_01174,4,g0659,0,irrelevant,Acknowledgment,b,mlp_b_00,sigmoid,8.833390893414617e-05,0.11286758865465195,0.5,0,0.8974034020455047,0,0.11693543486357616,0,0.0909222736954689,0.057647705078125,0.2425050884485244,0.0083893487990714,irrelevant
661,q_00486,0,g0660,1,relevant,Medical,c,mlp_c_06,sigmoid,0.9999929666519165,0.9276162960372384,0.5,1,0.32555279518719016,1,0.11662208400911445,1,0.9703890681266784,0.9658446311950684,0.9372580647468568,0.9913993402854429,relevant
662,q_00530,2,g0661,1,relevant,Medical,c,mlp_c_13,sigmoid,0.9899272918701172,0.9149682929826928,0.5,1,0.4772407436879798,1,0.11423573115129508,1,0.8089933395385742,0.9286067485809326,0.6751453280448914,0.965643493536653,relevant
663,q_00877,3,g0662,1,relevant,Medical,c,mlp_c_06,sigmoid,0.9999904632568359,0.9306342905724471,0.5,1,0.36233221122745896,1,0.11025523996418578,1,0.948215901851654,0.95393967628479,0.9446666836738586,0.9818423204585844,relevant
664,q_01734,4,g0663,1,relevant,Delivery confirmation,b,mlp_b_00,sigmoid,0.06089272350072861,0.14295156008019952,0.5,0,0.8974034020455047,0,0.11693543486357616,1,0.337688684463501,0.535440981388092,0.7423014044761658,0.5056585664971888,relevant
665,q_01599,1,g0664,0,irrelevant,OSS,b,mlp_b_00,sigmoid,2.4952782041509636e-05,0.10196179585988335,0.5,0,0.23768152094704456,0,0.11729335980726327,0,0.5160117745399475,0.2641236484050751,0.7030519843101501,0.0799024758210159,irrelevant
666,q_00827,4,g0665,1,relevant,Medical,b,mlp_b_00,sigmoid,0.9999970197677612,0.9161599871478399,0.5,1,0.8974034020455047,1,0.11693543486357616,1,0.9848102927207948,0.9616237282752992,0.94543194770813,0.9844324787026512,relevant
667,q_01298,4,g0666,0,irrelevant,Acknowledgment,b,mlp_b_00,sigmoid,3.4044701351376716e-06,0.11282972256002555,0.5,0,0.8974034020455047,0,0.11693543486357616,0,0.041842833161354,0.045205682516098,0.0703703165054321,0.0061957136189445,irrelevant
668,q_00843,3,g0667,1,relevant,Medical,c,mlp_c_06,sigmoid,0.9996930360794067,0.9305390720101548,0.5,1,0.36233221122745896,1,0.11025523996418578,1,0.8326681852340698,0.9195256233215332,0.8874479532241821,0.9777242896352732,relevant
669,q_01625,2,g0668,0,irrelevant,OSS,c,mlp_c_13,sigmoid,0.9846692681312561,0.9130831001397286,0.5,1,0.4772407436879798,1,0.11423573115129508,1,0.7033023834228516,0.5064913034439087,0.6681176424026489,0.624026134172816,irrelevant
670,q_00556,2,g0669,1,relevant,Medical,c,mlp_c_13,sigmoid,0.9999953508377075,0.9184748343802216,0.5,1,0.4772407436879798,1,0.11423573115129508,1,0.7670841217041016,0.5542322397232056,0.8909900188446045,0.7635639603652097,relevant
671,q_01425,3,g0670,1,relevant,Medical,c,mlp_c_06,sigmoid,0.4892151951789856,0.5162474463991252,0.5,1,0.36233221122745896,1,0.11025523996418578,1,0.9464905858039856,0.9333950281143188,0.4802559614181518,0.9810998223004164,relevant
672,q_01011,1,g0671,1,relevant,Date,b,mlp_b_00,sigmoid,0.9998801946640015,0.9299647722431169,0.5,1,0.23768152094704456,1,0.11729335980726327,1,0.6313655376434326,0.7742190957069397,0.7810314297676086,0.9829924203258756,relevant
673,q_01627,0,g0672,0,irrelevant,OSS,c,mlp_c_06,sigmoid,0.1530468761920929,0.14667728469097838,0.5,0,0.32555279518719016,0,0.11662208400911445,1,0.7272985577583313,0.775677502155304,0.6711602807044983,0.9017852036342938,irrelevant
674,q_00833,0,g0673,1,relevant,Medical,c,mlp_c_06,sigmoid,0.9999423027038574,0.927598976641027,0.5,1,0.32555279518719016,1,0.11662208400911445,1,0.8717032670974731,0.8939989805221558,0.8793543577194214,0.8827962860817508,relevant
675,q_00397,3,g0674,1,relevant,Medical,c,mlp_c_06,sigmoid,0.9633105993270874,0.9179402085532445,0.5,1,0.36233221122745896,1,0.11025523996418578,1,0.748608410358429,0.9695683121681212,0.7488138675689697,0.9719483572302758,relevant
676,q_01330,4,g0675,0,irrelevant,Acknowledgment,b,mlp_b_00,sigmoid,0.0015680425567552447,0.11352910388975587,0.5,0,0.8974034020455047,0,0.11693543486357616,0,0.0561980307102203,0.0754246413707733,0.3288075923919678,0.0084869501967125,irrelevant
677,q_00767,1,g0676,1,relevant,Medical,b,mlp_b_00,sigmoid,0.9999991655349731,0.9300016656286658,0.5,1,0.23768152094704456,1,0.11729335980726327,1,0.9693394303321838,0.9575788378715516,0.9308107495307922,0.9883338772971024,relevant
678,q_00837,1,g0677,1,relevant,Medical,b,mlp_b_00,sigmoid,0.762769877910614,0.8110614201335979,0.5,1,0.23768152094704456,1,0.11729335980726327,1,0.8675891160964966,0.7593641877174377,0.9057452082633972,0.7714183523833872,relevant
679,q_00984,4,g0678,0,irrelevant,Automated message,b,mlp_b_00,sigmoid,1.915781649586279e-05,0.1128367454082462,0.5,0,0.8974034020455047,0,0.11693543486357616,0,0.1989334523677826,0.0858360230922699,0.185309037566185,0.0166090133327607,irrelevant
680,q_01389,0,g0679,1,relevant,Feedback,c,mlp_c_06,sigmoid,0.9998726844787598,0.927575171521036,0.5,1,0.32555279518719016,1,0.11662208400911445,1,0.7030957937240601,0.8622822761535645,0.8761934041976929,0.9373109883207558,relevant
681,q_00118,4,g0680,0,irrelevant,Acknowledgment,b,mlp_b_00,sigmoid,0.9670782685279846,0.9041904882821046,0.5,1,0.8974034020455047,1,0.11693543486357616,1,0.6275632381439209,0.6549479365348816,0.5924232602119446,0.782277854104361,irrelevant
682,q_00412,1,g0681,1,relevant,Medical,b,mlp_b_00,sigmoid,0.5044022798538208,0.556373903016922,0.5,1,0.23768152094704456,1,0.11729335980726327,1,0.7116273641586304,0.5825585126876831,0.7546851634979248,0.7412463002928006,relevant
683,q_00563,3,g0682,1,relevant,Medical,c,mlp_c_06,sigmoid,0.8737673759460449,0.8777074895153136,0.5,1,0.36233221122745896,1,0.11025523996418578,1,0.678296685218811,0.6134730577468872,0.6778087615966797,0.7711145341838613,relevant
684,q_00168,3,g0683,0,irrelevant,Acknowledgment,c,mlp_c_06,sigmoid,0.043114498257637024,0.10471368393686428,0.5,0,0.36233221122745896,0,0.11025523996418578,0,0.3542633652687073,0.4265917539596557,0.4048756062984466,0.4294231156253601,irrelevant
685,q_00808,0,g0684,1,relevant,Medical,c,mlp_c_06,sigmoid,0.9999542236328125,0.9276030521367662,0.5,1,0.32555279518719016,1,0.11662208400911445,1,0.9479480981826782,0.9429141879081726,0.9255569577217102,0.9695101693042334,relevant
686,q_00060,4,g0685,0,irrelevant,Greeting,b,mlp_b_00,sigmoid,0.025573745369911194,0.12474097510865384,0.5,0,0.8974034020455047,0,0.11693543486357616,1,0.7419792413711548,0.6759053468704224,0.3197625279426574,0.7290147224174643,irrelevant
687,q_00368,0,g0686,1,relevant,Medical,c,mlp_c_06,sigmoid,0.9999794960021973,0.9276116914882454,0.5,1,0.32555279518719016,1,0.11662208400911445,1,0.6874679327011108,0.791393518447876,0.9333009719848632,0.9451024279995772,relevant
688,q_01105,3,g0687,1,relevant,Medical,c,mlp_c_06,sigmoid,0.997180700302124,0.9297299331340049,0.5,1,0.36233221122745896,1,0.11025523996418578,1,0.7499485611915588,0.7514792680740356,0.8104332089424133,0.8296038273362364,relevant
689,q_00809,3,g0688,1,relevant,Medical,c,mlp_c_06,sigmoid,0.9787794947624207,0.923533175204803,0.5,1,0.36233221122745896,1,0.11025523996418578,1,0.8674671053886414,0.8714359402656555,0.7300043702125549,0.9279725717780828,relevant
690,q_00773,3,g0689,1,relevant,Other,c,mlp_c_06,sigmoid,0.9964973330497742,0.9295083407320007,0.5,1,0.36233221122745896,1,0.11025523996418578,1,0.8950168490409851,0.848183810710907,0.8616371154785156,0.9212254826660674,relevant
691,q_00824,1,g0690,1,relevant,Medical,b,mlp_b_00,sigmoid,0.9999998807907104,0.9300018873782285,0.5,1,0.23768152094704456,1,0.11729335980726327,1,0.977510631084442,0.9825628995895386,0.9330813884735109,0.9932107446577458,relevant
692,q_01759,3,g0691,1,relevant,Delivery confirmation,c,mlp_c_06,sigmoid,0.9999470710754395,0.9306204064965529,0.5,1,0.36233221122745896,1,0.11025523996418578,1,0.8200179934501648,0.8485015630722046,0.9016838073730468,0.9797382691983124,relevant
693,q_01674,3,g0692,1,relevant,Language change,c,mlp_c_06,sigmoid,0.9997953772544861,0.930571849232512,0.5,1,0.36233221122745896,1,0.11025523996418578,1,0.8469570279121399,0.8378912210464478,0.8381757736206055,0.8699290659132684,relevant
694,q_01054,3,g0693,1,relevant,Other,c,mlp_c_06,sigmoid,0.9629473686218262,0.9178045036595074,0.5,1,0.36233221122745896,1,0.11025523996418578,1,0.8340544700622559,0.527121365070343,0.7404380440711975,0.1696597151405964,relevant
695,q_01197,1,g0694,0,irrelevant,Acknowledgment,b,mlp_b_00,sigmoid,8.492523875247571e-07,0.10195128535168417,0.5,0,0.23768152094704456,0,0.11729335980726327,0,0.0263327732682228,0.0434384159743785,0.0669001713395118,0.0036403086033238,irrelevant
696,q_00864,1,g0695,1,relevant,Medical,b,mlp_b_00,sigmoid,0.9999961853027344,0.9300007416651614,0.5,1,0.23768152094704456,1,0.11729335980726327,1,0.9265926480293274,0.9503864645957948,0.9614256620407104,0.9777694668431516,relevant
697,q_01122,0,g0696,0,irrelevant,Acknowledgment,c,mlp_c_06,sigmoid,0.00015804784197825938,0.0731545436967247,0.5,0,0.32555279518719016,0,0.11662208400911445,0,0.0565257295966148,0.0688503608107566,0.1594543755054474,0.0087385774693606,irrelevant
698,q_01206,2,g0697,0,irrelevant,Acknowledgment,c,mlp_c_13,sigmoid,0.0002514695515856147,0.10529477849608916,0.5,0,0.4772407436879798,0,0.11423573115129508,0,0.0874536037445068,0.070069633424282,0.1405596882104873,0.0177026191350517,irrelevant
699,q_01305,1,g0698,0,irrelevant,Acknowledgment,b,mlp_b_00,sigmoid,0.002170741790905595,0.10290133806136308,0.5,0,0.23768152094704456,0,0.11729335980726327,0,0.2749766111373901,0.4285829961299896,0.1991171538829803,0.0840118311709896,relevant
700,q_01803,4,g0699,1,relevant,Date,b,mlp_b_00,sigmoid,0.999832272529602,0.9161036140935088,0.5,1,0.8974034020455047,1,0.11693543486357616,1,0.7597407102584839,0.8625892400741577,0.7473340630531311,0.9481553645935862,relevant
701,q_00919,0,g0700,1,relevant,Medical,c,mlp_c_06,sigmoid,0.9789698719978333,0.920093267049118,0.5,1,0.32555279518719016,1,0.11662208400911445,1,0.6810622215270996,0.8734654188156128,0.7934608459472656,0.9514153965422774,relevant
702,q_00709,4,g0701,1,relevant,Medical,b,mlp_b_00,sigmoid,0.994388997554779,0.9142215788544177,0.5,1,0.8974034020455047,1,0.11693543486357616,1,0.9007072448730469,0.8380404710769653,0.8149547576904297,0.9462273867817876,relevant
703,q_00015,1,g0702,0,irrelevant,Greeting,b,mlp_b_00,sigmoid,3.3806016290327534e-05,0.10196565661413892,0.5,0,0.23768152094704456,0,0.11729335980726327,0,0.0930159613490104,0.0930970907211303,0.1874685734510421,0.004525318190638,irrelevant
704,q_01074,3,g0703,1,relevant,Other,c,mlp_c_06,sigmoid,0.9924835562705994,0.9281937281472652,0.5,1,0.36233221122745896,1,0.11025523996418578,1,0.737511932849884,0.6881493926048279,0.7771798968315125,0.6303153573386182,relevant
705,q_01108,1,g0704,1,relevant,Medical,b,mlp_b_00,sigmoid,0.5218177437782288,0.5767385047624659,0.5,1,0.23768152094704456,1,0.11729335980726327,1,0.6769856214523315,0.6837925314903259,0.7335249781608582,0.8318403200346618,relevant
706,q_01756,3,g0705,1,relevant,Delivery confirmation,c,mlp_c_06,sigmoid,0.9999992847442627,0.930637112844777,0.5,1,0.36233221122745896,1,0.11025523996418578,1,0.9646024107933044,0.9334786534309388,0.9186606407165528,0.9748718098455806,relevant
707,q_01470,4,g0706,0,irrelevant,Acknowledgment,b,mlp_b_00,sigmoid,5.092812571660943e-08,0.1128282275988848,0.5,0,0.8974034020455047,0,0.11693543486357616,0,0.2236116826534271,0.0992451310157775,0.1150623187422752,0.0458025713815385,irrelevant
708,q_00146,3,g0707,0,irrelevant,Acknowledgment,c,mlp_c_06,sigmoid,0.0002458059461787343,0.08640230638415837,0.5,0,0.36233221122745896,0,0.11025523996418578,0,0.1032395958900451,0.1599583774805069,0.1136880815029144,0.1429168479288662,irrelevant
709,q_01583,0,g0708,0,irrelevant,OSS,c,mlp_c_06,sigmoid,9.131284969043918e-06,0.0731031597172679,0.5,0,0.32555279518719016,0,0.11662208400911445,0,0.1056707799434661,0.1557677835226059,0.25374236702919,0.0437377335198509,irrelevant
710,q_01309,4,g0709,0,irrelevant,Acknowledgment,b,mlp_b_00,sigmoid,0.00025557525805197656,0.11294218623440429,0.5,0,0.8974034020455047,0,0.11693543486357616,0,0.4650114774703979,0.3909857869148254,0.4689995348453522,0.3293867261506675,relevant
711,q_01295,1,g0710,0,irrelevant,Acknowledgment,b,mlp_b_00,sigmoid,3.185743116773665e-05,0.10196480685612293,0.5,0,0.23768152094704456,0,0.11729335980726327,0,0.2175902426242828,0.145994022488594,0.1751131415367126,0.0077887039021624,irrelevant
712,q_00900,3,g0711,1,relevant,Medical,c,mlp_c_06,sigmoid,0.9988759160041809,0.9302768556667516,0.5,1,0.36233221122745896,1,0.11025523996418578,1,0.9116771817207336,0.925911784172058,0.8749538660049438,0.9832379630296624,relevant
713,q_00018,1,g0712,0,irrelevant,Greeting,b,mlp_b_00,sigmoid,0.9589767456054688,0.9161651320806361,0.5,1,0.23768152094704456,1,0.11729335980726327,1,0.5953823924064636,0.6397340893745422,0.6008650660514832,0.66151820419985,irrelevant
714,q_01465,3,g0713,0,irrelevant,Acknowledgment,c,mlp_c_06,sigmoid,0.008059646934270859,0.089508607748375,0.5,0,0.36233221122745896,0,0.11025523996418578,0,0.1554286479949951,0.0678727552294731,0.3744762539863586,0.0296749262268834,irrelevant
715,q_01532,2,g0714,0,irrelevant,Acknowledgment,c,mlp_c_13,sigmoid,0.01063513197004795,0.10984230205755939,0.5,0,0.4772407436879798,0,0.11423573115129508,0,0.4286658465862274,0.0266406293958425,0.4924867153167724,0.0043309563965553,irrelevant
716,q_01671,1,g0715,1,relevant,Language change,b,mlp_b_00,sigmoid,0.99870765209198,0.9296001986973699,0.5,1,0.23768152094704456,1,0.11729335980726327,1,0.5388488173484802,0.699962317943573,0.7188344597816467,0.9050165625010116,relevant
717,q_01263,0,g0716,0,irrelevant,Acknowledgment,c,mlp_c_06,sigmoid,0.00604634452611208,0.07521315633610984,0.5,0,0.32555279518719016,0,0.11662208400911445,0,0.075420930981636,0.0673450231552124,0.280471533536911,0.0152082323687001,irrelevant
718,q_00270,1,g0717,1,relevant,Language change,b,mlp_b_00,sigmoid,0.9996101260185242,0.92988095603421,0.5,1,0.23768152094704456,1,0.11729335980726327,1,0.9337115287780762,0.8741205334663391,0.8229831457138062,0.9222099072328972,relevant
719,q_00886,0,g0718,1,relevant,Medical,c,mlp_c_06,sigmoid,0.9999189376831055,0.9275909880558014,0.5,1,0.32555279518719016,1,0.11662208400911445,1,0.869020938873291,0.9009981155395508,0.8257083296775818,0.951674508104313,relevant
720,q_01199,1,g0719,0,irrelevant,Acknowledgment,b,mlp_b_00,sigmoid,1.1915266213691211e-06,0.1019514345959713,0.5,0,0.23768152094704456,0,0.11729335980726327,0,0.0584218874573707,0.0764853507280349,0.0832908824086189,0.0040588607281465,irrelevant
721,q_01396,3,g0720,0,irrelevant,Acknowledgment,c,mlp_c_06,sigmoid,0.023916393518447876,0.09612325038576364,0.5,0,0.36233221122745896,0,0.11025523996418578,0,0.1817834973335266,0.067556619644165,0.3572296500205993,0.008950661951109,irrelevant
722,q_00100,4,g0721,0,irrelevant,Acknowledgment,b,mlp_b_00,sigmoid,0.1016998216509819,0.16669199282719913,0.5,0,0.8974034020455047,0,0.11693543486357616,1,0.3023202121257782,0.3719167113304138,0.5191156268119812,0.0906183399542118,irrelevant
723,q_01409,1,g0722,0,irrelevant,Acknowledgment,b,mlp_b_00,sigmoid,2.062847670458723e-05,0.10195991014639974,0.5,0,0.23768152094704456,0,0.11729335980726327,0,0.3505243957042694,0.0654365792870521,0.35866379737854,0.004525318190638,irrelevant
724,q_01232,4,g0723,0,irrelevant,Acknowledgment,b,mlp_b_00,sigmoid,0.9997498393058777,0.9160753942477523,0.5,1,0.8974034020455047,1,0.11693543486357616,1,0.3675054907798767,0.5284130573272705,0.5175177454948425,0.4951210239487398,irrelevant
725,q_01153,2,g0724,0,irrelevant,Acknowledgment,c,mlp_c_13,sigmoid,0.11702115088701248,0.16701315967514385,0.5,0,0.4772407436879798,0,0.11423573115129508,1,0.7252625226974487,0.2144288569688797,0.4366111755371094,0.0481095579139071,irrelevant
726,q_01775,4,g0725,1,relevant,Delivery confirmation,b,mlp_b_00,sigmoid,0.9992035031318665,0.9158881457633745,0.5,1,0.8974034020455047,1,0.11693543486357616,1,0.8331393599510193,0.9286999106407166,0.925115406513214,0.969153928526014,relevant
727,q_01102,0,g0726,1,relevant,Other,c,mlp_c_06,sigmoid,0.8572542071342468,0.8610451896122835,0.5,1,0.32555279518719016,1,0.11662208400911445,1,0.5159246325492859,0.627743124961853,0.561125636100769,0.696906041410978,relevant
728,q_01262,1,g0727,0,irrelevant,Acknowledgment,b,mlp_b_00,sigmoid,3.553506303433096e-06,0.10195246451217926,0.5,0,0.23768152094704456,0,0.11729335980726327,0,0.1240146085619926,0.0764155238866806,0.1016160547733306,0.00698822692907,irrelevant
729,q_01308,3,g0728,0,irrelevant,Acknowledgment,c,mlp_c_06,sigmoid,0.014435412362217903,0.09211745050214276,0.5,0,0.36233221122745896,0,0.11025523996418578,0,0.3363452851772308,0.1117864847183227,0.4793350994586944,0.0078414678207406,irrelevant
730,q_00337,2,g0729,1,relevant,Medical,c,mlp_c_13,sigmoid,0.9975066781044006,0.9176205297818778,0.5,1,0.4772407436879798,1,0.11423573115129508,1,0.7050986289978027,0.7126767635345459,0.7611005902290344,0.7090184159092837,relevant
731,q_00708,3,g0730,1,relevant,Medical,c,mlp_c_06,sigmoid,0.9991059899330139,0.9303507795729882,0.5,1,0.36233221122745896,1,0.11025523996418578,1,0.6985726952552795,0.7470732927322388,0.8070070147514343,0.8706971811430891,relevant
732,q_00867,4,g0731,1,relevant,Medical,b,mlp_b_00,sigmoid,0.9999995231628418,0.9161608434917162,0.5,1,0.8974034020455047,1,0.11693543486357616,1,0.9836204051971436,0.9777387380599976,0.9246883392333984,0.9873358797975912,relevant
733,q_01080,1,g0732,1,relevant,Other,b,mlp_b_00,sigmoid,0.9992403984069824,0.9297660601167803,0.5,1,0.23768152094704456,1,0.11729335980726327,1,0.7657418847084045,0.776953935623169,0.7735472917556763,0.7990260777686686,relevant
734,q_01324,1,g0733,1,relevant,Feedback,b,mlp_b_00,sigmoid,2.8923818717885297e-07,0.10195104116509665,0.5,0,0.23768152094704456,0,0.11729335980726327,0,0.482679009437561,0.0728076100349426,0.6671498417854309,0.00698822692907,relevant
735,q_00890,0,g0734,1,relevant,Medical,c,mlp_c_06,sigmoid,0.9999532699584961,0.9276027261048907,0.5,1,0.32555279518719016,1,0.11662208400911445,1,0.9709163904190063,0.9696635603904724,0.9386840462684632,0.9896799243537308,relevant
736,q_01352,4,g0735,0,irrelevant,Acknowledgment,b,mlp_b_00,sigmoid,0.0006421959842555225,0.11311480214665105,0.5,0,0.8974034020455047,0,0.11693543486357616,0,0.2447168529033661,0.0559890978038311,0.2615488171577453,0.0067673005992469,irrelevant
737,q_01101,1,g0736,1,relevant,Other,b,mlp_b_00,sigmoid,0.821657657623291,0.8503529568149892,0.5,1,0.23768152094704456,1,0.11729335980726327,1,0.5979310870170593,0.8165202140808105,0.5472342371940613,0.7515849549985429,relevant
738,q_00392,3,g0737,1,relevant,Medical,c,mlp_c_06,sigmoid,0.9956617951393127,0.929236527196191,0.5,1,0.36233221122745896,1,0.11025523996418578,1,0.9164479970932008,0.9117989540100098,0.8564026951789856,0.972465954761115,relevant
739,q_01429,2,g0738,0,irrelevant,Acknowledgment,c,mlp_c_13,sigmoid,2.409918488410767e-05,0.10519708516432408,0.5,0,0.4772407436879798,0,0.11423573115129508,0,0.2195926755666732,0.1549169421195984,0.1344717442989349,0.0300340212534886,relevant
740,q_00120,3,g0739,1,relevant,Other,c,mlp_c_06,sigmoid,0.9866699576377869,0.9262494944922209,0.5,1,0.36233221122745896,1,0.11025523996418578,1,0.4076098501682281,0.4621010422706604,0.6479076743125916,0.7879523405410326,relevant
741,q_01167,0,g0740,1,relevant,Delivery confirmation,c,mlp_c_06,sigmoid,0.918502926826477,0.8943340306194167,0.5,1,0.32555279518719016,1,0.11662208400911445,1,0.828133761882782,0.8803210854530334,0.6363289952278137,0.971345078812842,relevant
742,q_00188,1,g0741,0,irrelevant,Acknowledgment,b,mlp_b_00,sigmoid,0.12322326004505157,0.16954035242653112,0.5,0,0.23768152094704456,0,0.11729335980726327,1,0.517478346824646,0.8008642196655273,0.5919455289840698,0.853535936618646,relevant
743,q_01538,0,g0742,1,relevant,Feedback,c,mlp_c_06,sigmoid,0.9917864203453064,0.924760609487972,0.5,1,0.32555279518719016,1,0.11662208400911445,1,0.7191101312637329,0.662244439125061,0.5833128690719604,0.8489843846674386,relevant
744,q_00143,4,g0743,0,irrelevant,Acknowledgment,b,mlp_b_00,sigmoid,6.89435692038387e-05,0.1128589424252665,0.5,0,0.8974034020455047,0,0.11693543486357616,0,0.4228925406932831,0.2558512687683105,0.1890710145235061,0.0119001345669111,irrelevant
745,q_01649,3,g0744,0,irrelevant,OSS,c,mlp_c_06,sigmoid,0.1416461169719696,0.1600871590421098,0.5,0,0.36233221122745896,0,0.11025523996418578,1,0.8567988276481628,0.7356846928596497,0.5007046461105347,0.8759394846982157,irrelevant
746,q_00353,0,g0745,1,relevant,Medical,c,mlp_c_06,sigmoid,0.9652153253555298,0.9147914857271235,0.5,1,0.32555279518719016,1,0.11662208400911445,1,0.72721266746521,0.9163146018981934,0.7479116320610046,0.9824153311818046,relevant
747,q_00442,1,g0746,1,relevant,Medical,b,mlp_b_00,sigmoid,0.9907207489013672,0.9270698591401111,0.5,1,0.23768152094704456,1,0.11729335980726327,1,0.8033536672592163,0.8257901668548584,0.8940057754516602,0.82405987857697,relevant
748,q_01604,3,g0747,0,irrelevant,OSS,c,mlp_c_06,sigmoid,0.37963318824768066,0.3827036291713762,0.5,0,0.36233221122745896,1,0.11025523996418578,1,0.3546900451183319,0.5628264546394348,0.5202072858810425,0.6575401557059157,irrelevant
749,q_01132,0,g0748,0,irrelevant,Acknowledgment,c,mlp_c_06,sigmoid,0.0001557628420414403,0.07315375500131235,0.5,0,0.32555279518719016,0,0.11662208400911445,0,0.0393311493098735,0.0576050020754337,0.0719353631138801,0.0035814580359417,irrelevant
750,q_00826,3,g0749,1,relevant,Medical,c,mlp_c_06,sigmoid,0.9999512434005737,0.9306217416155987,0.5,1,0.36233221122745896,1,0.11025523996418578,1,0.9745473265647888,0.9745951890945436,0.9047192931175232,0.9827997626959925,relevant
751,q_00800,0,g0750,1,relevant,Medical,c,mlp_c_06,sigmoid,0.9999475479125977,0.9276007698852106,0.5,1,0.32555279518719016,1,0.11662208400911445,1,0.8264877200126648,0.927004873752594,0.890704333782196,0.9567578311071224,relevant
752,q_00021,3,g0751,0,irrelevant,Greeting,c,mlp_c_06,sigmoid,0.9313814640045166,0.9052045594414905,0.5,1,0.36233221122745896,1,0.11025523996418578,1,0.1364195048809051,0.141272485256195,0.5859851837158203,0.0098660005573803,irrelevant
753,q_01200,4,g0752,0,irrelevant,Acknowledgment,b,mlp_b_00,sigmoid,0.006151636131107807,0.1155997242599544,0.5,0,0.8974034020455047,0,0.11693543486357616,0,0.1905490010976791,0.2646863460540771,0.0983922854065895,0.224735541632636,irrelevant
754,q_00710,0,g0753,1,relevant,Medical,c,mlp_c_06,sigmoid,0.9923999309539795,0.9249776282121996,0.5,1,0.32555279518719016,1,0.11662208400911445,1,0.7374932169914246,0.6454352140426636,0.7461150288581848,0.868821029311814,relevant
755,q_00559,3,g0754,1,relevant,Medical,c,mlp_c_06,sigmoid,0.9999889135360718,0.9306337947568739,0.5,1,0.36233221122745896,1,0.11025523996418578,1,0.7582224607467651,0.7393788695335388,0.8104170560836792,0.6457225327536888,relevant
756,q_00670,4,g0755,1,relevant,Medical,b,mlp_b_00,sigmoid,0.21893498301506042,0.2521548138518971,0.5,0,0.8974034020455047,0,0.11693543486357616,1,0.5104626417160034,0.7367713451385498,0.8180800080299377,0.8345089410509406,relevant
757,q_01518,0,g0756,0,irrelevant,Acknowledgment,c,mlp_c_06,sigmoid,0.6100537776947021,0.6377420743163763,0.5,1,0.32555279518719016,1,0.11662208400911445,1,0.5195127129554749,0.1022509858012199,0.5643980503082275,0.0106512785518474,irrelevant
758,q_01356,1,g0757,1,relevant,Feedback,b,mlp_b_00,sigmoid,1.7591213691048324e-05,0.10195858569600903,0.5,0,0.23768152094704456,0,0.11729335980726327,0,0.5905139446258545,0.128162071108818,0.5139462351799011,0.034968768962927,relevant
759,q_01440,3,g0758,0,irrelevant,Acknowledgment,c,mlp_c_06,sigmoid,0.02694411389529705,0.09743492663559963,0.5,0,0.36233221122745896,0,0.11025523996418578,0,0.3535042703151703,0.4957346618175506,0.4418018162250519,0.4214397118677226,irrelevant
760,q_00760,4,g0759,1,relevant,Medical,b,mlp_b_00,sigmoid,0.9998214840888977,0.9160999213140529,0.5,1,0.8974034020455047,1,0.11693543486357616,1,0.8620306253433228,0.8452457189559937,0.6306911706924438,0.7981638541212793,relevant
761,q_01720,0,g0760,1,relevant,Delivery confirmation,c,mlp_c_06,sigmoid,0.9994226694107056,0.92742112009769,0.5,1,0.32555279518719016,1,0.11662208400911445,1,0.8818506002426147,0.920844793319702,0.8597962260246277,0.9250530815811516,relevant
762,q_01726,4,g0761,1,relevant,Delivery confirmation,b,mlp_b_00,sigmoid,0.9999469518661499,0.9161428586015017,0.5,1,0.8974034020455047,1,0.11693543486357616,1,0.9188774824142456,0.951044261455536,0.8971096873283386,0.9847264224039992,relevant
763,q_01189,3,g0762,0,irrelevant,Acknowledgment,c,mlp_c_06,sigmoid,6.056763140804833e-06,0.08630855764691268,0.5,0,0.36233221122745896,0,0.11025523996418578,0,0.1088488698005676,0.0942186713218689,0.0701857581734657,0.0182994189024605,irrelevant
764,q_00750,0,g0763,1,relevant,Medical,c,mlp_c_06,sigmoid,0.9999874830245972,0.9276144216516539,0.5,1,0.32555279518719016,1,0.11662208400911445,1,0.9843815565109252,0.9531445503234864,0.937234342098236,0.98054837432204,relevant
765,q_01208,3,g0764,0,irrelevant,Acknowledgment,c,mlp_c_06,sigmoid,3.399659908609465e-05,0.08631947817244681,0.5,0,0.36233221122745896,0,0.11025523996418578,0,0.0774625018239021,0.0681593790650367,0.0930369272828102,0.0103672730629538,irrelevant
766,q_00468,4,g0765,1,relevant,Medical,b,mlp_b_00,sigmoid,0.999998927116394,0.9161606396010379,0.5,1,0.8974034020455047,1,0.11693543486357616,1,0.9620314240455629,0.9726028442382812,0.9473321437835692,0.9854255509090842,relevant
767,q_00694,4,g0766,1,relevant,Medical,b,mlp_b_00,sigmoid,0.9999998807907104,0.916160965825907,0.5,1,0.8974034020455047,1,0.11693543486357616,1,0.9882036447525024,0.9763510227203368,0.8794909715652466,0.9858623860043448,relevant
768,q_01150,2,g0767,0,irrelevant,Acknowledgment,c,mlp_c_13,sigmoid,0.00046535476576536894,0.10538675077373444,0.5,0,0.4772407436879798,0,0.11423573115129508,0,0.6886202692985535,0.6133724451065063,0.3835285305976867,0.6543441039574639,irrelevant
769,q_01433,0,g0768,1,relevant,Delivery confirmation,c,mlp_c_06,sigmoid,0.4983639717102051,0.4992498244929222,0.5,0,0.32555279518719016,1,0.11662208400911445,1,0.3420462906360626,0.3413722515106201,0.3546288907527923,0.1316805689235983,relevant
770,q_01184,1,g0769,0,irrelevant,Acknowledgment,b,mlp_b_00,sigmoid,0.012976315803825855,0.10774985212878806,0.5,0,0.23768152094704456,0,0.11729335980726327,0,0.1905896812677383,0.2767152786254883,0.3539438545703888,0.1243322120474276,irrelevant
771,q_00019,0,g0770,0,irrelevant,Greeting,c,mlp_c_06,sigmoid,0.0008707062806934118,0.07340090885410426,0.5,0,0.32555279518719016,0,0.11662208400911445,0,0.2771479487419128,0.208515927195549,0.3252463936805725,0.031643516203898,irrelevant
772,q_00447,3,g0771,1,relevant,Medical,c,mlp_c_06,sigmoid,0.9835508465766907,0.9251865082201159,0.5,1,0.36233221122745896,1,0.11025523996418578,1,0.8611063361167908,0.8468053340911865,0.8078922033309937,0.8582494581115883,relevant
773,q_00696,3,g0772,1,relevant,Medical,c,mlp_c_06,sigmoid,0.9988343119621277,0.9302634803329118,0.5,1,0.36233221122745896,1,0.11025523996418578,1,0.9890117645263672,0.937325119972229,0.7819023132324219,0.9817577542749956,relevant
774,q_01239,4,g0773,0,irrelevant,Acknowledgment,b,mlp_b_00,sigmoid,0.05973208695650101,0.14231945840890056,0.5,0,0.8974034020455047,0,0.11693543486357616,1,0.1524878442287445,0.2455976605415344,0.1821876764297485,0.1053469751949089,irrelevant
775,q_00362,1,g0774,1,relevant,Medical,b,mlp_b_00,sigmoid,0.9982284903526306,0.929450710750577,0.5,1,0.23768152094704456,1,0.11729335980726327,1,0.8185639381408691,0.9079455733299256,0.8331058025360107,0.985526025431871,relevant
776,q_00497,2,g0775,1,relevant,Medical,c,mlp_c_13,sigmoid,0.999650239944458,0.9183568496271646,0.5,1,0.4772407436879798,1,0.11423573115129508,1,0.7153235673904419,0.7145528793334961,0.8294644355773926,0.6752011944506477,relevant
777,q_00109,2,g0776,0,irrelevant,Acknowledgment,c,mlp_c_13,sigmoid,0.10097435861825943,0.15707402355891234,0.5,0,0.4772407436879798,0,0.11423573115129508,1,0.7152355909347534,0.7644340991973877,0.4900124967098236,0.8683082798970998,irrelevant
778,q_00292,3,g0777,1,relevant,Language change,c,mlp_c_06,sigmoid,0.9635555744171143,0.9180316172986824,0.5,1,0.36233221122745896,1,0.11025523996418578,1,0.6900106072425842,0.8226557374000549,0.6050205826759338,0.900599195764663,relevant
779,q_01152,1,g0778,0,irrelevant,Acknowledgment,b,mlp_b_00,sigmoid,0.0005412537720985711,0.10218716316647557,0.5,0,0.23768152094704456,0,0.11729335980726327,0,0.2656049728393554,0.3181065022945404,0.1486275196075439,0.0559319775425909,irrelevant
780,q_01498,0,g0779,0,irrelevant,Acknowledgment,c,mlp_c_06,sigmoid,0.0014964722795411944,0.07361786509221692,0.5,0,0.32555279518719016,0,0.11662208400911445,0,0.2047074437141418,0.1001372784376144,0.3021760880947113,0.0074560155732109,irrelevant
781,q_01094,4,g0780,1,relevant,Other,b,mlp_b_00,sigmoid,0.9946563243865967,0.9143148948427525,0.5,1,0.8974034020455047,1,0.11693543486357616,1,0.6885843276977539,0.5732118487358093,0.724017322063446,0.8217814364006489,relevant
782,q_00714,3,g0781,1,relevant,Medical,c,mlp_c_06,sigmoid,0.9999967813491821,0.9306363119404564,0.5,1,0.36233221122745896,1,0.11025523996418578,1,0.9873383045196532,0.9833067059516908,0.9012346267700196,0.9878879384515578,relevant
783,q_00281,3,g0782,1,relevant,Language change,c,mlp_c_06,sigmoid,0.9979402422904968,0.929975470657855,0.5,1,0.36233221122745896,1,0.11025523996418578,1,0.6706112027168274,0.8686904907226562,0.8526344895362854,0.9418756898647936,relevant
784,q_01697,4,g0783,1,relevant,Language change,b,mlp_b_00,sigmoid,0.9999920129776001,0.916158274436248,0.5,1,0.8974034020455047,1,0.11693543486357616,1,0.8094142079353333,0.858837902545929,0.8944045901298523,0.959515939138414,relevant
785,q_01678,0,g0784,1,relevant,Language change,c,mlp_c_06,sigmoid,0.9962819218635559,0.9263375283289309,0.5,1,0.32555279518719016,1,0.11662208400911445,1,0.8463115692138672,0.8355439305305481,0.8231183290481567,0.959766358731216,relevant
786,q_01261,1,g0785,0,irrelevant,Acknowledgment,b,mlp_b_00,sigmoid,0.0002865793649107218,0.10207594172105487,0.5,0,0.23768152094704456,0,0.11729335980726327,0,0.2094543278217315,0.1803572177886963,0.1417692452669143,0.0141141265606898,irrelevant
787,q_01229,3,g0786,0,irrelevant,Acknowledgment,c,mlp_c_06,sigmoid,0.00010736277181422338,0.08634815992964487,0.5,0,0.36233221122745896,0,0.11025523996418578,0,0.0426118597388267,0.0654854029417038,0.0879500806331634,0.0067335564943306,irrelevant
788,q_01523,3,g0787,1,relevant,Feedback,c,mlp_c_06,sigmoid,0.42496687173843384,0.43698450398986516,0.5,0,0.36233221122745896,1,0.11025523996418578,1,0.8165139555931091,0.7875125408172607,0.6511908769607544,0.9472952890083356,relevant
789,q_01002,1,g0788,0,irrelevant,Automated message,b,mlp_b_00,sigmoid,0.0002968189655803144,0.10208041149002983,0.5,0,0.23768152094704456,0,0.11729335980726327,0,0.1669104546308517,0.1792601346969604,0.1468581706285476,0.0409408636112819,irrelevant
790,q_00186,4,g0789,0,irrelevant,Acknowledgment,b,mlp_b_00,sigmoid,1.922824958455749e-05,0.11283677680820252,0.5,0,0.8974034020455047,0,0.11693543486357616,0,0.3294309079647064,0.2298708707094192,0.1828977316617965,0.0125944240289872,irrelevant
791,q_01760,0,g0790,1,relevant,Delivery confirmation,c,mlp_c_06,sigmoid,0.9999992847442627,0.9276184555999304,0.5,1,0.32555279518719016,1,0.11662208400911445,1,0.9774135947227478,0.9621201157569884,0.9475886225700378,0.981963544852078,relevant
792,q_00390,2,g0791,1,relevant,Medical,c,mlp_c_13,sigmoid,0.758170485496521,0.7889200477756128,0.5,1,0.4772407436879798,1,0.11423573115129508,1,0.6728859543800354,0.5033116936683655,0.6561946272850037,0.3013192261833188,relevant
793,q_01736,1,g0792,1,relevant,Delivery confirmation,b,mlp_b_00,sigmoid,0.9999765157699585,0.9299946432231724,0.5,1,0.23768152094704456,1,0.11729335980726327,1,0.8920018076896667,0.9191904067993164,0.9259921312332152,0.9777694668431516,relevant
794,q_00230,2,g0793,0,irrelevant,Spam,c,mlp_c_13,sigmoid,0.9314781427383423,0.8917921487880669,0.5,1,0.4772407436879798,1,0.11423573115129508,1,0.8368199467658997,0.657322108745575,0.5975021123886108,0.7608690903504617,irrelevant
795,q_01504,0,g0794,0,irrelevant,Acknowledgment,c,mlp_c_06,sigmoid,0.004005041904747486,0.07449353712406304,0.5,0,0.32555279518719016,0,0.11662208400911445,0,0.1583141386508941,0.0589014030992984,0.47120001912117,0.0042307096145504,irrelevant
796,q_00633,2,g0795,1,relevant,Medical,c,mlp_c_13,sigmoid,0.9935662150382996,0.9162511848249598,0.5,1,0.4772407436879798,1,0.11423573115129508,1,0.6853436231613159,0.8012946844100952,0.7865407466888428,0.8820010793074857,relevant
797,q_01063,0,g0796,1,relevant,Other,c,mlp_c_06,sigmoid,0.9351357221603394,0.9020726214223144,0.5,1,0.32555279518719016,1,0.11662208400911445,1,0.2664170265197754,0.2595493197441101,0.7657884955406189,0.1635214515906204,relevant
798,q_00419,0,g0797,1,relevant,Medical,c,mlp_c_06,sigmoid,0.9308055639266968,0.900108019110173,0.5,1,0.32555279518719016,1,0.11662208400911445,1,0.6471654772758484,0.8454188704490662,0.6347054839134216,0.9312705954817528,relevant
799,q_00013,1,g0798,0,irrelevant,Greeting,b,mlp_b_00,sigmoid,4.317481580073945e-05,0.10196974233930917,0.5,0,0.23768152094704456,0,0.11729335980726327,0,0.1727858781814575,0.1061212196946144,0.2258895635604858,0.0091629622301494,irrelevant
800,q_00730,0,g0799,1,relevant,Medical,c,mlp_c_06,sigmoid,0.999954104423523,0.927603011382856,0.5,1,0.32555279518719016,1,0.11662208400911445,1,0.9016892313957214,0.9203320145606996,0.8726780414581299,0.9398031965312288,relevant
801,q_01480,2,g0800,0,irrelevant,Acknowledgment,c,mlp_c_13,sigmoid,0.00010922158980974928,0.10523365000304341,0.5,0,0.4772407436879798,0,0.11423573115129508,0,0.0500940605998039,0.0787207931280136,0.1166729554533958,0.0125075305296951,irrelevant
802,q_00795,2,g0801,1,relevant,Medical,c,mlp_c_13,sigmoid,0.9997236132621765,0.9183819471375481,0.5,1,0.4772407436879798,1,0.11423573115129508,1,0.898045003414154,0.9249013066291808,0.9126858711242676,0.9072290232407764,relevant
803,q_01314,4,g0802,0,irrelevant,Acknowledgment,b,mlp_b_00,sigmoid,0.04791746288537979,0.13601696741180147,0.5,0,0.8974034020455047,0,0.11693543486357616,1,0.6179487705230713,0.5575493574142456,0.6354740858078003,0.6832661768544858,irrelevant
804,q_00039,3,g0803,0,irrelevant,Greeting,c,mlp_c_06,sigmoid,0.0324401929974556,0.09985678635793699,0.5,0,0.36233221122745896,0,0.11025523996418578,0,0.4283868074417114,0.4670531451702118,0.4521555304527282,0.0931739163354859,irrelevant
805,q_00108,1,g0804,1,relevant,Other,b,mlp_b_00,sigmoid,0.029665416106581688,0.11563275687452368,0.5,0,0.23768152094704456,0,0.11729335980726327,0,0.6653541326522827,0.7145674824714661,0.5877489447593689,0.6110098645042654,relevant
806,q_01405,0,g0805,0,irrelevant,Acknowledgment,c,mlp_c_06,sigmoid,0.005321366712450981,0.07495685197054898,0.5,0,0.32555279518719016,0,0.11662208400911445,0,0.4586298167705536,0.517663836479187,0.3445388376712799,0.3204622376947344,irrelevant
807,q_00603,3,g0806,1,relevant,Medical,c,mlp_c_06,sigmoid,0.9303262829780579,0.9047548595042185,0.5,1,0.36233221122745896,1,0.11025523996418578,1,0.5197014808654785,0.8052500486373901,0.7469723224639893,0.9082448162547976,relevant
808,q_01313,1,g0807,0,irrelevant,Acknowledgment,b,mlp_b_00,sigmoid,0.6311633586883545,0.6963870780838841,0.5,1,0.23768152094704456,1,0.11729335980726327,1,0.503956139087677,0.4077712297439575,0.2876337766647339,0.2643714145230899,irrelevant
809,q_00328,3,g0808,1,relevant,Medical,c,mlp_c_06,sigmoid,0.9999895095825195,0.9306339854555594,0.5,1,0.36233221122745896,1,0.11025523996418578,1,0.9516324996948242,0.9316712021827698,0.9141438603401184,0.9653276541119056,relevant
810,q_00658,3,g0809,1,relevant,Medical,c,mlp_c_06,sigmoid,0.7980445027351379,0.8314034085890656,0.5,1,0.36233221122745896,1,0.11025523996418578,1,0.901539146900177,0.8978819847106934,0.6051936149597168,0.9740709081579504,relevant
811,q_00545,3,g0810,1,relevant,Medical,c,mlp_c_06,sigmoid,0.9977705478668213,0.9299206823726596,0.5,1,0.36233221122745896,1,0.11025523996418578,1,0.853983461856842,0.8678413033485413,0.9201418161392212,0.9417397213047832,relevant
812,q_00376,0,g0811,1,relevant,Medical,c,mlp_c_06,sigmoid,0.9996339082717896,0.9274934700248794,0.5,1,0.32555279518719016,1,0.11662208400911445,1,0.8395033478736877,0.7993717789649963,0.8282778263092041,0.7379745609183866,relevant
813,q_00635,2,g0812,1,relevant,Medical,c,mlp_c_13,sigmoid,0.9999098777770996,0.918445627768884,0.5,1,0.4772407436879798,1,0.11423573115129508,1,0.9260424375534058,0.8357990980148315,0.7653230428695679,0.8744762304398346,relevant
814,q_00407,0,g0813,1,relevant,Medical,c,mlp_c_06,sigmoid,0.9999357461929321,0.9275967350282118,0.5,1,0.32555279518719016,1,0.11662208400911445,1,0.9739708304405212,0.9767444729804992,0.8245683908462524,0.9877688757322426,relevant
815,q_01066,4,g0814,1,relevant,Medical,b,mlp_b_00,sigmoid,0.9999542236328125,0.9161453465162621,0.5,1,0.8974034020455047,1,0.11693543486357616,1,0.7625295519828796,0.8641857504844666,0.7030194997787476,0.938824093791676,relevant
816,q_00110,3,g0815,0,irrelevant,Acknowledgment,c,mlp_c_06,sigmoid,0.0050614988431334496,0.08830499655599662,0.5,0,0.36233221122745896,0,0.11025523996418578,0,0.1573266237974167,0.0268891919404268,0.5754481554031372,0.0067374538991207,irrelevant
817,q_00659,3,g0816,1,relevant,Medical,c,mlp_c_06,sigmoid,0.6102997660636902,0.6604099797227483,0.5,1,0.36233221122745896,1,0.11025523996418578,1,0.7890873551368713,0.8351191282272339,0.6324381828308105,0.9087181460528184,relevant
818,q_00811,0,g0817,1,relevant,Medical,c,mlp_c_06,sigmoid,0.99859219789505,0.9271360356913623,0.5,1,0.32555279518719016,1,0.11662208400911445,1,0.9239038228988647,0.9173309206962584,0.8428442478179932,0.9416014914845016,relevant
819,q_01525,3,g0818,0,irrelevant,Acknowledgment,c,mlp_c_06,sigmoid,0.4260723888874054,0.43833297665409693,0.5,0,0.36233221122745896,1,0.11025523996418578,1,0.2844493687152862,0.1479007452726364,0.5576441287994385,0.0324588164980458,irrelevant
820,q_01095,2,g0819,1,relevant,Other,c,mlp_c_13,sigmoid,0.3549719452857971,0.372560756896691,0.5,0,0.4772407436879798,0,0.11423573115129508,1,0.4314439594745636,0.5892452001571655,0.5765780210494995,0.3741767914261306,relevant
821,q_01376,2,g0820,0,irrelevant,OSS,c,mlp_c_13,sigmoid,0.9998502731323242,0.9184252548941664,0.5,1,0.4772407436879798,1,0.11423573115129508,1,0.7923824787139893,0.9371387362480164,0.7137100696563721,0.9756993288404552,relevant
822,q_00517,4,g0821,1,relevant,Medical,b,mlp_b_00,sigmoid,0.9999958276748657,0.9161595793622487,0.5,1,0.8974034020455047,1,0.11693543486357616,1,0.9752792716026306,0.9364385604858398,0.7453253269195557,0.9811423730821138,relevant
823,q_01477,3,g0822,1,relevant,Feedback,c,mlp_c_06,sigmoid,0.08379149436950684,0.1251746954909119,0.5,0,0.36233221122745896,0,0.11025523996418578,1,0.4527249634265899,0.8468013405799866,0.4659238159656524,0.8574244026542643,relevant
824,q_01126,1,g0823,0,irrelevant,Acknowledgment,b,mlp_b_00,sigmoid,0.013927588239312172,0.10818617758727007,0.5,0,0.23768152094704456,0,0.11729335980726327,0,0.1925377994775772,0.2291263490915298,0.1741799116134643,0.0314634656514378,irrelevant
825,q_00049,0,g0824,0,irrelevant,Greeting,c,mlp_c_06,sigmoid,0.04788878932595253,0.09143565656093612,0.5,0,0.32555279518719016,0,0.11662208400911445,0,0.5589169859886169,0.7555897235870361,0.5687853097915649,0.8803985036151629,irrelevant
826,q_01071,0,g0825,1,relevant,Other,c,mlp_c_06,sigmoid,0.9866883158683777,0.9229348252075632,0.5,1,0.32555279518719016,1,0.11662208400911445,1,0.6944503784179688,0.7453145980834961,0.7066152095794678,0.695324236091786,relevant
827,q_01333,2,g0826,0,irrelevant,Acknowledgment,c,mlp_c_13,sigmoid,0.0007429516408592463,0.10550622523028283,0.5,0,0.4772407436879798,0,0.11423573115129508,0,0.2966189682483673,0.0782049968838691,0.3011855185031891,0.00911127750064,irrelevant
828,q_01075,4,g0827,1,relevant,Medical,b,mlp_b_00,sigmoid,0.9999480247497559,0.9161432256751095,0.5,1,0.8974034020455047,1,0.11693543486357616,1,0.8977556228637695,0.9548811316490172,0.7815990447998047,0.9700454172463984,relevant
829,q_01704,0,g0828,1,relevant,Language change,c,mlp_c_06,sigmoid,0.9626516103744507,0.9137686574476173,0.5,1,0.32555279518719016,1,0.11662208400911445,1,0.7626821398735046,0.83668452501297,0.6368403434753418,0.953439616504581,relevant
830,q_01528,3,g0829,0,irrelevant,Acknowledgment,c,mlp_c_06,sigmoid,0.11825847625732422,0.14510865699717215,0.5,0,0.36233221122745896,0,0.11025523996418578,1,0.3048208951950073,0.0548330210149288,0.4460368454456329,0.009503491994304,irrelevant
831,q_00403,4,g0830,1,relevant,Medical,b,mlp_b_00,sigmoid,0.9998966455459595,0.9161256452889112,0.5,1,0.8974034020455047,1,0.11693543486357616,1,0.8337804675102234,0.8615329265594482,0.9116069674491882,0.9496631491628816,relevant
832,q_00507,1,g0831,1,relevant,Medical,b,mlp_b_00,sigmoid,0.9999526739120483,0.9299872505135863,0.5,1,0.23768152094704456,1,0.11729335980726327,1,0.9342510104179382,0.9187280535697936,0.7466760277748108,0.9659995979549704,relevant
833,q_00420,2,g0832,1,relevant,Medical,c,mlp_c_13,sigmoid,0.9999971389770508,0.918475445295399,0.5,1,0.4772407436879798,1,0.11423573115129508,1,0.8135135173797607,0.8605326414108276,0.9134390950202942,0.9372441812045904,relevant
834,q_01765,4,g0833,1,relevant,Delivery confirmation,b,mlp_b_00,sigmoid,0.9998824596405029,0.9161207907177511,0.5,1,0.8974034020455047,1,0.11693543486357616,1,0.8546596765518188,0.889419674873352,0.7750285267829895,0.9387184390400112,relevant
835,q_01391,3,g0834,0,irrelevant,Acknowledgment,c,mlp_c_06,sigmoid,0.011385397054255009,0.09086102342921597,0.5,0,0.36233221122745896,0,0.11025523996418578,0,0.4668526351451874,0.0849398002028465,0.4262812435626983,0.0103291458321419,irrelevant
836,q_01700,1,g0835,1,relevant,Language change,b,mlp_b_00,sigmoid,0.9999896287918091,0.9299987089057529,0.5,1,0.23768152094704456,1,0.11729335980726327,1,0.9036118388175964,0.8715416193008423,0.8561803102493286,0.985526025431871,relevant
837,q_00641,3,g0836,1,relevant,Medical,c,mlp_c_06,sigmoid,0.07931949198246002,0.12276772562140018,0.5,0,0.36233221122745896,0,0.11025523996418578,1,0.8366087079048157,0.8474070429801941,0.6275849342346191,0.9542403076268514,relevant
838,q_01529,4,g0837,1,relevant,Medical,b,mlp_b_00,sigmoid,0.9999407529830933,0.9161407377031847,0.5,1,0.8974034020455047,1,0.11693543486357616,1,0.8429204821586609,0.8221860527992249,0.6088281273841858,0.810698596210036,relevant
839,q_00598,3,g0838,1,relevant,Medical,c,mlp_c_06,sigmoid,0.9936222434043884,0.9285689580659414,0.5,1,0.36233221122745896,1,0.11025523996418578,1,0.8845829367637634,0.9295693039894104,0.735648512840271,0.9655820755534452,relevant
840,q_00692,2,g0839,1,relevant,Medical,c,mlp_c_13,sigmoid,0.997291624546051,0.9175463255278755,0.5,1,0.4772407436879798,1,0.11423573115129508,1,0.8233091235160828,0.8530687689781189,0.8054774403572083,0.9209534971904068,relevant
841,q_01218,0,g0840,0,irrelevant,Acknowledgment,c,mlp_c_06,sigmoid,3.781773921218701e-05,0.0731130554542508,0.5,0,0.32555279518719016,0,0.11662208400911445,0,0.0505116544663906,0.0482488460838794,0.0597739294171333,0.0077941977244168,irrelevant
842,q_00584,3,g0841,1,relevant,Medical,c,mlp_c_06,sigmoid,0.9999865293502808,0.9306330319572798,0.5,1,0.36233221122745896,1,0.11025523996418578,1,0.9849945902824402,0.9725270867347716,0.953192174434662,0.9710125294733258,relevant
843,q_00056,4,g0842,0,irrelevant,Greeting,b,mlp_b_00,sigmoid,0.03670541197061539,0.13025500178738172,0.5,0,0.8974034020455047,0,0.11693543486357616,1,0.4133166074752807,0.4013585150241852,0.198403388261795,0.0549396251045459,irrelevant
844,q_00070,1,g0843,0,irrelevant,Greeting,b,mlp_b_00,sigmoid,9.636551112635061e-07,0.10195133523550214,0.5,0,0.23768152094704456,0,0.11729335980726327,0,0.2130710333585739,0.082079105079174,0.2941305637359619,0.0216820863179357,irrelevant
845,q_00558,0,g0844,1,relevant,Medical,c,mlp_c_06,sigmoid,0.9898561239242554,0.9240740340819358,0.5,1,0.32555279518719016,1,0.11662208400911445,1,0.7770531177520752,0.8475075960159302,0.7402137517929077,0.8489183733770586,relevant
846,q_00500,2,g0845,1,relevant,Medical,c,mlp_c_13,sigmoid,0.9999972581863403,0.9184754860229289,0.5,1,0.4772407436879798,1,0.11423573115129508,1,0.6166953444480896,0.7386017441749573,0.9076574444770812,0.9059617410801336,relevant
847,q_01586,1,g0846,0,irrelevant,OSS,b,mlp_b_00,sigmoid,0.0010831186082214117,0.1024241638408203,0.5,0,0.23768152094704456,0,0.11729335980726327,0,0.3719812929630279,0.4681661128997803,0.2705263495445251,0.275131050750269,irrelevant
848,q_01679,2,g0847,1,relevant,Language change,c,mlp_c_13,sigmoid,0.9999877214431763,0.9184722277619269,0.5,1,0.4772407436879798,1,0.11423573115129508,1,0.8008638024330139,0.6599714756011963,0.8233933448791504,0.8220067382881658,relevant
849,q_00126,4,g0848,0,irrelevant,Acknowledgment,b,mlp_b_00,sigmoid,0.9426536560058594,0.8943441839609975,0.5,1,0.8974034020455047,0,0.11693543486357616,1,0.692351222038269,0.6197706460952759,0.611730694770813,0.780729070391612,irrelevant
850,q_01209,1,g0849,0,irrelevant,Acknowledgment,b,mlp_b_00,sigmoid,1.2543123375508003e-05,0.10195638442378273,0.5,0,0.23768152094704456,0,0.11729335980726327,0,0.0884141698479652,0.0926969647407531,0.0834864899516105,0.0107770644130241,irrelevant
851,q_00859,4,g0850,1,relevant,Medical,b,mlp_b_00,sigmoid,0.9999988079071045,0.9161605988228481,0.5,1,0.8974034020455047,1,0.11693543486357616,1,0.979866862297058,0.9682396054267884,0.9617104530334472,0.9751503180740108,relevant
852,q_01580,3,g0851,0,irrelevant,OSS,c,mlp_c_06,sigmoid,0.04397191107273102,0.10511273292150501,0.5,0,0.36233221122745896,0,0.11025523996418578,0,0.3862413167953491,0.5433633923530579,0.4444040358066559,0.4206599153047501,irrelevant
853,q_01473,4,g0852,0,irrelevant,Acknowledgment,b,mlp_b_00,sigmoid,0.009502277709543705,0.11713406559662552,0.5,0,0.8974034020455047,0,0.11693543486357616,1,0.3235763311386108,0.3092009425163269,0.3243577778339386,0.1450291570864133,irrelevant
854,q_00031,3,g0853,0,irrelevant,Greeting,c,mlp_c_06,sigmoid,0.0010707770707085729,0.08672559834263328,0.5,0,0.36233221122745896,0,0.11025523996418578,0,0.2297837734222412,0.2619574666023254,0.3521765172481537,0.1011559444615384,irrelevant
855,q_01379,3,g0854,0,irrelevant,Acknowledgment,c,mlp_c_06,sigmoid,0.00299409544095397,0.08748356849203408,0.5,0,0.36233221122745896,0,0.11025523996418578,0,0.6122353672981262,0.4239201843738556,0.3416332602500915,0.4135531134750127,relevant
856,q_01793,2,g0855,1,relevant,Date,c,mlp_c_13,sigmoid,0.9998830556869507,0.9184364605490563,0.5,1,0.4772407436879798,1,0.11423573115129508,1,0.7897137999534607,0.822471559047699,0.8326924443244934,0.9563334208971598,relevant
857,q_00301,0,g0856,1,relevant,Language change,c,mlp_c_06,sigmoid,0.9999678134918213,0.9276076979439121,0.5,1,0.32555279518719016,1,0.11662208400911445,1,0.8901359438896179,0.9276917576789856,0.92085200548172,0.9637251318571848,relevant
858,q_00158,4,g0857,0,irrelevant,Acknowledgment,b,mlp_b_00,sigmoid,0.00010039633343694732,0.1128729676292544,0.5,0,0.8974034020455047,0,0.11693543486357616,0,0.4887807071208954,0.3542104661464691,0.2306430041790008,0.0940474021443186,irrelevant
859,q_00352,3,g0858,1,relevant,Medical,c,mlp_c_06,sigmoid,0.9980983138084412,0.9300264706862074,0.5,1,0.36233221122745896,1,0.11025523996418578,1,0.6530961394309998,0.9444960951805116,0.7845355272293091,0.9672130864181,relevant
860,q_00399,4,g0859,1,relevant,Medical,b,mlp_b_00,sigmoid,0.000475891720270738,0.11304052350595614,0.5,0,0.8974034020455047,0,0.11693543486357616,0,0.3555475771427154,0.2642238736152649,0.8034490942955017,0.2065435202136533,relevant
861,q_00715,4,g0860,1,relevant,Medical,b,mlp_b_00,sigmoid,0.9997033476829529,0.9160594746969632,0.5,1,0.8974034020455047,1,0.11693543486357616,1,0.9790340065956116,0.942297339439392,0.8808786273002625,0.9822357547448044,relevant
862,q_00970,2,g0861,0,irrelevant,Automated message,c,mlp_c_13,sigmoid,3.337673433634336e-06,0.10518816863362562,0.5,0,0.4772407436879798,0,0.11423573115129508,0,0.121734082698822,0.1531302332878112,0.1284977793693542,0.0216666478867702,irrelevant
863,q_01217,0,g0862,0,irrelevant,Acknowledgment,c,mlp_c_06,sigmoid,2.4163391572074033e-05,0.07310834506914049,0.5,0,0.32555279518719016,0,0.11662208400911445,0,0.0429511182010173,0.0526731312274932,0.1010096594691276,0.0046555732799655,irrelevant
864,q_00041,4,g0863,0,irrelevant,Greeting,b,mlp_b_00,sigmoid,5.122373295307625e-06,0.11283048838342005,0.5,0,0.8974034020455047,0,0.11693543486357616,0,0.2869415879249573,0.222734197974205,0.3704282343387604,0.0222053860927747,irrelevant
865,q_00375,0,g0864,1,relevant,Medical,c,mlp_c_06,sigmoid,0.9999911785125732,0.9276156848294647,0.5,1,0.32555279518719016,1,0.11662208400911445,1,0.966167151927948,0.9454509615898132,0.9555540084838868,0.939527052081346,relevant
866,q_01051,2,g0865,1,relevant,Medical,c,mlp_c_13,sigmoid,0.9496000409126282,0.899516510707626,0.5,1,0.4772407436879798,1,0.11423573115129508,1,0.8035247325897217,0.7167604565620422,0.7108301520347595,0.8778597375543473,relevant
867,q_00679,2,g0866,1,relevant,Medical,c,mlp_c_13,sigmoid,0.9644089937210083,0.9054610905401087,0.5,1,0.4772407436879798,1,0.11423573115129508,1,0.8364330530166626,0.71550452709198,0.8225790858268738,0.8388295418847678,relevant
868,q_00948,4,g0867,1,relevant,Medical,b,mlp_b_00,sigmoid,0.7264460325241089,0.7636923664864868,0.5,1,0.8974034020455047,0,0.11693543486357616,1,0.8692565560340881,0.7672984600067139,0.7671460509300232,0.8786672875340555,relevant
869,q_01650,0,g0868,0,irrelevant,OSS,c,mlp_c_06,sigmoid,0.9971099495887756,0.926624643839789,0.5,1,0.32555279518719016,1,0.11662208400911445,1,0.6369870901107788,0.7400059700012207,0.7162213325500488,0.852991084104925,irrelevant
870,q_01243,1,g0869,0,irrelevant,Acknowledgment,b,mlp_b_00,sigmoid,0.000763821299187839,0.10228445081492532,0.5,0,0.23768152094704456,0,0.11729335980726327,0,0.4819164574146271,0.3765925467014313,0.3110204637050628,0.0314634656514378,irrelevant
871,q_01289,3,g0870,0,irrelevant,Acknowledgment,c,mlp_c_06,sigmoid,0.000997148104943335,0.08669669998334012,0.5,0,0.36233221122745896,0,0.11025523996418578,0,0.2508174777030945,0.2448036968708038,0.1666691154241562,0.0445194627298127,irrelevant
872,q_00428,0,g0871,1,relevant,Medical,c,mlp_c_06,sigmoid,0.9680049419403076,0.9158919306601252,0.5,1,0.32555279518719016,1,0.11662208400911445,1,0.5298205614089966,0.685789942741394,0.7459437251091003,0.8875411654919904,relevant
873,q_01484,4,g0872,1,relevant,Feedback,b,mlp_b_00,sigmoid,0.07597649842500687,0.15138060932493316,0.5,0,0.8974034020455047,0,0.11693543486357616,1,0.3826840221881866,0.5893496870994568,0.5385740995407104,0.547290977850983,irrelevant
874,q_00566,1,g0873,1,relevant,Medical,b,mlp_b_00,sigmoid,0.999617338180542,0.9298831955443201,0.5,1,0.23768152094704456,1,0.11729335980726327,1,0.801261305809021,0.8686703443527222,0.534684419631958,0.9777694668431516,relevant
875,q_00513,4,g0874,1,relevant,Medical,b,mlp_b_00,sigmoid,0.9867623448371887,0.9115202789392114,0.5,1,0.8974034020455047,1,0.11693543486357616,1,0.7240461707115173,0.7487961649894714,0.889707088470459,0.7886840347017795,relevant
876,q_00400,3,g0875,1,relevant,Medical,c,mlp_c_06,sigmoid,0.9999903440475464,0.9306342524329041,0.5,1,0.36233221122745896,1,0.11025523996418578,1,0.8377292156219482,0.8788706660270691,0.8765507340431213,0.9306915226254712,relevant
877,q_00043,3,g0876,0,irrelevant,Greeting,c,mlp_c_06,sigmoid,0.014383228495717049,0.09209582314704881,0.5,0,0.36233221122745896,0,0.11025523996418578,0,0.1028784662485122,0.1035136207938194,0.4188354909420013,0.0077763046993973,irrelevant
878,q_00810,3,g0877,1,relevant,Medical,c,mlp_c_06,sigmoid,0.9982847571372986,0.9300865804141022,0.5,1,0.36233221122745896,1,0.11025523996418578,1,0.9502124786376952,0.96466463804245,0.8367453217506409,0.9649662449969264,relevant
879,q_00840,1,g0878,1,relevant,Medical,b,mlp_b_00,sigmoid,0.9999206066131592,0.9299773061807266,0.5,1,0.23768152094704456,1,0.11729335980726327,1,0.8363917469978333,0.892377495765686,0.7124496102333069,0.8952003086026233,relevant
880,q_01399,3,g0879,1,relevant,Delivery confirmation,c,mlp_c_06,sigmoid,0.9997838139533997,0.9305681465246264,0.5,1,0.36233221122745896,1,0.11025523996418578,1,0.8214587569236755,0.6946552991867065,0.789093017578125,0.8455812902274316,relevant
881,q_01741,1,g0880,1,relevant,Delivery confirmation,b,mlp_b_00,sigmoid,0.3575303852558136,0.3839036155691872,0.5,0,0.23768152094704456,1,0.11729335980726327,1,0.4551458656787872,0.5453938841819763,0.5797894597053528,0.1969037577934063,relevant
882,q_01260,4,g0881,0,irrelevant,Acknowledgment,b,mlp_b_00,sigmoid,0.0030774304177612066,0.1142073678948252,0.5,0,0.8974034020455047,0,0.11693543486357616,0,0.0999742299318313,0.2148472517728805,0.1638714075088501,0.0353391881070457,irrelevant
883,q_01461,4,g0882,0,irrelevant,Acknowledgment,b,mlp_b_00,sigmoid,0.0011149042984470725,0.11332616659981293,0.5,0,0.8974034020455047,0,0.11693543486357616,0,0.1039606928825378,0.1071471199393272,0.1781434267759323,0.018744260669554,irrelevant
884,q_00930,4,g0883,1,relevant,Medical,b,mlp_b_00,sigmoid,0.5403628945350647,0.5852384497054454,0.5,1,0.8974034020455047,0,0.11693543486357616,1,0.7354844808578491,0.6934983134269714,0.7540032863616943,0.8014750239893474,relevant
885,q_00349,2,g0884,1,relevant,Medical,c,mlp_c_13,sigmoid,0.999975323677063,0.9184679918452237,0.5,1,0.4772407436879798,1,0.11423573115129508,1,0.9748817682266236,0.9612666964530944,0.9375327229499816,0.9848460553122214,relevant
886,q_01024,3,g0885,1,relevant,Date,c,mlp_c_06,sigmoid,0.9958555102348328,0.9292996318370852,0.5,1,0.36233221122745896,1,0.11025523996418578,1,0.7750218510627747,0.7348632216453552,0.7490849494934082,0.8750840896041497,relevant
887,q_00191,1,g0886,0,irrelevant,Acknowledgment,b,mlp_b_00,sigmoid,1.2910339137306437e-05,0.10195654455060975,0.5,0,0.23768152094704456,0,0.11729335980726327,0,0.4459761381149292,0.2197533100843429,0.1752871572971344,0.0047781854522383,irrelevant
888,q_00192,4,g0887,0,irrelevant,Acknowledgment,b,mlp_b_00,sigmoid,0.9989551305770874,0.9158028944267859,0.5,1,0.8974034020455047,1,0.11693543486357616,1,0.6837820410728455,0.7335923314094543,0.6031133532524109,0.8054522474009082,irrelevant
889,q_00161,2,g0888,1,relevant,Other,c,mlp_c_13,sigmoid,0.999106228351593,0.9181705497958303,0.5,1,0.4772407436879798,1,0.11423573115129508,1,0.6569517850875854,0.6713746786117554,0.650126576423645,0.87176055564965,relevant
890,q_01519,1,g0889,1,relevant,Medical,b,mlp_b_00,sigmoid,0.9971551895141602,0.9291147995031319,0.5,1,0.23768152094704456,1,0.11729335980726327,1,0.8322901725769043,0.8072905540466309,0.7451180219650269,0.9296949452595684,relevant
891,q_01597,1,g0890,0,irrelevant,OSS,b,mlp_b_00,sigmoid,1.6840504031279124e-05,0.10195825833859609,0.5,0,0.23768152094704456,0,0.11729335980726327,0,0.3380204141139984,0.404074102640152,0.3706019520759582,0.1572419002841514,irrelevant
892,q_01768,0,g0891,1,relevant,Delivery confirmation,c,mlp_c_06,sigmoid,0.9999790191650391,0.927611528490412,0.5,1,0.32555279518719016,1,0.11662208400911445,1,0.8176549077033997,0.9707345962524414,0.8939085006713867,0.9803727326978504,relevant
893,q_00425,2,g0892,1,relevant,Medical,c,mlp_c_13,sigmoid,0.5102755427360535,0.5467027869931075,0.5,1,0.4772407436879798,1,0.11423573115129508,1,0.7942368984222412,0.7985984086990356,0.6617852449417114,0.9535300098782652,relevant
894,q_00309,1,g0893,1,relevant,Language change,b,mlp_b_00,sigmoid,0.9999990463256836,0.9300016286703422,0.5,1,0.23768152094704456,1,0.11729335980726327,1,0.8353396654129028,0.9335148334503174,0.7450896501541138,0.9557929055323444,relevant
895,q_00137,1,g0894,0,irrelevant,Acknowledgment,b,mlp_b_00,sigmoid,0.00021173043933231384,0.10204327409341117,0.5,0,0.23768152094704456,0,0.11729335980726327,0,0.2801741063594818,0.2825591564178467,0.157243862748146,0.0165858019475681,irrelevant
896,q_01535,4,g0895,0,irrelevant,Acknowledgment,b,mlp_b_00,sigmoid,0.015588417649269104,0.11996625036816162,0.5,0,0.8974034020455047,0,0.11693543486357616,1,0.3507317900657654,0.2589477002620697,0.3365088403224945,0.08378798044562,irrelevant
897,q_00002,1,g0896,0,irrelevant,Greeting,b,mlp_b_00,sigmoid,3.248642997277784e-06,0.10195233157924716,0.5,0,0.23768152094704456,0,0.11729335980726327,0,0.084335833787918,0.0562658980488777,0.1585749983787536,0.0038439139563422,irrelevant
898,q_01353,0,g0897,0,irrelevant,Acknowledgment,c,mlp_c_06,sigmoid,0.01983899064362049,0.08024498935627677,0.5,0,0.32555279518719016,0,0.11662208400911445,0,0.1902592182159423,0.2402215600013733,0.4543927311897278,0.1407408893622438,irrelevant
899,q_01016,2,g0898,1,relevant,Date,c,mlp_c_13,sigmoid,0.9992021918296814,0.9182034411339249,0.5,1,0.4772407436879798,1,0.11423573115129508,1,0.7161343693733215,0.7749030590057373,0.7666628360748291,0.882268504887801,relevant
900,q_00320,3,g0899,1,relevant,Language change,c,mlp_c_06,sigmoid,0.9997588992118835,0.9305601679041121,0.5,1,0.36233221122745896,1,0.11025523996418578,1,0.7418907284736633,0.7852040529251099,0.8897215723991394,0.9313061475249164,relevant
901,q_00130,2,g0900,0,irrelevant,Acknowledgment,c,mlp_c_13,sigmoid,5.596059509116458e-07,0.1051869755762855,0.5,0,0.4772407436879798,0,0.11423573115129508,0,0.2305753529071808,0.1263385266065597,0.099769003689289,0.0218341227114251,irrelevant
902,q_00051,2,g0901,0,irrelevant,Greeting,c,mlp_c_13,sigmoid,0.08513591438531876,0.14774121022969094,0.5,0,0.4772407436879798,0,0.11423573115129508,1,0.6009640097618103,0.5409001708030701,0.3783352077007293,0.4364652729036661,irrelevant
