row_index,query_id,outer_fold,group_id,truth,true_label,intent,selected_embedding,selected_C,selected_class_weight,probability_method,p_raw,p_chosen,threshold_default_0_5,threshold_balanced_macro_f1,threshold_recall_first,label_default_0_5,label_balanced_macro_f1,label_recall_first,llm_predicted_label,baseline_a_p_relevant,baseline_a_label,baseline_b_p_relevant,baseline_b_label,baseline_c_p_relevant,baseline_c_label
0,q_01749,4,g0000,1,relevant,Delivery confirmation,b,10.0,None,sigmoid,0.6897401213645935,0.6801455106195433,0.5,0.4209588787991171,0.19572169607681125,1,1,1,relevant,0.8924838304519653,1,0.6323497891426086,1,0.5718727707862854,1
1,q_01282,1,g0001,1,relevant,Feedback,b,10.0,balanced,sigmoid,0.17113074660301208,0.21805063952542958,0.5,0.4240620209829036,0.19029269311087393,0,0,1,relevant,0.17848701775074005,0,0.3187030553817749,0,0.2785673439502716,0
2,q_01630,3,g0002,0,irrelevant,OSS,c,10.0,balanced,sigmoid,0.7262442111968994,0.798498345981142,0.5,0.5312941176820732,0.1589207622098857,1,1,1,irrelevant,0.25268030166625977,0,0.19193542003631592,0,0.7104786038398743,1
3,q_00293,3,g0003,1,relevant,Language change,c,10.0,balanced,sigmoid,0.9584174156188965,0.9809122524574213,0.5,0.5312941176820732,0.1589207622098857,1,1,1,relevant,0.7504088878631592,1,0.7848408818244934,1,0.7703670263290405,1
4,q_01349,1,g0004,0,irrelevant,Acknowledgment,b,10.0,balanced,sigmoid,0.038446467369794846,0.05122629859818613,0.5,0.4240620209829036,0.19029269311087393,0,0,0,irrelevant,0.20589661598205566,0,0.13189098238945007,0,0.3588714897632599,0
5,q_00369,4,g0005,1,relevant,Medical,b,10.0,None,sigmoid,0.9998297691345215,0.999829464684919,0.5,0.4209588787991171,0.19572169607681125,1,1,1,relevant,0.9529845118522644,1,0.9835591912269592,1,0.8170908093452454,1
6,q_00214,2,g0006,0,irrelevant,Spam,b,10.0,balanced,sigmoid,0.3340107500553131,0.4038086081631364,0.5,0.5853441191887626,0.17981243659258395,0,0,1,irrelevant,0.6040060520172119,1,0.6101722121238708,1,0.6372044682502747,1
7,q_00681,2,g0007,1,relevant,Medical,b,10.0,balanced,sigmoid,0.9982932209968567,0.9989285501241684,0.5,0.5853441191887626,0.17981243659258395,1,1,1,relevant,0.9816190004348755,1,0.9755895733833313,1,0.8810451626777649,1
8,q_00736,0,g0008,1,relevant,Medical,b,10.0,None,raw,0.9997830986976624,0.9997830986976624,0.5,0.5309690237045288,0.17525888979434967,1,1,1,relevant,0.9784135818481445,1,0.989788293838501,1,0.9711067080497742,1
9,q_00022,4,g0009,0,irrelevant,Greeting,b,10.0,None,sigmoid,0.2730056047439575,0.2624061410891691,0.5,0.4209588787991171,0.19572169607681125,0,0,1,irrelevant,0.2539491355419159,0,0.28015875816345215,0,0.33825549483299255,0
10,q_00982,1,g0010,0,irrelevant,Automated message,b,10.0,balanced,sigmoid,0.02469218336045742,0.03305535547221881,0.5,0.4240620209829036,0.19029269311087393,0,0,0,irrelevant,0.1508854627609253,0,0.19194725155830383,0,0.15855158865451813,0
11,q_01432,1,g0011,0,irrelevant,Acknowledgment,b,10.0,balanced,sigmoid,0.007090963888913393,0.00954953240634067,0.5,0.4240620209829036,0.19029269311087393,0,0,0,irrelevant,0.09430895000696182,0,0.06059833988547325,0,0.10294705629348755,0
12,q_00512,1,g0012,1,relevant,Medical,b,10.0,balanced,sigmoid,0.9573822021484375,0.9681111515690827,0.5,0.4240620209829036,0.19029269311087393,1,1,1,relevant,0.9538823366165161,1,0.8803412318229675,1,0.8143486380577087,1
13,q_00682,4,g0013,1,relevant,Medical,b,10.0,None,sigmoid,0.9934114813804626,0.9932680962423924,0.5,0.4209588787991171,0.19572169607681125,1,1,1,relevant,0.9173663258552551,1,0.9521101117134094,1,0.8301194906234741,1
14,q_00974,4,g0014,0,irrelevant,Automated message,b,10.0,None,sigmoid,0.009723272174596786,0.009038102509540097,0.5,0.4209588787991171,0.19572169607681125,0,0,0,irrelevant,0.170002281665802,0,0.07454992085695267,0,0.12655313313007355,0
15,q_00228,2,g0015,0,irrelevant,Spam,b,10.0,balanced,sigmoid,0.44757336378097534,0.5252925581117609,0.5,0.5853441191887626,0.17981243659258395,1,0,1,irrelevant,0.5574184060096741,1,0.6018137335777283,1,0.5369823575019836,1
16,q_00999,1,g0016,0,irrelevant,Automated message,b,10.0,balanced,sigmoid,0.7813062071800232,0.8283849161019088,0.5,0.4240620209829036,0.19029269311087393,1,1,1,irrelevant,0.4379788935184479,0,0.7137439250946045,1,0.5807702541351318,1
17,q_01587,3,g0017,0,irrelevant,OSS,c,10.0,balanced,sigmoid,0.9600244164466858,0.981803094579579,0.5,0.5312941176820732,0.1589207622098857,1,1,1,relevant,0.6131834387779236,1,0.788336455821991,1,0.835139811038971,1
18,q_01292,3,g0018,0,irrelevant,Acknowledgment,c,10.0,balanced,sigmoid,0.014719247817993164,0.008475290381838982,0.5,0.5312941176820732,0.1589207622098857,0,0,0,irrelevant,0.32051682472229004,0,0.18489012122154236,0,0.11665083467960358,0
19,q_00175,2,g0019,0,irrelevant,Acknowledgment,b,10.0,balanced,sigmoid,0.056019511073827744,0.07082926249116268,0.5,0.5853441191887626,0.17981243659258395,0,0,0,irrelevant,0.2744407057762146,0,0.2856777012348175,0,0.32235440611839294,0
20,q_00519,4,g0020,1,relevant,Medical,b,10.0,None,sigmoid,0.9170477390289307,0.9142836613474247,0.5,0.4209588787991171,0.19572169607681125,1,1,1,relevant,0.7900810241699219,1,0.8567115664482117,1,0.775413453578949,1
21,q_00304,4,g0021,1,relevant,Language change,b,10.0,None,sigmoid,0.9459565281867981,0.944227968439206,0.5,0.4209588787991171,0.19572169607681125,1,1,1,relevant,0.8054033517837524,1,0.8657355904579163,1,0.8292235732078552,1
22,q_00273,3,g0022,1,relevant,Language change,c,10.0,balanced,sigmoid,0.7233734130859375,0.7957395201989627,0.5,0.5312941176820732,0.1589207622098857,1,1,1,relevant,0.7227761745452881,1,0.7679237723350525,1,0.622215986251831,1
23,q_00437,1,g0023,1,relevant,Medical,b,10.0,balanced,sigmoid,0.9752215147018433,0.9815473204459049,0.5,0.4240620209829036,0.19029269311087393,1,1,1,relevant,0.8271659016609192,1,0.8351840972900391,1,0.8260876536369324,1
24,q_01204,0,g0024,0,irrelevant,Acknowledgment,b,10.0,None,raw,0.19051477313041687,0.19051477313041687,0.5,0.5309690237045288,0.17525888979434967,0,0,1,irrelevant,0.06877580285072327,0,0.2519713342189789,0,0.11745189875364304,0
25,q_01234,3,g0025,0,irrelevant,Acknowledgment,c,10.0,balanced,sigmoid,0.017796453088521957,0.010630238773806448,0.5,0.5312941176820732,0.1589207622098857,0,0,0,irrelevant,0.251186728477478,0,0.19848041236400604,0,0.13888342678546906,0
26,q_00215,2,g0026,0,irrelevant,Spam,b,10.0,balanced,sigmoid,0.3467150330543518,0.4178264285571178,0.5,0.5853441191887626,0.17981243659258395,0,0,1,irrelevant,0.37918227910995483,0,0.5413314700126648,1,0.5021011233329773,1
27,q_01686,4,g0027,1,relevant,Language change,b,10.0,None,sigmoid,0.8682397603988647,0.8637617812344643,0.5,0.4209588787991171,0.19572169607681125,1,1,1,relevant,0.8052867650985718,1,0.802392840385437,1,0.9228765368461609,1
28,q_00059,2,g0028,1,relevant,Other,b,10.0,balanced,sigmoid,0.3774861693382263,0.4513306268484508,0.5,0.5853441191887626,0.17981243659258395,0,0,1,irrelevant,0.2656005620956421,0,0.45774704217910767,0,0.41554710268974304,0
29,q_01194,1,g0029,1,relevant,Feedback,b,10.0,balanced,sigmoid,0.9969005584716797,0.9977054702507668,0.5,0.4240620209829036,0.19029269311087393,1,1,1,irrelevant,0.8869278430938721,1,0.9315207600593567,1,0.7563239932060242,1
30,q_00898,1,g0030,1,relevant,Medical,b,10.0,balanced,sigmoid,0.9455756545066833,0.9591487555792825,0.5,0.4240620209829036,0.19029269311087393,1,1,1,relevant,0.947243332862854,1,0.9026094675064087,1,0.8434290885925293,1
31,q_01563,2,g0031,0,irrelevant,OSS,b,10.0,balanced,sigmoid,0.31498342752456665,0.382610810926299,0.5,0.5853441191887626,0.17981243659258395,0,0,1,irrelevant,0.5273378491401672,1,0.46583327651023865,0,0.8182461261749268,1
32,q_01472,2,g0032,0,irrelevant,Acknowledgment,b,10.0,balanced,sigmoid,0.5637643337249756,0.6408717823393154,0.5,0.5853441191887626,0.17981243659258395,1,1,1,irrelevant,0.7660322785377502,1,0.7048105597496033,1,0.5263040661811829,1
33,q_00107,0,g0033,0,irrelevant,Acknowledgment,b,10.0,None,raw,0.7676587700843811,0.7676587700843811,0.5,0.5309690237045288,0.17525888979434967,1,1,1,irrelevant,0.6955476999282837,1,0.7259418368339539,1,0.5640665888786316,1
34,q_00044,3,g0034,0,irrelevant,Greeting,c,10.0,balanced,sigmoid,0.07829833775758743,0.06285567671119188,0.5,0.5312941176820732,0.1589207622098857,0,0,0,irrelevant,0.5916343331336975,1,0.5234522819519043,1,0.4184393584728241,0
35,q_01371,4,g0035,0,irrelevant,Acknowledgment,b,10.0,None,sigmoid,0.14408238232135773,0.1370278714525445,0.5,0.4209588787991171,0.19572169607681125,0,0,0,irrelevant,0.1490647792816162,0,0.11010775715112686,0,0.2502295970916748,0
36,q_01763,1,g0036,1,relevant,Delivery confirmation,b,10.0,balanced,sigmoid,0.9379847645759583,0.9533569270354674,0.5,0.4240620209829036,0.19029269311087393,1,1,1,relevant,0.7263561487197876,1,0.8563904166221619,1,0.5139147043228149,1
37,q_00232,4,g0037,0,irrelevant,Spam,b,10.0,None,sigmoid,0.08725674450397491,0.0824839521626244,0.5,0.4209588787991171,0.19572169607681125,0,0,0,irrelevant,0.3008633255958557,0,0.29702889919281006,0,0.2876218557357788,0
38,q_00781,2,g0038,1,relevant,Medical,b,10.0,balanced,sigmoid,0.9959827661514282,0.9974246794741481,0.5,0.5853441191887626,0.17981243659258395,1,1,1,relevant,0.9513169527053833,1,0.9574148058891296,1,0.8210034966468811,1
39,q_00820,2,g0039,1,relevant,Medical,b,10.0,balanced,sigmoid,0.9712835550308228,0.9805538963995007,0.5,0.5853441191887626,0.17981243659258395,1,1,1,relevant,0.9400908946990967,1,0.8997769355773926,1,0.7635635137557983,1
40,q_00525,4,g0040,1,relevant,Medical,b,10.0,None,sigmoid,0.7390271425247192,0.7306183907235725,0.5,0.4209588787991171,0.19572169607681125,1,1,1,relevant,0.7853581309318542,1,0.7826499938964844,1,0.731555700302124,1
41,q_01642,1,g0041,0,irrelevant,OSS,b,10.0,balanced,sigmoid,0.23267026245594025,0.2905582795395453,0.5,0.4240620209829036,0.19029269311087393,0,0,1,irrelevant,0.4577743113040924,0,0.5350117087364197,1,0.49951833486557007,0
42,q_01724,4,g0042,1,relevant,Delivery confirmation,b,10.0,None,sigmoid,0.6488391757011414,0.6384117412149531,0.5,0.4209588787991171,0.19572169607681125,1,1,1,relevant,0.5743783712387085,1,0.5460828542709351,1,0.7791678309440613,1
43,q_00929,1,g0043,1,relevant,Medical,b,10.0,balanced,sigmoid,0.8129712343215942,0.8545058275225405,0.5,0.4240620209829036,0.19029269311087393,1,1,1,relevant,0.5617082715034485,1,0.7646424770355225,1,0.8034981489181519,1
44,q_00174,2,g0044,0,irrelevant,Acknowledgment,b,10.0,balanced,sigmoid,0.08015766739845276,0.10148758303683822,0.5,0.5853441191887626,0.17981243659258395,0,0,0,irrelevant,0.3030291795730591,0,0.28319457173347473,0,0.32322177290916443,0
45,q_00006,2,g0045,0,irrelevant,Greeting,b,10.0,balanced,sigmoid,0.015972847118973732,0.019824656616716865,0.5,0.5853441191887626,0.17981243659258395,0,0,0,irrelevant,0.5005901455879211,1,0.08119434118270874,0,0.6386328339576721,1
46,q_01457,0,g0046,1,relevant,Other,b,10.0,None,raw,0.8214839696884155,0.8214839696884155,0.5,0.5309690237045288,0.17525888979434967,1,1,1,relevant,0.7707244157791138,1,0.756505012512207,1,0.6587214469909668,1
47,q_00586,0,g0047,1,relevant,Medical,b,10.0,None,raw,0.4592738747596741,0.4592738747596741,0.5,0.5309690237045288,0.17525888979434967,0,0,1,relevant,0.8107338547706604,1,0.671342134475708,1,0.7728321552276611,1
48,q_01745,4,g0048,1,relevant,Delivery confirmation,b,10.0,None,sigmoid,0.7734459042549133,0.7659758476924451,0.5,0.4209588787991171,0.19572169607681125,1,1,1,relevant,0.44102203845977783,0,0.7699455618858337,1,0.8150926828384399,1
49,q_00455,2,g0049,1,relevant,Medical,b,10.0,balanced,sigmoid,0.9988885521888733,0.999309379321338,0.5,0.5853441191887626,0.17981243659258395,1,1,1,relevant,0.8232446908950806,1,0.9810727834701538,1,0.8588041067123413,1
50,q_01294,0,g0050,0,irrelevant,Acknowledgment,b,10.0,None,raw,0.005861797370016575,0.005861797370016575,0.5,0.5309690237045288,0.17525888979434967,0,0,0,irrelevant,0.17314238846302032,0,0.09169889986515045,0,0.15699222683906555,0
51,q_00297,4,g0051,1,relevant,Language change,b,10.0,None,sigmoid,0.966390073299408,0.9653808529877383,0.5,0.4209588787991171,0.19572169607681125,1,1,1,relevant,0.776749849319458,1,0.8585268259048462,1,0.8290901184082031,1
52,q_01342,3,g0052,0,irrelevant,Acknowledgment,c,10.0,balanced,sigmoid,0.6278044581413269,0.6985064546146962,0.5,0.5312941176820732,0.1589207622098857,1,1,1,irrelevant,0.5901744365692139,1,0.5982663035392761,1,0.6762683391571045,1
53,q_00667,3,g0053,1,relevant,Medical,c,10.0,balanced,sigmoid,0.9434385299682617,0.9722430949145553,0.5,0.5312941176820732,0.1589207622098857,1,1,1,relevant,0.9621667861938477,1,0.9254747629165649,1,0.8406391739845276,1
54,q_00950,3,g0054,1,relevant,Medical,c,10.0,balanced,sigmoid,0.9730903506278992,0.9887188201777669,0.5,0.5312941176820732,0.1589207622098857,1,1,1,relevant,0.921379566192627,1,0.8785909414291382,1,0.8712987303733826,1
55,q_00652,2,g0055,1,relevant,Medical,b,10.0,balanced,sigmoid,0.7347878813743591,0.7957023063089507,0.5,0.5853441191887626,0.17981243659258395,1,1,1,relevant,0.8419390916824341,1,0.7905324697494507,1,0.8392971754074097,1
56,q_00740,0,g0056,1,relevant,Medical,b,10.0,None,raw,0.9742724895477295,0.9742724895477295,0.5,0.5309690237045288,0.17525888979434967,1,1,1,relevant,0.9752601981163025,1,0.9407300353050232,1,0.8348526954650879,1
57,q_01163,2,g0057,1,relevant,Feedback,b,10.0,balanced,sigmoid,0.45576024055480957,0.5337211313776331,0.5,0.5853441191887626,0.17981243659258395,1,0,1,relevant,0.5419451594352722,1,0.5503857731819153,1,0.24346154928207397,0
58,q_00934,3,g0058,1,relevant,Medical,c,10.0,balanced,sigmoid,0.9853361248970032,0.9945553940243061,0.5,0.5312941176820732,0.1589207622098857,1,1,1,relevant,0.989068329334259,1,0.9868112206459045,1,0.9250679016113281,1
59,q_01375,0,g0059,0,irrelevant,Acknowledgment,b,10.0,None,raw,0.6890855431556702,0.6890855431556702,0.5,0.5309690237045288,0.17525888979434967,1,1,1,irrelevant,0.6212484836578369,1,0.6271125078201294,1,0.555908203125,1
60,q_01166,0,g0060,0,irrelevant,Acknowledgment,b,10.0,None,raw,0.02014997974038124,0.02014997974038124,0.5,0.5309690237045288,0.17525888979434967,0,0,0,irrelevant,0.09878010302782059,0,0.05026617273688316,0,0.5082739591598511,1
61,q_00931,1,g0061,1,relevant,Medical,b,10.0,balanced,sigmoid,0.8989018797874451,0.9231634700883407,0.5,0.4240620209829036,0.19029269311087393,1,1,1,relevant,0.809589147567749,1,0.8321986198425293,1,0.7019405364990234,1
62,q_00417,0,g0062,1,relevant,Medical,b,10.0,None,raw,0.9804100394248962,0.9804100394248962,0.5,0.5309690237045288,0.17525888979434967,1,1,1,relevant,0.7543495297431946,1,0.9450579881668091,1,0.7357807159423828,1
63,q_01540,2,g0063,1,relevant,Feedback,b,10.0,balanced,sigmoid,0.9291369318962097,0.9502912308460634,0.5,0.5853441191887626,0.17981243659258395,1,1,1,relevant,0.8395187854766846,1,0.863307774066925,1,0.7148754596710205,1
64,q_01130,3,g0064,0,irrelevant,Acknowledgment,c,10.0,balanced,sigmoid,0.005078812595456839,0.002388132424861446,0.5,0.5312941176820732,0.1589207622098857,0,0,0,irrelevant,0.08552472293376923,0,0.04775771498680115,0,0.08663719892501831,0
65,q_00981,2,g0065,0,irrelevant,Automated message,b,10.0,balanced,sigmoid,0.01827635057270527,0.022742234611851993,0.5,0.5853441191887626,0.17981243659258395,0,0,0,irrelevant,0.30431461334228516,0,0.15324601531028748,0,0.2193828970193863,0
66,q_00731,0,g0066,1,relevant,Medical,b,10.0,None,raw,0.9936164617538452,0.9936164617538452,0.5,0.5309690237045288,0.17525888979434967,1,1,1,relevant,0.9275844097137451,1,0.9343808889389038,1,0.9008156657218933,1
67,q_00518,4,g0067,1,relevant,Medical,b,10.0,None,sigmoid,0.9900746941566467,0.9898370436480685,0.5,0.4209588787991171,0.19572169607681125,1,1,1,relevant,0.9352763891220093,1,0.9506852626800537,1,0.8399829268455505,1
68,q_01270,4,g0068,0,irrelevant,Acknowledgment,b,10.0,None,sigmoid,0.02469058521091938,0.0230903509489645,0.5,0.4209588787991171,0.19572169607681125,0,0,0,irrelevant,0.10517990589141846,0,0.09590843319892883,0,0.17566674947738647,0
69,q_00668,2,g0069,1,relevant,Medical,b,10.0,balanced,sigmoid,0.9906147718429565,0.9938505139133275,0.5,0.5853441191887626,0.17981243659258395,1,1,1,relevant,0.9427276253700256,1,0.9502565264701843,1,0.6462645530700684,1
70,q_01266,1,g0070,1,relevant,Other,b,10.0,balanced,sigmoid,0.5777825117111206,0.6489634564220249,0.5,0.4240620209829036,0.19029269311087393,1,1,1,relevant,0.5395117998123169,1,0.5974322557449341,1,0.39149126410484314,0
71,q_00602,3,g0071,1,relevant,Other,c,10.0,balanced,sigmoid,0.707700788974762,0.7805018771344269,0.5,0.5312941176820732,0.1589207622098857,1,1,1,irrelevant,0.7186763882637024,1,0.756149411201477,1,0.685380220413208,1
72,q_00128,0,g0072,0,irrelevant,Acknowledgment,b,10.0,None,raw,0.712458074092865,0.712458074092865,0.5,0.5309690237045288,0.17525888979434967,1,1,1,irrelevant,0.5042696595191956,1,0.5581405758857727,1,0.5148616433143616,1
73,q_00721,4,g0073,1,relevant,Medical,b,10.0,None,sigmoid,0.9825500845909119,0.9820811350635755,0.5,0.4209588787991171,0.19572169607681125,1,1,1,relevant,0.892059862613678,1,0.9274088740348816,1,0.8273114562034607,1
74,q_01645,0,g0074,0,irrelevant,OSS,b,10.0,None,raw,0.29223307967185974,0.29223307967185974,0.5,0.5309690237045288,0.17525888979434967,0,0,1,irrelevant,0.5073024034500122,1,0.4609503149986267,0,0.5013264417648315,1
75,q_01276,0,g0075,0,irrelevant,Acknowledgment,b,10.0,None,raw,0.02000085823237896,0.02000085823237896,0.5,0.5309690237045288,0.17525888979434967,0,0,0,irrelevant,0.04603032395243645,0,0.06467662006616592,0,0.11880718171596527,0
76,q_00873,2,g0076,1,relevant,Medical,b,10.0,balanced,sigmoid,0.882377564907074,0.9152207268603467,0.5,0.5853441191887626,0.17981243659258395,1,1,1,relevant,0.8990780115127563,1,0.8621692061424255,1,0.8914555907249451,1
77,q_00847,2,g0077,1,relevant,Medical,b,10.0,balanced,sigmoid,0.987966001033783,0.9920613993435815,0.5,0.5853441191887626,0.17981243659258395,1,1,1,relevant,0.981656014919281,1,0.9529197812080383,1,0.5553677678108215,1
78,q_00964,2,g0078,1,relevant,Medical,b,10.0,balanced,sigmoid,0.9966415166854858,0.9978565430042622,0.5,0.5853441191887626,0.17981243659258395,1,1,1,relevant,0.8597466349601746,1,0.9746431112289429,1,0.7853559255599976,1
79,q_01111,2,g0079,1,relevant,Other,b,10.0,balanced,sigmoid,0.8704549074172974,0.9060537490760685,0.5,0.5853441191887626,0.17981243659258395,1,1,1,relevant,0.5461443066596985,1,0.7807536721229553,1,0.6850560903549194,1
80,q_00341,0,g0080,1,relevant,Medical,b,10.0,None,raw,0.4845171272754669,0.4845171272754669,0.5,0.5309690237045288,0.17525888979434967,0,0,1,relevant,0.34629353880882263,0,0.5747650265693665,1,0.5649393200874329,1
81,q_00481,4,g0081,1,relevant,Medical,b,10.0,None,sigmoid,0.808859646320343,0.8024427178882317,0.5,0.4209588787991171,0.19572169607681125,1,1,1,relevant,0.8575778603553772,1,0.7497206330299377,1,0.602532684803009,1
82,q_00355,0,g0082,1,relevant,Medical,b,10.0,None,raw,0.9771249294281006,0.9771249294281006,0.5,0.5309690237045288,0.17525888979434967,1,1,1,relevant,0.7448586225509644,1,0.9214767217636108,1,0.7804389595985413,1
83,q_00978,4,g0083,0,irrelevant,Automated message,b,10.0,None,sigmoid,0.12045915424823761,0.11429378752858993,0.5,0.4209588787991171,0.19572169607681125,0,0,0,irrelevant,0.3402884900569916,0,0.3051619231700897,0,0.30514243245124817,0
84,q_00074,0,g0084,0,irrelevant,Greeting,b,10.0,None,raw,0.6704543828964233,0.6704543828964233,0.5,0.5309690237045288,0.17525888979434967,1,1,1,irrelevant,0.5378366708755493,1,0.6247061491012573,1,0.4987505376338959,0
85,q_00866,4,g0085,1,relevant,Medical,b,10.0,None,sigmoid,0.6349940299987793,0.6243171453271228,0.5,0.4209588787991171,0.19572169607681125,1,1,1,relevant,0.4830789566040039,0,0.5343692302703857,1,0.6829670071601868,1
86,q_00637,2,g0086,1,relevant,Medical,b,10.0,balanced,sigmoid,0.7286205887794495,0.7904256555761234,0.5,0.5853441191887626,0.17981243659258395,1,1,1,relevant,0.8365652561187744,1,0.777859628200531,1,0.8545053601264954,1
87,q_01271,3,g0087,0,irrelevant,Acknowledgment,c,10.0,balanced,sigmoid,0.008767913095653057,0.004571801308527644,0.5,0.5312941176820732,0.1589207622098857,0,0,0,irrelevant,0.1018468514084816,0,0.13446708023548126,0,0.10441291332244873,0
88,q_01476,2,g0088,1,relevant,Feedback,b,10.0,balanced,sigmoid,0.7866482138633728,0.8391802703619381,0.5,0.5853441191887626,0.17981243659258395,1,1,1,relevant,0.7773250937461853,1,0.7569594383239746,1,0.6376680731773376,1
89,q_00643,0,g0089,1,relevant,Medical,b,10.0,None,raw,0.9987307190895081,0.9987307190895081,0.5,0.5309690237045288,0.17525888979434967,1,1,1,relevant,0.9840547442436218,1,0.9756129384040833,1,0.9374154210090637,1
90,q_01037,0,g0090,1,relevant,Other,b,10.0,None,raw,0.3817859888076782,0.3817859888076782,0.5,0.5309690237045288,0.17525888979434967,0,0,1,relevant,0.3449349105358124,0,0.3943847715854645,0,0.37234166264533997,0
91,q_00199,3,g0091,1,relevant,Other,c,10.0,balanced,sigmoid,0.19137047231197357,0.18428119216776695,0.5,0.5312941176820732,0.1589207622098857,0,0,1,relevant,0.43474963307380676,0,0.46750548481941223,0,0.45808637142181396,0
92,q_00479,3,g0092,1,relevant,Medical,c,10.0,balanced,sigmoid,0.9884691834449768,0.9959149597551741,0.5,0.5312941176820732,0.1589207622098857,1,1,1,relevant,0.8476877808570862,1,0.8838174343109131,1,0.9165247082710266,1
93,q_00495,0,g0093,1,relevant,Medical,b,10.0,None,raw,0.9892471432685852,0.9892471432685852,0.5,0.5309690237045288,0.17525888979434967,1,1,1,relevant,0.9470436573028564,1,0.9497628211975098,1,0.8654668927192688,1
94,q_00609,0,g0094,1,relevant,Medical,b,10.0,None,raw,0.6747722625732422,0.6747722625732422,0.5,0.5309690237045288,0.17525888979434967,1,1,1,relevant,0.9047546982765198,1,0.7800812125205994,1,0.8759625554084778,1
95,q_01403,2,g0095,0,irrelevant,Acknowledgment,b,10.0,balanced,sigmoid,0.02746366709470749,0.03442007572093583,0.5,0.5853441191887626,0.17981243659258395,0,0,0,irrelevant,0.4555772542953491,0,0.12443870306015015,0,0.3880282938480377,0
96,q_00207,0,g0096,0,irrelevant,Acknowledgment,b,10.0,None,raw,0.9640946984291077,0.9640946984291077,0.5,0.5309690237045288,0.17525888979434967,1,1,1,irrelevant,0.801504909992218,1,0.8878190517425537,1,0.5883045196533203,1
97,q_01584,4,g0097,0,irrelevant,OSS,b,10.0,None,sigmoid,0.31449031829833984,0.3031799392865285,0.5,0.4209588787991171,0.19572169607681125,0,0,1,irrelevant,0.43080610036849976,0,0.39211636781692505,0,0.4124690890312195,0
98,q_00169,0,g0098,0,irrelevant,Acknowledgment,b,10.0,None,raw,0.12841343879699707,0.12841343879699707,0.5,0.5309690237045288,0.17525888979434967,0,0,0,irrelevant,0.38604536652565,0,0.22921296954154968,0,0.5041366219520569,1
99,q_01657,2,g0099,0,irrelevant,OSS,b,10.0,balanced,sigmoid,0.02784799039363861,0.034909556834021825,0.5,0.5853441191887626,0.17981243659258395,0,0,0,irrelevant,0.3852415978908539,0,0.20486140251159668,0,0.577494740486145,1
100,q_00564,0,g0100,1,relevant,Medical,b,10.0,None,raw,0.9763519763946533,0.9763519763946533,0.5,0.5309690237045288,0.17525888979434967,1,1,1,relevant,0.7653427124023438,1,0.9111329317092896,1,0.9010074138641357,1
101,q_00434,1,g0101,1,relevant,Medical,b,10.0,balanced,sigmoid,0.9959789514541626,0.9970223826934724,0.5,0.4240620209829036,0.19029269311087393,1,1,1,relevant,0.972833514213562,1,0.96356201171875,1,0.7821508049964905,1
102,q_00236,1,g0102,1,relevant,Language change,b,10.0,balanced,sigmoid,0.733428418636322,0.788012015567224,0.5,0.4240620209829036,0.19029269311087393,1,1,1,relevant,0.6578068137168884,1,0.7591078877449036,1,0.40575647354125977,0
103,q_00382,4,g0103,1,relevant,Medical,b,10.0,None,sigmoid,0.7568817138671875,0.7489489932106093,0.5,0.4209588787991171,0.19572169607681125,1,1,1,relevant,0.7838833928108215,1,0.8411014676094055,1,0.8294720649719238,1
104,q_01431,0,g0104,0,irrelevant,Acknowledgment,b,10.0,None,raw,0.0037163905799388885,0.0037163905799388885,0.5,0.5309690237045288,0.17525888979434967,0,0,0,irrelevant,0.03674662485718727,0,0.02354901283979416,0,0.07815403491258621,0
105,q_01373,4,g0105,1,relevant,Feedback,b,10.0,None,sigmoid,0.25938305258750916,0.24906076688761752,0.5,0.4209588787991171,0.19572169607681125,0,0,1,relevant,0.3857036232948303,0,0.412057101726532,0,0.3338591158390045,0
106,q_00359,1,g0106,1,relevant,Medical,b,10.0,balanced,sigmoid,0.9511597752571106,0.9633946495592627,0.5,0.4240620209829036,0.19029269311087393,1,1,1,relevant,0.7577322721481323,1,0.8901302814483643,1,0.6842756271362305,1
107,q_01801,4,g0107,1,relevant,Date,b,10.0,None,sigmoid,0.8888155221939087,0.8850503592507081,0.5,0.4209588787991171,0.19572169607681125,1,1,1,relevant,0.7433905601501465,1,0.7457458972930908,1,0.7758264541625977,1
108,q_01776,3,g0108,1,relevant,Delivery confirmation,c,10.0,balanced,sigmoid,0.95361328125,0.9782018765374852,0.5,0.5312941176820732,0.1589207622098857,1,1,1,relevant,0.8193087577819824,1,0.8273546099662781,1,0.8329232335090637,1
109,q_01198,1,g0109,0,irrelevant,Acknowledgment,b,10.0,balanced,sigmoid,0.1020885780453682,0.13311032052183672,0.5,0.4240620209829036,0.19029269311087393,0,0,0,irrelevant,0.4084256887435913,0,0.4313935339450836,0,0.2385697364807129,0
110,q_01315,4,g0110,1,relevant,Feedback,b,10.0,None,sigmoid,0.9872323274612427,0.9869096221104074,0.5,0.4209588787991171,0.19572169607681125,1,1,1,relevant,0.799613356590271,1,0.887533962726593,1,0.6715831756591797,1
111,q_00398,0,g0111,1,relevant,Medical,b,10.0,None,raw,0.9755321741104126,0.9755321741104126,0.5,0.5309690237045288,0.17525888979434967,1,1,1,relevant,0.6971110701560974,1,0.8989030122756958,1,0.729331374168396,1
112,q_01453,2,g0112,0,irrelevant,Acknowledgment,b,10.0,balanced,sigmoid,0.6778159141540527,0.7460938087920338,0.5,0.5853441191887626,0.17981243659258395,1,1,1,relevant,0.6528699398040771,1,0.7478277087211609,1,0.58735191822052,1
113,q_00195,1,g0113,0,irrelevant,Acknowledgment,b,10.0,balanced,sigmoid,0.007070764899253845,0.009522393985004164,0.5,0.4240620209829036,0.19029269311087393,0,0,0,irrelevant,0.04648061469197273,0,0.06220129504799843,0,0.1569705456495285,0
114,q_01092,1,g0114,1,relevant,Other,b,10.0,balanced,sigmoid,0.5698531270027161,0.6415405765230293,0.5,0.4240620209829036,0.19029269311087393,1,1,1,irrelevant,0.7125611901283264,1,0.7734276056289673,1,0.6780945062637329,1
115,q_01455,0,g0115,0,irrelevant,Acknowledgment,b,10.0,None,raw,0.7851083278656006,0.7851083278656006,0.5,0.5309690237045288,0.17525888979434967,1,1,1,irrelevant,0.6224260926246643,1,0.7630165815353394,1,0.7415396571159363,1
116,q_01705,3,g0116,1,relevant,Language change,c,10.0,balanced,sigmoid,0.9623116254806519,0.9830566416178086,0.5,0.5312941176820732,0.1589207622098857,1,1,1,relevant,0.734630823135376,1,0.7981290817260742,1,0.7995465397834778,1
117,q_01655,4,g0117,0,irrelevant,OSS,b,10.0,None,sigmoid,0.703357458114624,0.6940710621863175,0.5,0.4209588787991171,0.19572169607681125,1,1,1,irrelevant,0.7322379350662231,1,0.7140246033668518,1,0.7345409393310547,1
118,q_00685,1,g0118,1,relevant,Medical,b,10.0,balanced,sigmoid,0.9920955300331116,0.9941402074709308,0.5,0.4240620209829036,0.19029269311087393,1,1,1,relevant,0.9626522064208984,1,0.9537773132324219,1,0.889978289604187,1
119,q_00990,2,g0119,0,irrelevant,Automated message,b,10.0,balanced,sigmoid,0.05063078925013542,0.06396239878400703,0.5,0.5853441191887626,0.17981243659258395,0,0,0,irrelevant,0.1958218365907669,0,0.16548486053943634,0,0.16374675929546356,0
120,q_00177,0,g0120,1,relevant,Other,b,10.0,None,raw,0.9238256812095642,0.9238256812095642,0.5,0.5309690237045288,0.17525888979434967,1,1,1,relevant,0.6699014902114868,1,0.7548335194587708,1,0.49229827523231506,0
121,q_01695,3,g0121,1,relevant,Language change,c,10.0,balanced,sigmoid,0.40541425347328186,0.4419178359535576,0.5,0.5312941176820732,0.1589207622098857,0,0,1,relevant,0.4332904517650604,0,0.8121781349182129,1,0.5426523685455322,1
122,q_01098,3,g0122,1,relevant,Other,c,10.0,balanced,sigmoid,0.479552686214447,0.5308426767656712,0.5,0.5312941176820732,0.1589207622098857,1,0,1,relevant,0.5170691609382629,1,0.6036447286605835,1,0.575365424156189,1
123,q_00942,2,g0123,1,relevant,Medical,b,10.0,balanced,sigmoid,0.9722980260848999,0.9812631461581341,0.5,0.5853441191887626,0.17981243659258395,1,1,1,relevant,0.9442840814590454,1,0.9152119159698486,1,0.8804240226745605,1
124,q_00793,3,g0124,1,relevant,Medical,c,10.0,balanced,sigmoid,0.8905853033065796,0.9373635725507627,0.5,0.5312941176820732,0.1589207622098857,1,1,1,relevant,0.8985415697097778,1,0.8439515233039856,1,0.8404146432876587,1
125,q_00435,3,g0125,1,relevant,Medical,c,10.0,balanced,sigmoid,0.9627912044525146,0.9833172826968263,0.5,0.5312941176820732,0.1589207622098857,1,1,1,relevant,0.8255969285964966,1,0.8746622204780579,1,0.8506053686141968,1
126,q_00008,0,g0126,0,irrelevant,Greeting,b,10.0,None,raw,0.6569937467575073,0.6569937467575073,0.5,0.5309690237045288,0.17525888979434967,1,1,1,irrelevant,0.7402513027191162,1,0.7316213250160217,1,0.6003258228302002,1
127,q_00472,0,g0127,1,relevant,Medical,b,10.0,None,raw,0.3621942400932312,0.3621942400932312,0.5,0.5309690237045288,0.17525888979434967,0,0,1,relevant,0.326762855052948,0,0.5291821360588074,1,0.5593423843383789,1
128,q_01634,0,g0128,0,irrelevant,OSS,b,10.0,None,raw,0.5572232604026794,0.5572232604026794,0.5,0.5309690237045288,0.17525888979434967,1,1,1,irrelevant,0.8188174366950989,1,0.6310106515884399,1,0.681564211845398,1
129,q_01338,4,g0129,0,irrelevant,Acknowledgment,b,10.0,None,sigmoid,0.04668068513274193,0.04386840528466439,0.5,0.4209588787991171,0.19572169607681125,0,0,0,irrelevant,0.19762103259563446,0,0.09799729287624359,0,0.3178336024284363,0
130,q_00855,3,g0130,1,relevant,Medical,c,10.0,balanced,sigmoid,0.4826650321483612,0.534521187741463,0.5,0.5312941176820732,0.1589207622098857,1,1,1,relevant,0.9256462454795837,1,0.8707493543624878,1,0.6832367181777954,1
131,q_00172,0,g0131,0,irrelevant,Acknowledgment,b,10.0,None,raw,0.04412519931793213,0.04412519931793213,0.5,0.5309690237045288,0.17525888979434967,0,0,0,irrelevant,0.11503677815198898,0,0.1545739769935608,0,0.1745826154947281,0
132,q_00547,2,g0132,1,relevant,Medical,b,10.0,balanced,sigmoid,0.9600607752799988,0.9726403345360937,0.5,0.5853441191887626,0.17981243659258395,1,1,1,relevant,0.681472897529602,1,0.9079902768135071,1,0.8222954273223877,1
133,q_01478,0,g0133,1,relevant,Feedback,b,10.0,None,raw,0.2211010605096817,0.2211010605096817,0.5,0.5309690237045288,0.17525888979434967,0,0,1,relevant,0.14100302755832672,0,0.2653454542160034,0,0.22742879390716553,0
134,q_01615,3,g0134,0,irrelevant,OSS,c,10.0,balanced,sigmoid,0.24759149551391602,0.25032028688631813,0.5,0.5312941176820732,0.1589207622098857,0,0,1,irrelevant,0.6733309030532837,1,0.6385951638221741,1,0.5264928340911865,1
135,q_01329,0,g0135,0,irrelevant,Acknowledgment,b,10.0,None,raw,0.37398070096969604,0.37398070096969604,0.5,0.5309690237045288,0.17525888979434967,0,0,1,irrelevant,0.231806218624115,0,0.4419361650943756,0,0.41400450468063354,0
136,q_01551,1,g0136,0,irrelevant,OSS,b,10.0,balanced,sigmoid,0.09519723802804947,0.1244140094589632,0.5,0.4240620209829036,0.19029269311087393,0,0,0,irrelevant,0.48604005575180054,0,0.487314373254776,0,0.6436564922332764,1
137,q_00115,0,g0137,0,irrelevant,Acknowledgment,b,10.0,None,raw,0.24505892395973206,0.24505892395973206,0.5,0.5309690237045288,0.17525888979434967,0,0,1,irrelevant,0.3239630460739136,0,0.3393591642379761,0,0.6816467046737671,1
138,q_01796,2,g0138,1,relevant,Date,b,10.0,balanced,sigmoid,0.9755263924598694,0.9835130026046379,0.5,0.5853441191887626,0.17981243659258395,1,1,1,relevant,0.8053492307662964,1,0.8821741342544556,1,0.8042219281196594,1
139,q_01286,2,g0139,0,irrelevant,Acknowledgment,b,10.0,balanced,sigmoid,0.0015377012314274907,0.0018124751861261902,0.5,0.5853441191887626,0.17981243659258395,0,0,0,irrelevant,0.04327496513724327,0,0.02041972428560257,0,0.05708567798137665,0
140,q_00464,4,g0140,1,relevant,Medical,b,10.0,None,sigmoid,0.9608606100082397,0.9596592341470398,0.5,0.4209588787991171,0.19572169607681125,1,1,1,relevant,0.8152629137039185,1,0.8308898210525513,1,0.5443894863128662,1
141,q_00148,3,g0141,0,irrelevant,Acknowledgment,c,10.0,balanced,sigmoid,0.014491439796984196,0.008319071736733701,0.5,0.5312941176820732,0.1589207622098857,0,0,0,irrelevant,0.16907456517219543,0,0.08236195892095566,0,0.13323110342025757,0
142,q_01278,3,g0142,0,irrelevant,Acknowledgment,c,10.0,balanced,sigmoid,0.012451430782675743,0.006942446856486155,0.5,0.5312941176820732,0.1589207622098857,0,0,0,irrelevant,0.24621331691741943,0,0.19258612394332886,0,0.09243259578943253,0
143,q_00510,1,g0143,1,relevant,Medical,b,10.0,balanced,sigmoid,0.8703523874282837,0.9007053499947075,0.5,0.4240620209829036,0.19029269311087393,1,1,1,relevant,0.8259133100509644,1,0.8115074634552002,1,0.8161202073097229,1
144,q_01332,3,g0144,0,irrelevant,Acknowledgment,c,10.0,balanced,sigmoid,0.18423306941986084,0.17608879085053947,0.5,0.5312941176820732,0.1589207622098857,0,0,1,relevant,0.635212242603302,1,0.6598660349845886,1,0.5215534567832947,1
145,q_00229,3,g0145,0,irrelevant,Spam,c,10.0,balanced,sigmoid,0.29414716362953186,0.30640594621939177,0.5,0.5312941176820732,0.1589207622098857,0,0,1,irrelevant,0.4134424030780792,0,0.5082575678825378,1,0.5178048610687256,1
146,q_00462,0,g0146,1,relevant,Medical,b,10.0,None,raw,0.7807121276855469,0.7807121276855469,0.5,0.5309690237045288,0.17525888979434967,1,1,1,relevant,0.7490692734718323,1,0.8129928112030029,1,0.8306533098220825,1
147,q_01380,2,g0147,0,irrelevant,Acknowledgment,b,10.0,balanced,sigmoid,0.49381527304649353,0.5723281046740346,0.5,0.5853441191887626,0.17981243659258395,1,0,1,irrelevant,0.8259195685386658,1,0.722950279712677,1,0.5941170454025269,1
148,q_01040,3,g0148,1,relevant,Medical,c,10.0,balanced,sigmoid,0.9977399110794067,0.9994124298946542,0.5,0.5312941176820732,0.1589207622098857,1,1,1,relevant,0.977702796459198,1,0.9732827544212341,1,0.9496631026268005,1
149,q_01479,2,g0149,0,irrelevant,Acknowledgment,b,10.0,balanced,sigmoid,0.07573237270116806,0.09588223748683543,0.5,0.5853441191887626,0.17981243659258395,0,0,0,irrelevant,0.12242019921541214,0,0.18077769875526428,0,0.18650633096694946,0
150,q_00075,0,g0150,0,irrelevant,Greeting,b,10.0,None,raw,0.43817514181137085,0.43817514181137085,0.5,0.5309690237045288,0.17525888979434967,0,0,1,irrelevant,0.5112013220787048,1,0.40369361639022827,0,0.6693775653839111,1
151,q_00014,4,g0151,0,irrelevant,Greeting,b,10.0,None,sigmoid,0.082731693983078,0.07816254846989809,0.5,0.4209588787991171,0.19572169607681125,0,0,0,irrelevant,0.4211162030696869,0,0.33566024899482727,0,0.36639001965522766,0
152,q_01598,0,g0152,0,irrelevant,OSS,b,10.0,None,raw,0.8336204290390015,0.8336204290390015,0.5,0.5309690237045288,0.17525888979434967,1,1,1,relevant,0.8281065225601196,1,0.8323952555656433,1,0.8556928634643555,1
153,q_00135,3,g0153,0,irrelevant,Acknowledgment,c,10.0,balanced,sigmoid,0.013862162828445435,0.007890079923209597,0.5,0.5312941176820732,0.1589207622098857,0,0,0,irrelevant,0.36278727650642395,0,0.4544767737388611,0,0.16904176771640778,0
154,q_01699,4,g0154,1,relevant,Language change,b,10.0,None,sigmoid,0.9027834534645081,0.899511008129232,0.5,0.4209588787991171,0.19572169607681125,1,1,1,relevant,0.8184167742729187,1,0.854719877243042,1,0.8780001401901245,1
155,q_01689,3,g0155,1,relevant,Language change,c,10.0,balanced,sigmoid,0.882587194442749,0.9315923461141995,0.5,0.5312941176820732,0.1589207622098857,1,1,1,relevant,0.5530200004577637,1,0.6969932913780212,1,0.7110026478767395,1
156,q_01590,0,g0156,0,irrelevant,OSS,b,10.0,None,raw,0.7322158217430115,0.7322158217430115,0.5,0.5309690237045288,0.17525888979434967,1,1,1,irrelevant,0.7174269556999207,1,0.7417824864387512,1,0.7343064546585083,1
157,q_01567,4,g0157,0,irrelevant,OSS,b,10.0,None,sigmoid,0.018059557303786278,0.016853019225046312,0.5,0.4209588787991171,0.19572169607681125,0,0,0,irrelevant,0.14144720137119293,0,0.15476907789707184,0,0.39819714426994324,0
158,q_01712,1,g0158,1,relevant,Language change,b,10.0,balanced,sigmoid,0.29340484738349915,0.3593365209520603,0.5,0.4240620209829036,0.19029269311087393,0,0,1,relevant,0.7603086233139038,1,0.6045399308204651,1,0.7896749973297119,1
159,q_00180,2,g0159,0,irrelevant,Acknowledgment,b,10.0,balanced,sigmoid,0.0423564650118351,0.053409967455304415,0.5,0.5853441191887626,0.17981243659258395,0,0,0,irrelevant,0.08365359157323837,0,0.1469591110944748,0,0.23606088757514954,0
160,q_00757,1,g0160,1,relevant,Medical,b,10.0,balanced,sigmoid,0.993719220161438,0.9953459844494131,0.5,0.4240620209829036,0.19029269311087393,1,1,1,relevant,0.9689101576805115,1,0.9569248557090759,1,0.9335438013076782,1
161,q_00758,1,g0161,1,relevant,Medical,b,10.0,balanced,sigmoid,0.9987226128578186,0.9990548707347012,0.5,0.4240620209829036,0.19029269311087393,1,1,1,relevant,0.9792024493217468,1,0.9753495454788208,1,0.9572664499282837,1
162,q_00339,3,g0162,1,relevant,Medical,c,10.0,balanced,sigmoid,0.9708002209663391,0.98755203977528,0.5,0.5312941176820732,0.1589207622098857,1,1,1,relevant,0.973053514957428,1,0.899555504322052,1,0.8980095386505127,1
163,q_00842,0,g0163,1,relevant,Medical,b,10.0,None,raw,0.9558039903640747,0.9558039903640747,0.5,0.5309690237045288,0.17525888979434967,1,1,1,relevant,0.9192517399787903,1,0.8720822334289551,1,0.6802972555160522,1
164,q_01164,1,g0164,0,irrelevant,Acknowledgment,b,10.0,balanced,sigmoid,0.005514579825103283,0.007430443302958291,0.5,0.4240620209829036,0.19029269311087393,0,0,0,irrelevant,0.05469970032572746,0,0.05582080036401749,0,0.08716773241758347,0
165,q_00535,3,g0165,1,relevant,Medical,c,10.0,balanced,sigmoid,0.6493234038352966,0.7212621893445752,0.5,0.5312941176820732,0.1589207622098857,1,1,1,relevant,0.8222481608390808,1,0.8858512043952942,1,0.6375084519386292,1
166,q_01205,4,g0166,0,irrelevant,Acknowledgment,b,10.0,None,sigmoid,0.04639287292957306,0.04359568132618832,0.5,0.4209588787991171,0.19572169607681125,0,0,0,irrelevant,0.11949513107538223,0,0.20662756264209747,0,0.1462308019399643,0
167,q_00663,2,g0167,1,relevant,Medical,b,10.0,balanced,sigmoid,0.7751752138137817,0.8296990770281137,0.5,0.5853441191887626,0.17981243659258395,1,1,1,relevant,0.7959921360015869,1,0.7890137434005737,1,0.8550096154212952,1
168,q_00807,4,g0168,1,relevant,Medical,b,10.0,None,sigmoid,0.9988723397254944,0.9988585820394296,0.5,0.4209588787991171,0.19572169607681125,1,1,1,relevant,0.9653317928314209,1,0.968569815158844,1,0.9134978652000427,1
169,q_00595,2,g0169,1,relevant,Medical,b,10.0,balanced,sigmoid,0.8390032649040222,0.8814521350741517,0.5,0.5853441191887626,0.17981243659258395,1,1,1,relevant,0.744719386100769,1,0.7243335843086243,1,0.8540520668029785,1
170,q_01049,1,g0170,0,irrelevant,Spam,b,10.0,balanced,sigmoid,0.8805796504020691,0.9087901250156403,0.5,0.4240620209829036,0.19029269311087393,1,1,1,irrelevant,0.8947145342826843,1,0.8160984516143799,1,0.8680375218391418,1
171,q_01637,3,g0171,0,irrelevant,OSS,c,10.0,balanced,sigmoid,0.5610345005989075,0.6251216199823576,0.5,0.5312941176820732,0.1589207622098857,1,1,1,irrelevant,0.8450520038604736,1,0.7353192567825317,1,0.6854040026664734,1
172,q_01610,2,g0172,0,irrelevant,OSS,b,10.0,balanced,sigmoid,0.09776788204908371,0.12370989184766025,0.5,0.5853441191887626,0.17981243659258395,0,0,0,irrelevant,0.35872751474380493,0,0.470244437456131,0,0.4018908441066742,0
173,q_00786,0,g0173,1,relevant,Medical,b,10.0,None,raw,0.9773575663566589,0.9773575663566589,0.5,0.5309690237045288,0.17525888979434967,1,1,1,relevant,0.8849515318870544,1,0.9196488261222839,1,0.8640320301055908,1
174,q_00813,4,g0174,1,relevant,Medical,b,10.0,None,sigmoid,0.9604454040527344,0.9592294588153277,0.5,0.4209588787991171,0.19572169607681125,1,1,1,relevant,0.7305449843406677,1,0.8783490657806396,1,0.9041444659233093,1
175,q_01595,0,g0175,0,irrelevant,OSS,b,10.0,None,raw,0.20870985090732574,0.20870985090732574,0.5,0.5309690237045288,0.17525888979434967,0,0,1,irrelevant,0.4347148835659027,0,0.48070091009140015,0,0.6389608979225159,1
176,q_00856,2,g0176,1,relevant,Medical,b,10.0,balanced,sigmoid,0.7753807902336121,0.8298696451180008,0.5,0.5853441191887626,0.17981243659258395,1,1,1,relevant,0.5257453918457031,1,0.7276251316070557,1,0.8631447553634644,1
177,q_01502,2,g0177,0,irrelevant,Acknowledgment,b,10.0,balanced,sigmoid,0.7544873356819153,0.8124056072062176,0.5,0.5853441191887626,0.17981243659258395,1,1,1,irrelevant,0.5831477046012878,1,0.5386059880256653,1,0.5427801012992859,1
178,q_00441,2,g0178,1,relevant,Medical,b,10.0,balanced,sigmoid,0.9849709868431091,0.990023306026954,0.5,0.5853441191887626,0.17981243659258395,1,1,1,relevant,0.9585472345352173,1,0.935276985168457,1,0.8721292018890381,1
179,q_00117,2,g0179,1,relevant,Other,b,10.0,balanced,sigmoid,0.19979366660118103,0.2490892381466036,0.5,0.5853441191887626,0.17981243659258395,0,0,1,relevant,0.3405701518058777,0,0.3878570795059204,0,0.7369081377983093,1
180,q_01413,2,g0180,0,irrelevant,Acknowledgment,b,10.0,balanced,sigmoid,0.06338229030370712,0.08020068670075325,0.5,0.5853441191887626,0.17981243659258395,0,0,0,irrelevant,0.463050901889801,0,0.13987241685390472,0,0.41233664751052856,0
181,q_00190,2,g0181,0,irrelevant,Acknowledgment,b,10.0,balanced,sigmoid,0.010132396593689919,0.012459958153193292,0.5,0.5853441191887626,0.17981243659258395,0,0,0,irrelevant,0.08994545787572861,0,0.06692679971456528,0,0.1271851509809494,0
182,q_01301,2,g0182,0,irrelevant,Acknowledgment,b,10.0,balanced,sigmoid,0.001708309631794691,0.0020184851073712633,0.5,0.5853441191887626,0.17981243659258395,0,0,0,irrelevant,0.021234603598713875,0,0.0366835743188858,0,0.08242582529783249,0
183,q_00576,0,g0183,1,relevant,Medical,b,10.0,None,raw,0.897782027721405,0.897782027721405,0.5,0.5309690237045288,0.17525888979434967,1,1,1,relevant,0.768042802810669,1,0.80814528465271,1,0.8338696956634521,1
184,q_00201,0,g0184,1,relevant,Other,b,10.0,None,raw,0.47931912541389465,0.47931912541389465,0.5,0.5309690237045288,0.17525888979434967,0,0,1,relevant,0.46204525232315063,0,0.3011593818664551,0,0.4545065760612488,0
185,q_00360,4,g0185,1,relevant,Medical,b,10.0,None,sigmoid,0.9784366488456726,0.9778343327257458,0.5,0.4209588787991171,0.19572169607681125,1,1,1,relevant,0.8970048427581787,1,0.9144861698150635,1,0.9192736148834229,1
186,q_00277,1,g0186,1,relevant,Language change,b,10.0,balanced,sigmoid,0.9440680146217346,0.9580003173962766,0.5,0.4240620209829036,0.19029269311087393,1,1,1,relevant,0.8385354280471802,1,0.8303487300872803,1,0.7036125063896179,1
187,q_01079,3,g0187,1,relevant,Medical,c,10.0,balanced,sigmoid,0.9273390769958496,0.9622699538760989,0.5,0.5312941176820732,0.1589207622098857,1,1,1,relevant,0.7566938996315002,1,0.7374728322029114,1,0.8736863136291504,1
188,q_00700,4,g0188,1,relevant,Medical,b,10.0,None,sigmoid,0.9966649413108826,0.9966046493882524,0.5,0.4209588787991171,0.19572169607681125,1,1,1,relevant,0.9785213470458984,1,0.9732086658477783,1,0.9032694101333618,1
189,q_01546,1,g0189,0,irrelevant,OSS,b,10.0,balanced,sigmoid,0.0020555395167320967,0.0027726782719786434,0.5,0.4240620209829036,0.19029269311087393,0,0,0,irrelevant,0.17641283571720123,0,0.07235709577798843,0,0.521785318851471,1
190,q_00958,4,g0190,1,relevant,Medical,b,10.0,None,sigmoid,0.9386833906173706,0.9366948483164946,0.5,0.4209588787991171,0.19572169607681125,1,1,1,relevant,0.8703562021255493,1,0.8595033884048462,1,0.856174111366272,1
191,q_00600,3,g0191,1,relevant,Medical,c,10.0,balanced,sigmoid,0.8620119690895081,0.9162201436398982,0.5,0.5312941176820732,0.1589207622098857,1,1,1,relevant,0.8775407671928406,1,0.6923162937164307,1,0.7877887487411499,1
192,q_01805,3,g0192,1,relevant,Date,c,10.0,balanced,sigmoid,0.9481788873672485,0.9750547323987069,0.5,0.5312941176820732,0.1589207622098857,1,1,1,relevant,0.7671316862106323,1,0.8074642419815063,1,0.82414311170578,1
193,q_01778,4,g0193,1,relevant,Delivery confirmation,b,10.0,None,sigmoid,0.9861438274383545,0.9857878158524175,0.5,0.4209588787991171,0.19572169607681125,1,1,1,relevant,0.8608924746513367,1,0.920331597328186,1,0.9187064170837402,1
194,q_01336,1,g0194,0,irrelevant,Acknowledgment,b,10.0,balanced,sigmoid,0.021603018045425415,0.02895047571196489,0.5,0.4240620209829036,0.19029269311087393,0,0,0,irrelevant,0.5195819139480591,1,0.12618137896060944,0,0.40083420276641846,0
195,q_01104,1,g0195,1,relevant,Other,b,10.0,balanced,sigmoid,0.8268716335296631,0.8658301317161938,0.5,0.4240620209829036,0.19029269311087393,1,1,1,relevant,0.7595993280410767,1,0.7513267993927002,1,0.8340229392051697,1
196,q_01543,2,g0196,0,irrelevant,OSS,b,10.0,balanced,sigmoid,0.13198785483837128,0.16644614348817374,0.5,0.5853441191887626,0.17981243659258395,0,0,0,irrelevant,0.698634147644043,1,0.46476924419403076,0,0.655957818031311,1
197,q_00319,3,g0197,1,relevant,Language change,c,10.0,balanced,sigmoid,0.6456183195114136,0.7173776914035311,0.5,0.5312941176820732,0.1589207622098857,1,1,1,relevant,0.5243634581565857,1,0.5058295726776123,1,0.6600736379623413,1
198,q_01082,4,g0198,1,relevant,Medical,b,10.0,None,sigmoid,0.7290176153182983,0.7203525253295552,0.5,0.4209588787991171,0.19572169607681125,1,1,1,relevant,0.659024178981781,1,0.6856552362442017,1,0.5012785196304321,1
199,q_00784,2,g0199,1,relevant,Medical,b,10.0,balanced,sigmoid,0.9652442932128906,0.9763101606950935,0.5,0.5853441191887626,0.17981243659258395,1,1,1,relevant,0.9738888144493103,1,0.9382337331771851,1,0.9162591099739075,1
200,q_01099,1,g0200,1,relevant,Other,b,10.0,balanced,sigmoid,0.717716634273529,0.7745266683391776,0.5,0.4240620209829036,0.19029269311087393,1,1,1,relevant,0.7729973793029785,1,0.6583442687988281,1,0.5881573557853699,1
201,q_01503,0,g0201,0,irrelevant,Acknowledgment,b,10.0,None,raw,0.030948491767048836,0.030948491767048836,0.5,0.5309690237045288,0.17525888979434967,0,0,0,irrelevant,0.16922368109226227,0,0.08577626943588257,0,0.34788069128990173,0
202,q_01365,1,g0202,0,irrelevant,Acknowledgment,b,10.0,balanced,sigmoid,0.11739669740200043,0.15228376847868613,0.5,0.4240620209829036,0.19029269311087393,0,0,0,irrelevant,0.19289325177669525,0,0.17129094898700714,0,0.5464902520179749,1
203,q_01027,3,g0203,1,relevant,Medical,c,10.0,balanced,sigmoid,0.95828777551651,0.9808400864669264,0.5,0.5312941176820732,0.1589207622098857,1,1,1,relevant,0.8470930457115173,1,0.8782393932342529,1,0.8406210541725159,1
204,q_00962,1,g0204,1,relevant,Medical,b,10.0,balanced,sigmoid,0.9450657963752747,0.9587605183904526,0.5,0.4240620209829036,0.19029269311087393,1,1,1,relevant,0.8183012008666992,1,0.9085082411766052,1,0.7422573566436768,1
205,q_00782,1,g0205,1,relevant,Medical,b,10.0,balanced,sigmoid,0.8654152750968933,0.8967865663549288,0.5,0.4240620209829036,0.19029269311087393,1,1,1,relevant,0.7733929753303528,1,0.7964608669281006,1,0.864831805229187,1
206,q_00754,2,g0206,1,relevant,Medical,b,10.0,balanced,sigmoid,0.9884316921234131,0.9923768967568456,0.5,0.5853441191887626,0.17981243659258395,1,1,1,relevant,0.9688082933425903,1,0.9540539383888245,1,0.9325675964355469,1
207,q_01703,2,g0207,1,relevant,Language change,b,10.0,balanced,sigmoid,0.9597736597061157,0.9724363723129408,0.5,0.5853441191887626,0.17981243659258395,1,1,1,relevant,0.8578385710716248,1,0.8850677013397217,1,0.9442479610443115,1
208,q_01249,0,g0208,0,irrelevant,Acknowledgment,b,10.0,None,raw,0.002375273499637842,0.002375273499637842,0.5,0.5309690237045288,0.17525888979434967,0,0,0,irrelevant,0.06208121031522751,0,0.0374952033162117,0,0.05510319024324417,0
209,q_00851,4,g0209,1,relevant,Medical,b,10.0,None,sigmoid,0.9582096338272095,0.9569153182109086,0.5,0.4209588787991171,0.19572169607681125,1,1,1,relevant,0.8463225960731506,1,0.8390123844146729,1,0.669221043586731,1
210,q_01052,3,g0210,1,relevant,Other,c,10.0,balanced,sigmoid,0.7191625237464905,0.79167466009862,0.5,0.5312941176820732,0.1589207622098857,1,1,1,relevant,0.4030640125274658,0,0.39939525723457336,0,0.5766385197639465,1
211,q_01334,1,g0211,0,irrelevant,Acknowledgment,b,10.0,balanced,sigmoid,0.011235021986067295,0.015109415154847325,0.5,0.4240620209829036,0.19029269311087393,0,0,0,irrelevant,0.38609546422958374,0,0.05180331692099571,0,0.516798198223114,1
212,q_00272,1,g0212,1,relevant,Language change,b,10.0,balanced,sigmoid,0.9908941984176636,0.993247422407457,0.5,0.4240620209829036,0.19029269311087393,1,1,1,relevant,0.9137043356895447,1,0.9171040058135986,1,0.8370625376701355,1
213,q_01225,0,g0213,0,irrelevant,Acknowledgment,b,10.0,None,raw,0.06960597634315491,0.06960597634315491,0.5,0.5309690237045288,0.17525888979434967,0,0,0,irrelevant,0.11334917694330215,0,0.15501299500465393,0,0.1534959375858307,0
214,q_00574,1,g0214,1,relevant,Medical,b,10.0,balanced,sigmoid,0.6337668299674988,0.7004096484598327,0.5,0.4240620209829036,0.19029269311087393,1,1,1,relevant,0.7618139982223511,1,0.5669170618057251,1,0.5168039798736572,1
215,q_00588,0,g0215,1,relevant,Medical,b,10.0,None,raw,0.9728299975395203,0.9728299975395203,0.5,0.5309690237045288,0.17525888979434967,1,1,1,relevant,0.8923222422599792,1,0.9061997532844543,1,0.9193243980407715,1
216,q_01010,1,g0216,1,relevant,Date,b,10.0,balanced,sigmoid,0.9366232752799988,0.9523155604802103,0.5,0.4240620209829036,0.19029269311087393,1,1,1,relevant,0.7860114574432373,1,0.8127614259719849,1,0.818042516708374,1
217,q_00264,4,g0217,1,relevant,Language change,b,10.0,None,sigmoid,0.9477429986000061,0.9460781127660766,0.5,0.4209588787991171,0.19572169607681125,1,1,1,relevant,0.7369837760925293,1,0.8473801016807556,1,0.8117295503616333,1
218,q_01714,3,g0218,1,relevant,Delivery confirmation,c,10.0,balanced,sigmoid,0.984067440032959,0.9939869469406561,0.5,0.5312941176820732,0.1589207622098857,1,1,1,relevant,0.7333146333694458,1,0.753654956817627,1,0.9080433249473572,1
219,q_00932,3,g0219,1,relevant,Medical,c,10.0,balanced,sigmoid,0.9755991101264954,0.9899722641801201,0.5,0.5312941176820732,0.1589207622098857,1,1,1,relevant,0.966921865940094,1,0.9069012403488159,1,0.9123848676681519,1
220,q_00235,0,g0220,1,relevant,Language change,b,10.0,None,raw,0.9682813882827759,0.9682813882827759,0.5,0.5309690237045288,0.17525888979434967,1,1,1,relevant,0.5789651274681091,1,0.8721627593040466,1,0.7877094745635986,1
221,q_00983,0,g0221,0,irrelevant,Automated message,b,10.0,None,raw,0.048796169459819794,0.048796169459819794,0.5,0.5309690237045288,0.17525888979434967,0,0,0,irrelevant,0.06724383682012558,0,0.16643524169921875,0,0.14814360439777374,0
222,q_01481,1,g0222,1,relevant,Feedback,b,10.0,balanced,sigmoid,0.6211503148078918,0.6889607623931149,0.5,0.4240620209829036,0.19029269311087393,1,1,1,relevant,0.4683089852333069,0,0.6587924361228943,1,0.4913146495819092,0
223,q_00863,0,g0223,1,relevant,Medical,b,10.0,None,raw,0.9860526323318481,0.9860526323318481,0.5,0.5309690237045288,0.17525888979434967,1,1,1,relevant,0.9899768233299255,1,0.9488438367843628,1,0.9243413209915161,1
224,q_01030,1,g0224,1,relevant,Date,b,10.0,balanced,sigmoid,0.9163517355918884,0.9367220619622668,0.5,0.4240620209829036,0.19029269311087393,1,1,1,relevant,0.8418270349502563,1,0.8288713097572327,1,0.7039393782615662,1
225,q_00534,1,g0225,1,relevant,Medical,b,10.0,balanced,sigmoid,0.6872341632843018,0.7480216029759453,0.5,0.4240620209829036,0.19029269311087393,1,1,1,relevant,0.6935585737228394,1,0.7836421132087708,1,0.6549450755119324,1
226,q_00080,1,g0226,0,irrelevant,Greeting,b,10.0,balanced,sigmoid,0.020759014412760735,0.02782744149268979,0.5,0.4240620209829036,0.19029269311087393,0,0,0,irrelevant,0.26650065183639526,0,0.15340720117092133,0,0.13870476186275482,0
227,q_01547,3,g0227,0,irrelevant,OSS,c,10.0,balanced,sigmoid,0.2063409835100174,0.2016225041062381,0.5,0.5312941176820732,0.1589207622098857,0,0,1,irrelevant,0.10719853639602661,0,0.08303503692150116,0,0.5380366444587708,1
228,q_00770,0,g0228,1,relevant,Medical,b,10.0,None,raw,0.9995304346084595,0.9995304346084595,0.5,0.5309690237045288,0.17525888979434967,1,1,1,relevant,0.9785460829734802,1,0.9765490293502808,1,0.9732632040977478,1
229,q_00722,2,g0229,1,relevant,Medical,b,10.0,balanced,sigmoid,0.9927396178245544,0.99527499616891,0.5,0.5853441191887626,0.17981243659258395,1,1,1,relevant,0.9843147397041321,1,0.9611707329750061,1,0.8120847940444946,1
230,q_01730,1,g0230,1,relevant,Delivery confirmation,b,10.0,balanced,sigmoid,0.9669799208641052,0.9753556507395006,0.5,0.4240620209829036,0.19029269311087393,1,1,1,relevant,0.8861412405967712,1,0.9067497849464417,1,0.9045881032943726,1
231,q_01435,1,g0231,1,relevant,Feedback,b,10.0,balanced,sigmoid,0.00360146164894104,0.004855659810848911,0.5,0.4240620209829036,0.19029269311087393,0,0,0,relevant,0.12531445920467377,0,0.04190061241388321,0,0.239122211933136,0
232,q_00626,3,g0232,1,relevant,Medical,c,10.0,balanced,sigmoid,0.5880780816078186,0.6553210624050818,0.5,0.5312941176820732,0.1589207622098857,1,1,1,relevant,0.9724737405776978,1,0.9712210297584534,1,0.6966426968574524,1
233,q_01685,4,g0233,1,relevant,Language change,b,10.0,None,sigmoid,0.9514646530151367,0.9499319920652413,0.5,0.4209588787991171,0.19572169607681125,1,1,1,relevant,0.8685083985328674,1,0.8885926604270935,1,0.8854299783706665,1
234,q_01764,4,g0234,1,relevant,Delivery confirmation,b,10.0,None,sigmoid,0.9305339455604553,0.928253210673169,0.5,0.4209588787991171,0.19572169607681125,1,1,1,relevant,0.8469738960266113,1,0.8084725141525269,1,0.8747618794441223,1
235,q_01441,2,g0235,0,irrelevant,Acknowledgment,b,10.0,balanced,sigmoid,0.15358825027942657,0.19308116349687768,0.5,0.5853441191887626,0.17981243659258395,0,0,1,irrelevant,0.15704886615276337,0,0.18188461661338806,0,0.23841774463653564,0
236,q_00036,1,g0236,0,irrelevant,Greeting,b,10.0,balanced,sigmoid,0.016447490081191063,0.0220803076565428,0.5,0.4240620209829036,0.19029269311087393,0,0,0,irrelevant,0.17266534268856049,0,0.1560940444469452,0,0.12172175943851471,0
237,q_00450,4,g0237,1,relevant,Medical,b,10.0,None,sigmoid,0.7403585314750671,0.7319844501395526,0.5,0.4209588787991171,0.19572169607681125,1,1,1,relevant,0.7878772020339966,1,0.7592006325721741,1,0.7712758183479309,1
238,q_01660,1,g0238,0,irrelevant,OSS,b,10.0,balanced,sigmoid,0.8024098873138428,0.8458440611893776,0.5,0.4240620209829036,0.19029269311087393,1,1,1,irrelevant,0.867163896560669,1,0.7270606756210327,1,0.7027186751365662,1
239,q_01107,4,g0239,1,relevant,Other,b,10.0,None,sigmoid,0.9232638478279114,0.9207223650561618,0.5,0.4209588787991171,0.19572169607681125,1,1,1,relevant,0.7769485712051392,1,0.8215360045433044,1,0.8395498394966125,1
240,q_00680,3,g0240,1,relevant,Medical,c,10.0,balanced,sigmoid,0.9413625597953796,0.970993126625891,0.5,0.5312941176820732,0.1589207622098857,1,1,1,relevant,0.9570425152778625,1,0.9447324275970459,1,0.819279134273529,1
241,q_01186,3,g0241,0,irrelevant,Acknowledgment,c,10.0,balanced,sigmoid,0.03369970992207527,0.022815563143026893,0.5,0.5312941176820732,0.1589207622098857,0,0,0,irrelevant,0.2253694087266922,0,0.18882976472377777,0,0.16624806821346283,0
242,q_00023,0,g0242,0,irrelevant,Greeting,b,10.0,None,raw,0.011188107542693615,0.011188107542693615,0.5,0.5309690237045288,0.17525888979434967,0,0,0,irrelevant,0.1306193321943283,0,0.04421635717153549,0,0.1292380690574646,0
243,q_00947,2,g0243,1,relevant,Medical,b,10.0,balanced,sigmoid,0.9707335829734802,0.9801689506731953,0.5,0.5853441191887626,0.17981243659258395,1,1,1,relevant,0.7655487060546875,1,0.8861547112464905,1,0.8199964761734009,1
244,q_01605,0,g0244,0,irrelevant,OSS,b,10.0,None,raw,0.867692232131958,0.867692232131958,0.5,0.5309690237045288,0.17525888979434967,1,1,1,irrelevant,0.7651193737983704,1,0.8645360469818115,1,0.863655149936676,1
245,q_01400,1,g0245,0,irrelevant,Acknowledgment,b,10.0,balanced,sigmoid,0.007522305939346552,0.01012897733210272,0.5,0.4240620209829036,0.19029269311087393,0,0,0,irrelevant,0.46647709608078003,0,0.07648484408855438,0,0.3331519365310669,0
246,q_00606,2,g0246,1,relevant,Medical,b,10.0,balanced,sigmoid,0.9909424185752869,0.9940708886734136,0.5,0.5853441191887626,0.17981243659258395,1,1,1,relevant,0.8438789248466492,1,0.9623405337333679,1,0.5639767050743103,1
247,q_01133,4,g0247,0,irrelevant,Acknowledgment,b,10.0,None,sigmoid,0.022098161280155182,0.020649970115692036,0.5,0.4209588787991171,0.19572169607681125,0,0,0,irrelevant,0.07063238322734833,0,0.07644259929656982,0,0.15419675409793854,0
248,q_01161,1,g0248,1,relevant,Delivery confirmation,b,10.0,balanced,sigmoid,0.010139974765479565,0.013641776308487261,0.5,0.4240620209829036,0.19029269311087393,0,0,0,relevant,0.13393710553646088,0,0.05750572308897972,0,0.16594631969928741,0
249,q_01499,1,g0249,1,relevant,Feedback,b,10.0,balanced,sigmoid,0.7385940551757812,0.792419851951741,0.5,0.4240620209829036,0.19029269311087393,1,1,1,relevant,0.5606142282485962,1,0.5733687281608582,1,0.588638961315155,1
250,q_00011,0,g0250,0,irrelevant,Greeting,b,10.0,None,raw,0.05942955240607262,0.05942955240607262,0.5,0.5309690237045288,0.17525888979434967,0,0,0,irrelevant,0.5491952896118164,1,0.19202059507369995,0,0.46452751755714417,0
251,q_00599,3,g0251,1,relevant,Medical,c,10.0,balanced,sigmoid,0.7621375322341919,0.8321156857034171,0.5,0.5312941176820732,0.1589207622098857,1,1,1,relevant,0.7299721240997314,1,0.8471369743347168,1,0.7106752991676331,1
252,q_00529,1,g0252,1,relevant,Medical,b,10.0,balanced,sigmoid,0.9746053814888,0.9810853744056579,0.5,0.4240620209829036,0.19029269311087393,1,1,1,relevant,0.7695152163505554,1,0.9132722020149231,1,0.7289759516716003,1
253,q_00567,4,g0253,1,relevant,Medical,b,10.0,None,sigmoid,0.9646750688552856,0.9636064576816769,0.5,0.4209588787991171,0.19572169607681125,1,1,1,relevant,0.8559291362762451,1,0.8868458271026611,1,0.8592187166213989,1
254,q_00426,1,g0254,1,relevant,Medical,b,10.0,balanced,sigmoid,0.982804536819458,0.9872203544494149,0.5,0.4240620209829036,0.19029269311087393,1,1,1,relevant,0.881863534450531,1,0.8743698596954346,1,0.7878468036651611,1
255,q_00543,3,g0255,1,relevant,Medical,c,10.0,balanced,sigmoid,0.5661081671714783,0.630833647825711,0.5,0.5312941176820732,0.1589207622098857,1,1,1,relevant,0.9215171337127686,1,0.8796916604042053,1,0.6309547424316406,1
256,q_00067,3,g0256,0,irrelevant,Greeting,c,10.0,balanced,sigmoid,0.1168498769402504,0.10185203136197148,0.5,0.5312941176820732,0.1589207622098857,0,0,0,irrelevant,0.1327008455991745,0,0.14788785576820374,0,0.32852113246917725,0
257,q_01097,2,g0257,1,relevant,Other,b,10.0,balanced,sigmoid,0.5567157864570618,0.6341050309525162,0.5,0.5853441191887626,0.17981243659258395,1,1,1,relevant,0.8383018970489502,1,0.6430332660675049,1,0.8335269093513489,1
258,q_00388,3,g0258,1,relevant,Medical,c,10.0,balanced,sigmoid,0.7840191125869751,0.8517798531479942,0.5,0.5312941176820732,0.1589207622098857,1,1,1,relevant,0.6435160636901855,1,0.7530269026756287,1,0.7214974761009216,1
259,q_00334,0,g0259,1,relevant,Medical,b,10.0,None,raw,0.9739070534706116,0.9739070534706116,0.5,0.5309690237045288,0.17525888979434967,1,1,1,relevant,0.8734576106071472,1,0.9213926196098328,1,0.830783486366272,1
260,q_00087,3,g0260,0,irrelevant,Greeting,c,10.0,balanced,sigmoid,0.039353352040052414,0.027479493677500823,0.5,0.5312941176820732,0.1589207622098857,0,0,0,irrelevant,0.16306038200855255,0,0.21166783571243286,0,0.23252321779727936,0
261,q_01191,0,g0261,0,irrelevant,Acknowledgment,b,10.0,None,raw,0.011456715874373913,0.011456715874373913,0.5,0.5309690237045288,0.17525888979434967,0,0,0,irrelevant,0.10634864121675491,0,0.05859101563692093,0,0.3115524351596832,0
262,q_01419,0,g0262,0,irrelevant,Acknowledgment,b,10.0,None,raw,0.1354820728302002,0.1354820728302002,0.5,0.5309690237045288,0.17525888979434967,0,0,0,irrelevant,0.39761781692504883,0,0.3902207612991333,0,0.31477445363998413,0
263,q_01214,2,g0263,1,relevant,Feedback,b,10.0,balanced,sigmoid,0.9847346544265747,0.9898618563563614,0.5,0.5853441191887626,0.17981243659258395,1,1,1,relevant,0.8725100159645081,1,0.9033198952674866,1,0.6160076856613159,1
264,q_01247,2,g0264,0,irrelevant,Acknowledgment,b,10.0,balanced,sigmoid,0.16866149008274078,0.21150021888628925,0.5,0.5853441191887626,0.17981243659258395,0,0,1,irrelevant,0.1676168590784073,0,0.19998988509178162,0,0.1631765067577362,0
265,q_00532,4,g0265,1,relevant,Medical,b,10.0,None,sigmoid,0.9278396964073181,0.9254623377720472,0.5,0.4209588787991171,0.19572169607681125,1,1,1,relevant,0.7907384634017944,1,0.8725582361221313,1,0.7365656495094299,1
266,q_00568,2,g0266,1,relevant,Medical,b,10.0,balanced,sigmoid,0.9773612022399902,0.9847864712378976,0.5,0.5853441191887626,0.17981243659258395,1,1,1,relevant,0.6862359046936035,1,0.9295481443405151,1,0.7042602896690369,1
267,q_01067,2,g0267,1,relevant,Other,b,10.0,balanced,sigmoid,0.46509790420532227,0.5432811924191759,0.5,0.5853441191887626,0.17981243659258395,1,0,1,relevant,0.5153087973594666,1,0.5695412755012512,1,0.5703719258308411,1
268,q_01290,4,g0268,0,irrelevant,Acknowledgment,b,10.0,None,sigmoid,0.04604620486497879,0.04326720635670913,0.5,0.4209588787991171,0.19572169607681125,0,0,0,irrelevant,0.14473788440227509,0,0.11701598018407822,0,0.11043533682823181,0
269,q_00114,4,g0269,1,relevant,Other,b,10.0,None,sigmoid,0.29122093319892883,0.2802848952433975,0.5,0.4209588787991171,0.19572169607681125,0,0,1,relevant,0.599924623966217,1,0.3895653784275055,0,0.513821542263031,1
270,q_00105,2,g0270,1,relevant,Other,b,10.0,balanced,sigmoid,0.6091374754905701,0.6836893199414364,0.5,0.5853441191887626,0.17981243659258395,1,1,1,relevant,0.7983384132385254,1,0.7584990859031677,1,0.7137740254402161,1
271,q_00675,1,g0271,1,relevant,Medical,b,10.0,balanced,sigmoid,0.9484474658966064,0.9613339144946017,0.5,0.4240620209829036,0.19029269311087393,1,1,1,relevant,0.9507780075073242,1,0.9003738760948181,1,0.6667460799217224,1
272,q_00634,2,g0272,1,relevant,Medical,b,10.0,balanced,sigmoid,0.3535535931587219,0.4253272191764942,0.5,0.5853441191887626,0.17981243659258395,0,0,1,relevant,0.6681935787200928,1,0.6299777626991272,1,0.7421573996543884,1
273,q_00572,3,g0273,1,relevant,Medical,c,10.0,balanced,sigmoid,0.957265317440033,0.9802687034179186,0.5,0.5312941176820732,0.1589207622098857,1,1,1,relevant,0.6615187525749207,1,0.8935107588768005,1,0.8100382089614868,1
274,q_01788,0,g0274,1,relevant,Delivery confirmation,b,10.0,None,raw,0.7798894643783569,0.7798894643783569,0.5,0.5309690237045288,0.17525888979434967,1,1,1,relevant,0.530398428440094,1,0.5966194272041321,1,0.5341145992279053,1
275,q_00159,1,g0275,0,irrelevant,Acknowledgment,b,10.0,balanced,sigmoid,0.08104300498962402,0.10642458605317817,0.5,0.4240620209829036,0.19029269311087393,0,0,0,irrelevant,0.6228240728378296,1,0.320791095495224,0,0.22767826914787292,0
276,q_01486,2,g0276,1,relevant,Feedback,b,10.0,balanced,sigmoid,0.7517614364624023,0.8101080113282533,0.5,0.5853441191887626,0.17981243659258395,1,1,1,relevant,0.3963340222835541,0,0.6577408313751221,1,0.7975543737411499,1
277,q_01748,2,g0277,1,relevant,Delivery confirmation,b,10.0,balanced,sigmoid,0.9894150495529175,0.9930418435971622,0.5,0.5853441191887626,0.17981243659258395,1,1,1,relevant,0.7673383951187134,1,0.9062562584877014,1,0.8957722783088684,1
278,q_01527,1,g0278,1,relevant,Delivery confirmation,b,10.0,balanced,sigmoid,0.9965335130691528,0.9974334927901728,0.5,0.4240620209829036,0.19029269311087393,1,1,1,relevant,0.8907681107521057,1,0.956777811050415,1,0.7629669308662415,1
279,q_01544,0,g0279,0,irrelevant,OSS,b,10.0,None,raw,0.1705160290002823,0.1705160290002823,0.5,0.5309690237045288,0.17525888979434967,0,0,0,irrelevant,0.3848173916339874,0,0.43484118580818176,0,0.7196322083473206,1
280,q_00452,1,g0280,1,relevant,Medical,b,10.0,balanced,sigmoid,0.6923527121543884,0.7525042044924606,0.5,0.4240620209829036,0.19029269311087393,1,1,1,relevant,0.781322181224823,1,0.699535608291626,1,0.8258944153785706,1
281,q_01550,2,g0281,1,relevant,Other,b,10.0,balanced,sigmoid,0.5769142508506775,0.6534127996087591,0.5,0.5853441191887626,0.17981243659258395,1,1,1,relevant,0.5742970705032349,1,0.6810954809188843,1,0.8315528035163879,1
282,q_01662,2,g0282,0,irrelevant,OSS,b,10.0,balanced,sigmoid,0.05325598642230034,0.06730841368505627,0.5,0.5853441191887626,0.17981243659258395,0,0,0,relevant,0.6135540008544922,1,0.5228362083435059,1,0.49703744053840637,0
283,q_01410,0,g0283,0,irrelevant,Acknowledgment,b,10.0,None,raw,0.9156193733215332,0.9156193733215332,0.5,0.5309690237045288,0.17525888979434967,1,1,1,irrelevant,0.5923365354537964,1,0.6676075458526611,1,0.4217943847179413,0
284,q_01350,4,g0284,1,relevant,Feedback,b,10.0,None,sigmoid,0.7642338275909424,0.7565039801678832,0.5,0.4209588787991171,0.19572169607681125,1,1,1,relevant,0.6476814150810242,1,0.6491785645484924,1,0.5738641023635864,1
285,q_01176,3,g0285,0,irrelevant,Acknowledgment,c,10.0,balanced,sigmoid,0.8782205581665039,0.9283921884325528,0.5,0.5312941176820732,0.1589207622098857,1,1,1,irrelevant,0.8403290510177612,1,0.7417661547660828,1,0.8587807416915894,1
286,q_01558,1,g0286,0,irrelevant,OSS,b,10.0,balanced,sigmoid,0.14702759683132172,0.18884115936232895,0.5,0.4240620209829036,0.19029269311087393,0,0,0,irrelevant,0.6801831126213074,1,0.39094650745391846,0,0.5575863122940063,1
287,q_01682,1,g0287,1,relevant,Language change,b,10.0,balanced,sigmoid,0.9477254748344421,0.9607848625648402,0.5,0.4240620209829036,0.19029269311087393,1,1,1,relevant,0.9108244180679321,1,0.856666624546051,1,0.9164279699325562,1
288,q_01733,0,g0288,1,relevant,Delivery confirmation,b,10.0,None,raw,0.9877626895904541,0.9877626895904541,0.5,0.5309690237045288,0.17525888979434967,1,1,1,relevant,0.8233396410942078,1,0.8607462048530579,1,0.7929030060768127,1
289,q_00127,0,g0289,0,irrelevant,Acknowledgment,b,10.0,None,raw,0.0681023970246315,0.0681023970246315,0.5,0.5309690237045288,0.17525888979434967,0,0,0,irrelevant,0.32436755299568176,0,0.21971990168094635,0,0.19468249380588531,0
290,q_00134,3,g0290,0,irrelevant,Acknowledgment,c,10.0,balanced,sigmoid,0.08708257228136063,0.07145073167158528,0.5,0.5312941176820732,0.1589207622098857,0,0,0,irrelevant,0.49761661887168884,0,0.4465131163597107,0,0.3058622181415558,0
291,q_01690,1,g0291,1,relevant,Language change,b,10.0,balanced,sigmoid,0.988315224647522,0.9913287856168232,0.5,0.4240620209829036,0.19029269311087393,1,1,1,relevant,0.9013621807098389,1,0.8848936557769775,1,0.7660490870475769,1
292,q_00371,4,g0292,1,relevant,Medical,b,10.0,None,sigmoid,0.9620859026908875,0.9609273124844924,0.5,0.4209588787991171,0.19572169607681125,1,1,1,relevant,0.8640236854553223,1,0.8680887222290039,1,0.8732806444168091,1
293,q_01084,1,g0293,1,relevant,Other,b,10.0,balanced,sigmoid,0.7797889709472656,0.8271218820397989,0.5,0.4240620209829036,0.19029269311087393,1,1,1,relevant,0.7409001588821411,1,0.5977559089660645,1,0.45104461908340454,0
294,q_01259,0,g0294,0,irrelevant,Acknowledgment,b,10.0,None,raw,0.044453203678131104,0.044453203678131104,0.5,0.5309690237045288,0.17525888979434967,0,0,0,irrelevant,0.03903734311461449,0,0.11424870789051056,0,0.11524257063865662,0
295,q_00835,4,g0295,1,relevant,Medical,b,10.0,None,sigmoid,0.998508870601654,0.9984884503291337,0.5,0.4209588787991171,0.19572169607681125,1,1,1,relevant,0.9398354291915894,1,0.9759534597396851,1,0.8853544592857361,1
296,q_01359,2,g0296,0,irrelevant,Acknowledgment,b,10.0,balanced,sigmoid,0.2608018219470978,0.320912688547772,0.5,0.5853441191887626,0.17981243659258395,0,0,1,irrelevant,0.3502863943576813,0,0.2847789525985718,0,0.4942062795162201,0
297,q_01251,3,g0297,0,irrelevant,Acknowledgment,c,10.0,balanced,sigmoid,0.003510692622512579,0.0015400517603525654,0.5,0.5312941176820732,0.1589207622098857,0,0,0,irrelevant,0.12431676685810089,0,0.06269948929548264,0,0.07406430691480637,0
298,q_00244,0,g0298,1,relevant,Language change,b,10.0,None,raw,0.9207624197006226,0.9207624197006226,0.5,0.5309690237045288,0.17525888979434967,1,1,1,relevant,0.8384191393852234,1,0.8408522009849548,1,0.8650165796279907,1
299,q_00578,0,g0299,1,relevant,Medical,b,10.0,None,raw,0.9813108444213867,0.9813108444213867,0.5,0.5309690237045288,0.17525888979434967,1,1,1,relevant,0.8745853304862976,1,0.938183069229126,1,0.8753547668457031,1
300,q_00003,4,g0300,0,irrelevant,Greeting,b,10.0,None,sigmoid,0.07330911606550217,0.06917545023675958,0.5,0.4209588787991171,0.19572169607681125,0,0,0,irrelevant,0.17592765390872955,0,0.16733932495117188,0,0.7802111506462097,1
301,q_01238,3,g0301,0,irrelevant,Acknowledgment,c,10.0,balanced,sigmoid,0.009483804926276207,0.005019558599431245,0.5,0.5312941176820732,0.1589207622098857,0,0,0,irrelevant,0.033243563026189804,0,0.059191953390836716,0,0.1060108169913292,0
302,q_01602,3,g0302,1,relevant,Other,c,10.0,balanced,sigmoid,0.44648227095603943,0.4914549207166274,0.5,0.5312941176820732,0.1589207622098857,0,0,1,irrelevant,0.14412234723567963,0,0.5708867907524109,1,0.5502607226371765,1
303,q_00956,2,g0303,1,relevant,Medical,b,10.0,balanced,sigmoid,0.8820225596427917,0.9149491103423191,0.5,0.5853441191887626,0.17981243659258395,1,1,1,relevant,0.8096610903739929,1,0.8161092400550842,1,0.5001267194747925,1
304,q_01490,3,g0304,0,irrelevant,Acknowledgment,c,10.0,balanced,sigmoid,0.10432513803243637,0.08883942911352123,0.5,0.5312941176820732,0.1589207622098857,0,0,0,irrelevant,0.22228972613811493,0,0.15334349870681763,0,0.37482336163520813,0
305,q_00095,2,g0305,0,irrelevant,Acknowledgment,b,10.0,balanced,sigmoid,0.27329087257385254,0.3353095862116733,0.5,0.5853441191887626,0.17981243659258395,0,0,1,irrelevant,0.47835054993629456,0,0.4120185673236847,0,0.5492052435874939,1
306,q_00812,0,g0306,1,relevant,Medical,b,10.0,None,raw,0.9941138625144958,0.9941138625144958,0.5,0.5309690237045288,0.17525888979434967,1,1,1,relevant,0.9270287156105042,1,0.9540184736251831,1,0.9577680826187134,1
307,q_01727,1,g0307,1,relevant,Delivery confirmation,b,10.0,balanced,sigmoid,0.9904506802558899,0.9929176469115524,0.5,0.4240620209829036,0.19029269311087393,1,1,1,relevant,0.9387021064758301,1,0.8911807537078857,1,0.9406978487968445,1
308,q_00298,0,g0308,1,relevant,Language change,b,10.0,None,raw,0.9883760213851929,0.9883760213851929,0.5,0.5309690237045288,0.17525888979434967,1,1,1,relevant,0.8649204969406128,1,0.9100954532623291,1,0.638486921787262,1
309,q_00057,4,g0309,0,irrelevant,Greeting,b,10.0,None,sigmoid,0.28381118178367615,0.27300741328179207,0.5,0.4209588787991171,0.19572169607681125,0,0,1,irrelevant,0.32529279589653015,0,0.33263200521469116,0,0.25496208667755127,0
310,q_00539,3,g0310,1,relevant,Medical,c,10.0,balanced,sigmoid,0.8295887112617493,0.8905599210864847,0.5,0.5312941176820732,0.1589207622098857,1,1,1,relevant,0.9276688694953918,1,0.8278116583824158,1,0.8147896528244019,1
311,q_01623,0,g0311,0,irrelevant,OSS,b,10.0,None,raw,0.004527058452367783,0.004527058452367783,0.5,0.5309690237045288,0.17525888979434967,0,0,0,irrelevant,0.16980242729187012,0,0.12650342285633087,0,0.21315869688987732,0
312,q_01279,0,g0312,0,irrelevant,Acknowledgment,b,10.0,None,raw,0.13519658148288727,0.13519658148288727,0.5,0.5309690237045288,0.17525888979434967,0,0,0,irrelevant,0.15837889909744263,0,0.27939659357070923,0,0.12838004529476166,0
313,q_00449,4,g0313,1,relevant,Medical,b,10.0,None,sigmoid,0.9980024695396423,0.9979719787456194,0.5,0.4209588787991171,0.19572169607681125,1,1,1,relevant,0.9766913056373596,1,0.9666741490364075,1,0.9517427086830139,1
314,q_01458,4,g0314,0,irrelevant,Acknowledgment,b,10.0,None,sigmoid,0.16422414779663086,0.15647390179388102,0.5,0.4209588787991171,0.19572169607681125,0,0,0,irrelevant,0.2200598418712616,0,0.2971586585044861,0,0.23052288591861725,0
315,q_00744,0,g0315,1,relevant,Medical,b,10.0,None,raw,0.9717755913734436,0.9717755913734436,0.5,0.5309690237045288,0.17525888979434967,1,1,1,relevant,0.855782687664032,1,0.9057438373565674,1,0.859412431716919,1
316,q_00725,1,g0316,1,relevant,Medical,b,10.0,balanced,sigmoid,0.9952751398086548,0.9965004975291892,0.5,0.4240620209829036,0.19029269311087393,1,1,1,relevant,0.9549046158790588,1,0.9505701065063477,1,0.9262206554412842,1
317,q_00789,3,g0317,1,relevant,Medical,c,10.0,balanced,sigmoid,0.9931635856628418,0.9978097797170826,0.5,0.5312941176820732,0.1589207622098857,1,1,1,relevant,0.9668973684310913,1,0.9846351742744446,1,0.9365657567977905,1
318,q_01694,1,g0318,1,relevant,Language change,b,10.0,balanced,sigmoid,0.8934786319732666,0.9189237159366079,0.5,0.4240620209829036,0.19029269311087393,1,1,1,relevant,0.7394561767578125,1,0.7691285014152527,1,0.582614541053772,1
319,q_00052,3,g0319,0,irrelevant,Greeting,c,10.0,balanced,sigmoid,0.18268336355686188,0.17431687486063818,0.5,0.5312941176820732,0.1589207622098857,0,0,1,irrelevant,0.43942883610725403,0,0.6343657374382019,1,0.48470544815063477,0
320,q_01366,1,g0320,0,irrelevant,Acknowledgment,b,10.0,balanced,sigmoid,0.17327775061130524,0.2206299417624951,0.5,0.4240620209829036,0.19029269311087393,0,0,1,irrelevant,0.5252941250801086,1,0.2037038803100586,0,0.6199675798416138,1
321,q_00223,1,g0321,0,irrelevant,Spam,b,10.0,balanced,sigmoid,0.023258298635482788,0.031151097818893105,0.5,0.4240620209829036,0.19029269311087393,0,0,0,irrelevant,0.21355663239955902,0,0.24273020029067993,0,0.2765448987483978,0
322,q_00240,1,g0322,1,relevant,Language change,b,10.0,balanced,sigmoid,0.8317124247550964,0.8697536386646078,0.5,0.4240620209829036,0.19029269311087393,1,1,1,relevant,0.7654716372489929,1,0.7757138013839722,1,0.7568390965461731,1
323,q_00991,2,g0323,0,irrelevant,Automated message,b,10.0,balanced,sigmoid,0.06586962193250656,0.083363108638764,0.5,0.5853441191887626,0.17981243659258395,0,0,0,irrelevant,0.10319100320339203,0,0.17264918982982635,0,0.1865749955177307,0
324,q_01462,4,g0324,1,relevant,Feedback,b,10.0,None,sigmoid,0.6276437640190125,0.6168412231760301,0.5,0.4209588787991171,0.19572169607681125,1,1,1,relevant,0.6799885630607605,1,0.5044150352478027,1,0.5159395337104797,1
325,q_00684,3,g0325,1,relevant,Medical,c,10.0,balanced,sigmoid,0.9193567633628845,0.95710053047123,0.5,0.5312941176820732,0.1589207622098857,1,1,1,relevant,0.5134034156799316,1,0.6166173815727234,1,0.8224703073501587,1
326,q_00977,3,g0326,0,irrelevant,Automated message,c,10.0,balanced,sigmoid,0.005326343700289726,0.0025270974502472426,0.5,0.5312941176820732,0.1589207622098857,0,0,0,irrelevant,0.08958587050437927,0,0.05731003358960152,0,0.10978543758392334,0
327,q_00791,2,g0327,1,relevant,Medical,b,10.0,balanced,sigmoid,0.9986672401428223,0.9991682811330893,0.5,0.5853441191887626,0.17981243659258395,1,1,1,relevant,0.9798710942268372,1,0.978361189365387,1,0.9256038665771484,1
328,q_00269,2,g0328,1,relevant,Language change,b,10.0,balanced,sigmoid,0.96979820728302,0.9795134606898747,0.5,0.5853441191887626,0.17981243659258395,1,1,1,relevant,0.8457474112510681,1,0.8567431569099426,1,0.8147868514060974,1
329,q_01056,0,g0329,1,relevant,Other,b,10.0,None,raw,0.9236696362495422,0.9236696362495422,0.5,0.5309690237045288,0.17525888979434967,1,1,1,relevant,0.7811868190765381,1,0.8331665992736816,1,0.6800785064697266,1
330,q_00433,0,g0330,1,relevant,Medical,b,10.0,None,raw,0.9400263428688049,0.9400263428688049,0.5,0.5309690237045288,0.17525888979434967,1,1,1,relevant,0.9540014266967773,1,0.8945217728614807,1,0.8479682207107544,1
331,q_00101,3,g0331,1,relevant,Other,c,10.0,balanced,sigmoid,0.7549196481704712,0.8254885915081821,0.5,0.5312941176820732,0.1589207622098857,1,1,1,relevant,0.5588077902793884,1,0.591738760471344,1,0.7042944431304932,1
332,q_00923,2,g0332,1,relevant,Medical,b,10.0,balanced,sigmoid,0.9986796975135803,0.9991762863745868,0.5,0.5853441191887626,0.17981243659258395,1,1,1,relevant,0.883903443813324,1,0.9818888306617737,1,0.7458973526954651,1
333,q_01093,1,g0333,1,relevant,Other,b,10.0,balanced,sigmoid,0.660315752029419,0.7242326203900443,0.5,0.4240620209829036,0.19029269311087393,1,1,1,relevant,0.47580522298812866,0,0.4946933388710022,0,0.7456122636795044,1
334,q_01178,1,g0334,0,irrelevant,Acknowledgment,b,10.0,balanced,sigmoid,0.0019993798341602087,0.0026969689467761294,0.5,0.4240620209829036,0.19029269311087393,0,0,0,irrelevant,0.02626638300716877,0,0.041534677147865295,0,0.09443411976099014,0
335,q_00156,0,g0335,0,irrelevant,Acknowledgment,b,10.0,None,raw,0.04832867532968521,0.04832867532968521,0.5,0.5309690237045288,0.17525888979434967,0,0,0,irrelevant,0.09322100132703781,0,0.09007443487644196,0,0.2574181854724884,0
336,q_01721,4,g0336,1,relevant,Delivery confirmation,b,10.0,None,sigmoid,0.9246124029159546,0.922119338327884,0.5,0.4209588787991171,0.19572169607681125,1,1,1,relevant,0.8580625057220459,1,0.8061685562133789,1,0.8173126578330994,1
337,q_01211,4,g0337,0,irrelevant,Acknowledgment,b,10.0,None,sigmoid,0.037903327494859695,0.03555977269941711,0.5,0.4209588787991171,0.19572169607681125,0,0,0,irrelevant,0.1437908262014389,0,0.18397684395313263,0,0.2126326709985733,0
338,q_01415,3,g0338,1,relevant,Feedback,c,10.0,balanced,sigmoid,0.09885097295045853,0.08324932541627854,0.5,0.5312941176820732,0.1589207622098857,0,0,0,relevant,0.4561839699745178,0,0.4232034385204315,0,0.2837913930416107,0
339,q_01799,4,g0339,1,relevant,Date,b,10.0,None,sigmoid,0.9822282195091248,0.9817489264321949,0.5,0.4209588787991171,0.19572169607681125,1,1,1,relevant,0.7739924788475037,1,0.8913923501968384,1,0.8435781002044678,1
340,q_01237,1,g0340,0,irrelevant,Acknowledgment,b,10.0,balanced,sigmoid,0.002882530679926276,0.003887231390121331,0.5,0.4240620209829036,0.19029269311087393,0,0,0,irrelevant,0.03189168497920036,0,0.03119358979165554,0,0.06118272617459297,0
341,q_01036,0,g0341,1,relevant,Date,b,10.0,None,raw,0.8843691945075989,0.8843691945075989,0.5,0.5309690237045288,0.17525888979434967,1,1,1,relevant,0.6548392176628113,1,0.7422213554382324,1,0.7836748957633972,1
342,q_00511,1,g0342,1,relevant,Medical,b,10.0,balanced,sigmoid,0.9640255570411682,0.973129522454974,0.5,0.4240620209829036,0.19029269311087393,1,1,1,relevant,0.8585744500160217,1,0.8748385310173035,1,0.8820549249649048,1
343,q_00295,2,g0343,1,relevant,Language change,b,10.0,balanced,sigmoid,0.969034731388092,0.9789778708137821,0.5,0.5853441191887626,0.17981243659258395,1,1,1,relevant,0.8100192546844482,1,0.8867923617362976,1,0.8649977445602417,1
344,q_00716,0,g0344,1,relevant,Medical,b,10.0,None,raw,0.9414936900138855,0.9414936900138855,0.5,0.5309690237045288,0.17525888979434967,1,1,1,relevant,0.9076105952262878,1,0.8296817541122437,1,0.7595942616462708,1
345,q_01343,0,g0345,0,irrelevant,Acknowledgment,b,10.0,None,raw,0.021932128816843033,0.021932128816843033,0.5,0.5309690237045288,0.17525888979434967,0,0,0,irrelevant,0.1550658941268921,0,0.06310450285673141,0,0.22729870676994324,0
346,q_00296,3,g0346,1,relevant,Language change,c,10.0,balanced,sigmoid,0.8928689956665039,0.9389896644570765,0.5,0.5312941176820732,0.1589207622098857,1,1,1,relevant,0.7338911890983582,1,0.7969541549682617,1,0.7539179921150208,1
347,q_01033,3,g0347,1,relevant,Date,c,10.0,balanced,sigmoid,0.870625376701355,0.92274533687747,0.5,0.5312941176820732,0.1589207622098857,1,1,1,relevant,0.7834183573722839,1,0.7701343297958374,1,0.7696879506111145,1
348,q_01022,4,g0348,1,relevant,Date,b,10.0,None,sigmoid,0.9468413591384888,0.9451442543038115,0.5,0.4209588787991171,0.19572169607681125,1,1,1,relevant,0.7977390885353088,1,0.8396140933036804,1,0.8478810787200928,1
349,q_01004,1,g0349,0,irrelevant,Automated message,b,10.0,balanced,sigmoid,0.2716558873653412,0.3350145059544941,0.5,0.4240620209829036,0.19029269311087393,0,0,1,irrelevant,0.13388147950172424,0,0.4931562840938568,0,0.4246930181980133,0
350,q_00608,4,g0350,1,relevant,Medical,b,10.0,None,sigmoid,0.9326547980308533,0.9304501210710493,0.5,0.4209588787991171,0.19572169607681125,1,1,1,relevant,0.8489776253700256,1,0.8336703777313232,1,0.9402871131896973,1
351,q_00644,2,g0351,1,relevant,Medical,b,10.0,balanced,sigmoid,0.4278869032859802,0.5048451986360802,0.5,0.5853441191887626,0.17981243659258395,1,0,1,relevant,0.6119591593742371,1,0.6371346712112427,1,0.8731213808059692,1
352,q_00429,3,g0352,1,relevant,Medical,c,10.0,balanced,sigmoid,0.9780074954032898,0.9911497194104512,0.5,0.5312941176820732,0.1589207622098857,1,1,1,relevant,0.7914843559265137,1,0.8059180974960327,1,0.8714856505393982,1
353,q_00261,1,g0353,1,relevant,Language change,b,10.0,balanced,sigmoid,0.47906553745269775,0.5540313180538322,0.5,0.4240620209829036,0.19029269311087393,1,1,1,relevant,0.6231366395950317,1,0.631373941898346,1,0.6452764868736267,1
354,q_00579,4,g0354,1,relevant,Medical,b,10.0,None,sigmoid,0.9593618512153625,0.9581079351765242,0.5,0.4209588787991171,0.19572169607681125,1,1,1,relevant,0.8528565764427185,1,0.8986418843269348,1,0.7453163862228394,1
355,q_00322,4,g0355,1,relevant,Language change,b,10.0,None,sigmoid,0.9494231343269348,0.9478180231902738,0.5,0.4209588787991171,0.19572169607681125,1,1,1,relevant,0.603024423122406,1,0.8524481654167175,1,0.6665515303611755,1
356,q_00631,2,g0356,1,relevant,Medical,b,10.0,balanced,sigmoid,0.9985253214836121,0.9990774919355317,0.5,0.5853441191887626,0.17981243659258395,1,1,1,relevant,0.9847477078437805,1,0.982829749584198,1,0.9015458226203918,1
357,q_00502,1,g0357,1,relevant,Medical,b,10.0,balanced,sigmoid,0.9547284841537476,0.9661015539818684,0.5,0.4240620209829036,0.19029269311087393,1,1,1,relevant,0.8747304081916809,1,0.8833332657814026,1,0.8390438556671143,1
358,q_00305,2,g0358,1,relevant,Language change,b,10.0,balanced,sigmoid,0.9754884839057922,0.9834866220841407,0.5,0.5853441191887626,0.17981243659258395,1,1,1,relevant,0.8668278455734253,1,0.9106765985488892,1,0.928234338760376,1
359,q_00378,0,g0359,1,relevant,Medical,b,10.0,None,raw,0.9982500672340393,0.9982500672340393,0.5,0.5309690237045288,0.17525888979434967,1,1,1,relevant,0.9626849889755249,1,0.9748347401618958,1,0.959139347076416,1
360,q_01669,1,g0360,1,relevant,Language change,b,10.0,balanced,sigmoid,0.974509060382843,0.9810130964705567,0.5,0.4240620209829036,0.19029269311087393,1,1,1,relevant,0.8145596981048584,1,0.7923052310943604,1,0.6870736479759216,1
361,q_00861,2,g0361,1,relevant,Medical,b,10.0,balanced,sigmoid,0.8919873833656311,0.9225446031669913,0.5,0.5853441191887626,0.17981243659258395,1,1,1,relevant,0.8988036513328552,1,0.8789771199226379,1,0.9280760288238525,1
362,q_00908,3,g0362,1,relevant,Medical,c,10.0,balanced,sigmoid,0.9497584700584412,0.9759780977348042,0.5,0.5312941176820732,0.1589207622098857,1,1,1,relevant,0.8166907429695129,1,0.7056321501731873,1,0.8572643995285034,1
363,q_00084,1,g0363,0,irrelevant,Greeting,b,10.0,balanced,sigmoid,0.03683672472834587,0.04910853123716139,0.5,0.4240620209829036,0.19029269311087393,0,0,0,irrelevant,0.32478705048561096,0,0.19433362782001495,0,0.1894708126783371,0
364,q_00611,0,g0364,1,relevant,Medical,b,10.0,None,raw,0.9679904580116272,0.9679904580116272,0.5,0.5309690237045288,0.17525888979434967,1,1,1,relevant,0.9213391542434692,1,0.9035701751708984,1,0.5667849183082581,1
365,q_00287,4,g0365,1,relevant,Language change,b,10.0,None,sigmoid,0.9732444286346436,0.9724692367625659,0.5,0.4209588787991171,0.19572169607681125,1,1,1,relevant,0.8420242667198181,1,0.8973527550697327,1,0.8261567950248718,1
366,q_01561,1,g0366,0,irrelevant,OSS,b,10.0,balanced,sigmoid,0.010640210472047329,0.014312355239182005,0.5,0.4240620209829036,0.19029269311087393,0,0,0,irrelevant,0.11410624533891678,0,0.1629219949245453,0,0.46120789647102356,0
367,q_00448,0,g0367,1,relevant,Medical,b,10.0,None,raw,0.9136651158332825,0.9136651158332825,0.5,0.5309690237045288,0.17525888979434967,1,1,1,relevant,0.778414785861969,1,0.8127575516700745,1,0.6768699288368225,1
368,q_01646,0,g0368,1,relevant,Other,b,10.0,None,raw,0.124043770134449,0.124043770134449,0.5,0.5309690237045288,0.17525888979434967,0,0,0,relevant,0.41786107420921326,0,0.4417586028575897,0,0.424958199262619,0
369,q_00200,1,g0369,0,irrelevant,Acknowledgment,b,10.0,balanced,sigmoid,0.06583970040082932,0.08690789343731144,0.5,0.4240620209829036,0.19029269311087393,0,0,0,irrelevant,0.30068811774253845,0,0.284412682056427,0,0.12120085954666138,0
370,q_01591,3,g0370,0,irrelevant,OSS,c,10.0,balanced,sigmoid,0.945245087146759,0.9733216976750879,0.5,0.5312941176820732,0.1589207622098857,1,1,1,irrelevant,0.9426727294921875,1,0.9204233884811401,1,0.8788631558418274,1
371,q_01014,2,g0371,1,relevant,Date,b,10.0,balanced,sigmoid,0.9550857543945312,0.9690959135980542,0.5,0.5853441191887626,0.17981243659258395,1,1,1,relevant,0.9642701148986816,1,0.9108361601829529,1,0.839241623878479,1
372,q_01015,1,g0372,1,relevant,Date,b,10.0,balanced,sigmoid,0.8142161965370178,0.8555235753883269,0.5,0.4240620209829036,0.19029269311087393,1,1,1,relevant,0.6961948275566101,1,0.7707356214523315,1,0.7536190748214722,1
373,q_01750,2,g0373,1,relevant,Delivery confirmation,b,10.0,balanced,sigmoid,0.9359124898910522,0.9552500232377084,0.5,0.5853441191887626,0.17981243659258395,1,1,1,relevant,0.6164836883544922,1,0.796991765499115,1,0.84864741563797,1
374,q_00852,1,g0374,1,relevant,Medical,b,10.0,balanced,sigmoid,0.8647124171257019,0.8962278326207354,0.5,0.4240620209829036,0.19029269311087393,1,1,1,relevant,0.8570979833602905,1,0.8768664002418518,1,0.9292348623275757,1
375,q_00290,2,g0375,1,relevant,Language change,b,10.0,balanced,sigmoid,0.9874665141105652,0.9917225035248209,0.5,0.5853441191887626,0.17981243659258395,1,1,1,relevant,0.8518111109733582,1,0.9196542501449585,1,0.5062925815582275,1
376,q_01215,3,g0376,0,irrelevant,Acknowledgment,c,10.0,balanced,sigmoid,0.009748930111527443,0.0051870814635424116,0.5,0.5312941176820732,0.1589207622098857,0,0,0,irrelevant,0.08197356015443802,0,0.12001875042915344,0,0.13083313405513763,0
377,q_00985,0,g0377,0,irrelevant,Automated message,b,10.0,None,raw,0.4412594139575958,0.4412594139575958,0.5,0.5309690237045288,0.17525888979434967,0,0,1,irrelevant,0.3276762068271637,0,0.35761913657188416,0,0.2780095338821411,0
378,q_01794,4,g0378,1,relevant,Date,b,10.0,None,sigmoid,0.905884861946106,0.9027225732460249,0.5,0.4209588787991171,0.19572169607681125,1,1,1,relevant,0.717137336730957,1,0.8256472945213318,1,0.6858863234519958,1
379,q_00217,2,g0379,0,irrelevant,Spam,b,10.0,balanced,sigmoid,0.18932220339775085,0.23651529942050928,0.5,0.5853441191887626,0.17981243659258395,0,0,1,irrelevant,0.4395267069339752,0,0.3708609342575073,0,0.43417808413505554,0
380,q_00944,0,g0380,1,relevant,Medical,b,10.0,None,raw,0.9991157650947571,0.9991157650947571,0.5,0.5309690237045288,0.17525888979434967,1,1,1,relevant,0.9908069968223572,1,0.9728990197181702,1,0.9463549852371216,1
381,q_00489,2,g0381,1,relevant,Medical,b,10.0,balanced,sigmoid,0.9989136457443237,0.9993253924655355,0.5,0.5853441191887626,0.17981243659258395,1,1,1,relevant,0.9757298231124878,1,0.98037189245224,1,0.9752377271652222,1
382,q_00922,1,g0382,1,relevant,Medical,b,10.0,balanced,sigmoid,0.9405025243759155,0.9552805485636583,0.5,0.4240620209829036,0.19029269311087393,1,1,1,relevant,0.9117435812950134,1,0.9052475094795227,1,0.598551332950592,1
383,q_01466,1,g0383,1,relevant,Medical,b,10.0,balanced,sigmoid,0.21365825831890106,0.2684683982684156,0.5,0.4240620209829036,0.19029269311087393,0,0,1,relevant,0.43442708253860474,0,0.4407781660556793,0,0.24858476221561432,0
384,q_01121,4,g0384,0,irrelevant,Acknowledgment,b,10.0,None,sigmoid,0.8900670409202576,0.8863458515523991,0.5,0.4209588787991171,0.19572169607681125,1,1,1,irrelevant,0.6232283711433411,1,0.7989588975906372,1,0.1596449762582779,0
385,q_01683,4,g0385,1,relevant,Language change,b,10.0,None,sigmoid,0.863550066947937,0.858912063086838,0.5,0.4209588787991171,0.19572169607681125,1,1,1,relevant,0.6473159790039062,1,0.6562429070472717,1,0.7322147488594055,1
386,q_00242,0,g0386,1,relevant,Language change,b,10.0,None,raw,0.9704656600952148,0.9704656600952148,0.5,0.5309690237045288,0.17525888979434967,1,1,1,relevant,0.745384693145752,1,0.8994387984275818,1,0.8512828946113586,1
387,q_01746,2,g0387,1,relevant,Delivery confirmation,b,10.0,balanced,sigmoid,0.9865004420280457,0.9910659417861809,0.5,0.5853441191887626,0.17981243659258395,1,1,1,relevant,0.8467176556587219,1,0.9292880296707153,1,0.8857465386390686,1
388,q_00778,0,g0388,1,relevant,Medical,b,10.0,None,raw,0.9920840263366699,0.9920840263366699,0.5,0.5309690237045288,0.17525888979434967,1,1,1,relevant,0.9246280193328857,1,0.9371193647384644,1,0.8637593388557434,1
389,q_00561,0,g0389,1,relevant,Medical,b,10.0,None,raw,0.9919893145561218,0.9919893145561218,0.5,0.5309690237045288,0.17525888979434967,1,1,1,relevant,0.9224964380264282,1,0.9397236704826355,1,0.5734645128250122,1
390,q_01009,4,g0390,1,relevant,Date,b,10.0,None,sigmoid,0.9603056907653809,0.9590848272341694,0.5,0.4209588787991171,0.19572169607681125,1,1,1,relevant,0.8427445888519287,1,0.8579891324043274,1,0.8069363236427307,1
391,q_01181,1,g0391,0,irrelevant,Acknowledgment,b,10.0,balanced,sigmoid,0.024950454011559486,0.033398151049671775,0.5,0.4240620209829036,0.19029269311087393,0,0,0,irrelevant,0.12278634309768677,0,0.10913894325494766,0,0.3269583284854889,0
392,q_01424,3,g0392,0,irrelevant,Acknowledgment,c,10.0,balanced,sigmoid,0.8365957140922546,0.8962475464033393,0.5,0.5312941176820732,0.1589207622098857,1,1,1,irrelevant,0.6872057318687439,1,0.7082414627075195,1,0.7653914093971252,1
393,q_01367,2,g0393,0,irrelevant,Acknowledgment,b,10.0,balanced,sigmoid,0.15814289450645447,0.19866158190563105,0.5,0.5853441191887626,0.17981243659258395,0,0,1,irrelevant,0.43749383091926575,0,0.41720345616340637,0,0.40649017691612244,0
394,q_01287,3,g0394,1,relevant,Feedback,c,10.0,balanced,sigmoid,0.26721757650375366,0.2738529249518305,0.5,0.5312941176820732,0.1589207622098857,0,0,1,relevant,0.2858029305934906,0,0.28675544261932373,0,0.2988242506980896,0
395,q_01508,1,g0395,0,irrelevant,Acknowledgment,b,10.0,balanced,sigmoid,0.204219251871109,0.25739920526267523,0.5,0.4240620209829036,0.19029269311087393,0,0,1,irrelevant,0.17092134058475494,0,0.43442320823669434,0,0.4609088897705078,0
396,q_00122,4,g0396,0,irrelevant,Acknowledgment,b,10.0,None,sigmoid,0.008847137913107872,0.008218994312064005,0.5,0.4209588787991171,0.19572169607681125,0,0,0,irrelevant,0.0479281023144722,0,0.04225277900695801,0,0.18617308139801025,0
397,q_01438,4,g0397,0,irrelevant,Acknowledgment,b,10.0,None,sigmoid,0.7351065278053284,0.7265964963650249,0.5,0.4209588787991171,0.19572169607681125,1,1,1,irrelevant,0.8330948948860168,1,0.739710807800293,1,0.6283647418022156,1
398,q_01434,3,g0398,0,irrelevant,Acknowledgment,c,10.0,balanced,sigmoid,0.0863899365067482,0.07076617169324959,0.5,0.5312941176820732,0.1589207622098857,0,0,0,irrelevant,0.17912565171718597,0,0.32747387886047363,0,0.24987715482711792,0
399,q_01557,0,g0399,0,irrelevant,OSS,b,10.0,None,raw,0.8321958184242249,0.8321958184242249,0.5,0.5309690237045288,0.17525888979434967,1,1,1,irrelevant,0.7238218784332275,1,0.667957067489624,1,0.7349656224250793,1
400,q_00490,4,g0400,1,relevant,Medical,b,10.0,None,sigmoid,0.9948577880859375,0.9947527634143416,0.5,0.4209588787991171,0.19572169607681125,1,1,1,relevant,0.8747268915176392,1,0.9461100101470947,1,0.9430170059204102,1
401,q_00797,0,g0401,1,relevant,Medical,b,10.0,None,raw,0.9987599849700928,0.9987599849700928,0.5,0.5309690237045288,0.17525888979434967,1,1,1,relevant,0.965365469455719,1,0.965589702129364,1,0.9581566452980042,1
402,q_00077,2,g0402,0,irrelevant,Greeting,b,10.0,balanced,sigmoid,0.06536361575126648,0.08271992425409933,0.5,0.5853441191887626,0.17981243659258395,0,0,0,irrelevant,0.4899057447910309,0,0.29340991377830505,0,0.49180206656455994,0
403,q_00394,0,g0403,1,relevant,Medical,b,10.0,None,raw,0.9566711187362671,0.9566711187362671,0.5,0.5309690237045288,0.17525888979434967,1,1,1,relevant,0.8685396909713745,1,0.8900809288024902,1,0.7332296967506409,1
404,q_00803,0,g0404,1,relevant,Medical,b,10.0,None,raw,0.9919284582138062,0.9919284582138062,0.5,0.5309690237045288,0.17525888979434967,1,1,1,relevant,0.9706991314888,1,0.9472203254699707,1,0.944500207901001,1
405,q_01691,2,g0405,1,relevant,Language change,b,10.0,balanced,sigmoid,0.586162269115448,0.6621679623978752,0.5,0.5853441191887626,0.17981243659258395,1,1,1,relevant,0.7275660634040833,1,0.630300760269165,1,0.7125459909439087,1
406,q_00741,4,g0406,1,relevant,Medical,b,10.0,None,sigmoid,0.9980760812759399,0.9980471291392375,0.5,0.4209588787991171,0.19572169607681125,1,1,1,relevant,0.9854434132575989,1,0.9734519124031067,1,0.957719624042511,1
407,q_00695,1,g0407,1,relevant,Medical,b,10.0,balanced,sigmoid,0.6588330864906311,0.7229116704195969,0.5,0.4240620209829036,0.19029269311087393,1,1,1,relevant,0.8811946511268616,1,0.7553776502609253,1,0.8656664490699768,1
408,q_01573,1,g0408,0,irrelevant,OSS,b,10.0,balanced,sigmoid,0.946354329586029,0.9597416410770692,0.5,0.4240620209829036,0.19029269311087393,1,1,1,irrelevant,0.8163677453994751,1,0.8513404130935669,1,0.783988356590271,1
409,q_00224,1,g0409,0,irrelevant,Spam,b,10.0,balanced,sigmoid,0.6543495655059814,0.718910403854363,0.5,0.4240620209829036,0.19029269311087393,1,1,1,irrelevant,0.4390542805194855,0,0.5219848155975342,1,0.5451679825782776,1
410,q_00628,0,g0410,1,relevant,Medical,b,10.0,None,raw,0.9979292154312134,0.9979292154312134,0.5,0.5309690237045288,0.17525888979434967,1,1,1,relevant,0.944654643535614,1,0.9574276804924011,1,0.7492362856864929,1
411,q_00373,1,g0411,1,relevant,Medical,b,10.0,balanced,sigmoid,0.9498246312141418,0.9623806735487411,0.5,0.4240620209829036,0.19029269311087393,1,1,1,relevant,0.807937502861023,1,0.8258821964263916,1,0.9125191569328308,1
412,q_01729,4,g0412,1,relevant,Delivery confirmation,b,10.0,None,sigmoid,0.9910777807235718,0.9908690459078925,0.5,0.4209588787991171,0.19572169607681125,1,1,1,relevant,0.8269633054733276,1,0.9060531854629517,1,0.8100200891494751,1
413,q_00253,1,g0413,1,relevant,Language change,b,10.0,balanced,sigmoid,0.7387192249298096,0.7925264778184773,0.5,0.4240620209829036,0.19029269311087393,1,1,1,relevant,0.8481961488723755,1,0.7859152555465698,1,0.7520493865013123,1
414,q_00794,4,g0414,1,relevant,Medical,b,10.0,None,sigmoid,0.9966662526130676,0.9966060247795688,0.5,0.4209588787991171,0.19572169607681125,1,1,1,relevant,0.9293001890182495,1,0.9584360718727112,1,0.8934264779090881,1
415,q_00662,4,g0415,1,relevant,Medical,b,10.0,None,sigmoid,0.9977922439575195,0.9977573363760154,0.5,0.4209588787991171,0.19572169607681125,1,1,1,relevant,0.9703897833824158,1,0.9637600779533386,1,0.8371480703353882,1
416,q_00699,4,g0416,1,relevant,Medical,b,10.0,None,sigmoid,0.9993969202041626,0.9993915984327044,0.5,0.4209588787991171,0.19572169607681125,1,1,1,relevant,0.9772671461105347,1,0.9811506867408752,1,0.9233541488647461,1
417,q_01020,2,g0417,1,relevant,Date,b,10.0,balanced,sigmoid,0.9049015045166016,0.9322936518254322,0.5,0.5853441191887626,0.17981243659258395,1,1,1,relevant,0.8171132206916809,1,0.8006221055984497,1,0.7486545443534851,1
418,q_01341,4,g0418,0,irrelevant,Acknowledgment,b,10.0,None,sigmoid,0.8454495668411255,0.8402044063181943,0.5,0.4209588787991171,0.19572169607681125,1,1,1,relevant,0.61577308177948,1,0.5334098935127258,1,0.4470861256122589,0
419,q_00140,0,g0419,0,irrelevant,Acknowledgment,b,10.0,None,raw,0.14872890710830688,0.14872890710830688,0.5,0.5309690237045288,0.17525888979434967,0,0,0,irrelevant,0.3743901550769806,0,0.3050568103790283,0,0.3091285824775696,0
420,q_00913,3,g0420,1,relevant,Medical,c,10.0,balanced,sigmoid,0.7406029105186462,0.8121435769196752,0.5,0.5312941176820732,0.1589207622098857,1,1,1,relevant,0.8315337300300598,1,0.8901655077934265,1,0.6785328388214111,1
421,q_01268,2,g0421,0,irrelevant,Acknowledgment,b,10.0,balanced,sigmoid,0.017241420224308968,0.021430712278756533,0.5,0.5853441191887626,0.17981243659258395,0,0,0,irrelevant,0.08199351280927658,0,0.07855504751205444,0,0.0986582338809967,0
422,q_01088,3,g0422,1,relevant,Medical,c,10.0,balanced,sigmoid,0.8210874795913696,0.8835578650046862,0.5,0.5312941176820732,0.1589207622098857,1,1,1,relevant,0.9205909371376038,1,0.906745970249176,1,0.706477165222168,1
423,q_01469,2,g0423,0,irrelevant,Acknowledgment,b,10.0,balanced,sigmoid,0.004747400060296059,0.005742025952494546,0.5,0.5853441191887626,0.17981243659258395,0,0,0,irrelevant,0.06571760028600693,0,0.05203210562467575,0,0.12701523303985596,0
424,q_01797,0,g0424,1,relevant,Date,b,10.0,None,raw,0.9466868042945862,0.9466868042945862,0.5,0.5309690237045288,0.17525888979434967,1,1,1,relevant,0.8094722032546997,1,0.8168506026268005,1,0.8321092128753662,1
425,q_01487,1,g0425,0,irrelevant,Acknowledgment,b,10.0,balanced,sigmoid,0.5438374876976013,0.6169430236403513,0.5,0.4240620209829036,0.19029269311087393,1,1,1,irrelevant,0.5901846885681152,1,0.588935136795044,1,0.5099380016326904,1
426,q_00904,1,g0426,1,relevant,Medical,b,10.0,balanced,sigmoid,0.9984534978866577,0.998855697922254,0.5,0.4240620209829036,0.19029269311087393,1,1,1,relevant,0.982252836227417,1,0.982744038105011,1,0.9681835174560547,1
427,q_00926,2,g0427,1,relevant,Medical,b,10.0,balanced,sigmoid,0.927436888217926,0.949041820081129,0.5,0.5853441191887626,0.17981243659258395,1,1,1,relevant,0.9295948147773743,1,0.8845148682594299,1,0.8122533559799194,1
428,q_00780,1,g0428,1,relevant,Medical,b,10.0,balanced,sigmoid,0.969710648059845,0.9774101652513625,0.5,0.4240620209829036,0.19029269311087393,1,1,1,relevant,0.9366511106491089,1,0.8818051815032959,1,0.9023883938789368,1
429,q_01698,2,g0429,1,relevant,Language change,b,10.0,balanced,sigmoid,0.8937380313873291,0.9238724150546584,0.5,0.5853441191887626,0.17981243659258395,1,1,1,relevant,0.8922361731529236,1,0.8610337376594543,1,0.9000280499458313,1
430,q_00113,3,g0430,0,irrelevant,Greeting,c,10.0,balanced,sigmoid,0.2569634020328522,0.2615338133097755,0.5,0.5312941176820732,0.1589207622098857,0,0,1,irrelevant,0.3907827138900757,0,0.5127049684524536,1,0.443693608045578,0
431,q_01347,4,g0431,0,irrelevant,Acknowledgment,b,10.0,None,sigmoid,0.18494923412799835,0.1765404482933401,0.5,0.4209588787991171,0.19572169607681125,0,0,0,irrelevant,0.6354571580886841,1,0.21125571429729462,0,0.4720926284790039,0
432,q_00872,0,g0432,1,relevant,Medical,b,10.0,None,raw,0.9984908103942871,0.9984908103942871,0.5,0.5309690237045288,0.17525888979434967,1,1,1,relevant,0.8589881062507629,1,0.9819460511207581,1,0.654740571975708,1
433,q_01183,2,g0433,0,irrelevant,Acknowledgment,b,10.0,balanced,sigmoid,0.08449508994817734,0.10697382534620788,0.5,0.5853441191887626,0.17981243659258395,0,0,0,irrelevant,0.14527036249637604,0,0.28322461247444153,0,0.10509193688631058,0
434,q_00798,2,g0434,1,relevant,Medical,b,10.0,balanced,sigmoid,0.997995138168335,0.9987365062661846,0.5,0.5853441191887626,0.17981243659258395,1,1,1,relevant,0.9833217859268188,1,0.9777703881263733,1,0.9033795595169067,1
435,q_01635,0,g0435,0,irrelevant,OSS,b,10.0,None,raw,0.049690429121255875,0.049690429121255875,0.5,0.5309690237045288,0.17525888979434967,0,0,0,irrelevant,0.2074819952249527,0,0.15432432293891907,0,0.24085788428783417,0
436,q_01154,2,g0436,0,irrelevant,Acknowledgment,b,10.0,balanced,sigmoid,0.035701684653759,0.04492088584502987,0.5,0.5853441191887626,0.17981243659258395,0,0,0,irrelevant,0.07386557012796402,0,0.12062748521566391,0,0.07939988374710083,0
437,q_01500,1,g0437,0,irrelevant,Acknowledgment,b,10.0,balanced,sigmoid,0.009659290313720703,0.012997190270495307,0.5,0.4240620209829036,0.19029269311087393,0,0,0,irrelevant,0.2300817370414734,0,0.06967473775148392,0,0.3534749448299408,0
438,q_01201,3,g0438,0,irrelevant,Acknowledgment,c,10.0,balanced,sigmoid,0.005534663330763578,0.0026450110923414366,0.5,0.5312941176820732,0.1589207622098857,0,0,0,irrelevant,0.051110465079545975,0,0.06548581272363663,0,0.07296846061944962,0
439,q_00666,3,g0439,1,relevant,Medical,c,10.0,balanced,sigmoid,0.967835545539856,0.9860114603767998,0.5,0.5312941176820732,0.1589207622098857,1,1,1,relevant,0.975323498249054,1,0.9719831347465515,1,0.8734593987464905,1
440,q_01411,4,g0440,1,relevant,Feedback,b,10.0,None,sigmoid,0.6320580244064331,0.6213303872739838,0.5,0.4209588787991171,0.19572169607681125,1,1,1,relevant,0.35478582978248596,0,0.5337231159210205,1,0.5588542819023132,1
441,q_00384,0,g0441,1,relevant,Medical,b,10.0,None,raw,0.22199879586696625,0.22199879586696625,0.5,0.5309690237045288,0.17525888979434967,0,0,1,relevant,0.5878125429153442,1,0.3388729393482208,0,0.7647153735160828,1
442,q_00387,4,g0442,1,relevant,Medical,b,10.0,None,sigmoid,0.9083650708198547,0.9052910545028997,0.5,0.4209588787991171,0.19572169607681125,1,1,1,relevant,0.8419303894042969,1,0.8349889516830444,1,0.8379060626029968,1
443,q_00406,4,g0443,1,relevant,Medical,b,10.0,None,sigmoid,0.8731115460395813,0.8688007418977821,0.5,0.4209588787991171,0.19572169607681125,1,1,1,relevant,0.8037751913070679,1,0.8696874976158142,1,0.8511467576026917,1
444,q_00385,3,g0444,1,relevant,Medical,c,10.0,balanced,sigmoid,0.7073822021484375,0.7801891015395156,0.5,0.5312941176820732,0.1589207622098857,1,1,1,relevant,0.9214064478874207,1,0.8772567510604858,1,0.7771360874176025,1
445,q_00347,4,g0445,1,relevant,Medical,b,10.0,None,sigmoid,0.993601381778717,0.9934631909418569,0.5,0.4209588787991171,0.19572169607681125,1,1,1,relevant,0.8984267711639404,1,0.9459170699119568,1,0.8860925436019897,1
446,q_00553,0,g0446,1,relevant,Medical,b,10.0,None,raw,0.4071449637413025,0.4071449637413025,0.5,0.5309690237045288,0.17525888979434967,0,0,1,relevant,0.7369421720504761,1,0.6435809135437012,1,0.709357500076294,1
447,q_00571,4,g0447,1,relevant,Medical,b,10.0,None,sigmoid,0.9230278134346008,0.9204779227638091,0.5,0.4209588787991171,0.19572169607681125,1,1,1,relevant,0.7645376920700073,1,0.8084126114845276,1,0.8339272141456604,1
448,q_01241,2,g0448,0,irrelevant,Acknowledgment,b,10.0,balanced,sigmoid,0.008732084184885025,0.010704080796222459,0.5,0.5853441191887626,0.17981243659258395,0,0,0,irrelevant,0.06715463101863861,0,0.06789457052946091,0,0.1398816853761673,0
449,q_01717,0,g0449,1,relevant,Delivery confirmation,b,10.0,None,raw,0.9934873580932617,0.9934873580932617,0.5,0.5309690237045288,0.17525888979434967,1,1,1,relevant,0.9148650169372559,1,0.9035961627960205,1,0.9171901345252991,1
450,q_00815,3,g0450,1,relevant,Medical,c,10.0,balanced,sigmoid,0.9979463219642639,0.9994755928280851,0.5,0.5312941176820732,0.1589207622098857,1,1,1,relevant,0.9555655717849731,1,0.9380170702934265,1,0.9614755511283875,1
451,q_00141,2,g0451,0,irrelevant,Acknowledgment,b,10.0,balanced,sigmoid,0.28243154287338257,0.34578010515123675,0.5,0.5853441191887626,0.17981243659258395,0,0,1,irrelevant,0.6820593476295471,1,0.4741274416446686,0,0.5942610502243042,1
452,q_01210,2,g0452,0,irrelevant,Acknowledgment,b,10.0,balanced,sigmoid,0.009508270770311356,0.011676751579235463,0.5,0.5853441191887626,0.17981243659258395,0,0,0,irrelevant,0.07690291106700897,0,0.07094366103410721,0,0.08200446516275406,0
453,q_00660,2,g0453,1,relevant,Medical,b,10.0,balanced,sigmoid,0.995396077632904,0.9970385444246768,0.5,0.5853441191887626,0.17981243659258395,1,1,1,relevant,0.9819319248199463,1,0.9812233448028564,1,0.9050965905189514,1
454,q_00834,0,g0454,1,relevant,Medical,b,10.0,None,raw,0.9035885334014893,0.9035885334014893,0.5,0.5309690237045288,0.17525888979434967,1,1,1,relevant,0.8959184288978577,1,0.8597636222839355,1,0.875835120677948,1
455,q_00379,1,g0455,1,relevant,Medical,b,10.0,balanced,sigmoid,0.993827760219574,0.9954265678526878,0.5,0.4240620209829036,0.19029269311087393,1,1,1,relevant,0.9315493106842041,1,0.9597468972206116,1,0.9694095253944397,1
456,q_00316,2,g0456,1,relevant,Language change,b,10.0,balanced,sigmoid,0.7819276452064514,0.8352887127993868,0.5,0.5853441191887626,0.17981243659258395,1,1,1,relevant,0.8153838515281677,1,0.811931848526001,1,0.8767595291137695,1
457,q_00325,1,g0457,1,relevant,Language change,b,10.0,balanced,sigmoid,0.6680461168289185,0.7311015263170698,0.5,0.4240620209829036,0.19029269311087393,1,1,1,relevant,0.690778374671936,1,0.6992668509483337,1,0.8457167744636536,1
458,q_00370,4,g0458,1,relevant,Medical,b,10.0,None,sigmoid,0.8824299573898315,0.8784417823073948,0.5,0.4209588787991171,0.19572169607681125,1,1,1,relevant,0.8058668375015259,1,0.8636943697929382,1,0.9356487989425659,1
459,q_00601,0,g0459,1,relevant,Medical,b,10.0,None,raw,0.9848443865776062,0.9848443865776062,0.5,0.5309690237045288,0.17525888979434967,1,1,1,relevant,0.6583707332611084,1,0.8961308002471924,1,0.7280011773109436,1
460,q_01566,4,g0460,0,irrelevant,OSS,b,10.0,None,sigmoid,0.8518901467323303,0.8468591017702124,0.5,0.4209588787991171,0.19572169607681125,1,1,1,irrelevant,0.5559243559837341,1,0.5920119285583496,1,0.7935162782669067,1
461,q_01624,3,g0461,0,irrelevant,OSS,c,10.0,balanced,sigmoid,0.08556237816810608,0.06994975823511322,0.5,0.5312941176820732,0.1589207622098857,0,0,0,irrelevant,0.11192823946475983,0,0.06605996936559677,0,0.28344130516052246,0
462,q_00451,2,g0462,1,relevant,Medical,b,10.0,balanced,sigmoid,0.9893321990966797,0.9929859033973004,0.5,0.5853441191887626,0.17981243659258395,1,1,1,relevant,0.9117853045463562,1,0.9256196618080139,1,0.9593715667724609,1
463,q_01168,0,g0463,1,relevant,Feedback,b,10.0,None,raw,0.7576245069503784,0.7576245069503784,0.5,0.5309690237045288,0.17525888979434967,1,1,1,relevant,0.5897114276885986,1,0.5437914133071899,1,0.7992839217185974,1
464,q_00943,3,g0464,1,relevant,Medical,c,10.0,balanced,sigmoid,0.8470962047576904,0.9046260781431799,0.5,0.5312941176820732,0.1589207622098857,1,1,1,relevant,0.9280527830123901,1,0.8932759761810303,1,0.7575751543045044,1
465,q_01297,0,g0465,0,irrelevant,Acknowledgment,b,10.0,None,raw,0.04415038973093033,0.04415038973093033,0.5,0.5309690237045288,0.17525888979434967,0,0,0,irrelevant,0.2493804544210434,0,0.12422652542591095,0,0.19910451769828796,0
466,q_00094,4,g0466,0,irrelevant,Greeting,b,10.0,None,sigmoid,0.2576364278793335,0.24735124222038077,0.5,0.4209588787991171,0.19572169607681125,0,0,1,irrelevant,0.4655858278274536,0,0.2912585735321045,0,0.49822700023651123,0
467,q_01141,3,g0467,1,relevant,Medical,c,10.0,balanced,sigmoid,0.8884438872337341,0.9358299608265355,0.5,0.5312941176820732,0.1589207622098857,1,1,1,relevant,0.4357835352420807,0,0.49682947993278503,0,0.7327953577041626,1
468,q_00171,3,g0468,0,irrelevant,Acknowledgment,c,10.0,balanced,sigmoid,0.012748057022690773,0.007140027730826923,0.5,0.5312941176820732,0.1589207622098857,0,0,0,irrelevant,0.7605460286140442,1,0.32753536105155945,0,0.12761035561561584,0
469,q_00509,2,g0469,1,relevant,Medical,b,10.0,balanced,sigmoid,0.8262056708335876,0.871270425422138,0.5,0.5853441191887626,0.17981243659258395,1,1,1,relevant,0.8463582396507263,1,0.7227869033813477,1,0.8596898913383484,1
470,q_01713,4,g0470,1,relevant,Delivery confirmation,b,10.0,None,sigmoid,0.9511536359786987,0.9496100160518005,0.5,0.4209588787991171,0.19572169607681125,1,1,1,relevant,0.8191747069358826,1,0.8253757953643799,1,0.8484383821487427,1
471,q_01774,3,g0471,1,relevant,Delivery confirmation,c,10.0,balanced,sigmoid,0.8552036285400391,0.9109736726157396,0.5,0.5312941176820732,0.1589207622098857,1,1,1,relevant,0.7993491291999817,1,0.8537326455116272,1,0.7404510378837585,1
472,q_00086,1,g0472,0,irrelevant,Greeting,b,10.0,balanced,sigmoid,0.011190191842615604,0.015049352482269417,0.5,0.4240620209829036,0.19029269311087393,0,0,0,irrelevant,0.1522621065378189,0,0.1301417052745819,0,0.1975374072790146,0
473,q_00846,4,g0473,1,relevant,Medical,b,10.0,None,sigmoid,0.9986178874969482,0.9985995989969584,0.5,0.4209588787991171,0.19572169607681125,1,1,1,relevant,0.9496146440505981,1,0.9636503458023071,1,0.9621355533599854,1
474,q_01621,4,g0474,0,irrelevant,OSS,b,10.0,None,sigmoid,0.05663729086518288,0.05331425152154969,0.5,0.4209588787991171,0.19572169607681125,0,0,0,irrelevant,0.34564444422721863,0,0.2640850841999054,0,0.3967432975769043,0
475,q_00145,0,g0475,0,irrelevant,Acknowledgment,b,10.0,None,raw,0.08801496773958206,0.08801496773958206,0.5,0.5309690237045288,0.17525888979434967,0,0,0,irrelevant,0.34615206718444824,0,0.22551880776882172,0,0.2218908816576004,0
476,q_00906,2,g0476,1,relevant,Medical,b,10.0,balanced,sigmoid,0.9147364497184753,0.9396450881630577,0.5,0.5853441191887626,0.17981243659258395,1,1,1,relevant,0.9115698933601379,1,0.8562353849411011,1,0.7070308923721313,1
477,q_01582,2,g0477,0,irrelevant,OSS,b,10.0,balanced,sigmoid,0.6364513039588928,0.7088520370251444,0.5,0.5853441191887626,0.17981243659258395,1,1,1,irrelevant,0.6819457411766052,1,0.7128873467445374,1,0.6984807252883911,1
478,q_00356,1,g0478,1,relevant,Medical,b,10.0,balanced,sigmoid,0.9681124091148376,0.9762081056944947,0.5,0.4240620209829036,0.19029269311087393,1,1,1,relevant,0.9466804265975952,1,0.9423573613166809,1,0.9265357255935669,1
479,q_01722,3,g0479,1,relevant,Delivery confirmation,c,10.0,balanced,sigmoid,0.30748745799064636,0.32261306063577977,0.5,0.5312941176820732,0.1589207622098857,0,0,1,relevant,0.6066511869430542,1,0.5607619285583496,1,0.47533416748046875,0
480,q_01668,2,g0480,1,relevant,Other,b,10.0,balanced,sigmoid,0.21128687262535095,0.2628079889908538,0.5,0.5853441191887626,0.17981243659258395,0,0,1,relevant,0.6182176470756531,1,0.5625314712524414,1,0.6693419218063354,1
481,q_00818,0,g0481,1,relevant,Medical,b,10.0,None,raw,0.9866998195648193,0.9866998195648193,0.5,0.5309690237045288,0.17525888979434967,1,1,1,relevant,0.8283246159553528,1,0.8643867373466492,1,0.8937469720840454,1
482,q_00742,3,g0482,1,relevant,Medical,c,10.0,balanced,sigmoid,0.9978518486022949,0.9994468094882609,0.5,0.5312941176820732,0.1589207622098857,1,1,1,relevant,0.9838771224021912,1,0.9882385730743408,1,0.9665812849998474,1
483,q_00805,0,g0483,1,relevant,Medical,b,10.0,None,raw,0.9296833276748657,0.9296833276748657,0.5,0.5309690237045288,0.17525888979434967,1,1,1,relevant,0.847995400428772,1,0.8812428712844849,1,0.8217700123786926,1
484,q_00266,4,g0484,1,relevant,Language change,b,10.0,None,sigmoid,0.9843682646751404,0.9839568553588515,0.5,0.4209588787991171,0.19572169607681125,1,1,1,relevant,0.8078298568725586,1,0.9208405613899231,1,0.8291934728622437,1
485,q_00204,1,g0485,0,irrelevant,Acknowledgment,b,10.0,balanced,sigmoid,0.0035388492979109287,0.004771336749712128,0.5,0.4240620209829036,0.19029269311087393,0,0,0,irrelevant,0.20013122260570526,0,0.033348094671964645,0,0.35397326946258545,0
486,q_00366,3,g0486,1,relevant,Medical,c,10.0,balanced,sigmoid,0.9552679061889648,0.9791432763893033,0.5,0.5312941176820732,0.1589207622098857,1,1,1,relevant,0.6217904090881348,1,0.838910698890686,1,0.8198336958885193,1
487,q_01296,2,g0487,0,irrelevant,Acknowledgment,b,10.0,balanced,sigmoid,0.1511005312204361,0.19002783632812043,0.5,0.5853441191887626,0.17981243659258395,0,0,1,irrelevant,0.17583176493644714,0,0.270169198513031,0,0.2507883310317993,0
488,q_00247,4,g0488,1,relevant,Language change,b,10.0,None,sigmoid,0.5902011394500732,0.5788336767163499,0.5,0.4209588787991171,0.19572169607681125,1,1,1,relevant,0.8382558226585388,1,0.6733698844909668,1,0.8222188353538513,1
489,q_00391,2,g0489,1,relevant,Medical,b,10.0,balanced,sigmoid,0.7994402647018433,0.8496594150649405,0.5,0.5853441191887626,0.17981243659258395,1,1,1,relevant,0.90283203125,1,0.8088794946670532,1,0.8291766047477722,1
490,q_01042,2,g0490,0,irrelevant,Spam,b,10.0,balanced,sigmoid,0.7419562935829163,0.80180714362475,0.5,0.5853441191887626,0.17981243659258395,1,1,1,irrelevant,0.5002690553665161,1,0.774959921836853,1,0.6578078269958496,1
491,q_00945,3,g0491,1,relevant,Medical,c,10.0,balanced,sigmoid,0.9304466247558594,0.964243482302511,0.5,0.5312941176820732,0.1589207622098857,1,1,1,relevant,0.8476613759994507,1,0.975600004196167,1,0.8352455496788025,1
492,q_01620,1,g0492,0,irrelevant,OSS,b,10.0,balanced,sigmoid,0.10970013588666916,0.14266854898741185,0.5,0.4240620209829036,0.19029269311087393,0,0,0,irrelevant,0.6598442196846008,1,0.43852779269218445,0,0.44247502088546753,0
493,q_00383,2,g0493,1,relevant,Medical,b,10.0,balanced,sigmoid,0.9294667840003967,0.9505333879810669,0.5,0.5853441191887626,0.17981243659258395,1,1,1,relevant,0.8633318543434143,1,0.8509596586227417,1,0.8174551129341125,1
494,q_00533,1,g0494,1,relevant,Medical,b,10.0,balanced,sigmoid,0.45571765303611755,0.5307493655412013,0.5,0.4240620209829036,0.19029269311087393,1,1,1,relevant,0.7319892644882202,1,0.6719300150871277,1,0.7209070324897766,1
495,q_01344,0,g0495,0,irrelevant,Acknowledgment,b,10.0,None,raw,0.012106035836040974,0.012106035836040974,0.5,0.5309690237045288,0.17525888979434967,0,0,0,irrelevant,0.21203356981277466,0,0.09214963018894196,0,0.319106787443161,0
496,q_00268,1,g0496,1,relevant,Language change,b,10.0,balanced,sigmoid,0.9898455142974854,0.992467567032198,0.5,0.4240620209829036,0.19029269311087393,1,1,1,relevant,0.8417876958847046,1,0.9246547222137451,1,0.8550335168838501,1
497,q_00825,4,g0497,1,relevant,Medical,b,10.0,None,sigmoid,0.9944350719451904,0.994319027818014,0.5,0.4209588787991171,0.19572169607681125,1,1,1,relevant,0.9647504091262817,1,0.9616696834564209,1,0.9365262389183044,1
498,q_00291,1,g0498,1,relevant,Language change,b,10.0,balanced,sigmoid,0.7289201617240906,0.7841547349818663,0.5,0.4240620209829036,0.19029269311087393,1,1,1,relevant,0.58290696144104,1,0.6205386519432068,1,0.6776999831199646,1
499,q_00814,4,g0499,1,relevant,Medical,b,10.0,None,sigmoid,0.919510543346405,0.9168346200381075,0.5,0.4209588787991171,0.19572169607681125,1,1,1,relevant,0.9794043302536011,1,0.9138187766075134,1,0.9193201661109924,1
500,q_01265,4,g0500,1,relevant,Feedback,b,10.0,None,sigmoid,0.5855033993721008,0.574074042408346,0.5,0.4209588787991171,0.19572169607681125,1,1,1,relevant,0.43100640177726746,0,0.5202881693840027,1,0.4370191991329193,0
501,q_01146,2,g0501,1,relevant,Feedback,b,10.0,balanced,sigmoid,0.8517451286315918,0.8914915150271348,0.5,0.5853441191887626,0.17981243659258395,1,1,1,relevant,0.7781782746315002,1,0.6728461384773254,1,0.7548142075538635,1
502,q_01766,3,g0502,1,relevant,Delivery confirmation,c,10.0,balanced,sigmoid,0.9165969491004944,0.9552807965455586,0.5,0.5312941176820732,0.1589207622098857,1,1,1,relevant,0.6801415681838989,1,0.9405771493911743,1,0.7836612462997437,1
503,q_01491,4,g0503,0,irrelevant,Greeting,b,10.0,None,sigmoid,0.5927250981330872,0.5813916755805996,0.5,0.4209588787991171,0.19572169607681125,1,1,1,irrelevant,0.19747693836688995,0,0.4337458908557892,0,0.613013505935669,1
504,q_00678,0,g0504,1,relevant,Medical,b,10.0,None,raw,0.9872835874557495,0.9872835874557495,0.5,0.5309690237045288,0.17525888979434967,1,1,1,relevant,0.9531009197235107,1,0.9356783628463745,1,0.710959255695343,1
505,q_00071,4,g0505,0,irrelevant,Greeting,b,10.0,None,sigmoid,0.05181564390659332,0.048737309746516806,0.5,0.4209588787991171,0.19572169607681125,0,0,0,irrelevant,0.1908338963985443,0,0.13096854090690613,0,0.35919615626335144,0
506,q_01106,4,g0506,0,irrelevant,OSS,b,10.0,None,sigmoid,0.8393793106079102,0.8339343596483552,0.5,0.4209588787991171,0.19572169607681125,1,1,1,irrelevant,0.7577241659164429,1,0.7798969745635986,1,0.6693164110183716,1
507,q_01117,4,g0507,0,irrelevant,Acknowledgment,b,10.0,None,sigmoid,0.009540262632071972,0.008866962082507559,0.5,0.4209588787991171,0.19572169607681125,0,0,0,irrelevant,0.11569001525640488,0,0.06326799839735031,0,0.10114104300737381,0
508,q_01619,4,g0508,0,irrelevant,OSS,b,10.0,None,sigmoid,0.71068274974823,0.701568415131894,0.5,0.4209588787991171,0.19572169607681125,1,1,1,irrelevant,0.8416534066200256,1,0.7134672999382019,1,0.4799717962741852,0
509,q_01318,1,g0509,0,irrelevant,Acknowledgment,b,10.0,balanced,sigmoid,0.006030851975083351,0.008124703042857125,0.5,0.4240620209829036,0.19029269311087393,0,0,0,irrelevant,0.15047599375247955,0,0.05525781959295273,0,0.2481023371219635,0
510,q_00591,2,g0510,1,relevant,Medical,b,10.0,balanced,sigmoid,0.7874367237091064,0.8398290121062455,0.5,0.5853441191887626,0.17981243659258395,1,1,1,relevant,0.6460309624671936,1,0.7458387613296509,1,0.8422424793243408,1
511,q_01188,2,g0511,0,irrelevant,Acknowledgment,b,10.0,balanced,sigmoid,0.0021166307851672173,0.0025133624780511476,0.5,0.5853441191887626,0.17981243659258395,0,0,0,irrelevant,0.18567553162574768,0,0.023244474083185196,0,0.324952632188797,0
512,q_01560,4,g0512,0,irrelevant,OSS,b,10.0,None,sigmoid,0.8610337376594543,0.8563103463314873,0.5,0.4209588787991171,0.19572169607681125,1,1,1,irrelevant,0.5623472929000854,1,0.7003533840179443,1,0.6468838453292847,1
513,q_01115,0,g0513,1,relevant,Feedback,b,10.0,None,raw,0.5725268721580505,0.5725268721580505,0.5,0.5309690237045288,0.17525888979434967,1,1,1,relevant,0.3801150918006897,0,0.5214048624038696,1,0.40679699182510376,0
514,q_01437,2,g0514,0,irrelevant,Acknowledgment,b,10.0,balanced,sigmoid,0.009242059662938118,0.01134297536968613,0.5,0.5853441191887626,0.17981243659258395,0,0,0,irrelevant,0.04699508845806122,0,0.06401931494474411,0,0.560785174369812,1
515,q_00966,3,g0515,0,irrelevant,Automated message,c,10.0,balanced,sigmoid,0.04120233654975891,0.029036160362143314,0.5,0.5312941176820732,0.1589207622098857,0,0,0,irrelevant,0.15755712985992432,0,0.13388940691947937,0,0.18126076459884644,0
516,q_00902,2,g0516,1,relevant,Medical,b,10.0,balanced,sigmoid,0.8372083306312561,0.8800300235384662,0.5,0.5853441191887626,0.17981243659258395,1,1,1,relevant,0.6240687966346741,1,0.7791433334350586,1,0.47708672285079956,0
517,q_00975,0,g0517,0,irrelevant,Automated message,b,10.0,None,raw,0.12286193668842316,0.12286193668842316,0.5,0.5309690237045288,0.17525888979434967,0,0,0,irrelevant,0.1308566778898239,0,0.2106921374797821,0,0.08239173144102097,0
518,q_01193,4,g0518,0,irrelevant,Acknowledgment,b,10.0,None,sigmoid,0.23972301185131073,0.22983972144910242,0.5,0.4209588787991171,0.19572169607681125,0,0,1,irrelevant,0.11412716656923294,0,0.2571214437484741,0,0.13254913687705994,0
519,q_01402,4,g0519,0,irrelevant,Acknowledgment,b,10.0,None,sigmoid,0.1996973752975464,0.19085425052178293,0.5,0.4209588787991171,0.19572169607681125,0,0,0,irrelevant,0.406326562166214,0,0.4574621617794037,0,0.29077181220054626,0
520,q_00538,2,g0520,1,relevant,Medical,b,10.0,balanced,sigmoid,0.9652429819107056,0.9763091617358207,0.5,0.5853441191887626,0.17981243659258395,1,1,1,relevant,0.9020854234695435,1,0.8763524889945984,1,0.7604279518127441,1
521,q_00639,1,g0521,1,relevant,Medical,b,10.0,balanced,sigmoid,0.5557293891906738,0.628233358708991,0.5,0.4240620209829036,0.19029269311087393,1,1,1,relevant,0.7987201809883118,1,0.7656242251396179,1,0.8881986141204834,1
522,q_00896,2,g0522,1,relevant,Medical,b,10.0,balanced,sigmoid,0.8781859874725342,0.9120080729675658,0.5,0.5853441191887626,0.17981243659258395,1,1,1,relevant,0.8239821791648865,1,0.8030701279640198,1,0.8084844350814819,1
523,q_00243,3,g0523,1,relevant,Language change,c,10.0,balanced,sigmoid,0.9858226180076599,0.9947707431237801,0.5,0.5312941176820732,0.1589207622098857,1,1,1,relevant,0.8606066107749939,1,0.8521445989608765,1,0.8975483179092407,1
524,q_01005,3,g0524,0,irrelevant,Automated message,c,10.0,balanced,sigmoid,0.5606116652488708,0.6246446718130645,0.5,0.5312941176820732,0.1589207622098857,1,1,1,irrelevant,0.21083515882492065,0,0.28677481412887573,0,0.6270211935043335,1
525,q_00701,4,g0525,1,relevant,Medical,b,10.0,None,sigmoid,0.6598410606384277,0.6496236657140189,0.5,0.4209588787991171,0.19572169607681125,1,1,1,relevant,0.8397548794746399,1,0.7183701395988464,1,0.8473993539810181,1
526,q_00995,3,g0526,0,irrelevant,Automated message,c,10.0,balanced,sigmoid,0.021222084760665894,0.013117999779441138,0.5,0.5312941176820732,0.1589207622098857,0,0,0,irrelevant,0.14905044436454773,0,0.24525383114814758,0,0.15883313119411469,0
527,q_01656,0,g0527,1,relevant,Other,b,10.0,None,raw,0.04508098587393761,0.04508098587393761,0.5,0.5309690237045288,0.17525888979434967,0,0,0,relevant,0.5721757411956787,1,0.39679524302482605,0,0.6915394067764282,1
528,q_00496,0,g0528,1,relevant,Medical,b,10.0,None,raw,0.9184386134147644,0.9184386134147644,0.5,0.5309690237045288,0.17525888979434967,1,1,1,relevant,0.8401362299919128,1,0.807754397392273,1,0.9143697023391724,1
529,q_00672,1,g0529,1,relevant,Medical,b,10.0,balanced,sigmoid,0.9981009364128113,0.9985945749775487,0.5,0.4240620209829036,0.19029269311087393,1,1,1,relevant,0.9656324982643127,1,0.9800266623497009,1,0.9157475829124451,1
530,q_01077,2,g0530,1,relevant,Other,b,10.0,balanced,sigmoid,0.8482298254966736,0.8887316217400416,0.5,0.5853441191887626,0.17981243659258395,1,1,1,irrelevant,0.7242898941040039,1,0.7874698638916016,1,0.7732658982276917,1
531,q_00792,4,g0531,1,relevant,Medical,b,10.0,None,sigmoid,0.9123669266700745,0.9094356361230302,0.5,0.4209588787991171,0.19572169607681125,1,1,1,relevant,0.8387118577957153,1,0.8696659207344055,1,0.7923091053962708,1
532,q_00768,2,g0532,1,relevant,Medical,b,10.0,balanced,sigmoid,0.9755995869636536,0.9835638880254568,0.5,0.5853441191887626,0.17981243659258395,1,1,1,relevant,0.8569474220275879,1,0.9211512804031372,1,0.7542757391929626,1
533,q_01085,4,g0533,1,relevant,Medical,b,10.0,None,sigmoid,0.7948011755943298,0.7879560668659882,0.5,0.4209588787991171,0.19572169607681125,1,1,1,relevant,0.8327541947364807,1,0.8127094507217407,1,0.8635159134864807,1
534,q_01202,3,g0534,0,irrelevant,Acknowledgment,c,10.0,balanced,sigmoid,0.002244366565719247,0.0009054413472404799,0.5,0.5312941176820732,0.1589207622098857,0,0,0,irrelevant,0.0362696647644043,0,0.036942847073078156,0,0.04699625074863434,0
535,q_01138,0,g0535,0,irrelevant,Acknowledgment,b,10.0,None,raw,0.10815762728452682,0.10815762728452682,0.5,0.5309690237045288,0.17525888979434967,0,0,0,irrelevant,0.74278324842453,1,0.4234144389629364,0,0.4699983596801758,0
536,q_00743,3,g0536,1,relevant,Medical,c,10.0,balanced,sigmoid,0.9008768796920776,0.9446128832338507,0.5,0.5312941176820732,0.1589207622098857,1,1,1,relevant,0.9317107200622559,1,0.89298015832901,1,0.8014004826545715,1
537,q_00857,4,g0537,1,relevant,Medical,b,10.0,None,sigmoid,0.9058236479759216,0.9026591529606165,0.5,0.4209588787991171,0.19572169607681125,1,1,1,relevant,0.8846979737281799,1,0.8328773379325867,1,0.8615826368331909,1
538,q_00007,1,g0538,1,relevant,Other,b,10.0,balanced,sigmoid,0.42944976687431335,0.5041593119290151,0.5,0.4240620209829036,0.19029269311087393,1,1,1,relevant,0.6749305129051208,1,0.6210070252418518,1,0.6083564758300781,1
539,q_01585,4,g0539,0,irrelevant,OSS,b,10.0,None,sigmoid,0.8145318627357483,0.808291360640252,0.5,0.4209588787991171,0.19572169607681125,1,1,1,irrelevant,0.8335703015327454,1,0.6826120615005493,1,0.6793917417526245,1
540,q_01539,0,g0540,1,relevant,Feedback,b,10.0,None,raw,0.9701513648033142,0.9701513648033142,0.5,0.5309690237045288,0.17525888979434967,1,1,1,relevant,0.9315224289894104,1,0.8997136354446411,1,0.768958330154419,1
541,q_01165,1,g0541,1,relevant,Feedback,b,10.0,balanced,sigmoid,0.9555066823959351,0.9666911896410617,0.5,0.4240620209829036,0.19029269311087393,1,1,1,relevant,0.7125934362411499,1,0.8715425133705139,1,0.6272963285446167,1
542,q_00257,1,g0542,1,relevant,Language change,b,10.0,balanced,sigmoid,0.7220646739006042,0.7782704555099826,0.5,0.4240620209829036,0.19029269311087393,1,1,1,relevant,0.8668814301490784,1,0.7970123291015625,1,0.8755096197128296,1
543,q_00702,2,g0543,1,relevant,Medical,b,10.0,balanced,sigmoid,0.9759658575057983,0.9838184007403875,0.5,0.5853441191887626,0.17981243659258395,1,1,1,relevant,0.8417858481407166,1,0.9169215559959412,1,0.9288392066955566,1
544,q_00996,2,g0544,0,irrelevant,Automated message,b,10.0,balanced,sigmoid,0.029548006132245064,0.03707531783596397,0.5,0.5853441191887626,0.17981243659258395,0,0,0,irrelevant,0.18139487504959106,0,0.11490198969841003,0,0.20239712297916412,0
545,q_00386,2,g0545,1,relevant,Medical,b,10.0,balanced,sigmoid,0.9544045329093933,0.9686089899686615,0.5,0.5853441191887626,0.17981243659258395,1,1,1,relevant,0.8130708932876587,1,0.9002441167831421,1,0.8769310712814331,1
546,q_01492,1,g0546,1,relevant,Feedback,b,10.0,balanced,sigmoid,0.9452003836631775,0.9588629914472756,0.5,0.4240620209829036,0.19029269311087393,1,1,1,relevant,0.7094371914863586,1,0.8822715878486633,1,0.6843779683113098,1
547,q_00405,0,g0547,1,relevant,Medical,b,10.0,None,raw,0.474528044462204,0.474528044462204,0.5,0.5309690237045288,0.17525888979434967,0,0,1,relevant,0.595155656337738,1,0.621178150177002,1,0.7580474615097046,1
548,q_00274,3,g0548,1,relevant,Language change,c,10.0,balanced,sigmoid,0.803921639919281,0.8690891351441259,0.5,0.5312941176820732,0.1589207622098857,1,1,1,relevant,0.7829954624176025,1,0.6655040979385376,1,0.7024961709976196,1
549,q_00251,4,g0549,1,relevant,Language change,b,10.0,None,sigmoid,0.8998939394950867,0.8965191171618759,0.5,0.4209588787991171,0.19572169607681125,1,1,1,relevant,0.8987056016921997,1,0.8674396276473999,1,0.9019804000854492,1
550,q_01509,2,g0550,1,relevant,Feedback,b,10.0,balanced,sigmoid,0.6078329086303711,0.6824760493137962,0.5,0.5853441191887626,0.17981243659258395,1,1,1,relevant,0.6300511360168457,1,0.4531022310256958,0,0.7622859477996826,1
551,q_00711,1,g0551,1,relevant,Medical,b,10.0,balanced,sigmoid,0.8754320740699768,0.9047264800498721,0.5,0.4240620209829036,0.19029269311087393,1,1,1,relevant,0.7872313857078552,1,0.813326358795166,1,0.8227749466896057,1
552,q_00346,2,g0552,1,relevant,Medical,b,10.0,balanced,sigmoid,0.882129967212677,0.9150312756871261,0.5,0.5853441191887626,0.17981243659258395,1,1,1,relevant,0.9599088430404663,1,0.8773054480552673,1,0.9224684238433838,1
553,q_00879,0,g0553,1,relevant,Medical,b,10.0,None,raw,0.9901157021522522,0.9901157021522522,0.5,0.5309690237045288,0.17525888979434967,1,1,1,relevant,0.9689556956291199,1,0.9571255445480347,1,0.7482670545578003,1
554,q_01688,0,g0554,1,relevant,Language change,b,10.0,None,raw,0.8569819331169128,0.8569819331169128,0.5,0.5309690237045288,0.17525888979434967,1,1,1,relevant,0.6006611585617065,1,0.8210814595222473,1,0.9092229008674622,1
555,q_01740,3,g0555,1,relevant,Delivery confirmation,c,10.0,balanced,sigmoid,0.9743761420249939,0.9893645790202441,0.5,0.5312941176820732,0.1589207622098857,1,1,1,relevant,0.7866641879081726,1,0.8899526000022888,1,0.891448438167572,1
556,q_01531,2,g0556,0,irrelevant,Acknowledgment,b,10.0,balanced,sigmoid,0.014374719932675362,0.01780414827491693,0.5,0.5853441191887626,0.17981243659258395,0,0,0,irrelevant,0.37778952717781067,0,0.07698531448841095,0,0.5173407196998596,1
557,q_01382,1,g0557,0,irrelevant,Acknowledgment,b,10.0,balanced,sigmoid,0.008468670770525932,0.011399684313688839,0.5,0.4240620209829036,0.19029269311087393,0,0,0,irrelevant,0.20730973780155182,0,0.058064114302396774,0,0.4674680233001709,0
558,q_00968,1,g0558,0,irrelevant,Automated message,b,10.0,balanced,sigmoid,0.03455504775047302,0.046102754489005845,0.5,0.4240620209829036,0.19029269311087393,0,0,0,irrelevant,0.20568323135375977,0,0.1492299884557724,0,0.17273294925689697,0
559,q_00431,0,g0559,1,relevant,Medical,b,10.0,None,raw,0.9959587454795837,0.9959587454795837,0.5,0.5309690237045288,0.17525888979434967,1,1,1,relevant,0.9113718271255493,1,0.9472773671150208,1,0.9193979501724243,1
560,q_00173,2,g0560,0,irrelevant,Acknowledgment,b,10.0,balanced,sigmoid,0.04635258764028549,0.05850720446845144,0.5,0.5853441191887626,0.17981243659258395,0,0,0,irrelevant,0.5016732811927795,1,0.22095705568790436,0,0.1981809437274933,0
561,q_00870,4,g0561,1,relevant,Medical,b,10.0,None,sigmoid,0.990882158279419,0.9906678493061376,0.5,0.4209588787991171,0.19572169607681125,1,1,1,relevant,0.828650176525116,1,0.9524314999580383,1,0.9008737802505493,1
562,q_00605,2,g0562,1,relevant,Medical,b,10.0,balanced,sigmoid,0.9928364157676697,0.9953396236023573,0.5,0.5853441191887626,0.17981243659258395,1,1,1,relevant,0.9843777418136597,1,0.9563789367675781,1,0.9696458578109741,1
563,q_00144,2,g0563,1,relevant,Other,b,10.0,balanced,sigmoid,0.9061079621315002,0.9331989367688376,0.5,0.5853441191887626,0.17981243659258395,1,1,1,relevant,0.648929238319397,1,0.7120842337608337,1,0.6177883148193359,1
564,q_01659,1,g0564,1,relevant,Other,b,10.0,balanced,sigmoid,0.03925876319408417,0.052294048679006055,0.5,0.4240620209829036,0.19029269311087393,0,0,0,relevant,0.29010009765625,0,0.2485828697681427,0,0.31949475407600403,0
565,q_00066,2,g0565,0,irrelevant,Greeting,b,10.0,balanced,sigmoid,0.7090070843696594,0.7734939322284311,0.5,0.5853441191887626,0.17981243659258395,1,1,1,irrelevant,0.32344910502433777,0,0.7033309936523438,1,0.6145218014717102,1
566,q_00527,3,g0566,1,relevant,Medical,c,10.0,balanced,sigmoid,0.973230242729187,0.9887893917120996,0.5,0.5312941176820732,0.1589207622098857,1,1,1,relevant,0.9279821515083313,1,0.9255753755569458,1,0.9282414317131042,1
567,q_00363,4,g0567,1,relevant,Medical,b,10.0,None,sigmoid,0.8138854503631592,0.8076246327577308,0.5,0.4209588787991171,0.19572169607681125,1,1,1,relevant,0.7736361622810364,1,0.7739945650100708,1,0.7586248517036438,1
568,q_00131,0,g0568,0,irrelevant,Acknowledgment,b,10.0,None,raw,0.0229021068662405,0.0229021068662405,0.5,0.5309690237045288,0.17525888979434967,0,0,0,irrelevant,0.4023585617542267,0,0.13751967251300812,0,0.21089431643486023,0
569,q_00409,3,g0569,1,relevant,Medical,c,10.0,balanced,sigmoid,0.9034137725830078,0.946368252152839,0.5,0.5312941176820732,0.1589207622098857,1,1,1,relevant,0.9176720380783081,1,0.9547997713088989,1,0.789371907711029,1
570,q_01123,2,g0570,0,irrelevant,Acknowledgment,b,10.0,balanced,sigmoid,0.0027211676351726055,0.003249936044498244,0.5,0.5853441191887626,0.17981243659258395,0,0,0,irrelevant,0.033126916736364365,0,0.027484191581606865,0,0.16500280797481537,0
571,q_01744,1,g0571,1,relevant,Delivery confirmation,b,10.0,balanced,sigmoid,0.7396255135536194,0.7932984722463999,0.5,0.4240620209829036,0.19029269311087393,1,1,1,relevant,0.910859227180481,1,0.7862061262130737,1,0.6102283596992493,1
572,q_00546,4,g0572,1,relevant,Medical,b,10.0,None,sigmoid,0.884412944316864,0.8804938449599617,0.5,0.4209588787991171,0.19572169607681125,1,1,1,relevant,0.7747688293457031,1,0.8035485148429871,1,0.85356205701828,1
573,q_00916,2,g0573,1,relevant,Medical,b,10.0,balanced,sigmoid,0.8782758116722107,0.9120769968067369,0.5,0.5853441191887626,0.17981243659258395,1,1,1,relevant,0.7325696349143982,1,0.8115738034248352,1,0.723580002784729,1
574,q_00061,0,g0574,0,irrelevant,Greeting,b,10.0,None,raw,0.04829024896025658,0.04829024896025658,0.5,0.5309690237045288,0.17525888979434967,0,0,0,irrelevant,0.12693680822849274,0,0.139860600233078,0,0.22740252315998077,0
575,q_00035,2,g0575,0,irrelevant,Greeting,b,10.0,balanced,sigmoid,0.017795685678720474,0.022132976060527235,0.5,0.5853441191887626,0.17981243659258395,0,0,0,irrelevant,0.0949149802327156,0,0.10126574337482452,0,0.24673143029212952,0
576,q_01451,4,g0576,0,irrelevant,Acknowledgment,b,10.0,None,sigmoid,0.056840863078832626,0.053507600242744084,0.5,0.4209588787991171,0.19572169607681125,0,0,0,irrelevant,0.10906705260276794,0,0.1277524083852768,0,0.1737786829471588,0
577,q_00042,3,g0577,0,irrelevant,Greeting,c,10.0,balanced,sigmoid,0.04631179943680763,0.03341211865137025,0.5,0.5312941176820732,0.1589207622098857,0,0,0,irrelevant,0.285330206155777,0,0.2271881252527237,0,0.2355494350194931,0
578,q_01696,1,g0578,1,relevant,Language change,b,10.0,balanced,sigmoid,0.9593123197555542,0.9695710087833903,0.5,0.4240620209829036,0.19029269311087393,1,1,1,relevant,0.7324187755584717,1,0.8115348219871521,1,0.8068135380744934,1
579,q_00607,1,g0579,1,relevant,Medical,b,10.0,balanced,sigmoid,0.9776849150657654,0.9833927583645923,0.5,0.4240620209829036,0.19029269311087393,1,1,1,relevant,0.9218541383743286,1,0.909629225730896,1,0.9425110816955566,1
580,q_00176,4,g0580,0,irrelevant,Acknowledgment,b,10.0,None,sigmoid,0.49238264560699463,0.48015611239248746,0.5,0.4209588787991171,0.19572169607681125,0,1,1,irrelevant,0.7093932032585144,1,0.5410614609718323,1,0.5386669039726257,1
581,q_00211,4,g0581,0,irrelevant,Spam,b,10.0,None,sigmoid,0.055816974490880966,0.052535224251701755,0.5,0.4209588787991171,0.19572169607681125,0,0,0,irrelevant,0.6130695939064026,1,0.30824148654937744,0,0.7019032835960388,1
582,q_01069,1,g0582,1,relevant,Other,b,10.0,balanced,sigmoid,0.10409373044967651,0.13563306434622077,0.5,0.4240620209829036,0.19029269311087393,0,0,0,relevant,0.5449146628379822,1,0.44623133540153503,0,0.5597171783447266,1
583,q_01348,1,g0583,0,irrelevant,Acknowledgment,b,10.0,balanced,sigmoid,0.04632075875997543,0.061551910565645344,0.5,0.4240620209829036,0.19029269311087393,0,0,0,irrelevant,0.34919771552085876,0,0.15423066914081573,0,0.24547939002513885,0
584,q_00132,0,g0120,1,relevant,Other,b,10.0,None,raw,0.9238256812095642,0.9238256812095642,0.5,0.5309690237045288,0.17525888979434967,1,1,1,relevant,0.6699014902114868,1,0.7548335194587708,1,0.5335220694541931,1
585,q_00761,3,g0584,1,relevant,Medical,c,10.0,balanced,sigmoid,0.8526435494422913,0.9089808670322391,0.5,0.5312941176820732,0.1589207622098857,1,1,1,relevant,0.8971585035324097,1,0.906097412109375,1,0.8067086338996887,1
586,q_00526,2,g0585,1,relevant,Medical,b,10.0,balanced,sigmoid,0.8994718790054321,0.9282078749024145,0.5,0.5853441191887626,0.17981243659258395,1,1,1,relevant,0.7509039044380188,1,0.8247372508049011,1,0.7812790274620056,1
587,q_01055,1,g0586,1,relevant,Other,b,10.0,balanced,sigmoid,0.9042061567306519,0.9272982765724084,0.5,0.4240620209829036,0.19029269311087393,1,1,1,relevant,0.7991930842399597,1,0.8285750150680542,1,0.7651656866073608,1
588,q_00396,1,g0587,1,relevant,Medical,b,10.0,balanced,sigmoid,0.9855914115905762,0.9892995708852316,0.5,0.4240620209829036,0.19029269311087393,1,1,1,relevant,0.8225067853927612,1,0.8959699273109436,1,0.8644382953643799,1
589,q_01790,4,g0588,1,relevant,Delivery confirmation,b,10.0,None,sigmoid,0.5708609223365784,0.5592516905650096,0.5,0.4209588787991171,0.19572169607681125,1,1,1,relevant,0.6784392595291138,1,0.5795226693153381,1,0.6765087842941284,1
590,q_00053,0,g0589,0,irrelevant,Greeting,b,10.0,None,raw,0.12620852887630463,0.12620852887630463,0.5,0.5309690237045288,0.17525888979434967,0,0,0,irrelevant,0.39843782782554626,0,0.2409171462059021,0,0.26951318979263306,0
591,q_01383,3,g0590,0,irrelevant,Acknowledgment,c,10.0,balanced,sigmoid,0.5613045692443848,0.6254261826861347,0.5,0.5312941176820732,0.1589207622098857,1,1,1,irrelevant,0.38376230001449585,0,0.39768052101135254,0,0.5565537810325623,1
592,q_01043,4,g0591,0,irrelevant,Spam,b,10.0,None,sigmoid,0.2922714650630951,0.2813171731435741,0.5,0.4209588787991171,0.19572169607681125,0,0,1,irrelevant,0.3782280385494232,0,0.5145325064659119,1,0.5856778621673584,1
593,q_00078,2,g0592,0,irrelevant,Greeting,b,10.0,balanced,sigmoid,0.14578402042388916,0.18348998566541205,0.5,0.5853441191887626,0.17981243659258395,0,0,1,irrelevant,0.6542771458625793,1,0.5466723442077637,1,0.4556397795677185,0
594,q_00836,3,g0593,1,relevant,Medical,c,10.0,balanced,sigmoid,0.8175072073936462,0.8805762492193987,0.5,0.5312941176820732,0.1589207622098857,1,1,1,relevant,0.9281887412071228,1,0.9536525011062622,1,0.717768132686615,1
595,q_01025,4,g0594,1,relevant,Date,b,10.0,None,sigmoid,0.9280022978782654,0.9256307081405115,0.5,0.4209588787991171,0.19572169607681125,1,1,1,relevant,0.8023145794868469,1,0.8316050171852112,1,0.8482217788696289,1
596,q_00779,1,g0595,1,relevant,Medical,b,10.0,balanced,sigmoid,0.9995667338371277,0.999679577895737,0.5,0.4240620209829036,0.19029269311087393,1,1,1,relevant,0.9659954905509949,1,0.9866005778312683,1,0.935871958732605,1
597,q_01616,3,g0596,0,irrelevant,OSS,c,10.0,balanced,sigmoid,0.6951922178268433,0.7681313938649595,0.5,0.5312941176820732,0.1589207622098857,1,1,1,irrelevant,0.42697077989578247,0,0.6410219669342041,1,0.6511226892471313,1
598,q_01618,2,g0597,0,irrelevant,OSS,b,10.0,balanced,sigmoid,0.37654972076416016,0.4503203159998543,0.5,0.5853441191887626,0.17981243659258395,0,0,1,irrelevant,0.5961641669273376,1,0.46560847759246826,0,0.6841455101966858,1
599,q_01414,0,g0598,1,relevant,Delivery confirmation,b,10.0,None,raw,0.510694682598114,0.510694682598114,0.5,0.5309690237045288,0.17525888979434967,1,0,1,relevant,0.6899890303611755,1,0.478639155626297,0,0.39603984355926514,0
600,q_01739,4,g0599,1,relevant,Delivery confirmation,b,10.0,None,sigmoid,0.9805783033370972,0.9800458148774195,0.5,0.4209588787991171,0.19572169607681125,1,1,1,relevant,0.7132983803749084,1,0.8864092230796814,1,0.7126919627189636,1
601,q_00461,1,g0600,1,relevant,Medical,b,10.0,balanced,sigmoid,0.994094967842102,0.9956249095327167,0.5,0.4240620209829036,0.19029269311087393,1,1,1,relevant,0.8638054132461548,1,0.9647447466850281,1,0.9229423999786377,1
602,q_00614,3,g0601,1,relevant,Medical,c,10.0,balanced,sigmoid,0.8724831342697144,0.9241358742009599,0.5,0.5312941176820732,0.1589207622098857,1,1,1,relevant,0.7352950572967529,1,0.8255464434623718,1,0.811502993106842,1
603,q_00762,1,g0602,1,relevant,Medical,b,10.0,balanced,sigmoid,0.9993767142295837,0.9995389731528498,0.5,0.4240620209829036,0.19029269311087393,1,1,1,relevant,0.987697422504425,1,0.9787711501121521,1,0.9037094712257385,1
604,q_00665,0,g0603,1,relevant,Medical,b,10.0,None,raw,0.7554402351379395,0.7554402351379395,0.5,0.5309690237045288,0.17525888979434967,1,1,1,relevant,0.9179959893226624,1,0.761492133140564,1,0.8293073177337646,1
605,q_00689,1,g0604,1,relevant,Medical,b,10.0,balanced,sigmoid,0.9687776565551758,0.9767085812843558,0.5,0.4240620209829036,0.19029269311087393,1,1,1,relevant,0.7935707569122314,1,0.8730146884918213,1,0.8443793058395386,1
606,q_00001,4,g0605,0,irrelevant,Greeting,b,10.0,None,sigmoid,0.5166003704071045,0.5045008264121311,0.5,0.4209588787991171,0.19572169607681125,1,1,1,irrelevant,0.48231858015060425,0,0.6967657208442688,1,0.3542803227901459,0
607,q_00594,2,g0606,1,relevant,Medical,b,10.0,balanced,sigmoid,0.8989672064781189,0.9278271305689691,0.5,0.5853441191887626,0.17981243659258395,1,1,1,relevant,0.8075952529907227,1,0.8619690537452698,1,0.7324736714363098,1
608,q_00862,0,g0607,1,relevant,Medical,b,10.0,None,raw,0.9683002829551697,0.9683002829551697,0.5,0.5309690237045288,0.17525888979434967,1,1,1,relevant,0.8671318292617798,1,0.909748911857605,1,0.8599786758422852,1
609,q_01742,0,g0608,1,relevant,Delivery confirmation,b,10.0,None,raw,0.9492198824882507,0.9492198824882507,0.5,0.5309690237045288,0.17525888979434967,1,1,1,relevant,0.9452813267707825,1,0.9235249757766724,1,0.7765951752662659,1
610,q_00909,2,g0609,1,relevant,Medical,b,10.0,balanced,sigmoid,0.9598026275634766,0.9724569086939728,0.5,0.5853441191887626,0.17981243659258395,1,1,1,relevant,0.9598374962806702,1,0.9051575064659119,1,0.9339205622673035,1
611,q_00181,1,g0610,0,irrelevant,Acknowledgment,b,10.0,balanced,sigmoid,0.14011280238628387,0.1803746558560018,0.5,0.4240620209829036,0.19029269311087393,0,0,0,irrelevant,0.4830121397972107,0,0.34979814291000366,0,0.37704482674598694,0
612,q_00318,2,g0611,1,relevant,Language change,b,10.0,balanced,sigmoid,0.9570491909980774,0.9704972459963217,0.5,0.5853441191887626,0.17981243659258395,1,1,1,relevant,0.8409002423286438,1,0.8849859833717346,1,0.8283873200416565,1
613,q_01770,0,g0612,1,relevant,Delivery confirmation,b,10.0,None,raw,0.7943270206451416,0.7943270206451416,0.5,0.5309690237045288,0.17525888979434967,1,1,1,relevant,0.6117827892303467,1,0.6901521682739258,1,0.8100188374519348,1
614,q_01545,4,g0613,0,irrelevant,OSS,b,10.0,None,sigmoid,0.9514352679252625,0.9499015889265824,0.5,0.4209588787991171,0.19572169607681125,1,1,1,irrelevant,0.8153485059738159,1,0.8649049997329712,1,0.6821158528327942,1
615,q_00963,2,g0614,1,relevant,Medical,b,10.0,balanced,sigmoid,0.9370408654212952,0.9560725962808938,0.5,0.5853441191887626,0.17981243659258395,1,1,1,relevant,0.8193507194519043,1,0.8365748524665833,1,0.8683682084083557,1
616,q_01666,1,g0615,1,relevant,Language change,b,10.0,balanced,sigmoid,0.19823552668094635,0.2503465996755408,0.5,0.4240620209829036,0.19029269311087393,0,0,1,relevant,0.5541603565216064,1,0.5633333325386047,1,0.7450731992721558,1
617,q_01644,3,g0616,0,irrelevant,OSS,c,10.0,balanced,sigmoid,0.2085960954427719,0.2042519958046913,0.5,0.5312941176820732,0.1589207622098857,0,0,1,irrelevant,0.1963164061307907,0,0.23221538960933685,0,0.43789732456207275,0
618,q_01065,1,g0617,1,relevant,Other,b,10.0,balanced,sigmoid,0.255675345659256,0.31692636683267633,0.5,0.4240620209829036,0.19029269311087393,0,0,1,relevant,0.4857619106769562,0,0.43408915400505066,0,0.7359999418258667,1
619,q_01600,0,g0618,0,irrelevant,OSS,b,10.0,None,raw,0.3242332339286804,0.3242332339286804,0.5,0.5309690237045288,0.17525888979434967,0,0,1,irrelevant,0.5373432040214539,1,0.5368831753730774,1,0.7933030724525452,1
620,q_00358,3,g0619,1,relevant,Medical,c,10.0,balanced,sigmoid,0.9933481812477112,0.9978800258885462,0.5,0.5312941176820732,0.1589207622098857,1,1,1,relevant,0.9860782623291016,1,0.9694187045097351,1,0.9386382102966309,1
621,q_01192,3,g0620,0,irrelevant,Acknowledgment,c,10.0,balanced,sigmoid,0.26684340834617615,0.27340258173076487,0.5,0.5312941176820732,0.1589207622098857,0,0,1,irrelevant,0.40749621391296387,0,0.3571065366268158,0,0.3744041919708252,0
622,q_01207,2,g0621,1,relevant,Feedback,b,10.0,balanced,sigmoid,0.014900888316333294,0.01846901400715412,0.5,0.5853441191887626,0.17981243659258395,0,0,0,relevant,0.25106561183929443,0,0.22855347394943237,0,0.5561071038246155,1
623,q_00136,4,g0622,0,irrelevant,Acknowledgment,b,10.0,None,sigmoid,0.24761775135993958,0.23755257522056006,0.5,0.4209588787991171,0.19572169607681125,0,0,1,irrelevant,0.5655959248542786,1,0.387647807598114,0,0.2577435374259949,0
624,q_01142,3,g0623,0,irrelevant,Acknowledgment,c,10.0,balanced,sigmoid,0.015539984218776226,0.009042035207285661,0.5,0.5312941176820732,0.1589207622098857,0,0,0,irrelevant,0.07466137409210205,0,0.12181925028562546,0,0.1351490616798401,0
625,q_00516,1,g0624,1,relevant,Medical,b,10.0,balanced,sigmoid,0.845362663269043,0.880761954252184,0.5,0.4240620209829036,0.19029269311087393,1,1,1,relevant,0.7947697639465332,1,0.8582006096839905,1,0.8457390069961548,1
626,q_00597,4,g0625,1,relevant,Medical,b,10.0,None,sigmoid,0.9603092074394226,0.9590884767492573,0.5,0.4209588787991171,0.19572169607681125,1,1,1,relevant,0.8210965991020203,1,0.8672471642494202,1,0.7025798559188843,1
627,q_00424,3,g0626,1,relevant,Medical,c,10.0,balanced,sigmoid,0.9700374007225037,0.9871587944039538,0.5,0.5312941176820732,0.1589207622098857,1,1,1,relevant,0.8467316031455994,1,0.873127281665802,1,0.8961321711540222,1
628,q_00735,4,g0627,1,relevant,Medical,b,10.0,None,sigmoid,0.5972734093666077,0.5860029272376857,0.5,0.4209588787991171,0.19572169607681125,1,1,1,relevant,0.8036474585533142,1,0.6543576717376709,1,0.7911415100097656,1
629,q_01497,3,g0628,0,irrelevant,Acknowledgment,c,10.0,balanced,sigmoid,0.18155807256698608,0.17303181120899291,0.5,0.5312941176820732,0.1589207622098857,0,0,1,irrelevant,0.22271768748760223,0,0.0582030825316906,0,0.486010879278183,0
630,q_01169,0,g0629,0,irrelevant,Acknowledgment,b,10.0,None,raw,0.01355776097625494,0.01355776097625494,0.5,0.5309690237045288,0.17525888979434967,0,0,0,irrelevant,0.052621446549892426,0,0.04571264237165451,0,0.08439739793539047,0
631,q_00617,2,g0630,1,relevant,Medical,b,10.0,balanced,sigmoid,0.9948270916938782,0.9966627414326266,0.5,0.5853441191887626,0.17981243659258395,1,1,1,relevant,0.939242959022522,1,0.9520501494407654,1,0.7356120347976685,1
632,q_00748,3,g0631,1,relevant,Medical,c,10.0,balanced,sigmoid,0.7965087294578552,0.8627078631760161,0.5,0.5312941176820732,0.1589207622098857,1,1,1,relevant,0.7860853672027588,1,0.834416925907135,1,0.7151538133621216,1
633,q_00248,0,g0632,1,relevant,Language change,b,10.0,None,raw,0.8240951299667358,0.8240951299667358,0.5,0.5309690237045288,0.17525888979434967,1,1,1,relevant,0.7963935732841492,1,0.7602461576461792,1,0.8199625611305237,1
634,q_01127,3,g0633,0,irrelevant,Acknowledgment,c,10.0,balanced,sigmoid,0.9344429969787598,0.9667482333020898,0.5,0.5312941176820732,0.1589207622098857,1,1,1,irrelevant,0.41995832324028015,0,0.09372224658727646,0,0.83427894115448,1
635,q_01023,2,g0634,1,relevant,Date,b,10.0,balanced,sigmoid,0.8744306564331055,0.9091203907206988,0.5,0.5853441191887626,0.17981243659258395,1,1,1,relevant,0.8156757950782776,1,0.8329982161521912,1,0.7826199531555176,1
636,q_00099,3,g0635,0,irrelevant,Acknowledgment,c,10.0,balanced,sigmoid,0.38554006814956665,0.4177712459969669,0.5,0.5312941176820732,0.1589207622098857,0,0,1,irrelevant,0.29149383306503296,0,0.33445560932159424,0,0.582751989364624,1
637,q_00625,2,g0636,1,relevant,Medical,b,10.0,balanced,sigmoid,0.9568875432014465,0.9703819711168452,0.5,0.5853441191887626,0.17981243659258395,1,1,1,relevant,0.8648079037666321,1,0.8909597396850586,1,0.9126853346824646,1
638,q_01331,1,g0637,0,irrelevant,Acknowledgment,b,10.0,balanced,sigmoid,0.06924121081829071,0.09129205361638525,0.5,0.4240620209829036,0.19029269311087393,0,0,0,irrelevant,0.5690622925758362,1,0.32115525007247925,0,0.33935049176216125,0
639,q_00939,0,g0638,1,relevant,Medical,b,10.0,None,raw,0.9037473201751709,0.9037473201751709,0.5,0.5309690237045288,0.17525888979434967,1,1,1,relevant,0.9176827669143677,1,0.8766852021217346,1,0.8500641584396362,1
640,q_01443,0,g0639,0,irrelevant,Acknowledgment,b,10.0,None,raw,0.5084158182144165,0.5084158182144165,0.5,0.5309690237045288,0.17525888979434967,1,0,1,irrelevant,0.3243619501590729,0,0.6116847395896912,1,0.6506080627441406,1
641,q_01053,4,g0640,1,relevant,Medical,b,10.0,None,sigmoid,0.9109256863594055,0.9079429007045714,0.5,0.4209588787991171,0.19572169607681125,1,1,1,relevant,0.813696026802063,1,0.8230511546134949,1,0.7841092944145203,1
642,q_00402,0,g0641,0,irrelevant,OSS,b,10.0,None,raw,0.10223998129367828,0.10223998129367828,0.5,0.5309690237045288,0.17525888979434967,0,0,0,irrelevant,0.4293176829814911,0,0.37098345160484314,0,0.7080726027488708,1
643,q_00246,2,g0642,1,relevant,Language change,b,10.0,balanced,sigmoid,0.9696117639541626,0.9793827408678599,0.5,0.5853441191887626,0.17981243659258395,1,1,1,relevant,0.8446338772773743,1,0.8996796607971191,1,0.8768717050552368,1
644,q_00899,3,g0643,1,relevant,Medical,c,10.0,balanced,sigmoid,0.8106556534767151,0.8748169865179972,0.5,0.5312941176820732,0.1589207622098857,1,1,1,relevant,0.8297988176345825,1,0.7320239543914795,1,0.8203474283218384,1
645,q_00772,0,g0644,1,relevant,Medical,b,10.0,None,raw,0.9799103736877441,0.9799103736877441,0.5,0.5309690237045288,0.17525888979434967,1,1,1,relevant,0.8707424402236938,1,0.9159342050552368,1,0.7947201132774353,1
646,q_01787,1,g0645,1,relevant,Delivery confirmation,b,10.0,balanced,sigmoid,0.9785482883453369,0.9840389302843653,0.5,0.4240620209829036,0.19029269311087393,1,1,1,relevant,0.6777316331863403,1,0.8534833788871765,1,0.8076348900794983,1
647,q_00979,2,g0646,0,irrelevant,Automated message,b,10.0,balanced,sigmoid,0.030187848955392838,0.03789069045761287,0.5,0.5853441191887626,0.17981243659258395,0,0,0,irrelevant,0.2687638998031616,0,0.16962502896785736,0,0.21286176145076752,0
648,q_00980,4,g0647,0,irrelevant,Automated message,b,10.0,None,sigmoid,0.028248867020010948,0.026443493343312918,0.5,0.4209588787991171,0.19572169607681125,0,0,0,irrelevant,0.15068426728248596,0,0.22500070929527283,0,0.2746570408344269,0
649,q_01269,2,g0648,1,relevant,Medical,b,10.0,balanced,sigmoid,0.9977657794952393,0.9985882602919981,0.5,0.5853441191887626,0.17981243659258395,1,1,1,relevant,0.8772700428962708,1,0.9401747584342957,1,0.8423143625259399,1
650,q_01687,3,g0649,1,relevant,Language change,c,10.0,balanced,sigmoid,0.8072487711906433,0.871927383347516,0.5,0.5312941176820732,0.1589207622098857,1,1,1,relevant,0.8965606689453125,1,0.8938957452774048,1,0.8009830117225647,1
651,q_00038,1,g0650,0,irrelevant,Acknowledgment,b,10.0,balanced,sigmoid,0.006041454616934061,0.008138958203790922,0.5,0.4240620209829036,0.19029269311087393,0,0,0,irrelevant,0.04021630063652992,0,0.052253369241952896,0,0.0720653384923935,0
652,q_00493,2,g0651,1,relevant,Medical,b,10.0,balanced,sigmoid,0.7389596700668335,0.7992588731258873,0.5,0.5853441191887626,0.17981243659258395,1,1,1,relevant,0.7419710755348206,1,0.7882379293441772,1,0.8329811096191406,1
653,q_01372,4,g0652,0,irrelevant,Acknowledgment,b,10.0,None,sigmoid,0.1691947877407074,0.16128138248126156,0.5,0.4209588787991171,0.19572169607681125,0,0,0,irrelevant,0.466659814119339,0,0.259211003780365,0,0.3335692584514618,0
654,q_00079,2,g0653,0,irrelevant,Greeting,b,10.0,balanced,sigmoid,0.14596882462501526,0.18371752598951724,0.5,0.5853441191887626,0.17981243659258395,0,0,1,irrelevant,0.33026576042175293,0,0.38738295435905457,0,0.3791126310825348,0
655,q_01526,2,g0654,0,irrelevant,Acknowledgment,b,10.0,balanced,sigmoid,0.7154664993286133,0.7790954602664952,0.5,0.5853441191887626,0.17981243659258395,1,1,1,irrelevant,0.5325881242752075,1,0.6938338875770569,1,0.7284713983535767,1
656,q_01677,1,g0655,1,relevant,Language change,b,10.0,balanced,sigmoid,0.4820344150066376,0.5569683944540919,0.5,0.4240620209829036,0.19029269311087393,1,1,1,relevant,0.6804403066635132,1,0.5746802091598511,1,0.56807941198349,1
657,q_01046,4,g0656,1,relevant,Other,b,10.0,None,sigmoid,0.43047094345092773,0.41818623238850117,0.5,0.4209588787991171,0.19572169607681125,0,0,1,relevant,0.587923526763916,1,0.5377769470214844,1,0.6729788780212402,1
658,q_00531,0,g0657,1,relevant,Medical,b,10.0,None,raw,0.8554137349128723,0.8554137349128723,0.5,0.5309690237045288,0.17525888979434967,1,1,1,relevant,0.7975971102714539,1,0.7848737239837646,1,0.8329721093177795,1
659,q_00311,4,g0658,1,relevant,Language change,b,10.0,None,sigmoid,0.9865737557411194,0.9862310121697224,0.5,0.4209588787991171,0.19572169607681125,1,1,1,relevant,0.8455957174301147,1,0.9153781533241272,1,0.6790223121643066,1
660,q_01174,4,g0659,0,irrelevant,Acknowledgment,b,10.0,None,sigmoid,0.02562759630382061,0.023972956396800034,0.5,0.4209588787991171,0.19572169607681125,0,0,0,irrelevant,0.0909222736954689,0,0.057647705078125,0,0.24250508844852448,0
661,q_00486,0,g0660,1,relevant,Medical,b,10.0,None,raw,0.9950721859931946,0.9950721859931946,0.5,0.5309690237045288,0.17525888979434967,1,1,1,relevant,0.9703890681266785,1,0.9658446311950684,1,0.9372580647468567,1
662,q_00530,2,g0661,1,relevant,Medical,b,10.0,balanced,sigmoid,0.9819773435592651,0.9879724101008327,0.5,0.5853441191887626,0.17981243659258395,1,1,1,relevant,0.8089933395385742,1,0.9286067485809326,1,0.6751453280448914,1
663,q_00877,3,g0662,1,relevant,Medical,c,10.0,balanced,sigmoid,0.9930711388587952,0.9977744820916634,0.5,0.5312941176820732,0.1589207622098857,1,1,1,relevant,0.948215901851654,1,0.95393967628479,1,0.9446666836738586,1
664,q_01734,4,g0663,1,relevant,Delivery confirmation,b,10.0,None,sigmoid,0.2880246639251709,0.2771448786547978,0.5,0.4209588787991171,0.19572169607681125,0,0,1,relevant,0.337688684463501,0,0.535440981388092,1,0.7423014044761658,1
665,q_01599,1,g0664,0,irrelevant,OSS,b,10.0,balanced,sigmoid,0.024528363719582558,0.03283789280423122,0.5,0.4240620209829036,0.19029269311087393,0,0,0,irrelevant,0.5160117745399475,1,0.2641236484050751,0,0.7030519843101501,1
666,q_00827,4,g0665,1,relevant,Medical,b,10.0,None,sigmoid,0.9940741658210754,0.9939485037282476,0.5,0.4209588787991171,0.19572169607681125,1,1,1,relevant,0.9848102927207947,1,0.9616237282752991,1,0.9454319477081299,1
667,q_01298,4,g0666,0,irrelevant,Acknowledgment,b,10.0,None,sigmoid,0.01019173301756382,0.009476277772977177,0.5,0.4209588787991171,0.19572169607681125,0,0,0,irrelevant,0.041842833161354065,0,0.04520568251609802,0,0.07037031650543213,0
668,q_00843,3,g0667,1,relevant,Medical,c,10.0,balanced,sigmoid,0.980457603931427,0.9923196470015514,0.5,0.5312941176820732,0.1589207622098857,1,1,1,relevant,0.8326681852340698,1,0.9195256233215332,1,0.8874479532241821,1
669,q_01625,2,g0668,0,irrelevant,OSS,b,10.0,balanced,sigmoid,0.3475922644138336,0.4187903696342282,0.5,0.5853441191887626,0.17981243659258395,0,0,1,irrelevant,0.7033023834228516,1,0.5064913034439087,1,0.6681176424026489,1
670,q_00556,2,g0669,1,relevant,Medical,b,10.0,balanced,sigmoid,0.24128733575344086,0.29820775849323444,0.5,0.5853441191887626,0.17981243659258395,0,0,1,relevant,0.7670841217041016,1,0.5542322397232056,1,0.8909900188446045,1
671,q_01425,3,g0670,1,relevant,Medical,c,10.0,balanced,sigmoid,0.4185052216053009,0.4577691619506608,0.5,0.5312941176820732,0.1589207622098857,0,0,1,relevant,0.9464905858039856,1,0.9333950281143188,1,0.48025596141815186,0
672,q_01011,1,g0671,1,relevant,Date,b,10.0,balanced,sigmoid,0.9154249429702759,0.9360051139043959,0.5,0.4240620209829036,0.19029269311087393,1,1,1,relevant,0.6313655376434326,1,0.7742190957069397,1,0.7810314297676086,1
673,q_01627,0,g0672,0,irrelevant,OSS,b,10.0,None,raw,0.6955907940864563,0.6955907940864563,0.5,0.5309690237045288,0.17525888979434967,1,1,1,irrelevant,0.7272985577583313,1,0.775677502155304,1,0.6711602807044983,1
674,q_00833,0,g0673,1,relevant,Medical,b,10.0,None,raw,0.9608159065246582,0.9608159065246582,0.5,0.5309690237045288,0.17525888979434967,1,1,1,relevant,0.8717032670974731,1,0.8939989805221558,1,0.8793543577194214,1
675,q_00397,3,g0674,1,relevant,Medical,c,10.0,balanced,sigmoid,0.7171733975410461,0.789746986489195,0.5,0.5312941176820732,0.1589207622098857,1,1,1,relevant,0.748608410358429,1,0.9695683121681213,1,0.7488138675689697,1
676,q_01330,4,g0675,0,irrelevant,Acknowledgment,b,10.0,None,sigmoid,0.055976636707782745,0.052686840957861324,0.5,0.4209588787991171,0.19572169607681125,0,0,0,irrelevant,0.05619803071022034,0,0.07542464137077332,0,0.3288075923919678,0
677,q_00767,1,g0676,1,relevant,Medical,b,10.0,balanced,sigmoid,0.9982218146324158,0.9986841163207971,0.5,0.4240620209829036,0.19029269311087393,1,1,1,relevant,0.9693394303321838,1,0.9575788378715515,1,0.9308107495307922,1
678,q_00837,1,g0677,1,relevant,Medical,b,10.0,balanced,sigmoid,0.6673716306686401,0.730503458956877,0.5,0.4240620209829036,0.19029269311087393,1,1,1,relevant,0.8675891160964966,1,0.7593641877174377,1,0.9057452082633972,1
679,q_00984,4,g0678,0,irrelevant,Automated message,b,10.0,None,sigmoid,0.018508054316043854,0.017274369680549417,0.5,0.4209588787991171,0.19572169607681125,0,0,0,irrelevant,0.1989334523677826,0,0.0858360230922699,0,0.185309037566185,0
680,q_01389,0,g0679,1,relevant,Feedback,b,10.0,None,raw,0.9028559327125549,0.9028559327125549,0.5,0.5309690237045288,0.17525888979434967,1,1,1,relevant,0.7030957937240601,1,0.8622822761535645,1,0.8761934041976929,1
681,q_00118,4,g0680,0,irrelevant,Acknowledgment,b,10.0,None,sigmoid,0.8187124729156494,0.8126031765868125,0.5,0.4209588787991171,0.19572169607681125,1,1,1,irrelevant,0.6275632381439209,1,0.6549479365348816,1,0.5924232602119446,1
682,q_00412,1,g0681,1,relevant,Medical,b,10.0,balanced,sigmoid,0.29087385535240173,0.35652340981922365,0.5,0.4240620209829036,0.19029269311087393,0,0,1,relevant,0.7116273641586304,1,0.5825585126876831,1,0.7546851634979248,1
683,q_00563,3,g0682,1,relevant,Medical,c,10.0,balanced,sigmoid,0.7478997111320496,0.8189780874766167,0.5,0.5312941176820732,0.1589207622098857,1,1,1,relevant,0.678296685218811,1,0.6134730577468872,1,0.6778087615966797,1
684,q_00168,3,g0683,0,irrelevant,Acknowledgment,c,10.0,balanced,sigmoid,0.2590522766113281,0.26403931723000335,0.5,0.5312941176820732,0.1589207622098857,0,0,1,irrelevant,0.3542633652687073,0,0.42659175395965576,0,0.40487560629844666,0
685,q_00808,0,g0684,1,relevant,Medical,b,10.0,None,raw,0.9908083081245422,0.9908083081245422,0.5,0.5309690237045288,0.17525888979434967,1,1,1,relevant,0.9479480981826782,1,0.9429141879081726,1,0.9255569577217102,1
686,q_00060,4,g0685,0,irrelevant,Greeting,b,10.0,None,sigmoid,0.6360765695571899,0.6254185658971251,0.5,0.4209588787991171,0.19572169607681125,1,1,1,irrelevant,0.7419792413711548,1,0.6759053468704224,1,0.31976252794265747,0
687,q_00368,0,g0686,1,relevant,Medical,b,10.0,None,raw,0.6904245018959045,0.6904245018959045,0.5,0.5309690237045288,0.17525888979434967,1,1,1,relevant,0.6874679327011108,1,0.791393518447876,1,0.9333009719848633,1
688,q_01105,3,g0687,1,relevant,Medical,c,10.0,balanced,sigmoid,0.8892496824264526,0.9364080718188794,0.5,0.5312941176820732,0.1589207622098857,1,1,1,relevant,0.7499485611915588,1,0.7514792680740356,1,0.8104332089424133,1
689,q_00809,3,g0688,1,relevant,Medical,c,10.0,balanced,sigmoid,0.8360450863838196,0.8958033534805223,0.5,0.5312941176820732,0.1589207622098857,1,1,1,relevant,0.8674671053886414,1,0.8714359402656555,1,0.7300043702125549,1
690,q_00773,3,g0689,1,relevant,Other,c,10.0,balanced,sigmoid,0.9384857416152954,0.969242780681744,0.5,0.5312941176820732,0.1589207622098857,1,1,1,relevant,0.8950168490409851,1,0.848183810710907,1,0.8616371154785156,1
691,q_00824,1,g0690,1,relevant,Medical,b,10.0,balanced,sigmoid,0.9997439980506897,0.9998107180849926,0.5,0.4240620209829036,0.19029269311087393,1,1,1,relevant,0.9775106310844421,1,0.9825628995895386,1,0.9330813884735107,1
692,q_01759,3,g0691,1,relevant,Delivery confirmation,c,10.0,balanced,sigmoid,0.9807606935501099,0.9924623182256836,0.5,0.5312941176820732,0.1589207622098857,1,1,1,relevant,0.8200179934501648,1,0.8485015630722046,1,0.9016838073730469,1
693,q_01674,3,g0692,1,relevant,Language change,c,10.0,balanced,sigmoid,0.9625051617622375,0.9831619325102645,0.5,0.5312941176820732,0.1589207622098857,1,1,1,relevant,0.8469570279121399,1,0.8378912210464478,1,0.8381757736206055,1
694,q_01054,3,g0693,1,relevant,Other,c,10.0,balanced,sigmoid,0.7883307933807373,0.8555771400125435,0.5,0.5312941176820732,0.1589207622098857,1,1,1,relevant,0.8340544700622559,1,0.527121365070343,1,0.7404380440711975,1
695,q_01197,1,g0694,0,irrelevant,Acknowledgment,b,10.0,balanced,sigmoid,0.0036099469289183617,0.004867086889885186,0.5,0.4240620209829036,0.19029269311087393,0,0,0,irrelevant,0.02633277326822281,0,0.043438415974378586,0,0.06690017133951187,0
696,q_00864,1,g0695,1,relevant,Medical,b,10.0,balanced,sigmoid,0.9952601790428162,0.9964894057219054,0.5,0.4240620209829036,0.19029269311087393,1,1,1,relevant,0.9265926480293274,1,0.9503864645957947,1,0.9614256620407104,1
697,q_01122,0,g0696,0,irrelevant,Acknowledgment,b,10.0,None,raw,0.03632359951734543,0.03632359951734543,0.5,0.5309690237045288,0.17525888979434967,0,0,0,irrelevant,0.05652572959661484,0,0.06885036081075668,0,0.1594543755054474,0
698,q_01206,2,g0697,0,irrelevant,Acknowledgment,b,10.0,balanced,sigmoid,0.008935484103858471,0.010958816593008463,0.5,0.5853441191887626,0.17981243659258395,0,0,0,irrelevant,0.08745360374450684,0,0.07006963342428207,0,0.14055968821048737,0
699,q_01305,1,g0698,0,irrelevant,Acknowledgment,b,10.0,balanced,sigmoid,0.15390633046627045,0.1972249119938909,0.5,0.4240620209829036,0.19029269311087393,0,0,1,relevant,0.27497661113739014,0,0.4285829961299896,0,0.19911715388298035,0
700,q_01803,4,g0699,1,relevant,Date,b,10.0,None,sigmoid,0.9726094603538513,0.9718128398455947,0.5,0.4209588787991171,0.19572169607681125,1,1,1,relevant,0.7597407102584839,1,0.8625892400741577,1,0.7473340630531311,1
701,q_00919,0,g0700,1,relevant,Medical,b,10.0,None,raw,0.9240787029266357,0.9240787029266357,0.5,0.5309690237045288,0.17525888979434967,1,1,1,relevant,0.6810622215270996,1,0.8734654188156128,1,0.7934608459472656,1
702,q_00709,4,g0701,1,relevant,Medical,b,10.0,None,sigmoid,0.8699333667755127,0.8655133561610476,0.5,0.4209588787991171,0.19572169607681125,1,1,1,relevant,0.9007072448730469,1,0.8380404710769653,1,0.8149547576904297,1
703,q_00015,1,g0702,0,irrelevant,Greeting,b,10.0,balanced,sigmoid,0.021946385502815247,0.029407174235582794,0.5,0.4240620209829036,0.19029269311087393,0,0,0,irrelevant,0.09301596134901047,0,0.09309709072113037,0,0.18746857345104218,0
704,q_01074,3,g0703,1,relevant,Other,c,10.0,balanced,sigmoid,0.8584145307540894,0.9134576288027693,0.5,0.5312941176820732,0.1589207622098857,1,1,1,relevant,0.737511932849884,1,0.6881493926048279,1,0.7771798968315125,1
705,q_01108,1,g0704,1,relevant,Medical,b,10.0,balanced,sigmoid,0.6748082637786865,0.7370855313897834,0.5,0.4240620209829036,0.19029269311087393,1,1,1,relevant,0.6769856214523315,1,0.6837925314903259,1,0.7335249781608582,1
706,q_01756,3,g0705,1,relevant,Delivery confirmation,c,10.0,balanced,sigmoid,0.9940687417984009,0.9981504933217263,0.5,0.5312941176820732,0.1589207622098857,1,1,1,relevant,0.9646024107933044,1,0.9334786534309387,1,0.9186606407165527,1
707,q_01470,4,g0706,0,irrelevant,Acknowledgment,b,10.0,None,sigmoid,0.008068587630987167,0.007491569184396861,0.5,0.4209588787991171,0.19572169607681125,0,0,0,irrelevant,0.22361168265342712,0,0.09924513101577759,0,0.11506231874227524,0
708,q_00146,3,g0707,0,irrelevant,Acknowledgment,c,10.0,balanced,sigmoid,0.010938054881989956,0.005949115760315223,0.5,0.5312941176820732,0.1589207622098857,0,0,0,irrelevant,0.10323959589004517,0,0.1599583774805069,0,0.11368808150291443,0
709,q_01583,0,g0708,0,irrelevant,OSS,b,10.0,None,raw,0.008076105266809464,0.008076105266809464,0.5,0.5309690237045288,0.17525888979434967,0,0,0,irrelevant,0.10567077994346619,0,0.1557677835226059,0,0.25374236702919006,0
710,q_01309,4,g0709,0,irrelevant,Acknowledgment,b,10.0,None,sigmoid,0.16282103955745697,0.15511745707259456,0.5,0.4209588787991171,0.19572169607681125,0,0,0,relevant,0.46501147747039795,0,0.39098578691482544,0,0.4689995348453522,0
711,q_01295,1,g0710,0,irrelevant,Acknowledgment,b,10.0,balanced,sigmoid,0.018697058781981468,0.025081046877913134,0.5,0.4240620209829036,0.19029269311087393,0,0,0,irrelevant,0.21759024262428284,0,0.14599402248859406,0,0.17511314153671265,0
712,q_00900,3,g0711,1,relevant,Medical,c,10.0,balanced,sigmoid,0.9465426206588745,0.9740910115357458,0.5,0.5312941176820732,0.1589207622098857,1,1,1,relevant,0.9116771817207336,1,0.9259117841720581,1,0.8749538660049438,1
713,q_00018,1,g0712,0,irrelevant,Greeting,b,10.0,balanced,sigmoid,0.5421866178512573,0.6153694241204537,0.5,0.4240620209829036,0.19029269311087393,1,1,1,irrelevant,0.5953823924064636,1,0.6397340893745422,1,0.6008650660514832,1
714,q_01465,3,g0713,0,irrelevant,Acknowledgment,c,10.0,balanced,sigmoid,0.07257053256034851,0.05735762769594631,0.5,0.5312941176820732,0.1589207622098857,0,0,0,irrelevant,0.15542864799499512,0,0.06787275522947311,0,0.37447625398635864,0
715,q_01532,2,g0714,0,irrelevant,Acknowledgment,b,10.0,balanced,sigmoid,0.0025162354577332735,0.002999786311601939,0.5,0.5853441191887626,0.17981243659258395,0,0,0,irrelevant,0.4286658465862274,0,0.026640629395842552,0,0.49248671531677246,0
716,q_01671,1,g0715,1,relevant,Language change,b,10.0,balanced,sigmoid,0.7708641886711121,0.8196708526778632,0.5,0.4240620209829036,0.19029269311087393,1,1,1,relevant,0.5388488173484802,1,0.699962317943573,1,0.7188344597816467,1
717,q_01263,0,g0716,0,irrelevant,Acknowledgment,b,10.0,None,raw,0.008700117468833923,0.008700117468833923,0.5,0.5309690237045288,0.17525888979434967,0,0,0,irrelevant,0.07542093098163605,0,0.0673450231552124,0,0.280471533536911,0
718,q_00270,1,g0717,1,relevant,Language change,b,10.0,balanced,sigmoid,0.9726961851119995,0.979652984960695,0.5,0.4240620209829036,0.19029269311087393,1,1,1,relevant,0.9337115287780762,1,0.8741205334663391,1,0.8229831457138062,1
719,q_00886,0,g0718,1,relevant,Medical,b,10.0,None,raw,0.9730658531188965,0.9730658531188965,0.5,0.5309690237045288,0.17525888979434967,1,1,1,relevant,0.869020938873291,1,0.9009981155395508,1,0.8257083296775818,1
720,q_01199,1,g0719,0,irrelevant,Acknowledgment,b,10.0,balanced,sigmoid,0.009062888100743294,0.012197133988538746,0.5,0.4240620209829036,0.19029269311087393,0,0,0,irrelevant,0.05842188745737076,0,0.07648535072803497,0,0.08329088240861893,0
721,q_01396,3,g0720,0,irrelevant,Acknowledgment,c,10.0,balanced,sigmoid,0.21778595447540283,0.2150104855144331,0.5,0.5312941176820732,0.1589207622098857,0,0,1,irrelevant,0.1817834973335266,0,0.06755661964416504,0,0.35722965002059937,0
722,q_00100,4,g0721,0,irrelevant,Acknowledgment,b,10.0,None,sigmoid,0.2864622175693512,0.2756103793463281,0.5,0.4209588787991171,0.19572169607681125,0,0,1,irrelevant,0.3023202121257782,0,0.3719167113304138,0,0.5191156268119812,1
723,q_01409,1,g0722,0,irrelevant,Acknowledgment,b,10.0,balanced,sigmoid,0.013307098299264908,0.01788349961491359,0.5,0.4240620209829036,0.19029269311087393,0,0,0,irrelevant,0.3505243957042694,0,0.06543657928705215,0,0.35866379737854004,0
724,q_01232,4,g0723,0,irrelevant,Acknowledgment,b,10.0,None,sigmoid,0.8495358824729919,0.8444263774723167,0.5,0.4209588787991171,0.19572169607681125,1,1,1,irrelevant,0.3675054907798767,0,0.5284130573272705,1,0.5175177454948425,1
725,q_01153,2,g0724,0,irrelevant,Acknowledgment,b,10.0,balanced,sigmoid,0.09666679054498672,0.12232464287338432,0.5,0.5853441191887626,0.17981243659258395,0,0,0,irrelevant,0.7252625226974487,1,0.2144288569688797,0,0.4366111755371094,0
726,q_01775,4,g0725,1,relevant,Delivery confirmation,b,10.0,None,sigmoid,0.9822231531143188,0.9817436771258978,0.5,0.4209588787991171,0.19572169607681125,1,1,1,relevant,0.8331393599510193,1,0.9286999106407166,1,0.9251154065132141,1
727,q_01102,0,g0726,1,relevant,Other,b,10.0,None,raw,0.933552622795105,0.933552622795105,0.5,0.5309690237045288,0.17525888979434967,1,1,1,relevant,0.5159246325492859,1,0.627743124961853,1,0.561125636100769,1
728,q_01262,1,g0727,0,irrelevant,Acknowledgment,b,10.0,balanced,sigmoid,0.013908243738114834,0.01868757104022717,0.5,0.4240620209829036,0.19029269311087393,0,0,0,irrelevant,0.12401460856199265,0,0.0764155238866806,0,0.10161605477333069,0
729,q_01308,3,g0728,0,irrelevant,Acknowledgment,c,10.0,balanced,sigmoid,0.21828070282936096,0.2155915861585966,0.5,0.5312941176820732,0.1589207622098857,0,0,1,irrelevant,0.33634528517723083,0,0.11178648471832275,0,0.47933509945869446,0
730,q_00337,2,g0729,1,relevant,Medical,b,10.0,balanced,sigmoid,0.7239436507225037,0.7864090262667631,0.5,0.5853441191887626,0.17981243659258395,1,1,1,relevant,0.7050986289978027,1,0.7126767635345459,1,0.7611005902290344,1
731,q_00708,3,g0730,1,relevant,Medical,c,10.0,balanced,sigmoid,0.893526017665863,0.9394556623687442,0.5,0.5312941176820732,0.1589207622098857,1,1,1,relevant,0.6985726952552795,1,0.7470732927322388,1,0.8070070147514343,1
732,q_00867,4,g0731,1,relevant,Medical,b,10.0,None,sigmoid,0.9982518553733826,0.998226422667765,0.5,0.4209588787991171,0.19572169607681125,1,1,1,relevant,0.9836204051971436,1,0.9777387380599976,1,0.9246883392333984,1
733,q_01080,1,g0732,1,relevant,Other,b,10.0,balanced,sigmoid,0.9621994495391846,0.9717519308599141,0.5,0.4240620209829036,0.19029269311087393,1,1,1,relevant,0.7657418847084045,1,0.776953935623169,1,0.7735472917556763,1
734,q_01324,1,g0733,1,relevant,Feedback,b,10.0,balanced,sigmoid,0.014894240535795689,0.020005686146147124,0.5,0.4240620209829036,0.19029269311087393,0,0,0,relevant,0.48267900943756104,0,0.07280761003494263,0,0.6671498417854309,1
735,q_00890,0,g0734,1,relevant,Medical,b,10.0,None,raw,0.9976333379745483,0.9976333379745483,0.5,0.5309690237045288,0.17525888979434967,1,1,1,relevant,0.9709163904190063,1,0.9696635603904724,1,0.9386840462684631,1
736,q_01352,4,g0735,0,irrelevant,Acknowledgment,b,10.0,None,sigmoid,0.02430405095219612,0.022726341938623898,0.5,0.4209588787991171,0.19572169607681125,0,0,0,irrelevant,0.2447168529033661,0,0.0559890978038311,0,0.26154881715774536,0
737,q_01101,1,g0736,1,relevant,Other,b,10.0,balanced,sigmoid,0.837493896484375,0.8744261788282555,0.5,0.4240620209829036,0.19029269311087393,1,1,1,relevant,0.5979310870170593,1,0.8165202140808105,1,0.5472342371940613,1
738,q_00392,3,g0737,1,relevant,Medical,c,10.0,balanced,sigmoid,0.9174721240997314,0.9558596259155456,0.5,0.5312941176820732,0.1589207622098857,1,1,1,relevant,0.9164479970932007,1,0.9117989540100098,1,0.8564026951789856,1
739,q_01429,2,g0738,0,irrelevant,Acknowledgment,b,10.0,balanced,sigmoid,0.03538341075181961,0.044514951845080294,0.5,0.5853441191887626,0.17981243659258395,0,0,0,relevant,0.21959267556667328,0,0.1549169421195984,0,0.13447174429893494,0
740,q_00120,3,g0739,1,relevant,Other,c,10.0,balanced,sigmoid,0.5981925129890442,0.6664541608608897,0.5,0.5312941176820732,0.1589207622098857,1,1,1,relevant,0.40760985016822815,0,0.4621010422706604,0,0.6479076743125916,1
741,q_01167,0,g0740,1,relevant,Delivery confirmation,b,10.0,None,raw,0.8963434100151062,0.8963434100151062,0.5,0.5309690237045288,0.17525888979434967,1,1,1,relevant,0.828133761882782,1,0.8803210854530334,1,0.6363289952278137,1
742,q_00188,1,g0741,0,irrelevant,Acknowledgment,b,10.0,balanced,sigmoid,0.7642496228218079,0.8141248013772272,0.5,0.4240620209829036,0.19029269311087393,1,1,1,relevant,0.517478346824646,1,0.8008642196655273,1,0.5919455289840698,1
743,q_01538,0,g0742,1,relevant,Feedback,b,10.0,None,raw,0.6120709776878357,0.6120709776878357,0.5,0.5309690237045288,0.17525888979434967,1,1,1,relevant,0.7191101312637329,1,0.662244439125061,1,0.5833128690719604,1
744,q_00143,4,g0743,0,irrelevant,Acknowledgment,b,10.0,None,sigmoid,0.10051029920578003,0.09516065492960846,0.5,0.4209588787991171,0.19572169607681125,0,0,0,irrelevant,0.4228925406932831,0,0.25585126876831055,0,0.18907101452350616,0
745,q_01649,3,g0744,0,irrelevant,OSS,c,10.0,balanced,sigmoid,0.20416083931922913,0.1990845585589621,0.5,0.5312941176820732,0.1589207622098857,0,0,1,irrelevant,0.8567988276481628,1,0.7356846928596497,1,0.5007046461105347,1
746,q_00353,0,g0745,1,relevant,Medical,b,10.0,None,raw,0.9812582731246948,0.9812582731246948,0.5,0.5309690237045288,0.17525888979434967,1,1,1,relevant,0.72721266746521,1,0.9163146018981934,1,0.7479116320610046,1
747,q_00442,1,g0746,1,relevant,Medical,b,10.0,balanced,sigmoid,0.9044273495674133,0.9274704636460096,0.5,0.4240620209829036,0.19029269311087393,1,1,1,relevant,0.8033536672592163,1,0.8257901668548584,1,0.8940057754516602,1
748,q_01604,3,g0747,0,irrelevant,OSS,c,10.0,balanced,sigmoid,0.3787228763103485,0.4094709534434715,0.5,0.5312941176820732,0.1589207622098857,0,0,1,irrelevant,0.3546900451183319,0,0.5628264546394348,1,0.5202072858810425,1
749,q_01132,0,g0748,0,irrelevant,Acknowledgment,b,10.0,None,raw,0.018708504736423492,0.018708504736423492,0.5,0.5309690237045288,0.17525888979434967,0,0,0,irrelevant,0.03933114930987358,0,0.05760500207543373,0,0.07193536311388016,0
750,q_00826,3,g0749,1,relevant,Medical,c,10.0,balanced,sigmoid,0.9798826575279236,0.9920477330785423,0.5,0.5312941176820732,0.1589207622098857,1,1,1,relevant,0.9745473265647888,1,0.9745951890945435,1,0.9047192931175232,1
751,q_00800,0,g0750,1,relevant,Medical,b,10.0,None,raw,0.9906694889068604,0.9906694889068604,0.5,0.5309690237045288,0.17525888979434967,1,1,1,relevant,0.8264877200126648,1,0.927004873752594,1,0.890704333782196,1
752,q_00021,3,g0751,0,irrelevant,Greeting,c,10.0,balanced,sigmoid,0.5563774704933167,0.6198605742263446,0.5,0.5312941176820732,0.1589207622098857,1,1,1,irrelevant,0.13641950488090515,0,0.14127248525619507,0,0.5859851837158203,1
753,q_01200,4,g0752,0,irrelevant,Acknowledgment,b,10.0,None,sigmoid,0.08742459863424301,0.08264431607802934,0.5,0.4209588787991171,0.19572169607681125,0,0,0,irrelevant,0.19054900109767914,0,0.26468634605407715,0,0.09839228540658951,0
754,q_00710,0,g0753,1,relevant,Medical,b,10.0,None,raw,0.5095995664596558,0.5095995664596558,0.5,0.5309690237045288,0.17525888979434967,1,0,1,relevant,0.7374932169914246,1,0.6454352140426636,1,0.7461150288581848,1
755,q_00559,3,g0754,1,relevant,Medical,c,10.0,balanced,sigmoid,0.9453896880149841,0.9734076438558438,0.5,0.5312941176820732,0.1589207622098857,1,1,1,relevant,0.7582224607467651,1,0.7393788695335388,1,0.8104170560836792,1
756,q_00670,4,g0755,1,relevant,Medical,b,10.0,None,sigmoid,0.5591723322868347,0.5474338452003161,0.5,0.4209588787991171,0.19572169607681125,1,1,1,relevant,0.5104626417160034,1,0.7367713451385498,1,0.8180800080299377,1
757,q_01518,0,g0756,0,irrelevant,Acknowledgment,b,10.0,None,raw,0.05145592242479324,0.05145592242479324,0.5,0.5309690237045288,0.17525888979434967,0,0,0,irrelevant,0.5195127129554749,1,0.10225098580121994,0,0.5643980503082275,1
758,q_01356,1,g0757,1,relevant,Feedback,b,10.0,balanced,sigmoid,0.024470476433634758,0.03276104549667428,0.5,0.4240620209829036,0.19029269311087393,0,0,0,relevant,0.5905139446258545,1,0.12816207110881805,0,0.5139462351799011,1
759,q_01440,3,g0758,0,irrelevant,Acknowledgment,c,10.0,balanced,sigmoid,0.20849701762199402,0.20413636742085692,0.5,0.5312941176820732,0.1589207622098857,0,0,1,irrelevant,0.3535042703151703,0,0.49573466181755066,0,0.4418018162250519,0
760,q_00760,4,g0759,1,relevant,Medical,b,10.0,None,sigmoid,0.9449262022972107,0.9431608251206338,0.5,0.4209588787991171,0.19572169607681125,1,1,1,relevant,0.8620306253433228,1,0.8452457189559937,1,0.6306911706924438,1
761,q_01720,0,g0760,1,relevant,Delivery confirmation,b,10.0,None,raw,0.9961152076721191,0.9961152076721191,0.5,0.5309690237045288,0.17525888979434967,1,1,1,relevant,0.8818506002426147,1,0.9208447933197021,1,0.8597962260246277,1
762,q_01726,4,g0761,1,relevant,Delivery confirmation,b,10.0,None,sigmoid,0.996904194355011,0.9968494489199919,0.5,0.4209588787991171,0.19572169607681125,1,1,1,relevant,0.9188774824142456,1,0.9510442614555359,1,0.8971096873283386,1
763,q_01189,3,g0762,0,irrelevant,Acknowledgment,c,10.0,balanced,sigmoid,0.003920871298760176,0.001756039513831552,0.5,0.5312941176820732,0.1589207622098857,0,0,0,irrelevant,0.10884886980056763,0,0.0942186713218689,0,0.07018575817346573,0
764,q_00750,0,g0763,1,relevant,Medical,b,10.0,None,raw,0.9960159659385681,0.9960159659385681,0.5,0.5309690237045288,0.17525888979434967,1,1,1,relevant,0.9843815565109253,1,0.9531445503234863,1,0.9372343420982361,1
765,q_01208,3,g0764,0,irrelevant,Acknowledgment,c,10.0,balanced,sigmoid,0.008350485935807228,0.004313936513885237,0.5,0.5312941176820732,0.1589207622098857,0,0,0,irrelevant,0.07746250182390213,0,0.06815937906503677,0,0.09303692728281021,0
766,q_00468,4,g0765,1,relevant,Medical,b,10.0,None,sigmoid,0.9985186457633972,0.998498361660263,0.5,0.4209588787991171,0.19572169607681125,1,1,1,relevant,0.9620314240455627,1,0.9726028442382812,1,0.9473321437835693,1
767,q_00694,4,g0766,1,relevant,Medical,b,10.0,None,sigmoid,0.9988402724266052,0.9988259387203605,0.5,0.4209588787991171,0.19572169607681125,1,1,1,relevant,0.9882036447525024,1,0.9763510227203369,1,0.8794909715652466,1
768,q_01150,2,g0767,0,irrelevant,Acknowledgment,b,10.0,balanced,sigmoid,0.34992727637290955,0.42135366529639756,0.5,0.5853441191887626,0.17981243659258395,0,0,1,irrelevant,0.6886202692985535,1,0.6133724451065063,1,0.38352853059768677,0
769,q_01433,0,g0768,1,relevant,Delivery confirmation,b,10.0,None,raw,0.5377378463745117,0.5377378463745117,0.5,0.5309690237045288,0.17525888979434967,1,1,1,relevant,0.3420462906360626,0,0.3413722515106201,0,0.35462889075279236,0
770,q_01184,1,g0769,0,irrelevant,Acknowledgment,b,10.0,balanced,sigmoid,0.10284412652254105,0.13406129507766937,0.5,0.4240620209829036,0.19029269311087393,0,0,0,irrelevant,0.19058968126773834,0,0.2767152786254883,0,0.3539438545703888,0
771,q_00019,0,g0770,0,irrelevant,Greeting,b,10.0,None,raw,0.06599347293376923,0.06599347293376923,0.5,0.5309690237045288,0.17525888979434967,0,0,0,irrelevant,0.27714794874191284,0,0.208515927195549,0,0.3252463936805725,0
772,q_00447,3,g0771,1,relevant,Medical,c,10.0,balanced,sigmoid,0.7999922037124634,0.8657163385073238,0.5,0.5312941176820732,0.1589207622098857,1,1,1,relevant,0.8611063361167908,1,0.8468053340911865,1,0.8078922033309937,1
773,q_00696,3,g0772,1,relevant,Medical,c,10.0,balanced,sigmoid,0.8168483972549438,0.8800254506373266,0.5,0.5312941176820732,0.1589207622098857,1,1,1,relevant,0.9890117645263672,1,0.937325119972229,1,0.7819023132324219,1
774,q_01239,4,g0773,0,irrelevant,Acknowledgment,b,10.0,None,sigmoid,0.22494640946388245,0.21542394793202405,0.5,0.4209588787991171,0.19572169607681125,0,0,1,irrelevant,0.1524878442287445,0,0.24559766054153442,0,0.18218767642974854,0
775,q_00362,1,g0774,1,relevant,Medical,b,10.0,balanced,sigmoid,0.942122220993042,0.9565166736424583,0.5,0.4240620209829036,0.19029269311087393,1,1,1,relevant,0.8185639381408691,1,0.9079455733299255,1,0.8331058025360107,1
776,q_00497,2,g0775,1,relevant,Medical,b,10.0,balanced,sigmoid,0.8683059215545654,0.904392108066343,0.5,0.5853441191887626,0.17981243659258395,1,1,1,relevant,0.7153235673904419,1,0.7145528793334961,1,0.8294644355773926,1
777,q_00109,2,g0776,0,irrelevant,Acknowledgment,b,10.0,balanced,sigmoid,0.7586851716041565,0.815935201471896,0.5,0.5853441191887626,0.17981243659258395,1,1,1,irrelevant,0.7152355909347534,1,0.7644340991973877,1,0.4900124967098236,0
778,q_00292,3,g0777,1,relevant,Language change,c,10.0,balanced,sigmoid,0.7227903604507446,0.7951779824334916,0.5,0.5312941176820732,0.1589207622098857,1,1,1,relevant,0.6900106072425842,1,0.8226557374000549,1,0.6050205826759338,1
779,q_01152,1,g0778,0,irrelevant,Acknowledgment,b,10.0,balanced,sigmoid,0.07518180459737778,0.09892443468893221,0.5,0.4240620209829036,0.19029269311087393,0,0,0,irrelevant,0.26560497283935547,0,0.3181065022945404,0,0.14862751960754395,0
780,q_01498,0,g0779,0,irrelevant,Acknowledgment,b,10.0,None,raw,0.029369063675403595,0.029369063675403595,0.5,0.5309690237045288,0.17525888979434967,0,0,0,irrelevant,0.20470744371414185,0,0.10013727843761444,0,0.3021760880947113,0
781,q_01094,4,g0780,1,relevant,Other,b,10.0,None,sigmoid,0.6094303727149963,0.5983372814937331,0.5,0.4209588787991171,0.19572169607681125,1,1,1,relevant,0.6885843276977539,1,0.5732118487358093,1,0.724017322063446,1
782,q_00714,3,g0781,1,relevant,Medical,c,10.0,balanced,sigmoid,0.9870692491531372,0.995315642451518,0.5,0.5312941176820732,0.1589207622098857,1,1,1,relevant,0.9873383045196533,1,0.9833067059516907,1,0.9012346267700195,1
783,q_00281,3,g0782,1,relevant,Language change,c,10.0,balanced,sigmoid,0.9667344093322754,0.985430992530338,0.5,0.5312941176820732,0.1589207622098857,1,1,1,relevant,0.6706112027168274,1,0.8686904907226562,1,0.8526344895362854,1
784,q_01697,4,g0783,1,relevant,Language change,b,10.0,None,sigmoid,0.9287508726119995,0.9264061770132365,0.5,0.4209588787991171,0.19572169607681125,1,1,1,relevant,0.8094142079353333,1,0.858837902545929,1,0.8944045901298523,1
785,q_01678,0,g0784,1,relevant,Language change,b,10.0,None,raw,0.9491704702377319,0.9491704702377319,0.5,0.5309690237045288,0.17525888979434967,1,1,1,relevant,0.8463115692138672,1,0.8355439305305481,1,0.8231183290481567,1
786,q_01261,1,g0785,0,irrelevant,Acknowledgment,b,10.0,balanced,sigmoid,0.07287784665822983,0.09596801414731912,0.5,0.4240620209829036,0.19029269311087393,0,0,0,irrelevant,0.20945432782173157,0,0.1803572177886963,0,0.14176924526691437,0
787,q_01229,3,g0786,0,irrelevant,Acknowledgment,c,10.0,balanced,sigmoid,0.010948603972792625,0.005955951382992602,0.5,0.5312941176820732,0.1589207622098857,0,0,0,irrelevant,0.04261185973882675,0,0.0654854029417038,0,0.08795008063316345,0
788,q_01523,3,g0787,1,relevant,Feedback,c,10.0,balanced,sigmoid,0.597757875919342,0.6659776264937562,0.5,0.5312941176820732,0.1589207622098857,1,1,1,relevant,0.8165139555931091,1,0.7875125408172607,1,0.6511908769607544,1
789,q_01002,1,g0788,0,irrelevant,Automated message,b,10.0,balanced,sigmoid,0.09145095199346542,0.11966944194385397,0.5,0.4240620209829036,0.19029269311087393,0,0,0,irrelevant,0.16691045463085175,0,0.17926013469696045,0,0.14685817062854767,0
790,q_00186,4,g0789,0,irrelevant,Acknowledgment,b,10.0,None,sigmoid,0.08237213641405106,0.07781932724191637,0.5,0.4209588787991171,0.19572169607681125,0,0,0,irrelevant,0.3294309079647064,0,0.22987087070941925,0,0.18289773166179657,0
791,q_01760,0,g0790,1,relevant,Delivery confirmation,b,10.0,None,raw,0.9968553781509399,0.9968553781509399,0.5,0.5309690237045288,0.17525888979434967,1,1,1,relevant,0.9774135947227478,1,0.9621201157569885,1,0.9475886225700378,1
792,q_00390,2,g0791,1,relevant,Medical,b,10.0,balanced,sigmoid,0.6313729882240295,0.7042082622338279,0.5,0.5853441191887626,0.17981243659258395,1,1,1,relevant,0.6728859543800354,1,0.5033116936683655,1,0.6561946272850037,1
793,q_01736,1,g0792,1,relevant,Delivery confirmation,b,10.0,balanced,sigmoid,0.9897329211235046,0.99238380526814,0.5,0.4240620209829036,0.19029269311087393,1,1,1,relevant,0.8920018076896667,1,0.9191904067993164,1,0.9259921312332153,1
794,q_00230,2,g0793,0,irrelevant,Spam,b,10.0,balanced,sigmoid,0.6406823396682739,0.7127090717331409,0.5,0.5853441191887626,0.17981243659258395,1,1,1,irrelevant,0.8368199467658997,1,0.657322108745575,1,0.5975021123886108,1
795,q_01504,0,g0794,0,irrelevant,Acknowledgment,b,10.0,None,raw,0.01214602030813694,0.01214602030813694,0.5,0.5309690237045288,0.17525888979434967,0,0,0,irrelevant,0.15831413865089417,0,0.05890140309929848,0,0.47120001912117004,0
796,q_00633,2,g0795,1,relevant,Medical,b,10.0,balanced,sigmoid,0.8912524580955505,0.9219865520329121,0.5,0.5853441191887626,0.17981243659258395,1,1,1,relevant,0.6853436231613159,1,0.8012946844100952,1,0.7865407466888428,1
797,q_01063,0,g0796,1,relevant,Other,b,10.0,None,raw,0.23839367926120758,0.23839367926120758,0.5,0.5309690237045288,0.17525888979434967,0,0,1,relevant,0.2664170265197754,0,0.2595493197441101,0,0.7657884955406189,1
798,q_00419,0,g0797,1,relevant,Medical,b,10.0,None,raw,0.9006023406982422,0.9006023406982422,0.5,0.5309690237045288,0.17525888979434967,1,1,1,relevant,0.6471654772758484,1,0.8454188704490662,1,0.6347054839134216,1
799,q_00013,1,g0798,0,irrelevant,Greeting,b,10.0,balanced,sigmoid,0.027145322412252426,0.03630885975256512,0.5,0.4240620209829036,0.19029269311087393,0,0,0,irrelevant,0.17278587818145752,0,0.10612121969461441,0,0.22588956356048584,0
800,q_00730,0,g0799,1,relevant,Medical,b,10.0,None,raw,0.9872006177902222,0.9872006177902222,0.5,0.5309690237045288,0.17525888979434967,1,1,1,relevant,0.9016892313957214,1,0.9203320145606995,1,0.8726780414581299,1
801,q_01480,2,g0800,0,irrelevant,Acknowledgment,b,10.0,balanced,sigmoid,0.008447172120213509,0.010347453755931258,0.5,0.5853441191887626,0.17981243659258395,0,0,0,irrelevant,0.050094060599803925,0,0.07872079312801361,0,0.11667295545339584,0
802,q_00795,2,g0801,1,relevant,Medical,b,10.0,balanced,sigmoid,0.9936699271202087,0.9958949680660396,0.5,0.5853441191887626,0.17981243659258395,1,1,1,relevant,0.898045003414154,1,0.9249013066291809,1,0.9126858711242676,1
803,q_01314,4,g0802,0,irrelevant,Acknowledgment,b,10.0,None,sigmoid,0.325242280960083,0.3137796744931005,0.5,0.4209588787991171,0.19572169607681125,0,0,1,irrelevant,0.6179487705230713,1,0.5575493574142456,1,0.6354740858078003,1
804,q_00039,3,g0803,0,irrelevant,Greeting,c,10.0,balanced,sigmoid,0.3118289113044739,0.3278959302232122,0.5,0.5312941176820732,0.1589207622098857,0,0,1,irrelevant,0.4283868074417114,0,0.4670531451702118,0,0.45215553045272827,0
805,q_00108,1,g0804,1,relevant,Other,b,10.0,balanced,sigmoid,0.4914672076702118,0.566265620827416,0.5,0.4240620209829036,0.19029269311087393,1,1,1,relevant,0.6653541326522827,1,0.7145674824714661,1,0.5877489447593689,1
806,q_01405,0,g0805,0,irrelevant,Acknowledgment,b,10.0,None,raw,0.5472796559333801,0.5472796559333801,0.5,0.5309690237045288,0.17525888979434967,1,1,1,irrelevant,0.4586298167705536,0,0.517663836479187,1,0.3445388376712799,0
807,q_00603,3,g0806,1,relevant,Medical,c,10.0,balanced,sigmoid,0.825150728225708,0.8869183692079678,0.5,0.5312941176820732,0.1589207622098857,1,1,1,relevant,0.5197014808654785,1,0.8052500486373901,1,0.7469723224639893,1
808,q_01313,1,g0807,0,irrelevant,Acknowledgment,b,10.0,balanced,sigmoid,0.3625730574131012,0.4344999129179657,0.5,0.4240620209829036,0.19029269311087393,0,1,1,irrelevant,0.503956139087677,1,0.4077712297439575,0,0.2876337766647339,0
809,q_00328,3,g0808,1,relevant,Medical,c,10.0,balanced,sigmoid,0.986660361289978,0.995138048303447,0.5,0.5312941176820732,0.1589207622098857,1,1,1,relevant,0.9516324996948242,1,0.9316712021827698,1,0.9141438603401184,1
810,q_00658,3,g0809,1,relevant,Medical,c,10.0,balanced,sigmoid,0.48719826340675354,0.5398693974572917,0.5,0.5312941176820732,0.1589207622098857,1,1,1,relevant,0.901539146900177,1,0.8978819847106934,1,0.6051936149597168,1
811,q_00545,3,g0810,1,relevant,Medical,c,10.0,balanced,sigmoid,0.9663717150688171,0.9852388364726777,0.5,0.5312941176820732,0.1589207622098857,1,1,1,relevant,0.853983461856842,1,0.8678413033485413,1,0.9201418161392212,1
812,q_00376,0,g0811,1,relevant,Medical,b,10.0,None,raw,0.8662140965461731,0.8662140965461731,0.5,0.5309690237045288,0.17525888979434967,1,1,1,relevant,0.8395033478736877,1,0.7993717789649963,1,0.8282778263092041,1
813,q_00635,2,g0812,1,relevant,Medical,b,10.0,balanced,sigmoid,0.9236290454864502,0.9462362246291502,0.5,0.5853441191887626,0.17981243659258395,1,1,1,relevant,0.9260424375534058,1,0.8357990980148315,1,0.7653230428695679,1
814,q_00407,0,g0813,1,relevant,Medical,b,10.0,None,raw,0.9987040758132935,0.9987040758132935,0.5,0.5309690237045288,0.17525888979434967,1,1,1,relevant,0.9739708304405212,1,0.9767444729804993,1,0.8245683908462524,1
815,q_01066,4,g0814,1,relevant,Medical,b,10.0,None,sigmoid,0.9428442716598511,0.9410045776612108,0.5,0.4209588787991171,0.19572169607681125,1,1,1,relevant,0.7625295519828796,1,0.8641857504844666,1,0.7030194997787476,1
816,q_00110,3,g0815,0,irrelevant,Acknowledgment,c,10.0,balanced,sigmoid,0.21080689132213593,0.2068339128276086,0.5,0.5312941176820732,0.1589207622098857,0,0,1,irrelevant,0.1573266237974167,0,0.026889191940426826,0,0.5754481554031372,1
817,q_00659,3,g0816,1,relevant,Medical,c,10.0,balanced,sigmoid,0.41547754406929016,0.4541075169178086,0.5,0.5312941176820732,0.1589207622098857,0,0,1,relevant,0.7890873551368713,1,0.8351191282272339,1,0.6324381828308105,1
818,q_00811,0,g0817,1,relevant,Medical,b,10.0,None,raw,0.9867628216743469,0.9867628216743469,0.5,0.5309690237045288,0.17525888979434967,1,1,1,relevant,0.9239038228988647,1,0.9173309206962585,1,0.8428442478179932,1
819,q_01525,3,g0818,0,irrelevant,Acknowledgment,c,10.0,balanced,sigmoid,0.5320749878883362,0.5921363489513036,0.5,0.5312941176820732,0.1589207622098857,1,1,1,irrelevant,0.28444936871528625,0,0.1479007452726364,0,0.5576441287994385,1
820,q_01095,2,g0819,1,relevant,Other,b,10.0,balanced,sigmoid,0.4541417360305786,0.5320583351423156,0.5,0.5853441191887626,0.17981243659258395,1,0,1,relevant,0.4314439594745636,0,0.5892452001571655,1,0.5765780210494995,1
821,q_01376,2,g0820,0,irrelevant,OSS,b,10.0,balanced,sigmoid,0.9555128812789917,0.9694010380407649,0.5,0.5853441191887626,0.17981243659258395,1,1,1,relevant,0.7923824787139893,1,0.9371387362480164,1,0.7137100696563721,1
822,q_00517,4,g0821,1,relevant,Medical,b,10.0,None,sigmoid,0.9770069718360901,0.9763574375195113,0.5,0.4209588787991171,0.19572169607681125,1,1,1,relevant,0.9752792716026306,1,0.9364385604858398,1,0.7453253269195557,1
823,q_01477,3,g0822,1,relevant,Feedback,c,10.0,balanced,sigmoid,0.27129223942756653,0.2787611351633456,0.5,0.5312941176820732,0.1589207622098857,0,0,1,relevant,0.45272496342658997,0,0.8468013405799866,1,0.46592381596565247,0
824,q_01126,1,g0823,0,irrelevant,Acknowledgment,b,10.0,balanced,sigmoid,0.12395717203617096,0.160440476698813,0.5,0.4240620209829036,0.19029269311087393,0,0,0,irrelevant,0.1925377994775772,0,0.22912634909152985,0,0.17417991161346436,0
825,q_00049,0,g0824,0,irrelevant,Greeting,b,10.0,None,raw,0.7497823238372803,0.7497823238372803,0.5,0.5309690237045288,0.17525888979434967,1,1,1,irrelevant,0.5589169859886169,1,0.7555897235870361,1,0.5687853097915649,1
826,q_01071,0,g0825,1,relevant,Other,b,10.0,None,raw,0.533635675907135,0.533635675907135,0.5,0.5309690237045288,0.17525888979434967,1,1,1,relevant,0.6944503784179688,1,0.7453145980834961,1,0.7066152095794678,1
827,q_01333,2,g0826,0,irrelevant,Acknowledgment,b,10.0,balanced,sigmoid,0.027553439140319824,0.034534405322833334,0.5,0.5853441191887626,0.17981243659258395,0,0,0,irrelevant,0.2966189682483673,0,0.07820499688386917,0,0.3011855185031891,0
828,q_01075,4,g0827,1,relevant,Medical,b,10.0,None,sigmoid,0.9962034821510315,0.9961321190313791,0.5,0.4209588787991171,0.19572169607681125,1,1,1,relevant,0.8977556228637695,1,0.9548811316490173,1,0.7815990447998047,1
829,q_01704,0,g0828,1,relevant,Language change,b,10.0,None,raw,0.9382839798927307,0.9382839798927307,0.5,0.5309690237045288,0.17525888979434967,1,1,1,relevant,0.7626821398735046,1,0.83668452501297,1,0.6368403434753418,1
830,q_01528,3,g0829,0,irrelevant,Acknowledgment,c,10.0,balanced,sigmoid,0.2807377278804779,0.2901643283178022,0.5,0.5312941176820732,0.1589207622098857,0,0,1,irrelevant,0.3048208951950073,0,0.05483302101492882,0,0.44603684544563293,0
831,q_00403,4,g0830,1,relevant,Medical,b,10.0,None,sigmoid,0.9396594762802124,0.9377058185171957,0.5,0.4209588787991171,0.19572169607681125,1,1,1,relevant,0.8337804675102234,1,0.8615329265594482,1,0.9116069674491882,1
832,q_00507,1,g0831,1,relevant,Medical,b,10.0,balanced,sigmoid,0.9768060445785522,0.9827346067152252,0.5,0.4240620209829036,0.19029269311087393,1,1,1,relevant,0.9342510104179382,1,0.9187280535697937,1,0.7466760277748108,1
833,q_00420,2,g0832,1,relevant,Medical,b,10.0,balanced,sigmoid,0.8708221316337585,0.906337423163494,0.5,0.5853441191887626,0.17981243659258395,1,1,1,relevant,0.8135135173797607,1,0.8605326414108276,1,0.9134390950202942,1
834,q_01765,4,g0833,1,relevant,Delivery confirmation,b,10.0,None,sigmoid,0.9802401661872864,0.9796967647868413,0.5,0.4209588787991171,0.19572169607681125,1,1,1,relevant,0.8546596765518188,1,0.889419674873352,1,0.7750285267829895,1
835,q_01391,3,g0834,0,irrelevant,Acknowledgment,c,10.0,balanced,sigmoid,0.2363825887441635,0.2369735459055536,0.5,0.5312941176820732,0.1589207622098857,0,0,1,irrelevant,0.4668526351451874,0,0.08493980020284653,0,0.42628124356269836,0
836,q_01700,1,g0835,1,relevant,Language change,b,10.0,balanced,sigmoid,0.9419522881507874,0.9563870540296634,0.5,0.4240620209829036,0.19029269311087393,1,1,1,relevant,0.9036118388175964,1,0.8715416193008423,1,0.8561803102493286,1
837,q_00641,3,g0836,1,relevant,Medical,c,10.0,balanced,sigmoid,0.3821551501750946,0.41365084572826316,0.5,0.5312941176820732,0.1589207622098857,0,0,1,relevant,0.8366087079048157,1,0.8474070429801941,1,0.6275849342346191,1
838,q_01529,4,g0837,1,relevant,Medical,b,10.0,None,sigmoid,0.9664806127548218,0.9654744214151726,0.5,0.4209588787991171,0.19572169607681125,1,1,1,relevant,0.8429204821586609,1,0.8221860527992249,1,0.6088281273841858,1
839,q_00598,3,g0838,1,relevant,Medical,c,10.0,balanced,sigmoid,0.8107874989509583,0.8749284775321862,0.5,0.5312941176820732,0.1589207622098857,1,1,1,relevant,0.8845829367637634,1,0.9295693039894104,1,0.735648512840271,1
840,q_00692,2,g0839,1,relevant,Medical,b,10.0,balanced,sigmoid,0.8997984528541565,0.9284541581927919,0.5,0.5853441191887626,0.17981243659258395,1,1,1,relevant,0.8233091235160828,1,0.8530687689781189,1,0.8054774403572083,1
841,q_01218,0,g0840,0,irrelevant,Acknowledgment,b,10.0,None,raw,0.014126178808510303,0.014126178808510303,0.5,0.5309690237045288,0.17525888979434967,0,0,0,irrelevant,0.05051165446639061,0,0.04824884608387947,0,0.05977392941713333,0
842,q_00584,3,g0841,1,relevant,Medical,c,10.0,balanced,sigmoid,0.9964470267295837,0.9989944236126673,0.5,0.5312941176820732,0.1589207622098857,1,1,1,relevant,0.9849945902824402,1,0.9725270867347717,1,0.9531921744346619,1
843,q_00056,4,g0842,0,irrelevant,Greeting,b,10.0,None,sigmoid,0.3724086582660675,0.3604299909287752,0.5,0.4209588787991171,0.19572169607681125,0,0,1,irrelevant,0.41331660747528076,0,0.4013585150241852,0,0.19840338826179504,0
844,q_00070,1,g0843,0,irrelevant,Greeting,b,10.0,balanced,sigmoid,0.011793798767030239,0.015857891125425655,0.5,0.4240620209829036,0.19029269311087393,0,0,0,irrelevant,0.2130710333585739,0,0.08207910507917404,0,0.2941305637359619,0
845,q_00558,0,g0844,1,relevant,Medical,b,10.0,None,raw,0.9730279445648193,0.9730279445648193,0.5,0.5309690237045288,0.17525888979434967,1,1,1,relevant,0.7770531177520752,1,0.8475075960159302,1,0.7402137517929077,1
846,q_00500,2,g0845,1,relevant,Medical,b,10.0,balanced,sigmoid,0.5644906759262085,0.641567315764979,0.5,0.5853441191887626,0.17981243659258395,1,1,1,relevant,0.6166953444480896,1,0.7386017441749573,1,0.9076574444770813,1
847,q_01586,1,g0846,0,irrelevant,OSS,b,10.0,balanced,sigmoid,0.17172130942344666,0.21876048034589402,0.5,0.4240620209829036,0.19029269311087393,0,0,1,irrelevant,0.37198129296302795,0,0.4681661128997803,0,0.27052634954452515,0
848,q_01679,2,g0847,1,relevant,Language change,b,10.0,balanced,sigmoid,0.5624420046806335,0.6396046845537078,0.5,0.5853441191887626,0.17981243659258395,1,1,1,relevant,0.8008638024330139,1,0.6599714756011963,1,0.8233933448791504,1
849,q_00126,4,g0848,0,irrelevant,Acknowledgment,b,10.0,None,sigmoid,0.7184035181999207,0.7094751216401368,0.5,0.4209588787991171,0.19572169607681125,1,1,1,irrelevant,0.692351222038269,1,0.6197706460952759,1,0.611730694770813,1
850,q_01209,1,g0849,0,irrelevant,Acknowledgment,b,10.0,balanced,sigmoid,0.010354280471801758,0.01392908685778593,0.5,0.4240620209829036,0.19029269311087393,0,0,0,irrelevant,0.08841416984796524,0,0.09269696474075317,0,0.08348648995161057,0
851,q_00859,4,g0850,1,relevant,Medical,b,10.0,None,sigmoid,0.9987584352493286,0.998742713091827,0.5,0.4209588787991171,0.19572169607681125,1,1,1,relevant,0.9798668622970581,1,0.9682396054267883,1,0.9617104530334473,1
852,q_01580,3,g0851,0,irrelevant,OSS,c,10.0,balanced,sigmoid,0.11975026875734329,0.10490696557868101,0.5,0.5312941176820732,0.1589207622098857,0,0,0,irrelevant,0.3862413167953491,0,0.5433633923530579,1,0.4444040358066559,0
853,q_01473,4,g0852,0,irrelevant,Acknowledgment,b,10.0,None,sigmoid,0.23689737915992737,0.22708099404096052,0.5,0.4209588787991171,0.19572169607681125,0,0,1,irrelevant,0.32357633113861084,0,0.3092009425163269,0,0.3243577778339386,0
854,q_00031,3,g0853,0,irrelevant,Greeting,c,10.0,balanced,sigmoid,0.11290965974330902,0.09772629895145113,0.5,0.5312941176820732,0.1589207622098857,0,0,0,irrelevant,0.2297837734222412,0,0.26195746660232544,0,0.3521765172481537,0
855,q_01379,3,g0854,0,irrelevant,Acknowledgment,c,10.0,balanced,sigmoid,0.10047923773527145,0.08490559547814792,0.5,0.5312941176820732,0.1589207622098857,0,0,0,relevant,0.6122353672981262,1,0.4239201843738556,0,0.34163326025009155,0
856,q_01793,2,g0855,1,relevant,Date,b,10.0,balanced,sigmoid,0.861250638961792,0.8989166496771775,0.5,0.5853441191887626,0.17981243659258395,1,1,1,relevant,0.7897137999534607,1,0.822471559047699,1,0.8326924443244934,1
857,q_00301,0,g0856,1,relevant,Language change,b,10.0,None,raw,0.9944236874580383,0.9944236874580383,0.5,0.5309690237045288,0.17525888979434967,1,1,1,relevant,0.8901359438896179,1,0.9276917576789856,1,0.92085200548172,1
858,q_00158,4,g0857,0,irrelevant,Acknowledgment,b,10.0,None,sigmoid,0.14862211048603058,0.14140588621776976,0.5,0.4209588787991171,0.19572169607681125,0,0,0,irrelevant,0.4887807071208954,0,0.3542104661464691,0,0.23064300417900085,0
859,q_00352,3,g0858,1,relevant,Medical,c,10.0,balanced,sigmoid,0.9363601207733154,0.9679361483362946,0.5,0.5312941176820732,0.1589207622098857,1,1,1,relevant,0.6530961394309998,1,0.9444960951805115,1,0.7845355272293091,1
860,q_00399,4,g0859,1,relevant,Medical,b,10.0,None,sigmoid,0.1675957441329956,0.15973446416109174,0.5,0.4209588787991171,0.19572169607681125,0,0,0,relevant,0.35554757714271545,0,0.2642238736152649,0,0.8034490942955017,1
861,q_00715,4,g0860,1,relevant,Medical,b,10.0,None,sigmoid,0.9851572513580322,0.9847706109551259,0.5,0.4209588787991171,0.19572169607681125,1,1,1,relevant,0.9790340065956116,1,0.9422973394393921,1,0.8808786273002625,1
862,q_00970,2,g0861,0,irrelevant,Automated message,b,10.0,balanced,sigmoid,0.04994389787316322,0.0630867060336967,0.5,0.5853441191887626,0.17981243659258395,0,0,0,irrelevant,0.12173408269882202,0,0.15313023328781128,0,0.12849777936935425,0
863,q_01217,0,g0862,0,irrelevant,Acknowledgment,b,10.0,None,raw,0.009029840119183064,0.009029840119183064,0.5,0.5309690237045288,0.17525888979434967,0,0,0,irrelevant,0.04295111820101738,0,0.052673131227493286,0,0.10100965946912766,0
864,q_00041,4,g0863,0,irrelevant,Greeting,b,10.0,None,sigmoid,0.07777692377567291,0.07343481647013098,0.5,0.4209588787991171,0.19572169607681125,0,0,0,irrelevant,0.2869415879249573,0,0.22273419797420502,0,0.3704282343387604,0
865,q_00375,0,g0864,1,relevant,Medical,b,10.0,None,raw,0.9975244402885437,0.9975244402885437,0.5,0.5309690237045288,0.17525888979434967,1,1,1,relevant,0.966167151927948,1,0.9454509615898132,1,0.9555540084838867,1
866,q_01051,2,g0865,1,relevant,Medical,b,10.0,balanced,sigmoid,0.554884672164917,0.6323420545762813,0.5,0.5853441191887626,0.17981243659258395,1,1,1,relevant,0.8035247325897217,1,0.7167604565620422,1,0.7108301520347595,1
867,q_00679,2,g0866,1,relevant,Medical,b,10.0,balanced,sigmoid,0.48191729187965393,0.5603582289514517,0.5,0.5853441191887626,0.17981243659258395,1,0,1,relevant,0.8364330530166626,1,0.71550452709198,1,0.8225790858268738,1
868,q_00948,4,g0867,1,relevant,Medical,b,10.0,None,sigmoid,0.5443177223205566,0.5324336412891575,0.5,0.4209588787991171,0.19572169607681125,1,1,1,relevant,0.8692565560340881,1,0.7672984600067139,1,0.7671460509300232,1
869,q_01650,0,g0868,0,irrelevant,OSS,b,10.0,None,raw,0.8642416596412659,0.8642416596412659,0.5,0.5309690237045288,0.17525888979434967,1,1,1,irrelevant,0.6369870901107788,1,0.7400059700012207,1,0.7162213325500488,1
870,q_01243,1,g0869,0,irrelevant,Acknowledgment,b,10.0,balanced,sigmoid,0.0883566215634346,0.11574144807818013,0.5,0.4240620209829036,0.19029269311087393,0,0,0,irrelevant,0.4819164574146271,0,0.3765925467014313,0,0.31102046370506287,0
871,q_01289,3,g0870,0,irrelevant,Acknowledgment,c,10.0,balanced,sigmoid,0.0538860522210598,0.040084193423786295,0.5,0.5312941176820732,0.1589207622098857,0,0,0,irrelevant,0.2508174777030945,0,0.24480369687080383,0,0.1666691154241562,0
872,q_00428,0,g0871,1,relevant,Medical,b,10.0,None,raw,0.5286232829093933,0.5286232829093933,0.5,0.5309690237045288,0.17525888979434967,1,0,1,relevant,0.5298205614089966,1,0.685789942741394,1,0.7459437251091003,1
873,q_01484,4,g0872,1,relevant,Feedback,b,10.0,None,sigmoid,0.5348905920982361,0.5229249099822066,0.5,0.4209588787991171,0.19572169607681125,1,1,1,irrelevant,0.38268402218818665,0,0.5893496870994568,1,0.5385740995407104,1
874,q_00566,1,g0873,1,relevant,Medical,b,10.0,balanced,sigmoid,0.909373939037323,0.9313154427828333,0.5,0.4240620209829036,0.19029269311087393,1,1,1,relevant,0.801261305809021,1,0.8686703443527222,1,0.534684419631958,1
875,q_00513,4,g0874,1,relevant,Medical,b,10.0,None,sigmoid,0.8616578578948975,0.8569556505323873,0.5,0.4209588787991171,0.19572169607681125,1,1,1,relevant,0.7240461707115173,1,0.7487961649894714,1,0.889707088470459,1
876,q_00400,3,g0875,1,relevant,Medical,c,10.0,balanced,sigmoid,0.9849393367767334,0.9943786710602479,0.5,0.5312941176820732,0.1589207622098857,1,1,1,relevant,0.8377292156219482,1,0.8788706660270691,1,0.8765507340431213,1
877,q_00043,3,g0876,0,irrelevant,Greeting,c,10.0,balanced,sigmoid,0.18205422163009644,0.1735982486162651,0.5,0.5312941176820732,0.1589207622098857,0,0,1,irrelevant,0.10287846624851227,0,0.10351362079381943,0,0.41883549094200134,0
878,q_00810,3,g0877,1,relevant,Medical,c,10.0,balanced,sigmoid,0.9340194463729858,0.9664845505467169,0.5,0.5312941176820732,0.1589207622098857,1,1,1,relevant,0.9502124786376953,1,0.96466463804245,1,0.8367453217506409,1
879,q_00840,1,g0878,1,relevant,Medical,b,10.0,balanced,sigmoid,0.9731132388114929,0.9799659740474643,0.5,0.4240620209829036,0.19029269311087393,1,1,1,relevant,0.8363917469978333,1,0.892377495765686,1,0.7124496102333069,1
880,q_01399,3,g0879,1,relevant,Delivery confirmation,c,10.0,balanced,sigmoid,0.9347444772720337,0.9669356009332153,0.5,0.5312941176820732,0.1589207622098857,1,1,1,relevant,0.8214587569236755,1,0.6946552991867065,1,0.789093017578125,1
881,q_01741,1,g0880,1,relevant,Delivery confirmation,b,10.0,balanced,sigmoid,0.39933058619499207,0.47314170865195854,0.5,0.4240620209829036,0.19029269311087393,0,1,1,relevant,0.45514586567878723,0,0.5453938841819763,1,0.5797894597053528,1
882,q_01260,4,g0881,0,irrelevant,Acknowledgment,b,10.0,None,sigmoid,0.1706075221300125,0.16264834139150053,0.5,0.4209588787991171,0.19572169607681125,0,0,0,irrelevant,0.09997422993183136,0,0.21484725177288055,0,0.1638714075088501,0
883,q_01461,4,g0882,0,irrelevant,Acknowledgment,b,10.0,None,sigmoid,0.08059655129909515,0.07612471583669857,0.5,0.4209588787991171,0.19572169607681125,0,0,0,irrelevant,0.10396069288253784,0,0.10714711993932724,0,0.1781434267759323,0
884,q_00930,4,g0883,1,relevant,Medical,b,10.0,None,sigmoid,0.761765718460083,0.7539673502987113,0.5,0.4209588787991171,0.19572169607681125,1,1,1,relevant,0.7354844808578491,1,0.6934983134269714,1,0.7540032863616943,1
885,q_00349,2,g0884,1,relevant,Medical,b,10.0,balanced,sigmoid,0.9933099746704102,0.9956554251645494,0.5,0.5853441191887626,0.17981243659258395,1,1,1,relevant,0.9748817682266235,1,0.9612666964530945,1,0.9375327229499817,1
886,q_01024,3,g0885,1,relevant,Date,c,10.0,balanced,sigmoid,0.894017219543457,0.9398034849404742,0.5,0.5312941176820732,0.1589207622098857,1,1,1,relevant,0.7750218510627747,1,0.7348632216453552,1,0.7490849494934082,1
887,q_00191,1,g0886,0,irrelevant,Acknowledgment,b,10.0,balanced,sigmoid,0.044023074209690094,0.05854471304187419,0.5,0.4240620209829036,0.19029269311087393,0,0,0,irrelevant,0.4459761381149292,0,0.21975331008434296,0,0.1752871572971344,0
888,q_00192,4,g0887,0,irrelevant,Acknowledgment,b,10.0,None,sigmoid,0.9541705846786499,0.9527338567122198,0.5,0.4209588787991171,0.19572169607681125,1,1,1,irrelevant,0.6837820410728455,1,0.7335923314094543,1,0.6031133532524109,1
889,q_00161,2,g0888,1,relevant,Other,b,10.0,balanced,sigmoid,0.7402825355529785,0.8003844710557114,0.5,0.5853441191887626,0.17981243659258395,1,1,1,relevant,0.6569517850875854,1,0.6713746786117554,1,0.650126576423645,1
890,q_01519,1,g0889,1,relevant,Medical,b,10.0,balanced,sigmoid,0.845648467540741,0.8809915977115091,0.5,0.4240620209829036,0.19029269311087393,1,1,1,relevant,0.8322901725769043,1,0.8072905540466309,1,0.7451180219650269,1
891,q_01597,1,g0890,0,irrelevant,OSS,b,10.0,balanced,sigmoid,0.07551570236682892,0.09935250178688268,0.5,0.4240620209829036,0.19029269311087393,0,0,0,irrelevant,0.3380204141139984,0,0.404074102640152,0,0.37060195207595825,0
892,q_01768,0,g0891,1,relevant,Delivery confirmation,b,10.0,None,raw,0.9989743232727051,0.9989743232727051,0.5,0.5309690237045288,0.17525888979434967,1,1,1,relevant,0.8176549077033997,1,0.9707345962524414,1,0.8939085006713867,1
893,q_00425,2,g0892,1,relevant,Medical,b,10.0,balanced,sigmoid,0.8238413333892822,0.8693786623081574,0.5,0.5853441191887626,0.17981243659258395,1,1,1,relevant,0.7942368984222412,1,0.7985984086990356,1,0.6617852449417114,1
894,q_00309,1,g0893,1,relevant,Language change,b,10.0,balanced,sigmoid,0.9934258460998535,0.9951282255141383,0.5,0.4240620209829036,0.19029269311087393,1,1,1,relevant,0.8353396654129028,1,0.9335148334503174,1,0.7450896501541138,1
895,q_00137,1,g0894,0,irrelevant,Acknowledgment,b,10.0,balanced,sigmoid,0.06894471496343613,0.09091030481376693,0.5,0.4240620209829036,0.19029269311087393,0,0,0,irrelevant,0.2801741063594818,0,0.2825591564178467,0,0.15724386274814606,0
896,q_01535,4,g0895,0,irrelevant,Acknowledgment,b,10.0,None,sigmoid,0.16586585342884064,0.1580613617466701,0.5,0.4209588787991171,0.19572169607681125,0,0,0,irrelevant,0.3507317900657654,0,0.2589477002620697,0,0.3365088403224945,0
897,q_00002,1,g0896,0,irrelevant,Greeting,b,10.0,balanced,sigmoid,0.0075734443962574005,0.010197664262465623,0.5,0.4240620209829036,0.19029269311087393,0,0,0,irrelevant,0.08433583378791809,0,0.056265898048877716,0,0.15857499837875366,0
898,q_01353,0,g0897,0,irrelevant,Acknowledgment,b,10.0,None,raw,0.03763185441493988,0.03763185441493988,0.5,0.5309690237045288,0.17525888979434967,0,0,0,irrelevant,0.19025921821594238,0,0.2402215600013733,0,0.4543927311897278,0
899,q_01016,2,g0898,1,relevant,Date,b,10.0,balanced,sigmoid,0.8849294185638428,0.9171712895508789,0.5,0.5853441191887626,0.17981243659258395,1,1,1,relevant,0.7161343693733215,1,0.7749030590057373,1,0.7666628360748291,1
900,q_00320,3,g0899,1,relevant,Language change,c,10.0,balanced,sigmoid,0.9754298329353333,0.9898885146000576,0.5,0.5312941176820732,0.1589207622098857,1,1,1,relevant,0.7418907284736633,1,0.7852040529251099,1,0.8897215723991394,1
901,q_00130,2,g0900,0,irrelevant,Acknowledgment,b,10.0,balanced,sigmoid,0.023173419758677483,0.028960379269591982,0.5,0.5853441191887626,0.17981243659258395,0,0,0,irrelevant,0.2305753529071808,0,0.12633852660655975,0,0.09976900368928909,0
902,q_00051,2,g0901,0,irrelevant,Greeting,b,10.0,balanced,sigmoid,0.486244261264801,0.5647218635979376,0.5,0.5853441191887626,0.17981243659258395,1,0,1,irrelevant,0.6009640097618103,1,0.5409001708030701,1,0.37833520770072937,0
