selection_scope,row_scope,selected_probability_method,threshold,accuracy,macro_f1,precision,relevant_recall,specificity,tp,tn,fp,fn,medical_fn,medical_n,medical_recall,referral_fraction,feasible_recall_first,selected_default_0_5,selected_balanced_macro_f1,selected_recall_first
final_all_training,inner_development,sigmoid,0.0,0.6168327796234773,0.3815068493150685,0.6168327796234773,1.0,0.0,557,0,346,0,0,334,1.0,1.0,True,False,False,False
final_all_training,inner_development,sigmoid,0.0021131576321094256,0.6168327796234773,0.3815068493150685,0.6168327796234773,1.0,0.0,557,0,346,0,0,334,1.0,1.0,True,False,False,False
final_all_training,inner_development,sigmoid,0.0028254133984055184,0.6179401993355482,0.3846501788560717,0.6175166297117517,1.0,0.002890173410404624,557,1,345,0,0,334,1.0,0.9988925802879292,True,False,False,False
final_all_training,inner_development,sigmoid,0.0030546081466784614,0.6190476190476191,0.3877773047632562,0.6182019977802442,1.0,0.005780346820809248,557,2,344,0,0,334,1.0,0.9977851605758582,True,False,False,False
final_all_training,inner_development,sigmoid,0.0037174478023657715,0.6201550387596899,0.3908883701447217,0.6188888888888889,1.0,0.008670520231213872,557,3,343,0,0,334,1.0,0.9966777408637874,True,False,False,False
final_all_training,inner_development,sigmoid,0.003987153388341928,0.6212624584717608,0.3939835164835165,0.6195773081201335,1.0,0.011560693641618497,557,4,342,0,0,334,1.0,0.9955703211517165,True,False,False,False
final_all_training,inner_development,sigmoid,0.004462882458496929,0.6223698781838317,0.3970628836608218,0.6202672605790646,1.0,0.014450867052023121,557,5,341,0,0,334,1.0,0.9944629014396457,True,False,False,False
final_all_training,inner_development,sigmoid,0.004993648561332077,0.6234772978959026,0.400126609978742,0.620958751393534,1.0,0.017341040462427744,557,6,340,0,0,334,1.0,0.9933554817275747,True,False,False,False
final_all_training,inner_development,sigmoid,0.0051587452345700805,0.6245847176079734,0.4031748321827069,0.6216517857142857,1.0,0.02023121387283237,557,7,339,0,0,334,1.0,0.9922480620155039,True,False,False,False
final_all_training,inner_development,sigmoid,0.0052114766367283814,0.6256921373200443,0.40620768548349445,0.6223463687150838,1.0,0.023121387283236993,557,8,338,0,0,334,1.0,0.991140642303433,True,False,False,False
final_all_training,inner_development,sigmoid,0.005217959337192187,0.6267995570321152,0.409225303578882,0.6230425055928411,1.0,0.02601156069364162,557,9,337,0,0,334,1.0,0.9900332225913622,True,False,False,False
final_all_training,inner_development,sigmoid,0.005668872017969341,0.627906976744186,0.4122278186749322,0.6237402015677491,1.0,0.028901734104046242,557,10,336,0,0,334,1.0,0.9889258028792912,True,False,False,False
final_all_training,inner_development,sigmoid,0.005846680487967771,0.6267995570321152,0.41172410993382863,0.6233183856502242,0.9982046678635548,0.028901734104046242,556,10,336,1,0,334,1.0,0.9878183831672204,True,False,False,False
final_all_training,inner_development,sigmoid,0.007850286883905861,0.627906976744186,0.4147041575357264,0.6240179573512907,0.9982046678635548,0.031791907514450865,556,11,335,1,0,334,1.0,0.9867109634551495,True,False,False,False
final_all_training,inner_development,sigmoid,0.007863071784924819,0.6290143964562569,0.41766944576522747,0.6247191011235955,0.9982046678635548,0.03468208092485549,556,12,334,1,0,334,1.0,0.9856035437430787,True,False,False,False
final_all_training,inner_development,sigmoid,0.00809568095890142,0.6301218161683277,0.42062010142923006,0.625421822272216,0.9982046678635548,0.03757225433526012,556,13,333,1,0,334,1.0,0.9844961240310077,True,False,False,False
final_all_training,inner_development,sigmoid,0.00809874100610687,0.6312292358803987,0.4235562499400934,0.6261261261261262,0.9982046678635548,0.04046242774566474,556,14,332,1,0,334,1.0,0.9833887043189369,True,False,False,False
final_all_training,inner_development,sigmoid,0.008914727499334772,0.6323366555924695,0.4264780153349352,0.6268320180383314,0.9982046678635548,0.04335260115606936,556,15,331,1,0,334,1.0,0.982281284606866,True,False,False,False
final_all_training,inner_development,sigmoid,0.008992257967734216,0.6334440753045404,0.4293855202946112,0.6275395033860045,0.9982046678635548,0.046242774566473986,556,16,330,1,0,334,1.0,0.9811738648947951,True,False,False,False
final_all_training,inner_development,sigmoid,0.009105663220125834,0.6345514950166113,0.4322788861623813,0.6282485875706215,0.9982046678635548,0.049132947976878616,556,17,329,1,0,334,1.0,0.9800664451827242,True,False,False,False
final_all_training,inner_development,sigmoid,0.009200244709710894,0.6356589147286822,0.43515823296226935,0.6289592760180995,0.9982046678635548,0.05202312138728324,556,18,328,1,0,334,1.0,0.9789590254706534,True,False,False,False
final_all_training,inner_development,sigmoid,0.009507592237372563,0.636766334440753,0.43802367941712206,0.6296715741789355,0.9982046678635548,0.05491329479768786,556,19,327,1,0,334,1.0,0.9778516057585825,True,False,False,False
final_all_training,inner_development,sigmoid,0.009669334253153767,0.6378737541528239,0.44087534296637276,0.6303854875283447,0.9982046678635548,0.057803468208092484,556,20,326,1,0,334,1.0,0.9767441860465116,True,False,False,False
final_all_training,inner_development,sigmoid,0.010155654418985876,0.6389811738648948,0.44371333978351574,0.6311010215664018,0.9982046678635548,0.06069364161849711,556,21,325,1,0,334,1.0,0.9756367663344407,True,False,False,False
final_all_training,inner_development,sigmoid,0.010223744263790292,0.6400885935769657,0.44653778479329675,0.6318181818181818,0.9982046678635548,0.06358381502890173,556,22,324,1,0,334,1.0,0.9745293466223699,True,False,False,False
final_all_training,inner_development,sigmoid,0.01053245807024506,0.6411960132890365,0.4493487916886245,0.6325369738339022,0.9982046678635548,0.06647398843930635,556,23,323,1,0,334,1.0,0.973421926910299,True,False,False,False
final_all_training,inner_development,sigmoid,0.010696815255391639,0.6423034330011074,0.4521464729472093,0.6332574031890661,0.9982046678635548,0.06936416184971098,556,24,322,1,0,334,1.0,0.9723145071982281,True,False,False,False
final_all_training,inner_development,sigmoid,0.010853689094398324,0.6434108527131783,0.4549309398479327,0.6339794754846066,0.9982046678635548,0.07225433526011561,556,25,321,1,0,334,1.0,0.9712070874861573,True,False,False,False
final_all_training,inner_development,sigmoid,0.011036073334864177,0.6445182724252492,0.4577023024869553,0.634703196347032,0.9982046678635548,0.07514450867052024,556,26,320,1,0,334,1.0,0.9700996677740864,True,False,False,False
final_all_training,inner_development,sigmoid,0.011115407639754452,0.64562569213732,0.460460669793565,0.6354285714285715,0.9982046678635548,0.07803468208092486,556,27,319,1,0,334,1.0,0.9689922480620154,True,False,False,False
final_all_training,inner_development,sigmoid,0.011895153486113417,0.646733111849391,0.46320614954577216,0.6361556064073226,0.9982046678635548,0.08092485549132948,556,28,318,1,0,334,1.0,0.9678848283499446,True,False,False,False
final_all_training,inner_development,sigmoid,0.012229740380663946,0.6478405315614618,0.4659388483856569,0.6368843069873997,0.9982046678635548,0.0838150289017341,556,29,317,1,0,334,1.0,0.9667774086378738,True,False,False,False
final_all_training,inner_development,sigmoid,0.012540909344024591,0.6489479512735327,0.46865887183447086,0.6376146788990825,0.9982046678635548,0.08670520231213873,556,30,316,1,0,334,1.0,0.9656699889258029,True,False,False,False
final_all_training,inner_development,sigmoid,0.012955154321992936,0.6500553709856035,0.4713663243075008,0.6383467278989667,0.9982046678635548,0.08959537572254335,556,31,315,1,0,334,1.0,0.964562569213732,True,False,False,False
final_all_training,inner_development,sigmoid,0.013150096948959784,0.6511627906976745,0.47406130912869593,0.639080459770115,0.9982046678635548,0.09248554913294797,556,32,314,1,0,334,1.0,0.9634551495016611,True,False,False,False
final_all_training,inner_development,sigmoid,0.013591085841336068,0.6522702104097453,0.4767439285450653,0.6398158803222095,0.9982046678635548,0.0953757225433526,556,33,313,1,0,334,1.0,0.9623477297895903,True,False,False,False
final_all_training,inner_development,sigmoid,0.014186313376718544,0.6533776301218162,0.47941428374084816,0.6405529953917051,0.9982046678635548,0.09826589595375723,556,34,312,1,0,334,1.0,0.9612403100775194,True,False,False,False
final_all_training,inner_development,sigmoid,0.01436519836739983,0.654485049833887,0.4820724748514619,0.6412918108419838,0.9982046678635548,0.10115606936416185,556,35,311,1,0,334,1.0,0.9601328903654485,True,False,False,False
final_all_training,inner_development,sigmoid,0.014431893562230319,0.6533776301218162,0.48140489423110444,0.640877598152425,0.9964093357271095,0.10115606936416185,555,35,311,2,0,334,1.0,0.9590254706533776,True,False,False,False
final_all_training,inner_development,sigmoid,0.01449872187312796,0.654485049833887,0.48404535864978904,0.6416184971098265,0.9964093357271095,0.10404624277456648,555,36,310,2,0,334,1.0,0.9579180509413068,True,False,False,False
final_all_training,inner_development,sigmoid,0.014545973666803255,0.655592469545958,0.4866739172157891,0.6423611111111112,0.9964093357271095,0.1069364161849711,555,37,309,2,0,334,1.0,0.9568106312292359,True,False,False,False
final_all_training,inner_development,sigmoid,0.014762551277444429,0.6566998892580288,0.4892906662774575,0.6431054461181923,0.9964093357271095,0.10982658959537572,555,38,308,2,0,334,1.0,0.955703211517165,True,False,False,False
final_all_training,inner_development,sigmoid,0.014792126009846704,0.6578073089700996,0.4918957011980268,0.6438515081206496,0.9964093357271095,0.11271676300578035,555,39,307,2,0,334,1.0,0.9545957918050941,True,False,False,False
final_all_training,inner_development,sigmoid,0.01488827064044684,0.6589147286821705,0.49448911636834225,0.6445993031358885,0.9964093357271095,0.11560693641618497,555,40,306,2,0,334,1.0,0.9534883720930233,True,False,False,False
final_all_training,inner_development,sigmoid,0.014987429370519964,0.6600221483942414,0.49707100521939795,0.6453488372093024,0.9964093357271095,0.11849710982658959,555,41,305,2,0,334,1.0,0.9523809523809523,True,False,False,False
final_all_training,inner_development,sigmoid,0.015067374123314079,0.6611295681063123,0.4996414602346806,0.6461001164144354,0.9964093357271095,0.12138728323699421,555,42,304,2,0,334,1.0,0.9512735326688815,True,False,False,False
final_all_training,inner_development,sigmoid,0.015164267388212724,0.6622369878183831,0.5022005729623237,0.6468531468531469,0.9964093357271095,0.12427745664739884,555,43,303,2,0,334,1.0,0.9501661129568106,True,False,False,False
final_all_training,inner_development,sigmoid,0.015405104344755852,0.6633444075304541,0.5047484340270761,0.6476079346557759,0.9964093357271095,0.12716763005780346,555,44,302,2,0,334,1.0,0.9490586932447398,True,False,False,False
final_all_training,inner_development,sigmoid,0.016553117187359936,0.6644518272425249,0.5072851331420885,0.6483644859813084,0.9964093357271095,0.13005780346820808,555,45,301,2,0,334,1.0,0.9479512735326688,True,False,False,False
final_all_training,inner_development,sigmoid,0.01662724258404224,0.6655592469545958,0.5098107591205189,0.6491228070175439,0.9964093357271095,0.1329479768786127,555,46,300,2,0,334,1.0,0.946843853820598,True,False,False,False
final_all_training,inner_development,sigmoid,0.01681875007476234,0.6666666666666666,0.5123253998869641,0.6498829039812647,0.9964093357271095,0.13583815028901733,555,47,299,2,0,334,1.0,0.9457364341085271,True,False,False,False
final_all_training,inner_development,sigmoid,0.01702521141903023,0.6677740863787376,0.514829142488717,0.6506447831184057,0.9964093357271095,0.13872832369942195,555,48,298,2,0,334,1.0,0.9446290143964563,True,False,False,False
final_all_training,inner_development,sigmoid,0.017080269434564133,0.6688815060908084,0.5173220731068535,0.6514084507042254,0.9964093357271095,0.1416184971098266,555,49,297,2,0,334,1.0,0.9435215946843853,True,False,False,False
final_all_training,inner_development,sigmoid,0.017216514692772914,0.6699889258028793,0.5198042770671539,0.6521739130434783,0.9964093357271095,0.14450867052023122,555,50,296,2,0,334,1.0,0.9424141749723145,True,False,False,False
final_all_training,inner_development,sigmoid,0.018326667647545865,0.6710963455149501,0.5222758388508585,0.6529411764705882,0.9964093357271095,0.14739884393063585,555,51,295,2,0,334,1.0,0.9413067552602437,True,False,False,False
final_all_training,inner_development,sigmoid,0.01887879588697827,0.6722037652270211,0.5247368421052632,0.6537102473498233,0.9964093357271095,0.15028901734104047,555,52,294,2,0,334,1.0,0.9401993355481728,True,False,False,False
final_all_training,inner_development,sigmoid,0.019042303397616128,0.6733111849390919,0.5271873696541565,0.6544811320754716,0.9964093357271095,0.1531791907514451,555,53,293,2,0,334,1.0,0.9390919158361019,True,False,False,False
final_all_training,inner_development,sigmoid,0.019789011067066167,0.6744186046511628,0.5296275035081005,0.6552538370720189,0.9964093357271095,0.15606936416184972,555,54,292,2,0,334,1.0,0.937984496124031,True,False,False,False
final_all_training,inner_development,sigmoid,0.019854318297940227,0.6755260243632336,0.5320573248745599,0.6560283687943262,0.9964093357271095,0.15895953757225434,555,55,291,2,0,334,1.0,0.9368770764119602,True,False,False,False
final_all_training,inner_development,sigmoid,0.020147449173398314,0.6766334440753046,0.534476914167879,0.6568047337278107,0.9964093357271095,0.16184971098265896,555,56,290,2,0,334,1.0,0.9357696566998892,True,False,False,False
final_all_training,inner_development,sigmoid,0.02017317359779943,0.6777408637873754,0.5368863510191133,0.6575829383886256,0.9964093357271095,0.16473988439306358,555,57,289,2,0,334,1.0,0.9346622369878184,True,False,False,False
final_all_training,inner_development,sigmoid,0.020556103646112826,0.6788482834994463,0.5392857142857143,0.6583629893238434,0.9964093357271095,0.1676300578034682,555,58,288,2,0,334,1.0,0.9335548172757475,True,False,False,False
final_all_training,inner_development,sigmoid,0.020617610670653198,0.6799557032115172,0.5416750820610721,0.6591448931116389,0.9964093357271095,0.17052023121387283,555,59,287,2,0,334,1.0,0.9324473975636767,True,False,False,False
final_all_training,inner_development,sigmoid,0.020820128229035492,0.6810631229235881,0.5440545316839182,0.6599286563614745,0.9964093357271095,0.17341040462427745,555,60,286,2,0,334,1.0,0.9313399778516057,True,False,False,False
final_all_training,inner_development,sigmoid,0.02107583021715485,0.6821705426356589,0.5464241397475904,0.6607142857142857,0.9964093357271095,0.17630057803468208,555,61,285,2,0,334,1.0,0.9302325581395349,True,False,False,False
final_all_training,inner_development,sigmoid,0.021170996397976996,0.6832779623477298,0.548783982109162,0.6615017878426699,0.9964093357271095,0.1791907514450867,555,62,284,2,0,334,1.0,0.929125138427464,True,False,False,False
final_all_training,inner_development,sigmoid,0.021403318976902154,0.6843853820598007,0.5511341338984381,0.662291169451074,0.9964093357271095,0.18208092485549132,555,63,283,2,0,334,1.0,0.9280177187153932,True,False,False,False
final_all_training,inner_development,sigmoid,0.022082625794646548,0.6854928017718716,0.5534746695268209,0.6630824372759857,0.9964093357271095,0.18497109826589594,555,64,282,2,0,334,1.0,0.9269102990033222,True,False,False,False
final_all_training,inner_development,sigmoid,0.022831730118787856,0.6866002214839424,0.5558056626960468,0.6638755980861244,0.9964093357271095,0.18786127167630057,555,65,281,2,0,334,1.0,0.9258028792912514,True,False,False,False
final_all_training,inner_development,sigmoid,0.02339527121817267,0.6877076411960132,0.5581271864067966,0.6646706586826348,0.9964093357271095,0.1907514450867052,555,66,280,2,0,334,1.0,0.9246954595791805,True,False,False,False
final_all_training,inner_development,sigmoid,0.023552719913717643,0.6888150609080842,0.5604393129671814,0.6654676258992805,0.9964093357271095,0.1936416184971098,555,67,279,2,0,334,1.0,0.9235880398671097,True,False,False,False
final_all_training,inner_development,sigmoid,0.02356937704347204,0.689922480620155,0.5627421140011069,0.6662665066026411,0.9964093357271095,0.19653179190751446,555,68,278,2,0,334,1.0,0.9224806201550387,True,False,False,False
final_all_training,inner_development,sigmoid,0.023930818927287222,0.6910299003322259,0.565035660456516,0.6670673076923077,0.9964093357271095,0.1994219653179191,555,69,277,2,0,334,1.0,0.9213732004429679,True,False,False,False
final_all_training,inner_development,sigmoid,0.02416593855115978,0.6921373200442967,0.5673200226135158,0.6678700361010831,0.9964093357271095,0.2023121387283237,555,70,276,2,0,334,1.0,0.920265780730897,True,False,False,False
final_all_training,inner_development,sigmoid,0.02460298231887062,0.6932447397563677,0.5695952700923853,0.6686746987951807,0.9964093357271095,0.20520231213872833,555,71,275,2,0,334,1.0,0.9191583610188261,True,False,False,False
final_all_training,inner_development,sigmoid,0.025018771543808063,0.6943521594684385,0.5718614718614718,0.669481302774427,0.9964093357271095,0.20809248554913296,555,72,274,2,0,334,1.0,0.9180509413067552,True,False,False,False
final_all_training,inner_development,sigmoid,0.025336973082606545,0.6954595791805094,0.5741186962449728,0.6702898550724637,0.9964093357271095,0.21098265895953758,555,73,273,2,0,334,1.0,0.9169435215946844,True,False,False,False
final_all_training,inner_development,sigmoid,0.02546203894784877,0.6965669988925803,0.5763670109306085,0.6711003627569528,0.9964093357271095,0.2138728323699422,555,74,272,2,0,334,1.0,0.9158361018826136,True,False,False,False
final_all_training,inner_development,sigmoid,0.025576275647689918,0.6976744186046512,0.578606482977185,0.6719128329297821,0.9964093357271095,0.21676300578034682,555,75,271,2,0,334,1.0,0.9147286821705426,True,False,False,False
final_all_training,inner_development,sigmoid,0.02594768170865622,0.698781838316722,0.5808371788220517,0.6727272727272727,0.9964093357271095,0.21965317919075145,555,76,270,2,0,334,1.0,0.9136212624584718,True,False,False,False
final_all_training,inner_development,sigmoid,0.026257413665581524,0.6998892580287929,0.5830591642884525,0.6735436893203883,0.9964093357271095,0.22254335260115607,555,77,269,2,0,334,1.0,0.9125138427464009,True,False,False,False
final_all_training,inner_development,sigmoid,0.02698219273804327,0.7009966777408638,0.585272504592774,0.6743620899149453,0.9964093357271095,0.2254335260115607,555,78,268,2,0,334,1.0,0.9114064230343301,True,False,False,False
final_all_training,inner_development,sigmoid,0.027130482273722282,0.7021040974529347,0.5874772643516922,0.6751824817518248,0.9964093357271095,0.22832369942196531,555,79,267,2,0,334,1.0,0.9102990033222591,True,False,False,False
final_all_training,inner_development,sigmoid,0.02783504460287885,0.7032115171650055,0.5896735075892191,0.6760048721071864,0.9964093357271095,0.23121387283236994,555,80,266,2,0,334,1.0,0.9091915836101883,True,False,False,False
final_all_training,inner_development,sigmoid,0.028846700813969707,0.7043189368770764,0.5918612977436506,0.676829268292683,0.9964093357271095,0.23410404624277456,555,81,265,2,0,334,1.0,0.9080841638981174,True,False,False,False
final_all_training,inner_development,sigmoid,0.029216382805024463,0.7054263565891473,0.5940406976744186,0.6776556776556777,0.9964093357271095,0.23699421965317918,555,82,264,2,0,334,1.0,0.9069767441860465,True,False,False,False
final_all_training,inner_development,sigmoid,0.02923904648840062,0.7065337763012182,0.5962117696688463,0.6784841075794621,0.9964093357271095,0.2398843930635838,555,83,263,2,0,334,1.0,0.9058693244739756,True,False,False,False
final_all_training,inner_development,sigmoid,0.03054531636265988,0.707641196013289,0.5983745754488112,0.6793145654834761,0.9964093357271095,0.24277456647398843,555,84,262,2,0,334,1.0,0.9047619047619048,True,False,False,False
final_all_training,inner_development,sigmoid,0.030574046092007322,0.70874861572536,0.6005291761773162,0.6801470588235294,0.9964093357271095,0.24566473988439305,555,85,261,2,0,334,1.0,0.9036544850498339,True,False,False,False
final_all_training,inner_development,sigmoid,0.03093249559895103,0.7098560354374308,0.6026756324649676,0.6809815950920245,0.9964093357271095,0.24855491329479767,555,86,260,2,0,334,1.0,0.902547065337763,True,False,False,False
final_all_training,inner_development,sigmoid,0.031017487073617775,0.7109634551495017,0.6048140043763677,0.6818181818181818,0.9964093357271095,0.2514450867052023,555,87,259,2,0,334,1.0,0.9014396456256921,True,False,False,False
final_all_training,inner_development,sigmoid,0.03166019038167531,0.7120708748615725,0.606944351436416,0.6826568265682657,0.9964093357271095,0.2543352601156069,555,88,258,2,0,334,1.0,0.9003322259136213,True,False,False,False
final_all_training,inner_development,sigmoid,0.03209951693463605,0.7131782945736435,0.6090667326365267,0.6834975369458128,0.9964093357271095,0.25722543352601157,555,89,257,2,0,334,1.0,0.8992248062015504,True,False,False,False
final_all_training,inner_development,sigmoid,0.03243267092074435,0.7142857142857143,0.6111812064407594,0.6843403205918619,0.9964093357271095,0.26011560693641617,555,90,256,2,0,334,1.0,0.8981173864894795,True,False,False,False
final_all_training,inner_development,sigmoid,0.03246162658036574,0.7153931339977851,0.6132878307918675,0.6851851851851852,0.9964093357271095,0.2630057803468208,555,91,255,2,0,334,1.0,0.8970099667774086,True,False,False,False
final_all_training,inner_development,sigmoid,0.032537136094213194,0.716500553709856,0.6153866631172634,0.6860321384425216,0.9964093357271095,0.2658959537572254,555,92,254,2,0,334,1.0,0.8959025470653378,True,False,False,False
final_all_training,inner_development,sigmoid,0.03283069052077486,0.717607973421927,0.6174777603349032,0.6868811881188119,0.9964093357271095,0.26878612716763006,555,93,253,2,0,334,1.0,0.8947951273532669,True,False,False,False
final_all_training,inner_development,sigmoid,0.03290994453906721,0.7187153931339978,0.6195611788590916,0.6877323420074349,0.9964093357271095,0.27167630057803466,555,94,252,2,0,334,1.0,0.893687707641196,True,False,False,False
final_all_training,inner_development,sigmoid,0.033162346015166044,0.7198228128460686,0.6216369746062083,0.6885856079404467,0.9964093357271095,0.2745664739884393,555,95,251,2,0,334,1.0,0.8925802879291251,True,False,False,False
final_all_training,inner_development,sigmoid,0.03402923435983891,0.7209302325581395,0.6237052030003571,0.6894409937888198,0.9964093357271095,0.2774566473988439,555,96,250,2,0,334,1.0,0.8914728682170543,True,False,False,False
final_all_training,inner_development,sigmoid,0.034291859218664,0.7220376522702104,0.6257659189789397,0.6902985074626866,0.9964093357271095,0.28034682080924855,555,97,249,2,0,334,1.0,0.8903654485049833,True,False,False,False
final_all_training,inner_development,sigmoid,0.03672934977125467,0.7209302325581395,0.6248417304141387,0.6899128268991283,0.9946140035906643,0.28034682080924855,554,97,249,3,0,334,1.0,0.8892580287929125,True,False,False,False
final_all_training,inner_development,sigmoid,0.037161144669410937,0.7220376522702104,0.6268920594001709,0.6907730673316709,0.9946140035906643,0.2832369942196532,554,98,248,3,0,334,1.0,0.8881506090808416,True,False,False,False
final_all_training,inner_development,sigmoid,0.037500899761080675,0.7209302325581395,0.6259664948453608,0.6903870162297129,0.992818671454219,0.2832369942196532,553,98,248,4,0,334,1.0,0.8870431893687708,True,False,False,False
final_all_training,inner_development,sigmoid,0.038376881920035584,0.7220376522702104,0.6280065584209896,0.69125,0.992818671454219,0.2861271676300578,553,99,247,4,0,334,1.0,0.8859357696566998,True,False,False,False
final_all_training,inner_development,sigmoid,0.03945157486752865,0.7231450719822813,0.6300393313667649,0.6921151439299124,0.992818671454219,0.28901734104046245,553,100,246,4,0,334,1.0,0.884828349944629,True,False,False,False
final_all_training,inner_development,sigmoid,0.040380128019215304,0.7242524916943521,0.6320648661032064,0.6929824561403509,0.992818671454219,0.29190751445086704,553,101,245,4,0,334,1.0,0.8837209302325582,True,False,False,False
final_all_training,inner_development,sigmoid,0.040445254004057574,0.7253599114064231,0.6340832145985019,0.6938519447929736,0.992818671454219,0.2947976878612717,553,102,244,4,0,334,1.0,0.8826135105204873,True,False,False,False
final_all_training,inner_development,sigmoid,0.041157200722092765,0.7264673311184939,0.6360944283735432,0.6947236180904522,0.992818671454219,0.2976878612716763,553,103,243,4,0,334,1.0,0.8815060908084164,True,False,False,False
final_all_training,inner_development,sigmoid,0.04153200385453417,0.7275747508305648,0.6380985585068947,0.6955974842767295,0.992818671454219,0.30057803468208094,553,104,242,4,0,334,1.0,0.8803986710963455,True,False,False,False
final_all_training,inner_development,sigmoid,0.042251120050086695,0.7286821705426356,0.6400956556396971,0.6964735516372796,0.992818671454219,0.30346820809248554,553,105,241,4,0,334,1.0,0.8792912513842747,True,False,False,False
final_all_training,inner_development,sigmoid,0.04269670533920893,0.7297895902547066,0.6420857699805068,0.6973518284993695,0.992818671454219,0.3063583815028902,553,106,240,4,0,334,1.0,0.8781838316722038,True,False,False,False
final_all_training,inner_development,sigmoid,0.04314101481340729,0.7308970099667774,0.6440689513100717,0.6982323232323232,0.992818671454219,0.3092485549132948,553,107,239,4,0,334,1.0,0.8770764119601329,True,False,False,False
final_all_training,inner_development,sigmoid,0.04475490651488454,0.7320044296788483,0.6460452489860443,0.6991150442477876,0.992818671454219,0.31213872832369943,553,108,238,4,0,334,1.0,0.875968992248062,True,False,False,False
final_all_training,inner_development,sigmoid,0.04495574498677504,0.7331118493909191,0.6480147119476348,0.7,0.992818671454219,0.315028901734104,553,109,237,4,0,334,1.0,0.8748615725359912,True,False,False,False
final_all_training,inner_development,sigmoid,0.04542600705892313,0.7342192691029901,0.6499773887202016,0.7008871989860583,0.992818671454219,0.3179190751445087,553,110,236,4,0,334,1.0,0.8737541528239202,True,False,False,False
final_all_training,inner_development,sigmoid,0.04591349496278813,0.7353266888150609,0.651933327419784,0.7017766497461929,0.992818671454219,0.3208092485549133,553,111,235,4,0,334,1.0,0.8726467331118494,True,False,False,False
final_all_training,inner_development,sigmoid,0.04766104173336442,0.7364341085271318,0.6538825757575757,0.7026683608640406,0.992818671454219,0.3236994219653179,553,112,234,4,0,334,1.0,0.8715393133997785,True,False,False,False
final_all_training,inner_development,sigmoid,0.047973248658103866,0.7375415282392026,0.65582518104434,0.7035623409669212,0.992818671454219,0.3265895953757225,553,113,233,4,0,334,1.0,0.8704318936877077,True,False,False,False
final_all_training,inner_development,sigmoid,0.04885295267493382,0.7386489479512736,0.6577611901947685,0.7044585987261146,0.992818671454219,0.32947976878612717,553,114,232,4,0,334,1.0,0.8693244739756367,True,False,False,False
final_all_training,inner_development,sigmoid,0.0499004234863497,0.7397563676633444,0.6596906497317842,0.7053571428571429,0.992818671454219,0.33236994219653176,553,115,231,4,0,334,1.0,0.8682170542635659,True,False,False,False
final_all_training,inner_development,sigmoid,0.05062095876449064,0.7408637873754153,0.6616136057907885,0.7062579821200511,0.992818671454219,0.3352601156069364,553,116,230,4,0,334,1.0,0.867109634551495,True,False,False,False
final_all_training,inner_development,sigmoid,0.05126055496190126,0.7419712070874862,0.6635301041238548,0.7071611253196931,0.992818671454219,0.33815028901734107,553,117,229,4,0,334,1.0,0.8660022148394242,True,False,False,False
final_all_training,inner_development,sigmoid,0.054253395193198745,0.743078626799557,0.6654401901038672,0.708066581306018,0.992818671454219,0.34104046242774566,553,118,228,4,0,334,1.0,0.8648947951273532,True,False,False,False
final_all_training,inner_development,sigmoid,0.05425491686005984,0.7441860465116279,0.6673439087286083,0.708974358974359,0.992818671454219,0.3439306358381503,553,119,227,4,0,334,1.0,0.8637873754152824,True,False,False,False
final_all_training,inner_development,sigmoid,0.05445457022873044,0.7452934662236987,0.6692413046247929,0.7098844672657253,0.992818671454219,0.3468208092485549,553,120,226,4,0,334,1.0,0.8626799557032115,True,False,False,False
final_all_training,inner_development,sigmoid,0.05487119413342722,0.7464008859357697,0.6711324220520527,0.7107969151670951,0.992818671454219,0.34971098265895956,553,121,225,4,0,334,1.0,0.8615725359911407,True,False,False,False
final_all_training,inner_development,sigmoid,0.055337237550717906,0.7475083056478405,0.6730173049068686,0.7117117117117117,0.992818671454219,0.35260115606936415,553,122,224,4,0,334,1.0,0.8604651162790697,True,False,False,False
final_all_training,inner_development,sigmoid,0.05744717599684255,0.7486157253599114,0.6748959967264543,0.7126288659793815,0.992818671454219,0.3554913294797688,553,123,223,4,0,334,1.0,0.8593576965669989,True,False,False,False
final_all_training,inner_development,sigmoid,0.059711440761501304,0.7497231450719822,0.6767685406925914,0.7135483870967742,0.992818671454219,0.3583815028901734,553,124,222,4,0,334,1.0,0.858250276854928,True,False,False,False
final_all_training,inner_development,sigmoid,0.060143910559084975,0.7508305647840532,0.6786349796354145,0.7144702842377261,0.992818671454219,0.36127167630057805,553,125,221,4,0,334,1.0,0.8571428571428571,True,False,False,False
final_all_training,inner_development,sigmoid,0.06071051105707764,0.751937984496124,0.6804953560371517,0.7153945666235446,0.992818671454219,0.36416184971098264,553,126,220,4,0,334,1.0,0.8560354374307863,True,False,False,False
final_all_training,inner_development,sigmoid,0.0607207172673193,0.7530454042081949,0.6823497120358145,0.716321243523316,0.992818671454219,0.3670520231213873,553,127,219,4,0,334,1.0,0.8549280177187154,True,False,False,False
final_all_training,inner_development,sigmoid,0.06214082265186969,0.751937984496124,0.6813530271714473,0.7159533073929961,0.9910233393177738,0.3670520231213873,552,127,219,5,0,334,1.0,0.8538205980066446,True,False,False,False
final_all_training,inner_development,sigmoid,0.06372249151510596,0.7530454042081949,0.6831992675018446,0.7168831168831169,0.9910233393177738,0.3699421965317919,552,128,218,5,0,334,1.0,0.8527131782945736,True,False,False,False
final_all_training,inner_development,sigmoid,0.0685805481135975,0.7541528239202658,0.685039592760181,0.717815344603381,0.9910233393177738,0.37283236994219654,552,129,217,5,0,334,1.0,0.8516057585825028,True,False,False,False
final_all_training,inner_development,sigmoid,0.06869738068077051,0.7552602436323367,0.6868740438551759,0.71875,0.9910233393177738,0.37572254335260113,552,130,216,5,0,334,1.0,0.8504983388704319,True,False,False,False
final_all_training,inner_development,sigmoid,0.06902668649490513,0.7563676633444075,0.6887026613681664,0.7196870925684485,0.9910233393177738,0.3786127167630058,552,131,215,5,0,334,1.0,0.8493909191583611,True,False,False,False
final_all_training,inner_development,sigmoid,0.06956580451517097,0.7574750830564784,0.6905254855565415,0.720626631853786,0.9910233393177738,0.3815028901734104,552,132,214,5,0,334,1.0,0.8482834994462901,True,False,False,False
final_all_training,inner_development,sigmoid,0.06961677244533981,0.7585825027685493,0.6923425563571348,0.7215686274509804,0.9910233393177738,0.38439306358381503,552,133,213,5,0,334,1.0,0.8471760797342193,True,False,False,False
final_all_training,inner_development,sigmoid,0.07124912717859176,0.7574750830564784,0.6913350554484654,0.7212041884816754,0.9892280071813285,0.38439306358381503,551,133,213,6,1,334,0.9970059880239521,0.8460686600221484,True,False,False,False
final_all_training,inner_development,sigmoid,0.07280126244893202,0.7585825027685493,0.6931444070332959,0.7221494102228048,0.9892280071813285,0.3872832369942196,551,134,212,6,1,334,0.9970059880239521,0.8449612403100775,True,False,False,False
final_all_training,inner_development,sigmoid,0.07285131406717753,0.7596899224806202,0.6949481048582322,0.7230971128608924,0.9892280071813285,0.3901734104046243,551,135,211,6,1,334,0.9970059880239521,0.8438538205980066,True,False,False,False
final_all_training,inner_development,sigmoid,0.07294474383114369,0.760797342192691,0.6967461877161123,0.7240473061760841,0.9892280071813285,0.3930635838150289,551,136,210,6,1,334,0.9970059880239521,0.8427464008859358,True,False,False,False
final_all_training,inner_development,sigmoid,0.07413664888984729,0.7619047619047619,0.6985386940946844,0.725,0.9892280071813285,0.3959537572254335,551,137,209,6,1,334,0.9970059880239521,0.8416389811738649,True,False,False,False
final_all_training,inner_development,sigmoid,0.07887657728014331,0.7630121816168328,0.7003256621797656,0.7259552042160737,0.9892280071813285,0.3988439306358382,551,138,208,6,1,334,0.9970059880239521,0.840531561461794,True,False,False,False
final_all_training,inner_development,sigmoid,0.0810120707327526,0.7641196013289037,0.7021071298583631,0.7269129287598944,0.9892280071813285,0.40173410404624277,551,139,207,6,1,334,0.9970059880239521,0.8394241417497231,True,False,False,False
final_all_training,inner_development,sigmoid,0.08183123934623837,0.7652270210409745,0.7038831347217582,0.7278731836195509,0.9892280071813285,0.4046242774566474,551,140,206,6,1,334,0.9970059880239521,0.8383167220376523,True,False,False,False
final_all_training,inner_development,sigmoid,0.08203044630037984,0.7663344407530454,0.7056537140685515,0.7288359788359788,0.9892280071813285,0.407514450867052,551,141,205,6,1,334,0.9970059880239521,0.8372093023255814,True,False,False,False
final_all_training,inner_development,sigmoid,0.08497345602345896,0.7674418604651163,0.7074189049076726,0.7298013245033113,0.9892280071813285,0.41040462427745666,551,142,204,6,1,334,0.9970059880239521,0.8361018826135105,True,False,False,False
final_all_training,inner_development,sigmoid,0.08512504336854387,0.7685492801771872,0.7091787439613526,0.7307692307692307,0.9892280071813285,0.41329479768786126,551,143,203,6,1,334,0.9970059880239521,0.8349944629014396,True,False,False,False
final_all_training,inner_development,sigmoid,0.08903404277265065,0.769656699889258,0.7109332676680621,0.7317397078353254,0.9892280071813285,0.4161849710982659,551,144,202,6,1,334,0.9970059880239521,0.8338870431893688,True,False,False,False
final_all_training,inner_development,sigmoid,0.0913070013814165,0.770764119601329,0.7126825121854119,0.7327127659574468,0.9892280071813285,0.4190751445086705,551,145,201,6,1,334,0.9970059880239521,0.832779623477298,True,False,False,False
final_all_training,inner_development,sigmoid,0.09141991743380358,0.7718715393133998,0.7144265133930217,0.7336884154460719,0.9892280071813285,0.42196531791907516,551,146,200,6,1,334,0.9970059880239521,0.831672203765227,True,False,False,False
final_all_training,inner_development,sigmoid,0.09142906505954056,0.7729789590254706,0.7161653068953515,0.7346666666666667,0.9892280071813285,0.42485549132947975,551,147,199,6,1,334,0.9970059880239521,0.8305647840531561,True,False,False,False
final_all_training,inner_development,sigmoid,0.09247418299283573,0.7740863787375415,0.7178989280245023,0.7356475300400535,0.9892280071813285,0.4277456647398844,551,148,198,6,1,334,0.9970059880239521,0.8294573643410853,True,False,False,False
final_all_training,inner_development,sigmoid,0.09252615887738715,0.7751937984496124,0.7196274118429806,0.7366310160427807,0.9892280071813285,0.430635838150289,551,149,197,6,1,334,0.9970059880239521,0.8283499446290143,True,False,False,False
final_all_training,inner_development,sigmoid,0.09296541131141402,0.7763012181616833,0.7213507931464327,0.7376171352074966,0.9892280071813285,0.43352601156069365,551,150,196,6,1,334,0.9970059880239521,0.8272425249169435,True,False,False,False
final_all_training,inner_development,sigmoid,0.0942898241381653,0.7774086378737541,0.7230691064663439,0.7386058981233244,0.9892280071813285,0.43641618497109824,551,151,195,6,1,334,0.9970059880239521,0.8261351052048727,True,False,False,False
final_all_training,inner_development,sigmoid,0.09791663953781748,0.778516057585825,0.7247823860727086,0.7395973154362416,0.9892280071813285,0.4393063583815029,551,152,194,6,1,334,0.9970059880239521,0.8250276854928018,True,False,False,False
final_all_training,inner_development,sigmoid,0.09908377230866712,0.7796234772978959,0.7264906659766668,0.7405913978494624,0.9892280071813285,0.4421965317919075,551,153,193,6,1,334,0.9970059880239521,0.8239202657807309,True,False,False,False
final_all_training,inner_development,sigmoid,0.10018923878166805,0.7807308970099668,0.7281939799331104,0.7415881561238223,0.9892280071813285,0.44508670520231214,551,154,192,6,1,334,0.9970059880239521,0.82281284606866,True,False,False,False
final_all_training,inner_development,sigmoid,0.1019519231044319,0.7818383167220376,0.7298923614432586,0.7425876010781671,0.9892280071813285,0.4479768786127168,551,155,191,6,1,334,0.9970059880239521,0.8217054263565892,True,False,False,False
final_all_training,inner_development,sigmoid,0.10439314474027754,0.7829457364341085,0.7315858437572037,0.7435897435897436,0.9892280071813285,0.4508670520231214,551,156,190,6,1,334,0.9970059880239521,0.8205980066445183,True,False,False,False
final_all_training,inner_development,sigmoid,0.10675777709574305,0.7840531561461794,0.7332744598764264,0.7445945945945946,0.9892280071813285,0.45375722543352603,551,157,189,6,1,334,0.9970059880239521,0.8194905869324474,True,False,False,False
final_all_training,inner_development,sigmoid,0.10706045031234573,0.7851605758582503,0.7349582425562817,0.7456021650879567,0.9892280071813285,0.45664739884393063,551,158,188,6,1,334,0.9970059880239521,0.8183831672203765,True,False,False,False
final_all_training,inner_development,sigmoid,0.10798020961533426,0.7862679955703211,0.7366372243084571,0.7466124661246613,0.9892280071813285,0.4595375722543353,551,159,187,6,1,334,0.9970059880239521,0.8172757475083057,True,False,False,False
final_all_training,inner_development,sigmoid,0.10878088500201769,0.7873754152823921,0.7383114374034003,0.7476255088195387,0.9892280071813285,0.4624277456647399,551,160,186,6,1,334,0.9970059880239521,0.8161683277962348,True,False,False,False
final_all_training,inner_development,sigmoid,0.10946968795716165,0.7862679955703211,0.7372582009289788,0.7472826086956522,0.9874326750448833,0.4624277456647399,550,160,186,7,1,334,0.9970059880239521,0.8150609080841639,True,False,False,False
final_all_training,inner_development,sigmoid,0.10995306603902395,0.7873754152823921,0.7389261664116804,0.7482993197278912,0.9874326750448833,0.4653179190751445,550,161,185,7,1,334,0.9970059880239521,0.813953488372093,True,False,False,False
final_all_training,inner_development,sigmoid,0.11009906017242133,0.7884828349944629,0.7405894429696254,0.7493188010899182,0.9874326750448833,0.4682080924855491,550,162,184,7,1,334,0.9970059880239521,0.8128460686600222,True,False,False,False
final_all_training,inner_development,sigmoid,0.11069181804329507,0.7895902547065338,0.7422480620155039,0.7503410641200545,0.9874326750448833,0.47109826589595377,550,163,183,7,1,334,0.9970059880239521,0.8117386489479512,True,False,False,False
final_all_training,inner_development,sigmoid,0.11121241914011834,0.7906976744186046,0.7439020547318254,0.7513661202185792,0.9874326750448833,0.47398843930635837,550,164,182,7,1,334,0.9970059880239521,0.8106312292358804,True,False,False,False
final_all_training,inner_development,sigmoid,0.11273432449942335,0.7918050941306756,0.7455514520731912,0.7523939808481532,0.9874326750448833,0.476878612716763,550,165,181,7,1,334,0.9970059880239521,0.8095238095238095,True,False,False,False
final_all_training,inner_development,sigmoid,0.1145226450947764,0.7929125138427464,0.7471962847685392,0.7534246575342466,0.9874326750448833,0.4797687861271676,550,166,180,7,1,334,0.9970059880239521,0.8084163898117387,True,False,False,False
final_all_training,inner_development,sigmoid,0.11539658521222972,0.7940199335548173,0.7488365833233641,0.7544581618655692,0.9874326750448833,0.48265895953757226,550,167,179,7,1,334,0.9970059880239521,0.8073089700996677,True,False,False,False
final_all_training,inner_development,sigmoid,0.11687352492076558,0.7951273532668881,0.7504723780219124,0.7554945054945055,0.9874326750448833,0.48554913294797686,550,168,178,7,1,334,0.9970059880239521,0.8062015503875969,True,False,False,False
final_all_training,inner_development,sigmoid,0.11704061159211662,0.7962347729789591,0.7521036989293515,0.7565337001375516,0.9874326750448833,0.4884393063583815,550,169,177,7,1,334,0.9970059880239521,0.805094130675526,True,False,False,False
final_all_training,inner_development,sigmoid,0.11893600962741101,0.7973421926910299,0.753730575893915,0.7575757575757576,0.9874326750448833,0.4913294797687861,550,170,176,7,1,334,0.9970059880239521,0.8039867109634552,True,False,False,False
final_all_training,inner_development,sigmoid,0.11896084176339307,0.7984496124031008,0.7553530385490229,0.7586206896551724,0.9874326750448833,0.49421965317919075,550,171,175,7,1,334,0.9970059880239521,0.8028792912513842,True,False,False,False
final_all_training,inner_development,sigmoid,0.11992426715506066,0.7995570321151716,0.7569711163153786,0.7596685082872928,0.9874326750448833,0.49710982658959535,550,172,174,7,1,334,0.9970059880239521,0.8017718715393134,True,False,False,False
final_all_training,inner_development,sigmoid,0.12077517780254718,0.8006644518272426,0.7585848384030418,0.7607192254495159,0.9874326750448833,0.5,550,173,173,7,1,334,0.9970059880239521,0.8006644518272426,True,False,False,False
final_all_training,inner_development,sigmoid,0.12095756871514869,0.8017718715393134,0.760194233813478,0.7617728531855956,0.9874326750448833,0.5028901734104047,550,174,172,7,1,334,0.9970059880239521,0.7995570321151716,True,False,False,False
final_all_training,inner_development,sigmoid,0.12140234167608624,0.8028792912513842,0.7617993313415848,0.7628294036061026,0.9874326750448833,0.5057803468208093,550,175,171,7,1,334,0.9970059880239521,0.7984496124031008,True,False,False,False
final_all_training,inner_development,sigmoid,0.12144488131472825,0.8017718715393134,0.7607267150531506,0.7625,0.9856373429084381,0.5057803468208093,549,175,171,8,1,334,0.9970059880239521,0.7973421926910299,True,False,False,False
final_all_training,inner_development,sigmoid,0.12192625390664451,0.8028792912513842,0.7623262553971728,0.7635605006954103,0.9856373429084381,0.5086705202312138,549,176,170,8,1,334,0.9970059880239521,0.7962347729789591,True,False,False,False
final_all_training,inner_development,sigmoid,0.1335122826598945,0.8039867109634552,0.763921568627451,0.7646239554317549,0.9856373429084381,0.5115606936416185,549,177,169,8,1,334,0.9970059880239521,0.7951273532668881,True,False,False,False
final_all_training,inner_development,sigmoid,0.13359785812509706,0.805094130675526,0.7655126828059159,0.7656903765690377,0.9856373429084381,0.5144508670520231,549,178,168,8,1,334,0.9970059880239521,0.7940199335548173,True,False,False,False
final_all_training,inner_development,sigmoid,0.13524780955873175,0.8039867109634552,0.764437907234834,0.7653631284916201,0.9838420107719928,0.5144508670520231,548,178,168,9,1,334,0.9970059880239521,0.7929125138427464,True,False,False,False
final_all_training,inner_development,sigmoid,0.13527775396489333,0.805094130675526,0.7660236025722564,0.7664335664335664,0.9838420107719928,0.5173410404624278,548,179,167,9,1,334,0.9970059880239521,0.7918050941306756,True,False,False,False
final_all_training,inner_development,sigmoid,0.13563703111063347,0.8062015503875969,0.7676051677610536,0.7675070028011205,0.9838420107719928,0.5202312138728323,548,180,166,9,1,334,0.9970059880239521,0.7906976744186046,True,False,False,False
final_all_training,inner_development,sigmoid,0.136350420966199,0.8073089700996677,0.7691826301563052,0.7685834502103787,0.9838420107719928,0.523121387283237,548,181,165,9,1,334,0.9970059880239521,0.7895902547065338,True,False,False,False
final_all_training,inner_development,sigmoid,0.13970094714826573,0.8084163898117387,0.7707560169226637,0.7696629213483146,0.9838420107719928,0.5260115606936416,548,182,164,9,1,334,0.9970059880239521,0.7884828349944629,True,False,False,False
final_all_training,inner_development,sigmoid,0.14084745030385803,0.8095238095238095,0.7723253550361779,0.770745428973277,0.9838420107719928,0.5289017341040463,548,183,163,9,1,334,0.9970059880239521,0.7873754152823921,True,False,False,False
final_all_training,inner_development,sigmoid,0.1422948506753386,0.8106312292358804,0.7738906712860936,0.7718309859154929,0.9838420107719928,0.5317919075144508,548,184,162,9,1,334,0.9970059880239521,0.7862679955703211,True,False,False,False
final_all_training,inner_development,sigmoid,0.14361424201781336,0.8117386489479512,0.7754519922766369,0.7729196050775741,0.9838420107719928,0.5346820809248555,548,185,161,9,1,334,0.9970059880239521,0.7851605758582503,True,False,False,False
final_all_training,inner_development,sigmoid,0.1460227931807608,0.8128460686600222,0.7770093444287771,0.7740112994350282,0.9838420107719928,0.5375722543352601,548,186,160,9,1,334,0.9970059880239521,0.7840531561461794,True,False,False,False
final_all_training,inner_development,sigmoid,0.14992315207063198,0.813953488372093,0.7785627539819702,0.7751060820367751,0.9838420107719928,0.5404624277456648,548,187,159,9,1,334,0.9970059880239521,0.7829457364341085,True,False,False,False
final_all_training,inner_development,sigmoid,0.15050530341677207,0.8150609080841639,0.7801122469958837,0.7762039660056658,0.9838420107719928,0.5433526011560693,548,188,158,9,1,334,0.9970059880239521,0.7818383167220376,True,False,False,False
final_all_training,inner_development,sigmoid,0.150904232771898,0.8161683277962348,0.7816578493521021,0.7773049645390071,0.9838420107719928,0.546242774566474,548,189,157,9,1,334,0.9970059880239521,0.7807308970099668,True,False,False,False
final_all_training,inner_development,sigmoid,0.15174994857501264,0.8172757475083057,0.7831995867558149,0.7784090909090909,0.9838420107719928,0.5491329479768786,548,190,156,9,1,334,0.9970059880239521,0.7796234772978959,True,False,False,False
final_all_training,inner_development,sigmoid,0.1563324612345474,0.8183831672203765,0.7847374847374847,0.7795163584637269,0.9838420107719928,0.5520231213872833,548,191,155,9,1,334,0.9970059880239521,0.778516057585825,True,False,False,False
final_all_training,inner_development,sigmoid,0.1608287170152093,0.8194905869324474,0.7862715686544992,0.7806267806267806,0.9838420107719928,0.5549132947976878,548,192,154,9,1,334,0.9970059880239521,0.7774086378737541,True,False,False,False
final_all_training,inner_development,sigmoid,0.16102770356919444,0.8205980066445183,0.7878018636928039,0.7817403708987162,0.9838420107719928,0.5578034682080925,548,193,153,9,1,334,0.9970059880239521,0.7763012181616833,True,False,False,False
final_all_training,inner_development,sigmoid,0.16265206392781226,0.8217054263565892,0.7893283948685177,0.7828571428571428,0.9838420107719928,0.5606936416184971,548,194,152,9,1,334,0.9970059880239521,0.7751937984496124,True,False,False,False
final_all_training,inner_development,sigmoid,0.16329811497006377,0.82281284606866,0.7908511870295309,0.7839771101573677,0.9838420107719928,0.5635838150289018,548,195,151,9,1,334,0.9970059880239521,0.7740863787375415,True,False,False,False
final_all_training,inner_development,sigmoid,0.16334274857059738,0.8239202657807309,0.7923702648570872,0.7851002865329513,0.9838420107719928,0.5664739884393064,548,196,150,9,1,334,0.9970059880239521,0.7729789590254706,True,False,False,False
final_all_training,inner_development,sigmoid,0.16715485041350522,0.8250276854928018,0.7938856528673461,0.7862266857962698,0.9838420107719928,0.569364161849711,548,197,149,9,1,334,0.9970059880239521,0.7718715393133998,True,False,False,False
final_all_training,inner_development,sigmoid,0.1772379059609574,0.8261351052048727,0.795397375412933,0.7873563218390804,0.9838420107719928,0.5722543352601156,548,198,148,9,1,334,0.9970059880239521,0.770764119601329,True,False,False,False
final_all_training,inner_development,sigmoid,0.17818115663535386,0.8272425249169435,0.7969054566844673,0.7884892086330936,0.9838420107719928,0.5751445086705202,548,199,147,9,1,334,0.9970059880239521,0.769656699889258,True,False,False,False
final_all_training,inner_development,sigmoid,0.178574830523754,0.8283499446290143,0.798409920712079,0.7896253602305475,0.9838420107719928,0.5780346820809249,548,200,146,9,1,334,0.9970059880239521,0.7685492801771872,True,False,False,False
final_all_training,inner_development,sigmoid,0.17978558075571047,0.8294573643410853,0.7999107913669065,0.7907647907647908,0.9838420107719928,0.5809248554913294,548,201,145,9,1,334,0.9970059880239521,0.7674418604651163,True,False,False,False
final_all_training,inner_development,sigmoid,0.18105020947016692,0.8305647840531561,0.8014080923625795,0.791907514450867,0.9838420107719928,0.5838150289017341,548,202,144,9,1,334,0.9970059880239521,0.7663344407530454,True,False,False,False
final_all_training,inner_development,sigmoid,0.18758128397350574,0.831672203765227,0.802901847256686,0.7930535455861071,0.9838420107719928,0.5867052023121387,548,203,143,9,1,334,0.9970059880239521,0.7652270210409745,True,False,False,False
final_all_training,inner_development,sigmoid,0.1884440884087929,0.832779623477298,0.8043920794522238,0.7942028985507247,0.9838420107719928,0.5895953757225434,548,204,142,9,1,334,0.9970059880239521,0.7641196013289037,True,False,False,False
final_all_training,inner_development,sigmoid,0.18847122460092663,0.8338870431893688,0.8058788121990369,0.795355587808418,0.9838420107719928,0.5924855491329479,548,205,141,9,1,334,0.9970059880239521,0.7630121816168328,True,False,False,False
final_all_training,inner_development,sigmoid,0.1893487984723174,0.8349944629014396,0.8073620685952365,0.7965116279069767,0.9838420107719928,0.5953757225433526,548,206,140,9,1,334,0.9970059880239521,0.7619047619047619,True,False,False,False
final_all_training,inner_development,sigmoid,0.19230276920530467,0.8361018826135105,0.8088418715886074,0.7976710334788938,0.9838420107719928,0.5982658959537572,548,207,139,9,1,334,0.9970059880239521,0.760797342192691,True,False,False,False
final_all_training,inner_development,sigmoid,0.1928043875824336,0.8372093023255814,0.8103182439779997,0.7988338192419825,0.9838420107719928,0.6011560693641619,548,208,138,9,1,334,0.9970059880239521,0.7596899224806202,True,False,False,False
final_all_training,inner_development,sigmoid,0.193389431047193,0.8383167220376523,0.8117912084147052,0.8,0.9838420107719928,0.6040462427745664,548,209,137,9,1,334,0.9970059880239521,0.7585825027685493,True,False,False,False
final_all_training,inner_development,sigmoid,0.1976143548715006,0.8394241417497231,0.8132607874038208,0.8011695906432749,0.9838420107719928,0.6069364161849711,548,210,136,9,1,334,0.9970059880239521,0.7574750830564784,True,False,False,False
final_all_training,inner_development,sigmoid,0.19792022080092786,0.840531561461794,0.8147270033055967,0.8023426061493412,0.9838420107719928,0.6098265895953757,548,211,135,9,1,334,0.9970059880239521,0.7563676633444075,True,False,False,False
final_all_training,inner_development,sigmoid,0.19988844987474438,0.8416389811738649,0.8161898783367709,0.8035190615835777,0.9838420107719928,0.6127167630057804,548,212,134,9,1,334,0.9970059880239521,0.7552602436323367,True,False,False,False
final_all_training,inner_development,sigmoid,0.20063369157928101,0.8427464008859358,0.8176494345718901,0.8046989720998532,0.9838420107719928,0.615606936416185,548,213,133,9,1,334,0.9970059880239521,0.7541528239202658,True,False,False,False
final_all_training,inner_development,sigmoid,0.20118926910055748,0.8438538205980066,0.8191056939446163,0.8058823529411765,0.9838420107719928,0.6184971098265896,548,214,132,9,1,334,0.9970059880239521,0.7530454042081949,True,False,False,False
final_all_training,inner_development,sigmoid,0.2028010425760213,0.8449612403100775,0.8205586782490206,0.8070692194403535,0.9838420107719928,0.6213872832369942,548,215,131,9,1,334,0.9970059880239521,0.751937984496124,True,False,False,False
final_all_training,inner_development,sigmoid,0.2049414624313018,0.8460686600221484,0.8220084091408637,0.8082595870206489,0.9838420107719928,0.6242774566473989,548,216,130,9,1,334,0.9970059880239521,0.7508305647840532,True,False,False,False
final_all_training,inner_development,sigmoid,0.20902412026585668,0.8471760797342193,0.8234549081388627,0.8094534711964549,0.9838420107719928,0.6271676300578035,548,217,129,9,1,334,0.9970059880239521,0.7497231450719822,True,False,False,False
final_all_training,inner_development,sigmoid,0.21022048571120297,0.8482834994462901,0.8248981966259452,0.8106508875739645,0.9838420107719928,0.630057803468208,548,218,128,9,1,334,0.9970059880239521,0.7486157253599114,True,False,False,False
final_all_training,inner_development,sigmoid,0.21131487476635977,0.8493909191583611,0.826338295850491,0.8118518518518518,0.9838420107719928,0.6329479768786127,548,219,127,9,1,334,0.9970059880239521,0.7475083056478405,True,False,False,False
final_all_training,inner_development,sigmoid,0.2149758035325249,0.8504983388704319,0.8277752269275598,0.8130563798219584,0.9838420107719928,0.6358381502890174,548,220,126,9,1,334,0.9970059880239521,0.7464008859357697,True,False,False,False
final_all_training,inner_development,sigmoid,0.2156665305900845,0.8516057585825028,0.8292090108401085,0.8142644873699851,0.9838420107719928,0.638728323699422,548,221,125,9,1,334,0.9970059880239521,0.7452934662236987,True,False,False,False
final_all_training,inner_development,sigmoid,0.21884480351617167,0.8527131782945736,0.8306396684401938,0.8154761904761905,0.9838420107719928,0.6416184971098265,548,222,124,9,1,334,0.9970059880239521,0.7441860465116279,True,False,False,False
final_all_training,inner_development,sigmoid,0.21938347323681717,0.8516057585825028,0.8295227843963797,0.8152011922503726,0.9820466786355476,0.6416184971098265,547,222,124,10,1,334,0.9970059880239521,0.743078626799557,True,False,False,False
final_all_training,inner_development,sigmoid,0.2211365250582359,0.8527131782945736,0.8309495758220691,0.8164179104477612,0.9820466786355476,0.6445086705202312,547,223,123,10,1,334,0.9970059880239521,0.7419712070874862,True,False,False,False
final_all_training,inner_development,sigmoid,0.221528843404399,0.8516057585825028,0.8298334927153063,0.8161434977578476,0.9802513464991023,0.6445086705202312,546,223,123,11,1,334,0.9970059880239521,0.7408637873754153,True,False,False,False
final_all_training,inner_development,sigmoid,0.22240461330774614,0.8527131782945736,0.8312564543889845,0.8173652694610778,0.9802513464991023,0.6473988439306358,546,224,122,11,1,334,0.9970059880239521,0.7397563676633444,True,False,False,False
final_all_training,inner_development,sigmoid,0.22249015421544477,0.8538205980066446,0.832676369516879,0.8185907046476761,0.9802513464991023,0.6502890173410405,546,225,121,11,1,334,0.9970059880239521,0.7386489479512736,True,False,False,False
final_all_training,inner_development,sigmoid,0.22468571846878344,0.8549280177187154,0.8340932582898672,0.8198198198198198,0.9802513464991023,0.653179190751445,546,226,120,11,1,334,0.9970059880239521,0.7375415282392026,True,False,False,False
final_all_training,inner_development,sigmoid,0.2270705498571973,0.8560354374307863,0.8355071407752841,0.8210526315789474,0.9802513464991023,0.6560693641618497,546,227,119,11,1,334,0.9970059880239521,0.7364341085271318,True,False,False,False
final_all_training,inner_development,sigmoid,0.2299219608706413,0.8571428571428571,0.8369180369180369,0.822289156626506,0.9802513464991023,0.6589595375722543,546,228,118,11,1,334,0.9970059880239521,0.7353266888150609,True,False,False,False
final_all_training,inner_development,sigmoid,0.23101314949272925,0.858250276854928,0.8383259665417109,0.8235294117647058,0.9802513464991023,0.661849710982659,546,229,117,11,1,334,0.9970059880239521,0.7342192691029901,True,False,False,False
final_all_training,inner_development,sigmoid,0.23210488916181587,0.8593576965669989,0.8397309493496639,0.824773413897281,0.9802513464991023,0.6647398843930635,546,230,116,11,1,334,0.9970059880239521,0.7331118493909191,True,False,False,False
final_all_training,inner_development,sigmoid,0.23294744765400205,0.8604651162790697,0.8411330049261083,0.8260211800302572,0.9802513464991023,0.6676300578034682,546,231,115,11,1,334,0.9970059880239521,0.7320044296788483,True,False,False,False
final_all_training,inner_development,sigmoid,0.23691615052563456,0.8615725359911407,0.8425321527371853,0.8272727272727273,0.9802513464991023,0.6705202312138728,546,232,114,11,1,334,0.9970059880239521,0.7308970099667774,True,False,False,False
final_all_training,inner_development,sigmoid,0.23905435044530507,0.8626799557032115,0.843928412132025,0.8285280728376327,0.9802513464991023,0.6734104046242775,546,233,113,11,1,334,0.9970059880239521,0.7297895902547066,True,False,False,False
final_all_training,inner_development,sigmoid,0.24048238230956684,0.8637873754152824,0.845321802343799,0.8297872340425532,0.9802513464991023,0.6763005780346821,546,234,112,11,1,334,0.9970059880239521,0.7286821705426356,True,False,False,True
final_all_training,inner_development,sigmoid,0.24402854720332348,0.8626799557032115,0.8441994300725767,0.8295281582952816,0.9784560143626571,0.6763005780346821,545,234,112,12,1,334,0.9970059880239521,0.7275747508305648,False,False,False,False
final_all_training,inner_development,sigmoid,0.24503315053105953,0.8637873754152824,0.8455893086281417,0.8307926829268293,0.9784560143626571,0.6791907514450867,545,235,111,12,1,334,0.9970059880239521,0.7264673311184939,False,False,False,False
final_all_training,inner_development,sigmoid,0.25085240620518934,0.8626799557032115,0.8444677801113445,0.8305343511450382,0.9766606822262118,0.6791907514450867,544,235,111,13,1,334,0.9970059880239521,0.7253599114064231,False,False,False,False
final_all_training,inner_development,sigmoid,0.25545657597082133,0.8637873754152824,0.8458541798222179,0.8318042813455657,0.9766606822262118,0.6820809248554913,544,236,110,13,1,334,0.9970059880239521,0.7242524916943521,False,False,False,False
final_all_training,inner_development,sigmoid,0.2577952507303628,0.8648947951273532,0.8472377835709135,0.8330781010719756,0.9766606822262118,0.684971098265896,544,237,109,13,1,334,0.9970059880239521,0.7231450719822813,False,False,False,False
final_all_training,inner_development,sigmoid,0.26070835966881867,0.8660022148394242,0.8486186100061931,0.8343558282208589,0.9766606822262118,0.6878612716763006,544,238,108,13,1,334,0.9970059880239521,0.7220376522702104,False,False,False,False
final_all_training,inner_development,sigmoid,0.2610046164204505,0.8648947951273532,0.8474966222950675,0.8341013824884793,0.9748653500897666,0.6878612716763006,543,238,108,14,2,334,0.9940119760479041,0.7209302325581395,False,False,False,False
final_all_training,inner_development,sigmoid,0.2656162940073429,0.8660022148394242,0.8488740554887807,0.8353846153846154,0.9748653500897666,0.6907514450867052,543,239,107,14,2,334,0.9940119760479041,0.7198228128460686,False,False,False,False
final_all_training,inner_development,sigmoid,0.26782624950932804,0.867109634551495,0.8502487562189055,0.8366718027734977,0.9748653500897666,0.6936416184971098,543,240,106,14,2,334,0.9940119760479041,0.7187153931339978,False,False,False,False
final_all_training,inner_development,sigmoid,0.2716431347965163,0.8682170542635659,0.8516207427454934,0.8379629629629629,0.9748653500897666,0.6965317919075145,543,241,105,14,2,334,0.9940119760479041,0.717607973421927,False,False,False,False
final_all_training,inner_development,sigmoid,0.27590274047354546,0.8693244739756367,0.8529900332225914,0.839258114374034,0.9748653500897666,0.6994219653179191,543,242,104,14,2,334,0.9940119760479041,0.716500553709856,False,False,False,False
final_all_training,inner_development,sigmoid,0.2762544868718849,0.8682170542635659,0.8518670157111368,0.8390092879256966,0.9730700179533214,0.6994219653179191,542,242,104,15,2,334,0.9940119760479041,0.7153931339977851,False,False,False,False
final_all_training,inner_development,sigmoid,0.2777450356415352,0.8693244739756367,0.8532330222256503,0.8403100775193798,0.9730700179533214,0.7023121387283237,542,243,103,15,2,334,0.9940119760479041,0.7142857142857143,False,False,False,False
final_all_training,inner_development,sigmoid,0.28009494335242,0.8682170542635659,0.8521108442688943,0.8400621118012422,0.9712746858168761,0.7023121387283237,541,243,103,16,3,334,0.9910179640718563,0.7131782945736435,False,False,False,False
final_all_training,inner_development,sigmoid,0.2802395981480913,0.8693244739756367,0.8534735973597359,0.8413685847589425,0.9712746858168761,0.7052023121387283,541,244,102,16,3,334,0.9910179640718563,0.7120708748615725,False,False,False,False
final_all_training,inner_development,sigmoid,0.28910363040397485,0.8682170542635659,0.852352248510222,0.8411214953271028,0.9694793536804309,0.7052023121387283,540,244,102,17,3,334,0.9910179640718563,0.7109634551495017,False,False,False,False
final_all_training,inner_development,sigmoid,0.2928871653392763,0.8693244739756367,0.8537117784026008,0.8424336973478939,0.9694793536804309,0.708092485549133,540,245,101,17,3,334,0.9910179640718563,0.7098560354374308,False,False,False,False
final_all_training,inner_development,sigmoid,0.29492341661607213,0.8704318936877077,0.8550687062483795,0.84375,0.9694793536804309,0.7109826589595376,540,246,100,17,3,334,0.9910179640718563,0.70874861572536,False,False,False,False
final_all_training,inner_development,sigmoid,0.2967514986627569,0.8715393133997785,0.8564230495092933,0.8450704225352113,0.9694793536804309,0.7138728323699421,540,247,99,17,3,334,0.9910179640718563,0.707641196013289,False,False,False,False
final_all_training,inner_development,sigmoid,0.2995931041332215,0.8726467331118494,0.8577748255483499,0.8463949843260188,0.9694793536804309,0.7167630057803468,540,248,98,17,3,334,0.9910179640718563,0.7065337763012182,False,False,False,False
final_all_training,inner_development,sigmoid,0.3005711917002559,0.8715393133997785,0.8566525437645744,0.8461538461538461,0.9676840215439856,0.7167630057803468,539,248,98,18,3,334,0.9910179640718563,0.7054263565891473,False,False,False,False
final_all_training,inner_development,sigmoid,0.30168854685562263,0.8726467331118494,0.8580012005868929,0.8474842767295597,0.9676840215439856,0.7196531791907514,539,249,97,18,3,334,0.9910179640718563,0.7043189368770764,False,False,False,False
final_all_training,inner_development,sigmoid,0.30397689945054673,0.8715393133997785,0.8568797411625823,0.8472440944881889,0.9658886894075404,0.7196531791907514,538,249,97,19,3,334,0.9910179640718563,0.7032115171650055,False,False,False,False
final_all_training,inner_development,sigmoid,0.30802761496139885,0.8704318936877077,0.855759660871168,0.8470031545741324,0.9640933572710951,0.7196531791907514,537,249,97,20,4,334,0.9880239520958084,0.7021040974529347,False,False,False,False
final_all_training,inner_development,sigmoid,0.3131558785160229,0.8715393133997785,0.8571046600458365,0.8483412322274881,0.9640933572710951,0.7225433526011561,537,250,96,20,4,334,0.9880239520958084,0.7009966777408638,False,False,False,False
final_all_training,inner_development,sigmoid,0.31319404633504444,0.8726467331118494,0.8584471649221047,0.8496835443037974,0.9640933572710951,0.7254335260115607,537,251,95,20,4,334,0.9880239520958084,0.6998892580287929,False,False,False,False
final_all_training,inner_development,sigmoid,0.31840271466088127,0.8737541528239202,0.8597871923114642,0.8510301109350238,0.9640933572710951,0.7283236994219653,537,252,94,20,4,334,0.9880239520958084,0.698781838316722,False,False,False,False
final_all_training,inner_development,sigmoid,0.32818752122312067,0.8748615725359912,0.8611247589325937,0.8523809523809524,0.9640933572710951,0.7312138728323699,537,253,93,20,4,334,0.9880239520958084,0.6976744186046512,False,False,False,False
final_all_training,inner_development,sigmoid,0.3310938109374783,0.8737541528239202,0.8600038078659631,0.8521462639109698,0.9622980251346499,0.7312138728323699,536,253,93,21,4,334,0.9880239520958084,0.6965669988925803,False,False,False,False
final_all_training,inner_development,sigmoid,0.3326448771981633,0.8748615725359912,0.8613383884710246,0.8535031847133758,0.9622980251346499,0.7341040462427746,536,254,92,21,4,334,0.9880239520958084,0.6954595791805094,False,False,False,False
final_all_training,inner_development,sigmoid,0.34152674962916335,0.8737541528239202,0.8602182367254715,0.8532695374800638,0.9605026929982047,0.7341040462427746,535,254,92,22,4,334,0.9880239520958084,0.6943521594684385,False,False,False,False
final_all_training,inner_development,sigmoid,0.34160196448347546,0.8748615725359912,0.8615498589569462,0.854632587859425,0.9605026929982047,0.7369942196531792,535,255,91,22,4,334,0.9880239520958084,0.6932447397563677,False,False,False,False
final_all_training,inner_development,sigmoid,0.3426174905258173,0.8737541528239202,0.8604304959000391,0.8544,0.9587073608617595,0.7369942196531792,534,255,91,23,4,334,0.9880239520958084,0.6921373200442967,False,False,False,False
final_all_training,inner_development,sigmoid,0.3429159274199284,0.8726467331118494,0.8593124470787468,0.8541666666666666,0.9569120287253142,0.7369942196531792,533,255,91,24,4,334,0.9880239520958084,0.6910299003322259,False,False,False,False
final_all_training,inner_development,sigmoid,0.3549866093727282,0.8737541528239202,0.8606406021551958,0.85553772070626,0.9569120287253142,0.7398843930635838,533,256,90,24,4,334,0.9880239520958084,0.689922480620155,False,False,False,False
final_all_training,inner_development,sigmoid,0.3566141001691818,0.8748615725359912,0.8619663894874823,0.8569131832797428,0.9569120287253142,0.7427745664739884,533,257,89,24,4,334,0.9880239520958084,0.6888150609080842,False,False,False,False
final_all_training,inner_development,sigmoid,0.3649113222609934,0.875968992248062,0.8632898251381484,0.8582930756843801,0.9569120287253142,0.7456647398843931,533,258,88,24,4,334,0.9880239520958084,0.6877076411960132,False,False,False,False
final_all_training,inner_development,sigmoid,0.3719594246819569,0.8748615725359912,0.8621714822924278,0.8580645161290322,0.9551166965888689,0.7456647398843931,532,258,88,25,4,334,0.9880239520958084,0.6866002214839424,False,False,False,False
final_all_training,inner_development,sigmoid,0.3734390783314209,0.875968992248062,0.8634920634920635,0.8594507269789984,0.9551166965888689,0.7485549132947977,532,259,87,25,4,334,0.9880239520958084,0.6854928017718716,False,False,False,False
final_all_training,inner_development,sigmoid,0.37362696626211905,0.8748615725359912,0.8623744815726473,0.8592233009708737,0.9533213644524237,0.7485549132947977,531,259,87,26,5,334,0.9850299401197605,0.6843853820598007,False,False,False,False
final_all_training,inner_development,sigmoid,0.3822461888258732,0.875968992248062,0.8636922347055399,0.8606158833063209,0.9533213644524237,0.7514450867052023,531,260,86,26,5,334,0.9850299401197605,0.6832779623477298,False,False,False,False
final_all_training,inner_development,sigmoid,0.382463852485027,0.8748615725359912,0.8625754031264268,0.8603896103896104,0.9515260323159784,0.7514450867052023,530,260,86,27,5,334,0.9850299401197605,0.6821705426356589,False,False,False,False
final_all_training,inner_development,sigmoid,0.38359495531702603,0.8737541528239202,0.8614598249372853,0.8601626016260162,0.9497307001795332,0.7514450867052023,529,260,86,28,5,334,0.9850299401197605,0.6810631229235881,False,False,False,False
final_all_training,inner_development,sigmoid,0.3874830900898033,0.8726467331118494,0.8603454884108743,0.8599348534201955,0.947935368043088,0.7514450867052023,528,260,86,29,5,334,0.9850299401197605,0.6799557032115172,False,False,False,False
final_all_training,inner_development,sigmoid,0.38998562822793786,0.8715393133997785,0.8592323818738914,0.8597063621533442,0.9461400359066428,0.7514450867052023,527,260,86,30,5,334,0.9850299401197605,0.6788482834994463,False,False,False,False
final_all_training,inner_development,sigmoid,0.3966497007591497,0.8704318936877077,0.8581204937064646,0.8594771241830066,0.9443447037701975,0.7514450867052023,526,260,86,31,5,334,0.9850299401197605,0.6777408637873754,False,False,False,False
final_all_training,inner_development,sigmoid,0.3984367896296133,0.8715393133997785,0.8594333748443338,0.8608837970540099,0.9443447037701975,0.7543352601156069,526,261,85,31,5,334,0.9850299401197605,0.6766334440753046,False,False,False,False
final_all_training,inner_development,sigmoid,0.39885424517545903,0.8704318936877077,0.858322169520982,0.860655737704918,0.9425493716337523,0.7543352601156069,525,261,85,32,5,334,0.9850299401197605,0.6755260243632336,False,False,False,False
final_all_training,inner_development,sigmoid,0.40160813590780065,0.8715393133997785,0.8596322898799313,0.8620689655172413,0.9425493716337523,0.7572254335260116,525,262,84,32,5,334,0.9850299401197605,0.6744186046511628,False,False,False,False
final_all_training,inner_development,sigmoid,0.40371418997617525,0.8726467331118494,0.8609401886805086,0.8634868421052632,0.9425493716337523,0.7601156069364162,525,263,83,32,5,334,0.9850299401197605,0.6733111849390919,False,False,False,False
final_all_training,inner_development,sigmoid,0.40976852849162493,0.8715393133997785,0.8598291421781161,0.8632619439868204,0.940754039497307,0.7601156069364162,524,263,83,33,6,334,0.9820359281437125,0.6722037652270211,False,False,False,False
final_all_training,inner_development,sigmoid,0.4100118595001241,0.8726467331118494,0.8611343270808456,0.8646864686468647,0.940754039497307,0.7630057803468208,524,264,82,33,6,334,0.9820359281437125,0.6710963455149501,False,False,False,False
final_all_training,inner_development,sigmoid,0.4131344128018228,0.8715393133997785,0.8600239467185512,0.8644628099173554,0.9389587073608617,0.7630057803468208,523,264,82,34,7,334,0.9790419161676647,0.6699889258028793,False,False,False,False
final_all_training,inner_development,sigmoid,0.4137192269306281,0.8704318936877077,0.8589147286821706,0.8642384105960265,0.9371633752244165,0.7630057803468208,522,264,82,35,8,334,0.9760479041916168,0.6688815060908084,False,False,False,False
final_all_training,inner_development,sigmoid,0.41624799965829706,0.8715393133997785,0.8602167182662539,0.8656716417910447,0.9371633752244165,0.7658959537572254,522,265,81,35,8,334,0.9760479041916168,0.6677740863787376,False,False,False,False
final_all_training,inner_development,sigmoid,0.4188178009058282,0.8704318936877077,0.8591081423120981,0.8654485049833887,0.9353680430879713,0.7658959537572254,521,265,81,36,8,334,0.9760479041916168,0.6666666666666666,False,False,False,False
final_all_training,inner_development,sigmoid,0.4194388521214575,0.8715393133997785,0.8604074713746561,0.8668885191347754,0.9353680430879713,0.7687861271676301,521,266,80,36,8,334,0.9760479041916168,0.6655592469545958,False,False,False,False
final_all_training,inner_development,sigmoid,0.42013867052864734,0.8704318936877077,0.8592995273627534,0.8666666666666667,0.933572710951526,0.7687861271676301,520,266,80,37,8,334,0.9760479041916168,0.6644518272425249,False,False,False,False
final_all_training,inner_development,sigmoid,0.4227975944528625,0.8715393133997785,0.860596220388608,0.8681135225375626,0.933572710951526,0.7716763005780347,520,267,79,37,8,334,0.9760479041916168,0.6633444075304541,False,False,False,False
final_all_training,inner_development,sigmoid,0.42813065741635714,0.8726467331118494,0.8618907973746683,0.8695652173913043,0.933572710951526,0.7745664739884393,520,268,78,37,8,334,0.9760479041916168,0.6622369878183831,False,False,False,False
final_all_training,inner_development,sigmoid,0.4287512411295902,0.8737541528239202,0.8631832729051259,0.8710217755443886,0.933572710951526,0.7774566473988439,520,269,77,37,8,334,0.9760479041916168,0.6611295681063123,False,False,False,False
final_all_training,inner_development,sigmoid,0.4316322592034765,0.8726467331118494,0.8620749652348425,0.8708053691275168,0.9317773788150808,0.7774566473988439,519,269,77,38,8,334,0.9760479041916168,0.6600221483942414,False,False,False,False
final_all_training,inner_development,sigmoid,0.431883438795031,0.8737541528239202,0.863364870030581,0.8722689075630252,0.9317773788150808,0.7803468208092486,519,270,76,38,8,334,0.9760479041916168,0.6589147286821705,False,False,False,False
final_all_training,inner_development,sigmoid,0.4345083560256994,0.8748615725359912,0.8646527082324695,0.8737373737373737,0.9317773788150808,0.7832369942196532,519,271,75,38,8,334,0.9760479041916168,0.6578073089700996,False,False,True,False
final_all_training,inner_development,sigmoid,0.43504109015369824,0.8737541528239202,0.8635445387062566,0.8735244519392917,0.9299820466786356,0.7832369942196532,518,271,75,39,8,334,0.9760479041916168,0.6566998892580288,False,False,False,False
final_all_training,inner_development,sigmoid,0.4392019282241003,0.8726467331118494,0.8624374580238523,0.8733108108108109,0.9281867145421903,0.7832369942196532,517,271,75,40,8,334,0.9760479041916168,0.655592469545958,False,False,False,False
final_all_training,inner_development,sigmoid,0.4420547443118817,0.8715393133997785,0.8613314552598414,0.8730964467005076,0.926391382405745,0.7832369942196532,516,271,75,41,9,334,0.9730538922155688,0.654485049833887,False,False,False,False
final_all_training,inner_development,sigmoid,0.4446231130797983,0.8726467331118494,0.862615809798736,0.8745762711864407,0.926391382405745,0.7861271676300579,516,272,74,41,9,334,0.9730538922155688,0.6533776301218162,False,False,False,False
final_all_training,inner_development,sigmoid,0.4449529364615799,0.8715393133997785,0.861510391876884,0.8743633276740238,0.9245960502692998,0.7861271676300579,515,272,74,42,10,334,0.9700598802395209,0.6522702104097453,False,False,False,False
final_all_training,inner_development,sigmoid,0.4499341744075814,0.8704318936877077,0.8604060276542753,0.8741496598639455,0.9228007181328546,0.7861271676300579,514,272,74,43,11,334,0.9670658682634731,0.6511627906976745,False,False,False,False
final_all_training,inner_development,sigmoid,0.44999796794241753,0.8715393133997785,0.8616874062493398,0.8756388415672913,0.9228007181328546,0.7890173410404624,514,273,73,43,11,334,0.9670658682634731,0.6500553709856035,False,False,False,False
final_all_training,inner_development,sigmoid,0.45078618073766924,0.8726467331118494,0.862966789784761,0.8771331058020477,0.9228007181328546,0.791907514450867,514,274,72,43,11,334,0.9670658682634731,0.6489479512735327,False,False,False,False
final_all_training,inner_development,sigmoid,0.4510030548751266,0.8715393133997785,0.8618625113413374,0.8769230769230769,0.9210053859964094,0.791907514450867,513,274,72,44,12,334,0.9640718562874252,0.6478405315614618,False,False,False,False
final_all_training,inner_development,sigmoid,0.45564170952953637,0.8704318936877077,0.8607592601134739,0.8767123287671232,0.9192100538599641,0.791907514450867,512,274,72,45,12,334,0.9640718562874252,0.646733111849391,False,False,False,False
final_all_training,inner_development,sigmoid,0.4581323248013736,0.8715393133997785,0.8620357199304568,0.8782161234991424,0.9192100538599641,0.7947976878612717,512,275,71,45,12,334,0.9640718562874252,0.64562569213732,False,False,False,False
final_all_training,inner_development,sigmoid,0.45851420116480696,0.8726467331118494,0.8633102237292241,0.8797250859106529,0.9192100538599641,0.7976878612716763,512,276,70,45,12,334,0.9640718562874252,0.6445182724252492,False,False,False,False
final_all_training,inner_development,sigmoid,0.4623866833971614,0.8715393133997785,0.8622070446102522,0.8795180722891566,0.9174147217235189,0.7976878612716763,511,276,70,46,13,334,0.9610778443113772,0.6434108527131783,False,False,False,False
final_all_training,inner_development,sigmoid,0.46819146064714956,0.8726467331118494,0.8634791422632921,0.8810344827586207,0.9174147217235189,0.8005780346820809,511,277,69,46,13,334,0.9610778443113772,0.6423034330011074,False,False,False,False
final_all_training,inner_development,sigmoid,0.4769163783826937,0.8715393133997785,0.8623764977927265,0.8808290155440415,0.9156193895870736,0.8005780346820809,510,277,69,47,14,334,0.9580838323353293,0.6411960132890365,False,False,False,False
final_all_training,inner_development,sigmoid,0.4779665640573237,0.8726467331118494,0.863646211519397,0.8823529411764706,0.9156193895870736,0.8034682080924855,510,278,68,47,14,334,0.9580838323353293,0.6400885935769657,False,False,False,False
final_all_training,inner_development,sigmoid,0.4851210278281363,0.8715393133997785,0.8625440917107583,0.8821490467937608,0.9138240574506283,0.8034682080924855,509,278,68,48,15,334,0.9550898203592815,0.6389811738648948,False,False,False,False
final_all_training,inner_development,sigmoid,0.48813421780869715,0.8704318936877077,0.8614429469029218,0.8819444444444444,0.9120287253141831,0.8034682080924855,508,278,68,49,15,334,0.9550898203592815,0.6378737541528239,False,False,False,False
final_all_training,inner_development,sigmoid,0.4886831521624534,0.8693244739756367,0.8603427666691132,0.8817391304347826,0.9102333931777379,0.8034682080924855,507,278,68,50,16,334,0.9520958083832335,0.636766334440753,False,False,False,False
final_all_training,inner_development,sigmoid,0.4900253142666448,0.8704318936877077,0.8616091954022989,0.8832752613240418,0.9102333931777379,0.8063583815028902,507,279,67,50,16,334,0.9520958083832335,0.6356589147286822,False,False,False,False
final_all_training,inner_development,sigmoid,0.4909395918713582,0.8693244739756367,0.8605095041105932,0.8830715532286213,0.9084380610412927,0.8063583815028902,506,279,67,51,17,334,0.9491017964071856,0.6345514950166113,False,False,False,False
final_all_training,inner_development,sigmoid,0.49253351305094384,0.8682170542635659,0.8594107542131506,0.8828671328671329,0.9066427289048474,0.8063583815028902,505,279,67,52,17,334,0.9491017964071856,0.6334440753045404,False,False,False,False
final_all_training,inner_development,sigmoid,0.4958060232205521,0.867109634551495,0.8583129354170589,0.882661996497373,0.9048473967684022,0.8063583815028902,504,279,67,53,17,334,0.9491017964071856,0.6323366555924695,False,False,False,False
final_all_training,inner_development,sigmoid,0.49696044678327406,0.8660022148394242,0.8572160374683266,0.8824561403508772,0.9030520646319569,0.8063583815028902,503,279,67,54,17,334,0.9491017964071856,0.6312292358803987,False,False,False,False
final_all_training,inner_development,sigmoid,0.49818596204791304,0.867109634551495,0.8584787378539338,0.8840070298769771,0.9030520646319569,0.8092485549132948,503,280,66,54,17,334,0.9491017964071856,0.6301218161683277,False,False,False,False
final_all_training,inner_development,sigmoid,0.49960751796024216,0.8682170542635659,0.8597395986294665,0.8855633802816901,0.9030520646319569,0.8121387283236994,503,281,65,54,17,334,0.9491017964071856,0.6290143964562569,False,False,False,False
final_all_training,inner_development,sigmoid,0.5,0.8693244739756367,0.8609986328675343,0.8871252204585538,0.9030520646319569,0.815028901734104,503,282,64,54,17,334,0.9491017964071856,0.627906976744186,False,True,False,False
final_all_training,inner_development,sigmoid,0.5037306629047965,0.8693244739756367,0.8609986328675343,0.8871252204585538,0.9030520646319569,0.815028901734104,503,282,64,54,17,334,0.9491017964071856,0.627906976744186,False,False,False,False
final_all_training,inner_development,sigmoid,0.5046694666122313,0.8682170542635659,0.8599012527884289,0.8869257950530035,0.9012567324955116,0.815028901734104,502,282,64,55,17,334,0.9491017964071856,0.6267995570321152,False,False,False,False
final_all_training,inner_development,sigmoid,0.505035630193218,0.867109634551495,0.8588047659255089,0.8867256637168142,0.8994614003590664,0.815028901734104,501,282,64,56,17,334,0.9491017964071856,0.6256921373200443,False,False,False,False
final_all_training,inner_development,sigmoid,0.5091909148649846,0.8682170542635659,0.860061076853956,0.8882978723404256,0.8994614003590664,0.8179190751445087,501,283,63,56,17,334,0.9491017964071856,0.6245847176079734,False,False,False,False
final_all_training,inner_development,sigmoid,0.510241533626837,0.867109634551495,0.8589650145772595,0.8880994671403197,0.8976660682226212,0.8179190751445087,500,283,63,57,17,334,0.9491017964071856,0.6234772978959026,False,False,False,False
final_all_training,inner_development,sigmoid,0.5105428866594263,0.8660022148394242,0.8578698229470324,0.8879003558718861,0.895870736086176,0.8179190751445087,499,283,63,58,18,334,0.9461077844311377,0.6223698781838317,False,False,False,False
final_all_training,inner_development,sigmoid,0.5170977309973004,0.867109634551495,0.85912343470483,0.8894830659536542,0.895870736086176,0.8208092485549133,499,284,62,58,18,334,0.9461077844311377,0.6212624584717608,False,False,False,False
final_all_training,inner_development,sigmoid,0.5184002995862964,0.8660022148394242,0.8580286455660182,0.8892857142857142,0.8940754039497307,0.8208092485549133,498,284,62,59,18,334,0.9461077844311377,0.6201550387596899,False,False,False,False
final_all_training,inner_development,sigmoid,0.5266849346634173,0.8648947951273532,0.8569347046906655,0.889087656529517,0.8922800718132855,0.8208092485549133,497,284,62,60,19,334,0.9431137724550899,0.6190476190476191,False,False,False,False
final_all_training,inner_development,sigmoid,0.5339792487881794,0.8637873754152824,0.8558416021493513,0.8888888888888888,0.8904847396768402,0.8208092485549133,496,284,62,61,19,334,0.9431137724550899,0.6179401993355482,False,False,False,False
final_all_training,inner_development,sigmoid,0.5402796339564077,0.8648947951273532,0.857092080821079,0.8904847396768402,0.8904847396768402,0.8236994219653179,496,285,61,61,19,334,0.9431137724550899,0.6168327796234773,False,False,False,False
final_all_training,inner_development,sigmoid,0.5485423387050957,0.8637873754152824,0.8559993465653843,0.8902877697841727,0.8886894075403949,0.8236994219653179,495,285,61,62,19,334,0.9431137724550899,0.6157253599114064,False,False,False,False
final_all_training,inner_development,sigmoid,0.5560102316203995,0.8626799557032115,0.8549074285240396,0.8900900900900901,0.8868940754039497,0.8236994219653179,494,285,61,63,20,334,0.9401197604790419,0.6146179401993356,False,False,False,False
final_all_training,inner_development,sigmoid,0.5582270952876824,0.8637873754152824,0.8561552558133512,0.8916967509025271,0.8868940754039497,0.8265895953757225,494,286,60,63,20,334,0.9401197604790419,0.6135105204872646,False,False,False,False
final_all_training,inner_development,sigmoid,0.5612753555230283,0.8626799557032115,0.8550636843740292,0.891500904159132,0.8850987432675045,0.8265895953757225,493,286,60,64,20,334,0.9401197604790419,0.6124031007751938,False,False,False,False
final_all_training,inner_development,sigmoid,0.5682317303521888,0.8637873754152824,0.8563093406884845,0.8931159420289855,0.8850987432675045,0.8294797687861272,493,287,59,64,20,334,0.9401197604790419,0.6112956810631229,False,False,False,False
final_all_training,inner_development,sigmoid,0.5688462809503817,0.8626799557032115,0.8552181063999256,0.8929219600725953,0.8833034111310593,0.8294797687861272,492,287,59,65,20,334,0.9401197604790419,0.6101882613510521,False,False,False,False
final_all_training,inner_development,sigmoid,0.5710499436999605,0.8615725359911407,0.8541276542951409,0.8927272727272727,0.881508078994614,0.8294797687861272,491,287,59,66,20,334,0.9401197604790419,0.6090808416389811,False,False,False,False
final_all_training,inner_development,sigmoid,0.5763602125394697,0.8626799557032115,0.855370705244123,0.8943533697632058,0.881508078994614,0.8323699421965318,491,288,58,66,20,334,0.9401197604790419,0.6079734219269103,False,False,False,False
final_all_training,inner_development,sigmoid,0.5767343194074881,0.8615725359911407,0.8542805688060366,0.8941605839416058,0.8797127468581688,0.8323699421965318,490,288,58,67,21,334,0.937125748502994,0.6068660022148394,False,False,False,False
final_all_training,inner_development,sigmoid,0.578381821948953,0.8604651162790697,0.8531911928651059,0.8939670932358318,0.8779174147217235,0.8323699421965318,489,288,58,68,21,334,0.937125748502994,0.6057585825027686,False,False,False,False
final_all_training,inner_development,sigmoid,0.5810569045326935,0.8593576965669989,0.8521025678061513,0.8937728937728938,0.8761220825852782,0.8323699421965318,488,288,58,69,22,334,0.9341317365269461,0.6046511627906976,False,False,False,False
final_all_training,inner_development,sigmoid,0.5811720374309969,0.8604651162790697,0.8533425796073255,0.8954128440366973,0.8761220825852782,0.8352601156069365,488,289,57,69,22,334,0.9341317365269461,0.6035437430786268,False,False,False,False
final_all_training,inner_development,sigmoid,0.5846528700299519,0.8615725359911407,0.8545809418903512,0.8970588235294118,0.8761220825852782,0.838150289017341,488,290,56,69,22,334,0.9341317365269461,0.602436323366556,False,False,False,False
final_all_training,inner_development,sigmoid,0.5863653882720503,0.8604651162790697,0.8534921452485191,0.8968692449355433,0.874326750448833,0.838150289017341,487,290,56,70,22,334,0.9341317365269461,0.6013289036544851,False,False,False,False
final_all_training,inner_development,sigmoid,0.587704463072407,0.8615725359911407,0.8547284209767656,0.8985239852398524,0.874326750448833,0.8410404624277457,487,291,55,70,22,334,0.9341317365269461,0.6002214839424141,False,False,False,False
final_all_training,inner_development,sigmoid,0.5899082918981157,0.8626799557032115,0.8559630761631317,0.9001848428835489,0.874326750448833,0.8439306358381503,487,292,54,70,22,334,0.9341317365269461,0.5991140642303433,False,False,False,False
final_all_training,inner_development,sigmoid,0.5919072685679294,0.8637873754152824,0.8571961227761828,0.9018518518518519,0.874326750448833,0.846820809248555,487,293,53,70,22,334,0.9341317365269461,0.5980066445182725,False,False,False,False
final_all_training,inner_development,sigmoid,0.5971582453682155,0.8648947951273532,0.8584275727356843,0.9035250463821892,0.874326750448833,0.8497109826589595,487,294,52,70,22,334,0.9341317365269461,0.5968992248062015,False,False,False,False
final_all_training,inner_development,sigmoid,0.5974005903417825,0.8660022148394242,0.8596574379130301,0.9052044609665427,0.874326750448833,0.8526011560693642,487,295,51,70,22,334,0.9341317365269461,0.5957918050941307,False,False,False,False
final_all_training,inner_development,sigmoid,0.5974436907408672,0.867109634551495,0.8608857301316681,0.9068901303538175,0.874326750448833,0.8554913294797688,487,296,50,70,22,334,0.9341317365269461,0.5946843853820598,False,False,False,False
final_all_training,inner_development,sigmoid,0.6108710303449301,0.8660022148394242,0.8597950235400849,0.9067164179104478,0.8725314183123878,0.8554913294797688,486,296,50,71,22,334,0.9341317365269461,0.593576965669989,False,False,False,False
final_all_training,inner_development,sigmoid,0.6144780159297565,0.8648947951273532,0.8587050204697264,0.9065420560747663,0.8707360861759426,0.8554913294797688,485,296,50,72,23,334,0.9311377245508982,0.592469545957918,False,False,False,False
final_all_training,inner_development,sigmoid,0.6163861295821468,0.8660022148394242,0.8599309031939646,0.9082397003745318,0.8707360861759426,0.8583815028901735,485,297,49,72,23,334,0.9311377245508982,0.5913621262458472,False,False,False,False
final_all_training,inner_development,sigmoid,0.617536092713425,0.8648947951273532,0.8588411665214495,0.9080675422138836,0.8689407540394973,0.8583815028901735,484,297,49,73,23,334,0.9311377245508982,0.5902547065337763,False,False,False,False
final_all_training,inner_development,sigmoid,0.6284175873680893,0.8637873754152824,0.8577521122214922,0.9078947368421053,0.8671454219030521,0.8583815028901735,483,297,49,74,23,334,0.9311377245508982,0.5891472868217055,False,False,False,False
final_all_training,inner_development,sigmoid,0.6296390272073532,0.8626799557032115,0.8566637309519909,0.9077212806026366,0.8653500897666068,0.8583815028901735,482,297,49,75,24,334,0.9281437125748503,0.5880398671096345,False,False,False,False
final_all_training,inner_development,sigmoid,0.6307820392142817,0.8615725359911407,0.8555760133989634,0.9075471698113208,0.8635547576301615,0.8583815028901735,481,297,49,76,24,334,0.9281437125748503,0.5869324473975637,False,False,False,False
final_all_training,inner_development,sigmoid,0.6319279869997382,0.8604651162790697,0.854488950276243,0.9073724007561437,0.8617594254937163,0.8583815028901735,480,297,49,77,24,334,0.9281437125748503,0.5858250276854928,False,False,False,False
final_all_training,inner_development,sigmoid,0.6371628544519868,0.8593576965669989,0.8534025323251756,0.9071969696969697,0.8599640933572711,0.8583815028901735,479,297,49,78,24,334,0.9281437125748503,0.584717607973422,False,False,False,False
final_all_training,inner_development,sigmoid,0.6398059189646301,0.858250276854928,0.8523167503143176,0.9070208728652751,0.8581687612208259,0.8583815028901735,478,297,49,79,24,334,0.9281437125748503,0.583610188261351,False,False,False,False
final_all_training,inner_development,sigmoid,0.6490137337736074,0.8571428571428571,0.8512315950391375,0.9068441064638784,0.8563734290843806,0.8583815028901735,477,297,49,80,24,334,0.9281437125748503,0.5825027685492802,False,False,False,False
final_all_training,inner_development,sigmoid,0.6502510033027432,0.8560354374307863,0.8501470573217185,0.9066666666666666,0.8545780969479354,0.8583815028901735,476,297,49,81,25,334,0.9251497005988024,0.5813953488372093,False,False,False,False
final_all_training,inner_development,sigmoid,0.6602355674833704,0.8571428571428571,0.851367507735494,0.9083969465648855,0.8545780969479354,0.861271676300578,476,298,48,81,25,334,0.9251497005988024,0.5802879291251384,False,False,False,False
final_all_training,inner_development,sigmoid,0.6607063749147161,0.858250276854928,0.852586470768289,0.9101338432122371,0.8545780969479354,0.8641618497109826,476,299,47,81,25,334,0.9251497005988024,0.5791805094130675,False,False,False,False
final_all_training,inner_development,sigmoid,0.6625717403729086,0.8571428571428571,0.8515016578853771,0.9099616858237548,0.8527827648114902,0.8641618497109826,475,299,47,82,26,334,0.9221556886227545,0.5780730897009967,False,False,False,False
final_all_training,inner_development,sigmoid,0.6628077438414395,0.8560354374307863,0.850417439703154,0.9097888675623801,0.8509874326750448,0.8641618497109826,474,299,47,83,27,334,0.9191616766467066,0.5769656699889258,False,False,False,False
final_all_training,inner_development,sigmoid,0.6732607288870364,0.8549280177187154,0.8493338071384084,0.9096153846153846,0.8491921005385996,0.8641618497109826,473,299,47,84,28,334,0.9161676646706587,0.5758582502768549,False,False,False,False
final_all_training,inner_development,sigmoid,0.6768957105213295,0.8560354374307863,0.8505499821765035,0.9113680154142582,0.8491921005385996,0.8670520231213873,473,300,46,84,28,334,0.9161676646706587,0.574750830564784,False,False,False,False
final_all_training,inner_development,sigmoid,0.6802990425395555,0.8571428571428571,0.851764705882353,0.9131274131274131,0.8491921005385996,0.869942196531792,473,301,45,84,28,334,0.9161676646706587,0.5736434108527132,False,False,False,False
final_all_training,inner_development,sigmoid,0.6851609095053611,0.8560354374307863,0.8506807705223312,0.9129593810444874,0.8473967684021544,0.869942196531792,472,301,45,85,29,334,0.9131736526946108,0.5725359911406424,False,False,False,False
final_all_training,inner_development,sigmoid,0.6887402209749112,0.8571428571428571,0.8518936210520159,0.9147286821705426,0.8473967684021544,0.8728323699421965,472,302,44,85,29,334,0.9131736526946108,0.5714285714285714,False,False,False,False
final_all_training,inner_development,sigmoid,0.690987460628471,0.858250276854928,0.8531050469722233,0.916504854368932,0.8473967684021544,0.8757225433526011,472,303,43,85,29,334,0.9131736526946108,0.5703211517165006,False,False,False,False
final_all_training,inner_development,sigmoid,0.6976401154995374,0.8571428571428571,0.8520208083233294,0.9163424124513618,0.8456014362657092,0.8757225433526011,471,303,43,86,29,334,0.9131736526946108,0.5692137320044297,False,False,False,False
final_all_training,inner_development,sigmoid,0.6982623999552957,0.858250276854928,0.85323039414872,0.9181286549707602,0.8456014362657092,0.8786127167630058,471,304,42,86,29,334,0.9131736526946108,0.5681063122923588,False,False,False,False
final_all_training,inner_development,sigmoid,0.6999524614314052,0.8571428571428571,0.8521462760184959,0.91796875,0.8438061041292639,0.8786127167630058,470,304,42,87,29,334,0.9131736526946108,0.5669988925802879,False,False,False,False
final_all_training,inner_development,sigmoid,0.7005030438021507,0.858250276854928,0.8533540391583692,0.9197651663405088,0.8438061041292639,0.8815028901734104,470,305,41,87,29,334,0.9131736526946108,0.5658914728682171,False,False,False,False
final_all_training,inner_development,sigmoid,0.7052444880006502,0.8571428571428571,0.8522700323266705,0.9196078431372549,0.8420107719928187,0.8815028901734104,469,305,41,88,29,334,0.9131736526946108,0.5647840531561462,False,False,False,False
final_all_training,inner_development,sigmoid,0.7054613070789498,0.8560354374307863,0.8511865524060647,0.9194499017681729,0.8402154398563735,0.8815028901734104,468,305,41,89,29,334,0.9131736526946108,0.5636766334440753,False,False,False,False
final_all_training,inner_development,sigmoid,0.7066791640906854,0.8549280177187154,0.850103590503887,0.9192913385826772,0.8384201077199281,0.8815028901734104,467,305,41,90,29,334,0.9131736526946108,0.5625692137320044,False,False,False,False
final_all_training,inner_development,sigmoid,0.7076042258700022,0.8538205980066446,0.8490211377500354,0.9191321499013807,0.8366247755834829,0.8815028901734104,466,305,41,91,29,334,0.9131736526946108,0.5614617940199336,False,False,False,False
final_all_training,inner_development,sigmoid,0.7078300532616358,0.8527131782945736,0.8479391852966983,0.9189723320158103,0.8348294434470377,0.8815028901734104,465,305,41,92,29,334,0.9131736526946108,0.5603543743078627,False,False,False,False
final_all_training,inner_development,sigmoid,0.7084166071202344,0.8516057585825028,0.8468577243180853,0.9188118811881189,0.8330341113105925,0.8815028901734104,464,305,41,93,29,334,0.9131736526946108,0.5592469545957918,False,False,False,False
final_all_training,inner_development,sigmoid,0.7087037330833498,0.8504983388704319,0.8457767460101588,0.9186507936507936,0.8312387791741472,0.8815028901734104,463,305,41,94,30,334,0.9101796407185628,0.5581395348837209,False,False,False,False
final_all_training,inner_development,sigmoid,0.7170410718680509,0.8516057585825028,0.8469801203905104,0.9204771371769384,0.8312387791741472,0.884393063583815,463,306,40,94,30,334,0.9101796407185628,0.5570321151716501,False,False,False,False
final_all_training,inner_development,sigmoid,0.7186935832981529,0.8504983388704319,0.8458991774463291,0.9203187250996016,0.829443447037702,0.884393063583815,462,306,40,95,30,334,0.9101796407185628,0.5559246954595792,False,False,False,False
final_all_training,inner_development,sigmoid,0.7188914416743175,0.8516057585825028,0.8471007753505251,0.9221556886227545,0.829443447037702,0.8872832369942196,462,307,39,95,30,334,0.9101796407185628,0.5548172757475083,False,False,False,False
final_all_training,inner_development,sigmoid,0.7189953185298117,0.8527131782945736,0.8483010459862599,0.924,0.829443447037702,0.8901734104046243,462,308,38,95,30,334,0.9101796407185628,0.5537098560354374,False,False,False,False
final_all_training,inner_development,sigmoid,0.7192899057397879,0.8516057585825028,0.847219696969697,0.9238476953907816,0.8276481149012568,0.8901734104046243,461,308,38,96,30,334,0.9101796407185628,0.5526024363233666,False,False,False,False
final_all_training,inner_development,sigmoid,0.7200659515420912,0.8527131782945736,0.8484182227803687,0.9257028112449799,0.8276481149012568,0.8930635838150289,461,309,37,96,30,334,0.9101796407185628,0.5514950166112956,False,False,False,False
final_all_training,inner_development,sigmoid,0.7201552220210077,0.8538205980066446,0.8496154467277646,0.9275653923541247,0.8276481149012568,0.8959537572254336,461,310,36,96,30,334,0.9101796407185628,0.5503875968992248,False,False,False,False
final_all_training,inner_development,sigmoid,0.720218868192726,0.8527131782945736,0.848533690499162,0.9274193548387096,0.8258527827648114,0.8959537572254336,460,310,36,97,31,334,0.907185628742515,0.5492801771871539,False,False,False,False
final_all_training,inner_development,sigmoid,0.72523685887665,0.8516057585825028,0.8474523706266199,0.9272727272727272,0.8240574506283662,0.8959537572254336,459,310,36,98,32,334,0.9041916167664671,0.5481727574750831,False,False,False,False
final_all_training,inner_development,sigmoid,0.7255225189884459,0.8504983388704319,0.8463714784405896,0.9271255060728745,0.822262118491921,0.8959537572254336,458,310,36,99,33,334,0.9011976047904192,0.5470653377630121,False,False,False,False
final_all_training,inner_development,sigmoid,0.726389537836386,0.8493909191583611,0.8452910052910053,0.9269776876267748,0.8204667863554758,0.8959537572254336,457,310,36,100,34,334,0.8982035928143712,0.5459579180509413,False,False,False,False
final_all_training,inner_development,sigmoid,0.7275089457393207,0.8482834994462901,0.8442109425470317,0.926829268292683,0.8186714542190305,0.8959537572254336,456,310,36,101,34,334,0.8982035928143712,0.5448504983388704,False,False,False,False
final_all_training,inner_development,sigmoid,0.7293990171323433,0.8471760797342193,0.8431312815968096,0.9266802443991853,0.8168761220825853,0.8959537572254336,455,310,36,102,35,334,0.8952095808383234,0.5437430786267996,False,False,False,False
final_all_training,inner_development,sigmoid,0.7318615466919638,0.8460686600221484,0.8420520138472051,0.926530612244898,0.8150807899461401,0.8959537572254336,454,310,36,103,35,334,0.8952095808383234,0.5426356589147286,False,False,False,False
final_all_training,inner_development,sigmoid,0.7334548154738628,0.8449612403100775,0.8409731307235584,0.9263803680981595,0.8132854578096947,0.8959537572254336,453,310,36,104,35,334,0.8952095808383234,0.5415282392026578,False,False,False,False
final_all_training,inner_development,sigmoid,0.7355792977469264,0.8438538205980066,0.8398946236694351,0.9262295081967213,0.8114901256732495,0.8959537572254336,452,310,36,105,35,334,0.8952095808383234,0.540420819490587,False,False,False,False
final_all_training,inner_development,sigmoid,0.7358279236398653,0.8427464008859358,0.8388164841463782,0.9260780287474333,0.8096947935368043,0.8959537572254336,451,310,36,106,36,334,0.8922155688622755,0.5393133997785161,False,False,False,False
final_all_training,inner_development,sigmoid,0.736295177067122,0.8416389811738649,0.8377387036336609,0.9259259259259259,0.8078994614003591,0.8959537572254336,450,310,36,107,36,334,0.8922155688622755,0.5382059800664452,False,False,False,False
final_all_training,inner_development,sigmoid,0.7375640930681171,0.8427464008859358,0.8389298670498739,0.9278350515463918,0.8078994614003591,0.8988439306358381,450,311,35,107,36,334,0.8922155688622755,0.5370985603543743,False,False,False,False
final_all_training,inner_development,sigmoid,0.7376271722108142,0.8416389811738649,0.8378519899794692,0.9276859504132231,0.8061041292639138,0.8988439306358381,449,311,35,108,36,334,0.8922155688622755,0.5359911406423035,False,False,False,False
final_all_training,inner_development,sigmoid,0.7396642424848004,0.8427464008859358,0.8390414741916048,0.9296066252587992,0.8061041292639138,0.9017341040462428,449,312,34,108,36,334,0.8922155688622755,0.5348837209302325,False,False,False,False
final_all_training,inner_development,sigmoid,0.7404953393969245,0.8416389811738649,0.8379634916233014,0.9294605809128631,0.8043087971274686,0.9017341040462428,448,312,34,109,37,334,0.8892215568862275,0.5337763012181617,False,False,False,False
final_all_training,inner_development,sigmoid,0.7422555808655078,0.8427464008859358,0.8391513126204239,0.9313929313929314,0.8043087971274686,0.9046242774566474,448,313,33,109,37,334,0.8892215568862275,0.5326688815060908,False,False,False,False
final_all_training,inner_development,sigmoid,0.7468965365920583,0.8416389811738649,0.8380732156001671,0.93125,0.8025134649910234,0.9046242774566474,447,313,33,110,38,334,0.8862275449101796,0.53156146179402,False,False,False,False
final_all_training,inner_development,sigmoid,0.7486753970853777,0.840531561461794,0.836995436995437,0.9311064718162839,0.800718132854578,0.9046242774566474,446,313,33,111,39,334,0.8832335329341318,0.530454042081949,False,False,False,False
final_all_training,inner_development,sigmoid,0.7487611432170251,0.8394241417497231,0.8359179683828644,0.9309623430962343,0.7989228007181328,0.9046242774566474,445,313,33,112,39,334,0.8832335329341318,0.5293466223698782,False,False,False,False
final_all_training,inner_development,sigmoid,0.750944257750064,0.8383167220376523,0.8348408013549673,0.9308176100628931,0.7971274685816876,0.9046242774566474,444,313,33,113,40,334,0.8802395209580839,0.5282392026578073,False,False,False,False
final_all_training,inner_development,sigmoid,0.752180155324258,0.8372093023255814,0.8337639275199152,0.930672268907563,0.7953321364452424,0.9046242774566474,443,313,33,114,40,334,0.8802395209580839,0.5271317829457365,False,False,False,False
final_all_training,inner_development,sigmoid,0.7537040202339134,0.8361018826135105,0.832687338501292,0.9305263157894736,0.7935368043087971,0.9046242774566474,442,313,33,115,40,334,0.8802395209580839,0.5260243632336655,False,False,False,False
final_all_training,inner_development,sigmoid,0.7541731731559517,0.8349944629014396,0.8316110259378617,0.930379746835443,0.7917414721723519,0.9046242774566474,441,313,33,116,41,334,0.8772455089820359,0.5249169435215947,False,False,False,False
final_all_training,inner_development,sigmoid,0.7545158530986628,0.8338870431893688,0.8305349814833349,0.9302325581395349,0.7899461400359067,0.9046242774566474,440,313,33,117,41,334,0.8772455089820359,0.5238095238095238,False,False,False,False
final_all_training,inner_development,sigmoid,0.7547324912328183,0.832779623477298,0.8294591968061356,0.9300847457627118,0.7881508078994613,0.9046242774566474,439,313,33,118,42,334,0.874251497005988,0.5227021040974529,False,False,False,False
final_all_training,inner_development,sigmoid,0.7552802952006192,0.831672203765227,0.828383663589169,0.9299363057324841,0.7863554757630161,0.9046242774566474,438,313,33,119,42,334,0.874251497005988,0.521594684385382,False,False,False,False
final_all_training,inner_development,sigmoid,0.7569229432124398,0.832779623477298,0.829565780411558,0.9319148936170213,0.7863554757630161,0.9075144508670521,438,314,32,119,42,334,0.874251497005988,0.5204872646733112,False,False,False,False
final_all_training,inner_development,sigmoid,0.7594841292146016,0.8338870431893688,0.8307467386414755,0.9339019189765458,0.7863554757630161,0.9104046242774566,438,315,31,119,42,334,0.874251497005988,0.5193798449612403,False,False,False,False
final_all_training,inner_development,sigmoid,0.7595554199802186,0.832779623477298,0.8296705287155304,0.9337606837606838,0.7845601436265709,0.9104046242774566,437,315,31,120,43,334,0.8712574850299402,0.5182724252491694,False,False,False,False
final_all_training,inner_development,sigmoid,0.7626918861758689,0.831672203765227,0.8285945492327366,0.9336188436830836,0.7827648114901257,0.9104046242774566,436,315,31,121,43,334,0.8712574850299402,0.5171650055370985,False,False,False,False
final_all_training,inner_development,sigmoid,0.7676859283789553,0.8305647840531561,0.8275187919236863,0.9334763948497854,0.7809694793536804,0.9104046242774566,435,315,31,122,44,334,0.8682634730538922,0.5160575858250277,False,False,False,False
final_all_training,inner_development,sigmoid,0.7680105125765295,0.831672203765227,0.8286972323175845,0.9354838709677419,0.7809694793536804,0.9132947976878613,435,316,30,122,44,334,0.8682634730538922,0.5149501661129569,False,False,False,False
final_all_training,inner_development,sigmoid,0.7768097552270742,0.8305647840531561,0.8276212280953481,0.9353448275862069,0.7791741472172352,0.9132947976878613,434,316,30,123,44,334,0.8682634730538922,0.5138427464008859,False,False,False,False
final_all_training,inner_development,sigmoid,0.778077141668408,0.8294573643410853,0.8265454273312378,0.9352051835853131,0.77737881508079,0.9132947976878613,433,316,30,124,44,334,0.8682634730538922,0.512735326688815,False,False,False,False
final_all_training,inner_development,sigmoid,0.7786263457801622,0.8283499446290143,0.8254698217975367,0.935064935064935,0.7755834829443446,0.9132947976878613,432,316,30,125,45,334,0.8652694610778443,0.5116279069767442,False,False,False,False
final_all_training,inner_development,sigmoid,0.7803265212046615,0.8272425249169435,0.8243944032790482,0.9349240780911063,0.7737881508078994,0.9132947976878613,431,316,30,126,46,334,0.8622754491017964,0.5105204872646734,False,False,False,False
final_all_training,inner_development,sigmoid,0.7809479654315409,0.8261351052048727,0.8233191635728734,0.9347826086956522,0.7719928186714542,0.9132947976878613,430,316,30,127,46,334,0.8622754491017964,0.5094130675526024,False,False,False,False
final_all_training,inner_development,sigmoid,0.7810511903750577,0.8272425249169435,0.8244941692415031,0.9368191721132898,0.7719928186714542,0.9161849710982659,430,317,29,127,46,334,0.8622754491017964,0.5083056478405316,False,False,False,False
final_all_training,inner_development,sigmoid,0.7818470072493076,0.8261351052048727,0.8234186320240637,0.9366812227074236,0.770197486535009,0.9161849710982659,429,317,29,128,47,334,0.8592814371257484,0.5071982281284607,False,False,False,False
final_all_training,inner_development,sigmoid,0.7832130199953572,0.8250276854928018,0.8223432550355627,0.936542669584245,0.7684021543985637,0.9161849710982659,428,317,29,129,48,334,0.8562874251497006,0.5060908084163898,False,False,False,False
final_all_training,inner_development,sigmoid,0.7844430552429742,0.8239202657807309,0.8212680301104556,0.9364035087719298,0.7666068222621185,0.9161849710982659,427,317,29,130,49,334,0.8532934131736527,0.5049833887043189,False,False,False,False
final_all_training,inner_development,sigmoid,0.7845891644413108,0.82281284606866,0.8201929490944933,0.9362637362637363,0.7648114901256733,0.9161849710982659,426,317,29,131,49,334,0.8532934131736527,0.5038759689922481,False,False,False,False
final_all_training,inner_development,sigmoid,0.7861073737760507,0.8239202657807309,0.8213649851632048,0.9383259911894273,0.7648114901256733,0.9190751445086706,426,318,28,131,49,334,0.8532934131736527,0.5027685492801772,False,False,False,False
final_all_training,inner_development,sigmoid,0.7868717231676989,0.82281284606866,0.8202895666451067,0.9381898454746137,0.7630161579892281,0.9190751445086706,425,318,28,132,49,334,0.8532934131736527,0.5016611295681063,False,False,False,False
final_all_training,inner_development,sigmoid,0.7877506869418974,0.8217054263565892,0.8192142735456176,0.9380530973451328,0.7612208258527827,0.9190751445086706,424,318,28,133,50,334,0.8502994011976048,0.5005537098560354,False,False,False,False
final_all_training,inner_development,sigmoid,0.7900917792220712,0.8205980066445183,0.8181390977443609,0.9379157427937915,0.7594254937163375,0.9190751445086706,423,318,28,134,50,334,0.8502994011976048,0.4994462901439646,False,False,False,False
final_all_training,inner_development,sigmoid,0.7902897228254133,0.8194905869324474,0.8170640311312676,0.9377777777777778,0.7576301615798923,0.9190751445086706,422,318,28,135,50,334,0.8502994011976048,0.4983388704318937,False,False,False,False
final_all_training,inner_development,sigmoid,0.7912202097811499,0.8183831672203765,0.8159890656063619,0.9376391982182628,0.755834829443447,0.9190751445086706,421,318,28,136,50,334,0.8502994011976048,0.49723145071982283,False,False,False,False
final_all_training,inner_development,sigmoid,0.7918391909022922,0.8194905869324474,0.8171576574058546,0.9397321428571429,0.755834829443447,0.9219653179190751,421,319,27,136,50,334,0.8502994011976048,0.49612403100775193,False,False,False,False
final_all_training,inner_development,sigmoid,0.7927074730139981,0.8205980066445183,0.8183252029289327,0.941834451901566,0.755834829443447,0.9248554913294798,421,320,26,136,50,334,0.8502994011976048,0.4950166112956811,False,False,False,False
final_all_training,inner_development,sigmoid,0.7940903441003292,0.8194905869324474,0.8172493726789742,0.9417040358744395,0.7540394973070018,0.9248554913294798,420,320,26,137,50,334,0.8502994011976048,0.4939091915836102,False,False,False,False
final_all_training,inner_development,sigmoid,0.7941847213826748,0.8183831672203765,0.8161736229034469,0.9415730337078652,0.7522441651705566,0.9248554913294798,419,320,26,138,51,334,0.8473053892215568,0.49280177187153934,False,False,False,False
final_all_training,inner_development,sigmoid,0.7962983289949807,0.8172757475083057,0.8150979455327281,0.9414414414414415,0.7504488330341114,0.9248554913294798,418,320,26,139,52,334,0.844311377245509,0.49169435215946844,False,False,False,False
final_all_training,inner_development,sigmoid,0.7988883152389948,0.8161683277962348,0.8140223325062035,0.9413092550790068,0.748653500897666,0.9248554913294798,417,320,26,140,53,334,0.8413173652694611,0.49058693244739754,False,False,False,False
final_all_training,inner_development,sigmoid,0.7991807231628817,0.8172757475083057,0.8151869341460419,0.9434389140271493,0.748653500897666,0.9277456647398844,417,321,25,140,53,334,0.8413173652694611,0.4894795127353267,False,False,False,False
final_all_training,inner_development,sigmoid,0.8017030253578795,0.8161683277962348,0.8141108950574416,0.9433106575963719,0.7468581687612208,0.9277456647398844,416,321,25,141,54,334,0.8383233532934131,0.4883720930232558,False,False,False,False
final_all_training,inner_development,sigmoid,0.8023073113944477,0.8172757475083057,0.8152740049567739,0.9454545454545454,0.7468581687612208,0.930635838150289,416,322,24,141,54,334,0.8383233532934131,0.48726467331118495,False,False,False,False
final_all_training,inner_development,sigmoid,0.8033478384380849,0.8161683277962348,0.8141975308641975,0.9453302961275627,0.7450628366247756,0.930635838150289,415,322,24,142,55,334,0.8353293413173652,0.48615725359911405,False,False,False,False
final_all_training,inner_development,sigmoid,0.8033987261489215,0.8150609080841639,0.8131210925155989,0.9452054794520548,0.7432675044883303,0.930635838150289,414,322,24,143,56,334,0.8323353293413174,0.4850498338870432,False,False,False,False
final_all_training,inner_development,sigmoid,0.8036323570009714,0.8161683277962348,0.8142822451953098,0.9473684210526315,0.7432675044883303,0.9335260115606936,414,323,23,143,56,334,0.8323353293413174,0.4839424141749723,False,False,False,False
final_all_training,inner_development,sigmoid,0.8043442760204924,0.8150609080841639,0.8132053525973326,0.9472477064220184,0.7414721723518851,0.9335260115606936,413,323,23,144,57,334,0.8293413173652695,0.48283499446290146,False,False,False,False
final_all_training,inner_development,sigmoid,0.8054448110266841,0.8161683277962348,0.8143650431956884,0.9494252873563218,0.7414721723518851,0.9364161849710982,413,324,22,144,57,334,0.8293413173652695,0.48172757475083056,False,False,False,False
final_all_training,inner_development,sigmoid,0.8074772614616633,0.8150609080841639,0.8132876873456197,0.9493087557603687,0.7396768402154399,0.9364161849710982,412,324,22,145,57,334,0.8293413173652695,0.4806201550387597,False,False,False,False
final_all_training,inner_development,sigmoid,0.8123103117764142,0.813953488372093,0.812210338680927,0.9491916859122402,0.7378815080789947,0.9364161849710982,411,324,22,146,58,334,0.8263473053892215,0.4795127353266888,False,False,False,False
final_all_training,inner_development,sigmoid,0.8134513605771355,0.8150609080841639,0.8133681017508382,0.9513888888888888,0.7378815080789947,0.9393063583815029,411,325,21,146,58,334,0.8263473053892215,0.47840531561461797,False,False,False,False
final_all_training,inner_development,sigmoid,0.8140205101707605,0.813953488372093,0.8122902705324531,0.951276102088167,0.7360861759425493,0.9393063583815029,410,325,21,147,59,334,0.8233532934131736,0.47729789590254706,False,False,False,False
final_all_training,inner_development,sigmoid,0.8149924697457638,0.8128460686600222,0.8112124282337048,0.9511627906976744,0.7342908438061041,0.9393063583815029,409,325,21,148,60,334,0.8203592814371258,0.47619047619047616,False,False,False,False
final_all_training,inner_development,sigmoid,0.8162577872454528,0.8117386489479512,0.8101345668629101,0.951048951048951,0.7324955116696589,0.9393063583815029,408,325,21,149,60,334,0.8203592814371258,0.4750830564784053,False,False,False,False
final_all_training,inner_development,sigmoid,0.8194341562520832,0.8128460686600222,0.8112899336577283,0.9532710280373832,0.7324955116696589,0.9421965317919075,408,326,20,149,60,334,0.8203592814371258,0.4739756367663344,False,False,False,False
final_all_training,inner_development,sigmoid,0.8200799775669538,0.8117386489479512,0.8102115601447986,0.9531615925058547,0.7307001795332136,0.9421965317919075,407,326,20,150,60,334,0.8203592814371258,0.4728682170542636,False,False,False,False
final_all_training,inner_development,sigmoid,0.8203942619074953,0.8128460686600222,0.8113655101488364,0.9553990610328639,0.7307001795332136,0.9450867052023122,407,327,19,150,60,334,0.8203592814371258,0.4717607973421927,False,False,False,False
final_all_training,inner_development,sigmoid,0.8209457045531594,0.813953488372093,0.8125185375595674,0.9576470588235294,0.7307001795332136,0.9479768786127167,407,328,18,150,60,334,0.8203592814371258,0.4706533776301218,False,False,False,False
final_all_training,inner_development,sigmoid,0.8215177370333834,0.8128460686600222,0.8114391622648504,0.9575471698113207,0.7289048473967684,0.9479768786127167,406,328,18,151,61,334,0.8173652694610778,0.4695459579180509,False,False,False,False
final_all_training,inner_development,sigmoid,0.8256843560511198,0.8117386489479512,0.810359737115185,0.9574468085106383,0.7271095152603232,0.9479768786127167,405,328,18,152,61,334,0.8173652694610778,0.4684385382059801,False,False,False,False
final_all_training,inner_development,sigmoid,0.8269690115798998,0.8106312292358804,0.8092802541398386,0.957345971563981,0.725314183123878,0.9479768786127167,404,328,18,153,61,334,0.8173652694610778,0.4673311184939092,False,False,False,False
final_all_training,inner_development,sigmoid,0.8269976510294683,0.8095238095238095,0.8082007053732847,0.9572446555819477,0.7235188509874326,0.9479768786127167,403,328,18,154,62,334,0.8143712574850299,0.46622369878183834,False,False,False,False
final_all_training,inner_development,sigmoid,0.8288208910014773,0.8084163898117387,0.8071210828550015,0.9571428571428572,0.7217235188509874,0.9479768786127167,402,328,18,155,62,334,0.8143712574850299,0.46511627906976744,False,False,False,False
final_all_training,inner_development,sigmoid,0.8305605449438714,0.8073089700996677,0.8060413786292712,0.9570405727923628,0.7199281867145422,0.9479768786127167,401,328,18,156,62,334,0.8143712574850299,0.4640088593576966,False,False,False,False
final_all_training,inner_development,sigmoid,0.83117020770199,0.8062015503875969,0.8049615847449783,0.9569377990430622,0.718132854578097,0.9479768786127167,400,328,18,157,63,334,0.811377245508982,0.4629014396456257,False,False,False,False
final_all_training,inner_development,sigmoid,0.8345506018856701,0.805094130675526,0.8038816932554098,0.9568345323741008,0.7163375224416517,0.9479768786127167,399,328,18,158,64,334,0.8083832335329342,0.46179401993355484,False,False,False,False
final_all_training,inner_development,sigmoid,0.8364761054431838,0.8039867109634552,0.8028016962180555,0.9567307692307693,0.7145421903052065,0.9479768786127167,398,328,18,159,64,334,0.8083832335329342,0.46068660022148394,False,False,False,False
final_all_training,inner_development,sigmoid,0.8365173107048809,0.805094130675526,0.8039494330461556,0.9590361445783132,0.7145421903052065,0.9508670520231214,398,329,17,159,64,334,0.8083832335329342,0.45957918050941304,False,False,False,False
final_all_training,inner_development,sigmoid,0.8383375397938801,0.8039867109634552,0.8028688246575849,0.9589371980676329,0.7127468581687613,0.9508670520231214,397,329,17,160,65,334,0.8053892215568862,0.4584717607973422,False,False,False,False
final_all_training,inner_development,sigmoid,0.8399240358798115,0.8028792912513842,0.8017880925368717,0.9588377723970944,0.7109515260323159,0.9508670520231214,396,329,17,161,65,334,0.8053892215568862,0.4573643410852713,False,False,False,False
final_all_training,inner_development,sigmoid,0.8410884752868351,0.8017718715393134,0.8007072287507722,0.9587378640776699,0.7091561938958707,0.9508670520231214,395,329,17,162,66,334,0.8023952095808383,0.45625692137320045,False,False,False,False
final_all_training,inner_development,sigmoid,0.8417030692747767,0.8006644518272426,0.7996262253693367,0.9586374695863747,0.7073608617594255,0.9508670520231214,394,329,17,163,66,334,0.8023952095808383,0.45514950166112955,False,False,False,False
final_all_training,inner_development,sigmoid,0.8426446570127051,0.7995570321151716,0.7985450744657117,0.9585365853658536,0.7055655296229802,0.9508670520231214,393,329,17,164,67,334,0.7994011976047904,0.4540420819490587,False,False,False,False
final_all_training,inner_development,sigmoid,0.844156123562181,0.7984496124031008,0.797463768115942,0.9584352078239609,0.703770197486535,0.9508670520231214,392,329,17,165,67,334,0.7994011976047904,0.4529346622369878,False,False,False,False
final_all_training,inner_development,sigmoid,0.8446580208489869,0.7973421926910299,0.7963822983987727,0.9583333333333334,0.7019748653500898,0.9508670520231214,391,329,17,166,68,334,0.7964071856287425,0.45182724252491696,False,False,False,False
final_all_training,inner_development,sigmoid,0.8462460364899471,0.7962347729789591,0.7953006573954524,0.9582309582309583,0.7001795332136446,0.9508670520231214,390,329,17,167,68,334,0.7964071856287425,0.45071982281284606,False,False,False,False
final_all_training,inner_development,sigmoid,0.8468854422464035,0.7951273532668881,0.794218837189536,0.958128078817734,0.6983842010771992,0.9508670520231214,389,329,17,168,69,334,0.7934131736526946,0.4496124031007752,False,False,False,False
final_all_training,inner_development,sigmoid,0.8470582612302875,0.7962347729789591,0.7953611650294115,0.9604938271604938,0.6983842010771992,0.953757225433526,389,330,16,168,69,334,0.7934131736526946,0.4485049833887043,False,False,False,False
final_all_training,inner_development,sigmoid,0.8471945117704521,0.7951273532668881,0.7942786421934744,0.9603960396039604,0.696588868940754,0.953757225433526,388,330,16,169,70,334,0.7904191616766467,0.44739756367663347,False,False,False,False
final_all_training,inner_development,sigmoid,0.8495514395055858,0.7940199335548173,0.7931959219858156,0.9602977667493796,0.6947935368043088,0.953757225433526,387,330,16,170,71,334,0.7874251497005988,0.44629014396456257,False,False,False,False
final_all_training,inner_development,sigmoid,0.8502725862274627,0.7929125138427464,0.7921129964925586,0.9601990049751243,0.6929982046678635,0.953757225433526,386,330,16,171,71,334,0.7874251497005988,0.44518272425249167,False,False,False,False
final_all_training,inner_development,sigmoid,0.8520489701391104,0.7918050941306756,0.7910298578012369,0.9600997506234414,0.6912028725314183,0.953757225433526,385,330,16,172,72,334,0.7844311377245509,0.4440753045404208,False,False,False,False
final_all_training,inner_development,sigmoid,0.8526594765810578,0.7906976744186046,0.7899464980005981,0.96,0.6894075403949731,0.953757225433526,384,330,16,173,72,334,0.7844311377245509,0.4429678848283499,False,False,False,False
final_all_training,inner_development,sigmoid,0.8535944568031127,0.7895902547065338,0.7888629091804086,0.9598997493734336,0.6876122082585279,0.953757225433526,383,330,16,174,73,334,0.781437125748503,0.4418604651162791,False,False,False,False
final_all_training,inner_development,sigmoid,0.8541290397488576,0.7884828349944629,0.7877790834312574,0.9597989949748744,0.6858168761220825,0.953757225433526,382,330,16,175,73,334,0.781437125748503,0.4407530454042082,False,False,False,False
final_all_training,inner_development,sigmoid,0.8545607009498174,0.7873754152823921,0.7866950128443617,0.9596977329974811,0.6840215439856373,0.953757225433526,381,330,16,176,73,334,0.781437125748503,0.43964562569213733,False,False,False,False
final_all_training,inner_development,sigmoid,0.8556327182716031,0.7862679955703211,0.7856106895113721,0.9595959595959596,0.6822262118491921,0.953757225433526,380,330,16,177,73,334,0.781437125748503,0.43853820598006643,False,False,False,False
final_all_training,inner_development,sigmoid,0.8559641754036181,0.7851605758582503,0.7845261055241768,0.959493670886076,0.6804308797127468,0.953757225433526,379,330,16,178,73,334,0.781437125748503,0.4374307862679956,False,False,False,False
final_all_training,inner_development,sigmoid,0.8566976145659964,0.7840531561461794,0.7834412529747081,0.9593908629441624,0.6786355475763016,0.953757225433526,378,330,16,179,73,334,0.781437125748503,0.4363233665559247,False,False,False,False
final_all_training,inner_development,sigmoid,0.858011918129448,0.7829457364341085,0.7823561239547467,0.9592875318066157,0.6768402154398564,0.953757225433526,377,330,16,180,74,334,0.7784431137724551,0.43521594684385384,False,False,False,False
final_all_training,inner_development,sigmoid,0.8586297654664848,0.7818383167220376,0.7812707105557284,0.9591836734693877,0.6750448833034112,0.953757225433526,376,330,16,181,74,334,0.7784431137724551,0.43410852713178294,False,False,False,False
final_all_training,inner_development,sigmoid,0.8592817056474905,0.7807308970099668,0.7801850048685492,0.959079283887468,0.6732495511669659,0.953757225433526,375,330,16,182,74,334,0.7784431137724551,0.4330011074197121,False,False,False,False
final_all_training,inner_development,sigmoid,0.8597280737309687,0.7796234772978959,0.7790989989833713,0.958974358974359,0.6714542190305206,0.953757225433526,374,330,16,183,74,334,0.7784431137724551,0.4318936877076412,False,False,False,False
final_all_training,inner_development,sigmoid,0.8598662175626522,0.778516057585825,0.7780126849894292,0.9588688946015425,0.6696588868940754,0.953757225433526,373,330,16,184,74,334,0.7784431137724551,0.43078626799557035,False,False,False,False
final_all_training,inner_development,sigmoid,0.8602237780062547,0.7774086378737541,0.7769260549748355,0.9587628865979382,0.6678635547576302,0.953757225433526,372,330,16,185,74,334,0.7784431137724551,0.42967884828349945,False,False,False,False
final_all_training,inner_development,sigmoid,0.8604233075281656,0.7763012181616833,0.7758391010263872,0.958656330749354,0.6660682226211849,0.953757225433526,371,330,16,186,74,334,0.7784431137724551,0.42857142857142855,False,False,False,False
final_all_training,inner_development,sigmoid,0.861084241725853,0.7751937984496124,0.774751815229372,0.9585492227979274,0.6642728904847397,0.953757225433526,370,330,16,187,75,334,0.7754491017964071,0.4274640088593577,False,False,False,False
final_all_training,inner_development,sigmoid,0.8615229560429507,0.7740863787375415,0.7736641896673744,0.9584415584415584,0.6624775583482945,0.953757225433526,369,330,16,188,76,334,0.7724550898203593,0.4263565891472868,False,False,False,False
final_all_training,inner_development,sigmoid,0.8632726564927049,0.7729789590254706,0.772576216422082,0.9583333333333334,0.6606822262118492,0.953757225433526,368,330,16,189,77,334,0.7694610778443114,0.42524916943521596,False,False,False,False
final_all_training,inner_development,sigmoid,0.8635362040529398,0.7718715393133998,0.7714878875730922,0.95822454308094,0.6588868940754039,0.953757225433526,367,330,16,190,77,334,0.7694610778443114,0.42414174972314506,False,False,False,False
final_all_training,inner_development,sigmoid,0.8665721830165937,0.770764119601329,0.7703991951977183,0.9581151832460733,0.6570915619389587,0.953757225433526,366,330,16,191,78,334,0.7664670658682635,0.4230343300110742,False,False,False,False
final_all_training,inner_development,sigmoid,0.8681129780135216,0.769656699889258,0.7693101313707957,0.958005249343832,0.6552962298025135,0.953757225433526,365,330,16,192,79,334,0.7634730538922155,0.4219269102990033,False,False,False,False
final_all_training,inner_development,sigmoid,0.8684076596353792,0.7685492801771872,0.7682206881644895,0.9578947368421052,0.6535008976660682,0.953757225433526,364,330,16,193,80,334,0.7604790419161677,0.42081949058693247,False,False,False,False
final_all_training,inner_development,sigmoid,0.8706755665287295,0.769656699889258,0.7693486590038314,0.9604221635883905,0.6535008976660682,0.9566473988439307,364,331,15,193,80,334,0.7604790419161677,0.41971207087486156,False,False,False,False
final_all_training,inner_development,sigmoid,0.8716441181437077,0.7685492801771872,0.7682582562301614,0.9603174603174603,0.651705565529623,0.9566473988439307,363,331,15,194,80,334,0.7604790419161677,0.4186046511627907,False,False,False,False
final_all_training,inner_development,sigmoid,0.8728799938884854,0.7663344407530454,0.7660762496178679,0.9601063829787234,0.6481149012567325,0.9566473988439307,361,331,15,196,80,334,0.7604790419161677,0.416389811738649,False,False,False,False
final_all_training,inner_development,sigmoid,0.8741851391683028,0.7652270210409745,0.7649846298897084,0.96,0.6463195691202872,0.9566473988439307,360,331,15,197,81,334,0.7574850299401198,0.4152823920265781,False,False,False,False
final_all_training,inner_development,sigmoid,0.874272715179751,0.7641196013289037,0.7638925886143931,0.9598930481283422,0.644524236983842,0.9566473988439307,359,331,15,198,82,334,0.7544910179640718,0.4141749723145072,False,False,False,False
final_all_training,inner_development,sigmoid,0.8748179369442818,0.7630121816168328,0.7628001178376786,0.9597855227882037,0.6427289048473968,0.9566473988439307,358,331,15,199,83,334,0.7514970059880239,0.4130675526024363,False,False,False,False
final_all_training,inner_development,sigmoid,0.8749613307419943,0.7619047619047619,0.7617072096011823,0.9596774193548387,0.6409335727109515,0.9566473988439307,357,331,15,200,83,334,0.7514970059880239,0.4119601328903654,False,False,False,False
final_all_training,inner_development,sigmoid,0.8757254196117,0.7630121816168328,0.7628303943130941,0.9622641509433962,0.6409335727109515,0.9595375722543352,357,332,14,200,83,334,0.7514970059880239,0.4108527131782946,False,False,False,False
final_all_training,inner_development,sigmoid,0.8770889960937998,0.7619047619047619,0.7617364539727772,0.9621621621621622,0.6391382405745063,0.9595375722543352,356,332,14,201,84,334,0.7485029940119761,0.4097452934662237,False,False,False,False
final_all_training,inner_development,sigmoid,0.87812212537772,0.760797342192691,0.7606420577262909,0.962059620596206,0.6373429084380611,0.9595375722543352,355,332,14,202,84,334,0.7485029940119761,0.40863787375415284,False,False,False,False
final_all_training,inner_development,sigmoid,0.8798894159195485,0.7596899224806202,0.7595471975948707,0.9619565217391305,0.6355475763016158,0.9595375722543352,354,332,14,203,85,334,0.7455089820359282,0.40753045404208194,False,False,False,False
final_all_training,inner_development,sigmoid,0.8807034595148018,0.7585825027685493,0.7584518655947228,0.9618528610354223,0.6337522441651705,0.9595375722543352,353,332,14,204,86,334,0.7425149700598802,0.4064230343300111,False,False,False,False
final_all_training,inner_development,sigmoid,0.8808603447701949,0.7596899224806202,0.7595719801867219,0.9644808743169399,0.6337522441651705,0.9624277456647399,353,333,13,204,86,334,0.7425149700598802,0.4053156146179402,False,False,False,False
final_all_training,inner_development,sigmoid,0.8810544013175408,0.760797342192691,0.7606913948626339,0.9671232876712329,0.6337522441651705,0.9653179190751445,353,334,12,204,86,334,0.7425149700598802,0.40420819490586934,False,False,False,False
final_all_training,inner_development,sigmoid,0.8814163131314119,0.7596899224806202,0.7595943981302564,0.967032967032967,0.6319569120287253,0.9653179190751445,352,334,12,205,87,334,0.7395209580838323,0.40310077519379844,False,False,False,False
final_all_training,inner_development,sigmoid,0.8845129572424829,0.7585825027685493,0.7584969084306605,0.9669421487603306,0.63016157989228,0.9653179190751445,351,334,12,206,88,334,0.7365269461077845,0.4019933554817276,False,False,False,False
final_all_training,inner_development,sigmoid,0.8847900613199935,0.7574750830564784,0.7573989177491833,0.9668508287292817,0.6283662477558348,0.9653179190751445,350,334,12,207,89,334,0.7335329341317365,0.4008859357696567,False,False,False,False
final_all_training,inner_development,sigmoid,0.8878921935599601,0.7563676633444075,0.7563004180651239,0.9667590027700831,0.6265709156193896,0.9653179190751445,349,334,12,208,89,334,0.7335329341317365,0.3997785160575858,False,False,False,False
final_all_training,inner_development,sigmoid,0.8882192958511812,0.7552602436323367,0.7552014013515487,0.9666666666666667,0.6247755834829444,0.9653179190751445,348,334,12,209,90,334,0.7305389221556886,0.39867109634551495,False,False,False,False
final_all_training,inner_development,sigmoid,0.8890595446103459,0.7563676633444075,0.756317158137481,0.9693593314763231,0.6247755834829444,0.9682080924855492,348,335,11,209,90,334,0.7305389221556886,0.39756367663344405,False,False,False,False
final_all_training,inner_development,sigmoid,0.8890818177843498,0.7574750830564784,0.7574322459568361,0.9720670391061452,0.6247755834829444,0.9710982658959537,348,336,10,209,90,334,0.7305389221556886,0.3964562569213732,False,False,False,False
final_all_training,inner_development,sigmoid,0.8911661844923261,0.7563676633444075,0.7563315049405854,0.9719887955182073,0.6229802513464991,0.9710982658959537,347,336,10,210,90,334,0.7305389221556886,0.3953488372093023,False,False,False,False
final_all_training,inner_development,sigmoid,0.8913572593237422,0.7552602436323367,0.7552302255954491,0.9719101123595506,0.6211849192100538,0.9710982658959537,346,336,10,211,91,334,0.7275449101796407,0.39424141749723146,False,False,False,False
final_all_training,inner_development,sigmoid,0.8932255871148639,0.7541528239202658,0.7541283998587072,0.971830985915493,0.6193895870736086,0.9710982658959537,345,336,10,212,91,334,0.7275449101796407,0.39313399778516056,False,False,False,False
final_all_training,inner_development,sigmoid,0.8939818523368663,0.7530454042081949,0.7530260196603892,0.9717514124293786,0.6175942549371634,0.9710982658959537,344,336,10,213,91,334,0.7275449101796407,0.3920265780730897,False,False,False,False
final_all_training,inner_development,sigmoid,0.8953543137465851,0.751937984496124,0.7519230769230769,0.9716713881019831,0.6157989228007181,0.9710982658959537,343,336,10,214,92,334,0.7245508982035929,0.3909191583610188,False,False,False,False
final_all_training,inner_development,sigmoid,0.895473344140229,0.7508305647840532,0.7508195635617073,0.9715909090909091,0.6140035906642729,0.9710982658959537,342,336,10,215,93,334,0.7215568862275449,0.38981173864894797,False,False,False,False
final_all_training,inner_development,sigmoid,0.8968445497553508,0.7497231450719822,0.7497154714833747,0.9715099715099715,0.6122082585278277,0.9710982658959537,341,336,10,216,93,334,0.7215568862275449,0.38870431893687707,False,False,False,False
final_all_training,inner_development,sigmoid,0.8986318239470148,0.7508305647840532,0.7508256754718277,0.9742857142857143,0.6122082585278277,0.9739884393063584,341,337,9,216,93,334,0.7215568862275449,0.3875968992248062,False,False,False,False
final_all_training,inner_development,sigmoid,0.9013326603107604,0.7497231450719822,0.74972038263429,0.9742120343839542,0.6104129263913824,0.9739884393063584,340,337,9,217,93,334,0.7215568862275449,0.3864894795127353,False,False,False,False
final_all_training,inner_development,sigmoid,0.902839094611159,0.7486157253599114,0.7486144921848652,0.9741379310344828,0.6086175942549371,0.9739884393063584,339,337,9,218,94,334,0.718562874251497,0.3853820598006645,False,False,False,False
final_all_training,inner_development,sigmoid,0.9030911190226943,0.7475083056478405,0.7475079959970959,0.9740634005763689,0.6068222621184919,0.9739884393063584,338,337,9,219,95,334,0.7155688622754491,0.3842746400885936,False,False,False,False
final_all_training,inner_development,sigmoid,0.90369380464769,0.7464008859357697,0.7464008859357697,0.9739884393063584,0.6050269299820467,0.9739884393063584,337,337,9,220,95,334,0.7155688622754491,0.3831672203765227,False,False,False,False
final_all_training,inner_development,sigmoid,0.9045075076453343,0.7452934662236987,0.7452931538567196,0.9739130434782609,0.6032315978456014,0.9739884393063584,336,337,9,221,95,334,0.7155688622754491,0.38205980066445183,False,False,False,False
final_all_training,inner_development,sigmoid,0.9050985882792795,0.7441860465116279,0.7441847916066249,0.9738372093023255,0.6014362657091562,0.9739884393063584,335,337,9,222,96,334,0.7125748502994012,0.38095238095238093,False,False,False,False
final_all_training,inner_development,sigmoid,0.9081319295321068,0.743078626799557,0.743075791022811,0.9737609329446064,0.599640933572711,0.9739884393063584,334,337,9,223,96,334,0.7125748502994012,0.3798449612403101,False,False,False,False
final_all_training,inner_development,sigmoid,0.9082881472697467,0.7419712070874862,0.7419661439330483,0.9736842105263158,0.5978456014362658,0.9739884393063584,333,337,9,224,96,334,0.7125748502994012,0.3787375415282392,False,False,False,False
final_all_training,inner_development,sigmoid,0.9086650894458929,0.7408637873754153,0.7408558421553526,0.9736070381231672,0.5960502692998204,0.9739884393063584,332,337,9,225,96,334,0.7125748502994012,0.37763012181616834,False,False,False,False
final_all_training,inner_development,sigmoid,0.9087433952464995,0.7397563676633444,0.7397448774977833,0.9735294117647059,0.5942549371633752,0.9739884393063584,331,337,9,226,96,334,0.7125748502994012,0.37652270210409744,False,False,False,False
final_all_training,inner_development,sigmoid,0.9095217669546809,0.7386489479512736,0.7386332417582417,0.9734513274336283,0.59245960502693,0.9739884393063584,330,337,9,227,97,334,0.7095808383233533,0.3754152823920266,False,False,False,False
final_all_training,inner_development,sigmoid,0.911259606793104,0.7375415282392026,0.7375209267242702,0.9733727810650887,0.5906642728904847,0.9739884393063584,329,337,9,228,98,334,0.7065868263473054,0.3743078626799557,False,False,False,False
final_all_training,inner_development,sigmoid,0.9131244453786724,0.7364341085271318,0.7364079241728483,0.973293768545994,0.5888689407540395,0.9739884393063584,328,337,9,229,99,334,0.7035928143712575,0.37320044296788485,False,False,False,False
final_all_training,inner_development,sigmoid,0.9136513602831051,0.7353266888150609,0.7352942258701916,0.9732142857142857,0.5870736086175943,0.9739884393063584,327,337,9,230,99,334,0.7035928143712575,0.37209302325581395,False,False,False,False
final_all_training,inner_development,sigmoid,0.9148529485099918,0.7342192691029901,0.7341798235715478,0.9731343283582089,0.585278276481149,0.9739884393063584,326,337,9,231,99,334,0.7035928143712575,0.3709856035437431,False,False,False,False
final_all_training,inner_development,sigmoid,0.9149081978040747,0.7331118493909191,0.7330647090209932,0.9730538922155688,0.5834829443447038,0.9739884393063584,325,337,9,232,99,334,0.7035928143712575,0.3698781838316722,False,False,False,False
final_all_training,inner_development,sigmoid,0.9150904648593511,0.7320044296788483,0.7319488739512291,0.972972972972973,0.5816876122082585,0.9739884393063584,324,337,9,233,100,334,0.7005988023952096,0.3687707641196013,False,False,False,False
final_all_training,inner_development,sigmoid,0.9157885118867612,0.7308970099667774,0.7308323100833769,0.9728915662650602,0.5798922800718133,0.9739884393063584,323,337,9,234,100,334,0.7005988023952096,0.36766334440753046,False,False,False,False
final_all_training,inner_development,sigmoid,0.9168773809500695,0.7320044296788483,0.7319304598716363,0.9758308157099698,0.5798922800718133,0.976878612716763,323,338,8,234,100,334,0.7005988023952096,0.36655592469545956,False,False,False,False
final_all_training,inner_development,sigmoid,0.9172080245380533,0.7308970099667774,0.730812497776491,0.9757575757575757,0.578096947935368,0.976878612716763,322,338,8,235,100,334,0.7005988023952096,0.3654485049833887,False,False,False,False
final_all_training,inner_development,sigmoid,0.9172368587677809,0.7297895902547066,0.7296937874178036,0.9756838905775076,0.5763016157989228,0.976878612716763,321,338,8,236,101,334,0.6976047904191617,0.3643410852713178,False,False,False,False
final_all_training,inner_development,sigmoid,0.9174190399094405,0.7286821705426356,0.7285743204696442,0.975609756097561,0.5745062836624776,0.976878612716763,320,338,8,237,102,334,0.6946107784431138,0.36323366555924697,False,False,False,False
final_all_training,inner_development,sigmoid,0.9180978124512819,0.7275747508305648,0.7274540885935552,0.9755351681957186,0.5727109515260324,0.976878612716763,319,338,8,238,103,334,0.6916167664670658,0.36212624584717606,False,False,False,False
final_all_training,inner_development,sigmoid,0.918533153302655,0.7264673311184939,0.7263330834383424,0.9754601226993865,0.5709156193895871,0.976878612716763,318,338,8,239,104,334,0.688622754491018,0.3610188261351052,False,False,False,False
final_all_training,inner_development,sigmoid,0.9190172244607574,0.7253599114064231,0.725211296639868,0.9753846153846154,0.5691202872531418,0.976878612716763,317,338,8,240,105,334,0.6856287425149701,0.3599114064230343,False,False,False,False
final_all_training,inner_development,sigmoid,0.92007961497126,0.7242524916943521,0.7240887198208423,0.9753086419753086,0.5673249551166966,0.976878612716763,316,338,8,241,106,334,0.6826347305389222,0.3588039867109635,False,False,False,False
final_all_training,inner_development,sigmoid,0.9202918205948368,0.7231450719822813,0.7229653445906146,0.9752321981424149,0.5655296229802513,0.976878612716763,315,338,8,242,107,334,0.6796407185628742,0.3576965669988926,False,False,False,False
final_all_training,inner_development,sigmoid,0.9211062310664798,0.7220376522702104,0.7218411625449632,0.9751552795031055,0.5637342908438061,0.976878612716763,314,338,8,243,108,334,0.6766467065868264,0.35658914728682173,False,False,False,False
final_all_training,inner_development,sigmoid,0.9232197620809369,0.7209302325581395,0.7207161652658864,0.9750778816199377,0.5619389587073609,0.976878612716763,313,338,8,244,109,334,0.6736526946107785,0.3554817275747508,False,False,False,False
final_all_training,inner_development,sigmoid,0.9232252320058258,0.7198228128460686,0.7195903443213911,0.975,0.5601436265709157,0.976878612716763,312,338,8,245,110,334,0.6706586826347305,0.35437430786268,False,False,False,False
final_all_training,inner_development,sigmoid,0.9245735835525485,0.7187153931339978,0.7184636912652821,0.9749216300940439,0.5583482944344704,0.976878612716763,311,338,8,246,110,334,0.6706586826347305,0.3532668881506091,False,False,False,False
final_all_training,inner_development,sigmoid,0.9249713183742636,0.717607973421927,0.7173361976369494,0.9748427672955975,0.5565529622980251,0.976878612716763,310,338,8,247,111,334,0.6676646706586826,0.3521594684385382,False,False,False,False
final_all_training,inner_development,sigmoid,0.9250132999470055,0.716500553709856,0.7162078549611574,0.9747634069400631,0.5547576301615799,0.976878612716763,309,338,8,248,111,334,0.6676646706586826,0.35105204872646734,False,False,False,False
final_all_training,inner_development,sigmoid,0.9254174376517796,0.7153931339977851,0.7150786547478297,0.9746835443037974,0.5529622980251346,0.976878612716763,308,338,8,249,111,334,0.6676646706586826,0.34994462901439644,False,False,False,False
final_all_training,inner_development,sigmoid,0.9264758882721204,0.7142857142857143,0.7139485884918375,0.9746031746031746,0.5511669658886894,0.976878612716763,307,338,8,250,112,334,0.6646706586826348,0.3488372093023256,False,False,False,False
final_all_training,inner_development,sigmoid,0.9265435309811846,0.7131782945736435,0.7128176476727838,0.9745222929936306,0.5493716337522442,0.976878612716763,306,338,8,251,112,334,0.6646706586826348,0.3477297895902547,False,False,False,False
final_all_training,inner_development,sigmoid,0.9266704005983409,0.7120708748615725,0.7116858237547893,0.9744408945686901,0.547576301615799,0.976878612716763,305,338,8,252,113,334,0.6616766467065869,0.34662236987818384,False,False,False,False
final_all_training,inner_development,sigmoid,0.9270123647827028,0.7109634551495017,0.7105531081862763,0.9743589743589743,0.5457809694793537,0.976878612716763,304,338,8,253,113,334,0.6616766467065869,0.34551495016611294,False,False,False,False
final_all_training,inner_development,sigmoid,0.9271689765112364,0.7098560354374308,0.7094194923997523,0.9742765273311897,0.5439856373429084,0.976878612716763,303,338,8,254,114,334,0.6586826347305389,0.3444075304540421,False,False,False,False
final_all_training,inner_development,sigmoid,0.9272883378044543,0.70874861572536,0.7082849678115937,0.9741935483870968,0.5421903052064632,0.976878612716763,302,338,8,255,114,334,0.6586826347305389,0.3433001107419712,False,False,False,False
final_all_training,inner_development,sigmoid,0.9290297868122714,0.7098560354374308,0.7093680900201464,0.9773462783171522,0.5421903052064632,0.9797687861271677,302,339,7,255,114,334,0.6586826347305389,0.34219269102990035,False,False,False,False
final_all_training,inner_development,sigmoid,0.9290818202945134,0.70874861572536,0.7082319264341832,0.9772727272727273,0.5403949730700179,0.9797687861271677,301,339,7,256,115,334,0.655688622754491,0.34108527131782945,False,False,False,False
final_all_training,inner_development,sigmoid,0.9292546922267423,0.707641196013289,0.7070948336871903,0.9771986970684039,0.5385996409335727,0.9797687861271677,300,339,7,257,116,334,0.6526946107784432,0.3399778516057586,False,False,False,False
final_all_training,inner_development,sigmoid,0.9294095041754599,0.7065337763012182,0.7059568031319389,0.9771241830065359,0.5368043087971275,0.9797687861271677,299,339,7,258,117,334,0.6497005988023952,0.3388704318936877,False,False,False,False
final_all_training,inner_development,sigmoid,0.9296906274679859,0.7054263565891473,0.7048178261040544,0.9770491803278688,0.5350089766606823,0.9797687861271677,298,339,7,259,118,334,0.6467065868263473,0.3377630121816168,False,False,False,False
final_all_training,inner_development,sigmoid,0.930100290428006,0.7043189368770764,0.7036778939217964,0.9769736842105263,0.533213644524237,0.9797687861271677,297,339,7,260,119,334,0.6437125748502994,0.33665559246954596,False,False,False,False
final_all_training,inner_development,sigmoid,0.9303009687396542,0.7032115171650055,0.7025369978858351,0.976897689768977,0.5314183123877917,0.9797687861271677,296,339,7,261,120,334,0.6407185628742516,0.33554817275747506,False,False,False,False
final_all_training,inner_development,sigmoid,0.9308897105478064,0.7021040974529347,0.7013951292790295,0.9768211920529801,0.5296229802513465,0.9797687861271677,295,339,7,262,121,334,0.6377245508982036,0.3344407530454042,False,False,False,False
final_all_training,inner_development,sigmoid,0.9309219698279054,0.7009966777408638,0.7002522793662034,0.9767441860465116,0.5278276481149012,0.9797687861271677,294,339,7,263,122,334,0.6347305389221557,0.3333333333333333,False,False,False,False
final_all_training,inner_development,sigmoid,0.931079887436447,0.6998892580287929,0.6991084393939209,0.9766666666666667,0.526032315978456,0.9797687861271677,293,339,7,264,123,334,0.6317365269461078,0.33222591362126247,False,False,False,False
final_all_training,inner_development,sigmoid,0.9312896274636234,0.698781838316722,0.6979636005902607,0.9765886287625418,0.5242369838420108,0.9797687861271677,292,339,7,265,124,334,0.6287425149700598,0.33111849390919157,False,False,False,False
final_all_training,inner_development,sigmoid,0.9319147272938,0.6976744186046512,0.6968177541645912,0.9765100671140939,0.5224416517055656,0.9797687861271677,291,339,7,266,124,334,0.6287425149700598,0.3300110741971207,False,False,False,False
final_all_training,inner_development,sigmoid,0.9326039913316361,0.6965669988925803,0.6956708913073426,0.9764309764309764,0.5206463195691203,0.9797687861271677,290,339,7,267,125,334,0.625748502994012,0.3289036544850498,False,False,False,False
final_all_training,inner_development,sigmoid,0.9335936059239861,0.6954595791805094,0.6945230031897789,0.9763513513513513,0.518850987432675,0.9797687861271677,289,339,7,268,125,334,0.625748502994012,0.327796234772979,False,False,False,False
final_all_training,inner_development,sigmoid,0.9340450045245333,0.6943521594684385,0.6933740809637701,0.976271186440678,0.5170556552962298,0.9797687861271677,288,339,7,269,125,334,0.625748502994012,0.3266888150609081,False,False,False,False
final_all_training,inner_development,sigmoid,0.9340513355320283,0.6954595791805094,0.6944463243120198,0.9795918367346939,0.5170556552962298,0.9826589595375722,288,340,6,269,125,334,0.625748502994012,0.32558139534883723,False,False,False,False
final_all_training,inner_development,sigmoid,0.934461060218171,0.6943521594684385,0.693295594388383,0.9795221843003413,0.5152603231597845,0.9826589595375722,287,340,6,270,126,334,0.6227544910179641,0.32447397563676633,False,False,False,False
final_all_training,inner_development,sigmoid,0.9347904254192668,0.6932447397563677,0.6921438092389719,0.9794520547945206,0.5134649910233393,0.9826589595375722,286,340,6,271,126,334,0.6227544910179641,0.3233665559246955,False,False,False,False
final_all_training,inner_development,sigmoid,0.9352228415761307,0.6921373200442967,0.6909909599401268,0.979381443298969,0.5116696588868941,0.9826589595375722,285,340,6,272,127,334,0.6197604790419161,0.3222591362126246,False,False,False,False
final_all_training,inner_development,sigmoid,0.935367880431181,0.6910299003322259,0.689837037547721,0.9793103448275862,0.5098743267504489,0.9826589595375722,284,340,6,273,128,334,0.6167664670658682,0.3211517165005537,False,False,False,False
final_all_training,inner_development,sigmoid,0.9355747171346034,0.689922480620155,0.6886820330969268,0.9792387543252595,0.5080789946140036,0.9826589595375722,283,340,6,274,129,334,0.6137724550898204,0.32004429678848284,False,False,False,False
final_all_training,inner_development,sigmoid,0.9356952709843183,0.6888150609080842,0.6875259376019802,0.9791666666666666,0.5062836624775583,0.9826589595375722,282,340,6,275,129,334,0.6137724550898204,0.31893687707641194,False,False,False,False
final_all_training,inner_development,sigmoid,0.9358298414983225,0.6877076411960132,0.6863687420559459,0.9790940766550522,0.5044883303411131,0.9826589595375722,281,340,6,276,129,334,0.6137724550898204,0.3178294573643411,False,False,False,False
final_all_training,inner_development,sigmoid,0.9358553576969283,0.6866002214839424,0.6852104374304793,0.9790209790209791,0.5026929982046678,0.9826589595375722,280,340,6,277,129,334,0.6137724550898204,0.3167220376522702,False,False,False,False
final_all_training,inner_development,sigmoid,0.9358805366194277,0.6854928017718716,0.6840510146755896,0.9789473684210527,0.5008976660682226,0.9826589595375722,279,340,6,278,129,334,0.6137724550898204,0.31561461794019935,False,False,False,False
final_all_training,inner_development,sigmoid,0.935985837105974,0.6843853820598007,0.6828904647194001,0.9788732394366197,0.4991023339317774,0.9826589595375722,278,340,6,279,129,334,0.6137724550898204,0.31450719822812845,False,False,False,False
final_all_training,inner_development,sigmoid,0.9360929856594964,0.6832779623477298,0.6817287784679089,0.9787985865724381,0.49730700179533216,0.9826589595375722,277,340,6,280,129,334,0.6137724550898204,0.3133997785160576,False,False,False,False
final_all_training,inner_development,sigmoid,0.9372501348498166,0.6821705426356589,0.6805659468047474,0.9787234042553191,0.4955116696588869,0.9826589595375722,276,340,6,281,130,334,0.6107784431137725,0.3122923588039867,False,False,False,False
final_all_training,inner_development,sigmoid,0.9377257203038821,0.6810631229235881,0.6794019605909387,0.9786476868327402,0.49371633752244165,0.9826589595375722,275,340,6,282,131,334,0.6077844311377245,0.31118493909191586,False,False,False,False
final_all_training,inner_development,sigmoid,0.9385841502473279,0.6821705426356589,0.6804635455389475,0.9821428571428571,0.49371633752244165,0.9855491329479769,275,341,5,282,131,334,0.6077844311377245,0.31007751937984496,False,False,False,False
final_all_training,inner_development,sigmoid,0.9386400090514239,0.6810631229235881,0.6792975879248261,0.982078853046595,0.4919210053859964,0.9855491329479769,274,341,5,283,132,334,0.6047904191616766,0.3089700996677741,False,False,False,False
final_all_training,inner_development,sigmoid,0.9387094771851455,0.6799557032115172,0.6781304538194466,0.9820143884892086,0.49012567324955114,0.9855491329479769,273,341,5,284,132,334,0.6047904191616766,0.3078626799557032,False,False,False,False
final_all_training,inner_development,sigmoid,0.9389557858402265,0.6788482834994463,0.6769621339965065,0.9819494584837545,0.4883303411131059,0.9855491329479769,272,341,5,285,133,334,0.6017964071856288,0.3067552602436323,False,False,False,False
final_all_training,inner_development,sigmoid,0.9391263649118429,0.6777408637873754,0.6757926192059558,0.9818840579710145,0.4865350089766607,0.9855491329479769,271,341,5,286,134,334,0.5988023952095808,0.30564784053156147,False,False,False,False
final_all_training,inner_development,sigmoid,0.9391993946860767,0.6766334440753046,0.6746219001737482,0.9818181818181818,0.48473967684021546,0.9855491329479769,270,341,5,287,135,334,0.5958083832335329,0.30454042081949056,False,False,False,False
final_all_training,inner_development,sigmoid,0.9392118440901142,0.6755260243632336,0.6734499676015921,0.9817518248175182,0.4829443447037702,0.9855491329479769,269,341,5,288,135,334,0.5958083832335329,0.3034330011074197,False,False,False,False
final_all_training,inner_development,sigmoid,0.9393736206370363,0.6744186046511628,0.6722768121666995,0.9816849816849816,0.48114901256732495,0.9855491329479769,268,341,5,289,136,334,0.592814371257485,0.3023255813953488,False,False,False,False
final_all_training,inner_development,sigmoid,0.9397548237147367,0.6733111849390919,0.6711024245215345,0.9816176470588235,0.4793536804308797,0.9855491329479769,267,341,5,290,137,334,0.5898203592814372,0.301218161683278,False,False,False,False
final_all_training,inner_development,sigmoid,0.9399993016565232,0.6722037652270211,0.6699267952935597,0.981549815498155,0.47755834829443444,0.9855491329479769,266,341,5,291,137,334,0.5898203592814372,0.3001107419712071,False,False,False,False
final_all_training,inner_development,sigmoid,0.9403327919903837,0.6710963455149501,0.6687499150849829,0.9814814814814815,0.4757630161579892,0.9855491329479769,265,341,5,292,137,334,0.5898203592814372,0.29900332225913623,False,False,False,False
final_all_training,inner_development,sigmoid,0.9409617377642638,0.6699889258028793,0.6675717744725009,0.9814126394052045,0.473967684021544,0.9855491329479769,264,341,5,293,137,334,0.5898203592814372,0.2978959025470653,False,False,False,False
final_all_training,inner_development,sigmoid,0.94124148564229,0.6710963455149501,0.6686238532110091,0.9850746268656716,0.473967684021544,0.9884393063583815,264,342,4,293,137,334,0.5898203592814372,0.2967884828349945,False,False,False,False
final_all_training,inner_development,sigmoid,0.9412525668528996,0.6722037652270211,0.669675518557333,0.9887640449438202,0.473967684021544,0.9913294797687862,264,343,3,293,137,334,0.5898203592814372,0.2956810631229236,False,False,False,False
final_all_training,inner_development,sigmoid,0.9413905751230537,0.6710963455149501,0.6684944172438132,0.9887218045112782,0.47217235188509876,0.9913294797687862,263,343,3,294,138,334,0.5868263473053892,0.29457364341085274,False,False,False,False
final_all_training,inner_development,sigmoid,0.9416333145919105,0.6699889258028793,0.6673120289597056,0.9886792452830189,0.4703770197486535,0.9913294797687862,262,343,3,295,139,334,0.5838323353293413,0.29346622369878184,False,False,False,False
final_all_training,inner_development,sigmoid,0.9419884015468547,0.6688815060908084,0.6661283441636732,0.9886363636363636,0.46858168761220825,0.9913294797687862,261,343,3,296,140,334,0.5808383233532934,0.292358803986711,False,False,False,False
final_all_training,inner_development,sigmoid,0.9423088887236648,0.6677740863787376,0.6649433532874882,0.9885931558935361,0.466786355475763,0.9913294797687862,260,343,3,297,140,334,0.5808383233532934,0.2912513842746401,False,False,False,False
final_all_training,inner_development,sigmoid,0.9426550855515544,0.6666666666666666,0.6637570467357701,0.9885496183206107,0.4649910233393178,0.9913294797687862,259,343,3,298,140,334,0.5808383233532934,0.2901439645625692,False,False,False,False
final_all_training,inner_development,sigmoid,0.9427692324400597,0.6655592469545958,0.6625694148857191,0.9885057471264368,0.4631956912028725,0.9913294797687862,258,343,3,299,141,334,0.5778443113772455,0.28903654485049834,False,False,False,False
final_all_training,inner_development,sigmoid,0.942850427589778,0.6644518272425249,0.6613804480868501,0.9884615384615385,0.4614003590664273,0.9913294797687862,257,343,3,300,142,334,0.5748502994011976,0.28792912513842744,False,False,False,False
final_all_training,inner_development,sigmoid,0.9429074879661455,0.6633444075304541,0.6601901366607249,0.9884169884169884,0.45960502692998206,0.9913294797687862,256,343,3,301,143,334,0.5718562874251497,0.2868217054263566,False,False,False,False
final_all_training,inner_development,sigmoid,0.9434923119755253,0.6622369878183831,0.6589984709006829,0.9883720930232558,0.4578096947935368,0.9913294797687862,255,343,3,302,144,334,0.5688622754491018,0.2857142857142857,False,False,False,False
final_all_training,inner_development,sigmoid,0.9439304330164878,0.6611295681063123,0.6578054410715701,0.9883268482490273,0.45601436265709155,0.9913294797687862,254,343,3,303,145,334,0.5658682634730539,0.28460686600221485,False,False,False,False
final_all_training,inner_development,sigmoid,0.9444601102843709,0.6600221483942414,0.6566110374094678,0.98828125,0.4542190305206463,0.9913294797687862,253,343,3,304,145,334,0.5658682634730539,0.28349944629014395,False,False,False,False
final_all_training,inner_development,sigmoid,0.9444641770655644,0.6589147286821705,0.6554152501214181,0.9882352941176471,0.4524236983842011,0.9913294797687862,252,343,3,305,146,334,0.562874251497006,0.2823920265780731,False,False,False,False
final_all_training,inner_development,sigmoid,0.9447389530288867,0.6578073089700996,0.6542180693851501,0.9881889763779528,0.4506283662477558,0.9913294797687862,251,343,3,306,147,334,0.5598802395209581,0.2812846068660022,False,False,False,False
final_all_training,inner_development,sigmoid,0.9448427283591171,0.6566998892580288,0.6530194853488026,0.9881422924901185,0.4488330341113106,0.9913294797687862,250,343,3,307,148,334,0.5568862275449101,0.28017718715393136,False,False,False,False
final_all_training,inner_development,sigmoid,0.9453863840571171,0.655592469545958,0.6518194881306466,0.9880952380952381,0.44703770197486536,0.9913294797687862,249,343,3,308,149,334,0.5538922155688623,0.27906976744186046,False,False,False,False
final_all_training,inner_development,sigmoid,0.9472897309369532,0.654485049833887,0.6506180678188059,0.9880478087649402,0.4452423698384201,0.9913294797687862,248,343,3,309,150,334,0.5508982035928144,0.2779623477297896,False,False,False,False
final_all_training,inner_development,sigmoid,0.947365500065372,0.6533776301218162,0.6494152144709766,0.988,0.44344703770197486,0.9913294797687862,247,343,3,310,150,334,0.5508982035928144,0.2768549280177187,False,False,False,False
final_all_training,inner_development,sigmoid,0.9477541430562202,0.6522702104097453,0.648210918114144,0.9879518072289156,0.44165170556552963,0.9913294797687862,246,343,3,311,151,334,0.5479041916167665,0.2757475083056478,False,False,False,False
final_all_training,inner_development,sigmoid,0.9482745510853543,0.6511627906976745,0.6470051687442993,0.9879032258064516,0.4398563734290844,0.9913294797687862,245,343,3,312,152,334,0.5449101796407185,0.27464008859357697,False,False,False,False
final_all_training,inner_development,sigmoid,0.9485500994802991,0.6500553709856035,0.6457979563261537,0.9878542510121457,0.4380610412926391,0.9913294797687862,244,343,3,313,152,334,0.5449101796407185,0.27353266888150607,False,False,False,False
final_all_training,inner_development,sigmoid,0.9485813010878578,0.6489479512735327,0.6445892707928518,0.9878048780487805,0.4362657091561939,0.9913294797687862,243,343,3,314,153,334,0.5419161676646707,0.2724252491694352,False,False,False,False
final_all_training,inner_development,sigmoid,0.948791004882575,0.6478405315614618,0.6433791020456826,0.9877551020408163,0.43447037701974867,0.9913294797687862,242,343,3,315,153,334,0.5419161676646707,0.2713178294573643,False,False,False,False
final_all_training,inner_development,sigmoid,0.9495853043110226,0.646733111849391,0.6421674399537891,0.9877049180327869,0.4326750448833034,0.9913294797687862,241,343,3,316,153,334,0.5419161676646707,0.2702104097452935,False,False,False,False
final_all_training,inner_development,sigmoid,0.9512879227259363,0.64562569213732,0.6409542743538768,0.9876543209876543,0.43087971274685816,0.9913294797687862,240,343,3,317,154,334,0.5389221556886228,0.2691029900332226,False,False,False,False
final_all_training,inner_development,sigmoid,0.9515800692984427,0.6445182724252492,0.6397395950499196,0.987603305785124,0.42908438061041293,0.9913294797687862,239,343,3,318,155,334,0.5359281437125748,0.26799557032115173,False,False,False,False
final_all_training,inner_development,sigmoid,0.9521408254435612,0.6434108527131783,0.6385233918128654,0.9875518672199171,0.4272890484739677,0.9913294797687862,238,343,3,319,155,334,0.5359281437125748,0.26688815060908083,False,False,False,False
final_all_training,inner_development,sigmoid,0.9525445376157426,0.6423034330011074,0.6373056543803386,0.9875,0.4254937163375224,0.9913294797687862,237,343,3,320,156,334,0.5329341317365269,0.26578073089701,False,False,False,False
final_all_training,inner_development,sigmoid,0.9534753559483747,0.6411960132890365,0.6360863724563411,0.9874476987447699,0.4236983842010772,0.9913294797687862,236,343,3,321,156,334,0.5329341317365269,0.2646733111849391,False,False,False,False
final_all_training,inner_development,sigmoid,0.9534899504285108,0.6400885935769657,0.6348655357109532,0.9873949579831933,0.42190305206463197,0.9913294797687862,235,343,3,322,157,334,0.5299401197604791,0.26356589147286824,False,False,False,False
final_all_training,inner_development,sigmoid,0.9535115795249541,0.6389811738648948,0.6336431337800301,0.9873417721518988,0.42010771992818674,0.9913294797687862,234,343,3,323,158,334,0.5269461077844312,0.26245847176079734,False,False,False,False
final_all_training,inner_development,sigmoid,0.9538387196688974,0.6378737541528239,0.6324191562648993,0.9872881355932204,0.41831238779174146,0.9913294797687862,233,343,3,324,159,334,0.5239520958083832,0.26135105204872644,False,False,False,False
final_all_training,inner_development,sigmoid,0.9547986297655825,0.636766334440753,0.6311935927320542,0.9872340425531915,0.41651705565529623,0.9913294797687862,232,343,3,325,159,334,0.5239520958083832,0.2602436323366556,False,False,False,False
final_all_training,inner_development,sigmoid,0.9549169560966152,0.6356589147286822,0.6299664327128471,0.9871794871794872,0.414721723518851,0.9913294797687862,231,343,3,326,160,334,0.5209580838323353,0.2591362126245847,False,False,False,False
final_all_training,inner_development,sigmoid,0.9555170351967565,0.6345514950166113,0.6287376657031796,0.9871244635193133,0.4129263913824057,0.9913294797687862,230,343,3,327,161,334,0.5179640718562875,0.25802879291251385,False,False,False,False
final_all_training,inner_development,sigmoid,0.9557655051669619,0.6334440753045404,0.6275072811631915,0.9870689655172413,0.4111310592459605,0.9913294797687862,229,343,3,328,161,334,0.5179640718562875,0.25692137320044295,False,False,False,False
final_all_training,inner_development,sigmoid,0.9561976715219351,0.6323366555924695,0.6262752685169487,0.987012987012987,0.40933572710951527,0.9913294797687862,228,343,3,329,161,334,0.5179640718562875,0.2558139534883721,False,False,False,False
final_all_training,inner_development,sigmoid,0.9563665268939343,0.6312292358803987,0.6250416171521274,0.9869565217391304,0.40754039497307004,0.9913294797687862,227,343,3,330,162,334,0.5149700598802395,0.2547065337763012,False,False,False,False
final_all_training,inner_development,sigmoid,0.9565494516597541,0.6301218161683277,0.6238063164196976,0.9868995633187773,0.40574506283662476,0.9913294797687862,226,343,3,331,163,334,0.5119760479041916,0.25359911406423036,False,False,False,False
final_all_training,inner_development,sigmoid,0.9567602438779662,0.6290143964562569,0.6225693556336052,0.9868421052631579,0.40394973070017953,0.9913294797687862,225,343,3,332,164,334,0.5089820359281437,0.25249169435215946,False,False,False,False
final_all_training,inner_development,sigmoid,0.9572145330618194,0.627906976744186,0.6213307240704501,0.986784140969163,0.4021543985637343,0.9913294797687862,224,343,3,333,164,334,0.5089820359281437,0.2513842746400886,False,False,False,False
final_all_training,inner_development,sigmoid,0.9573510866940708,0.6267995570321152,0.6200904109691652,0.9867256637168141,0.400359066427289,0.9913294797687862,223,343,3,334,165,334,0.5059880239520959,0.2502768549280177,False,False,False,False
final_all_training,inner_development,sigmoid,0.9575297554221134,0.6256921373200443,0.6188484055306905,0.9866666666666667,0.3985637342908438,0.9913294797687862,222,343,3,335,166,334,0.5029940119760479,0.24916943521594684,False,False,False,False
final_all_training,inner_development,sigmoid,0.9579948560175093,0.6245847176079734,0.6176046969176479,0.9866071428571429,0.39676840215439857,0.9913294797687862,221,343,3,336,166,334,0.5029940119760479,0.24806201550387597,False,False,False,False
final_all_training,inner_development,sigmoid,0.9584789245018579,0.6234772978959026,0.6163592742540112,0.9865470852017937,0.39497307001795334,0.9913294797687862,220,343,3,337,167,334,0.5,0.2469545957918051,False,False,False,False
final_all_training,inner_development,sigmoid,0.9587877844428631,0.6223698781838317,0.6151121266247768,0.9864864864864865,0.39317773788150806,0.9913294797687862,219,343,3,338,168,334,0.49700598802395207,0.24584717607973422,False,False,False,False
final_all_training,inner_development,sigmoid,0.9589279359320644,0.6212624584717608,0.6138632430756303,0.9864253393665159,0.39138240574506283,0.9913294797687862,218,343,3,339,168,334,0.49700598802395207,0.24473975636766335,False,False,False,False
final_all_training,inner_development,sigmoid,0.9593854511645595,0.6201550387596899,0.6126126126126126,0.9863636363636363,0.3895870736086176,0.9913294797687862,217,343,3,340,169,334,0.4940119760479042,0.24363233665559247,False,False,False,False
final_all_training,inner_development,sigmoid,0.9600174097995918,0.6190476190476191,0.6113602242017816,0.9863013698630136,0.3877917414721723,0.9913294797687862,216,343,3,341,170,334,0.49101796407185627,0.2425249169435216,False,False,False,False
final_all_training,inner_development,sigmoid,0.9601256166898853,0.6179401993355482,0.6101060667688746,0.9862385321100917,0.3859964093357271,0.9913294797687862,215,343,3,342,171,334,0.4880239520958084,0.24141749723145073,False,False,False,False
final_all_training,inner_development,sigmoid,0.9603734592758737,0.6168327796234773,0.6088501291989663,0.9861751152073732,0.38420107719928187,0.9913294797687862,214,343,3,343,172,334,0.48502994011976047,0.24031007751937986,False,False,False,False
final_all_training,inner_development,sigmoid,0.960537746593093,0.6157253599114064,0.6075924003361264,0.9861111111111112,0.38240574506283664,0.9913294797687862,213,343,3,344,172,334,0.48502994011976047,0.23920265780730898,False,False,False,False
final_all_training,inner_development,sigmoid,0.9609634651755637,0.6146179401993356,0.6063328689830729,0.986046511627907,0.38061041292639136,0.9913294797687862,212,343,3,345,173,334,0.4820359281437126,0.23809523809523808,False,False,False,False
final_all_training,inner_development,sigmoid,0.9614732329017244,0.6135105204872646,0.6050715239008253,0.985981308411215,0.37881508078994613,0.9913294797687862,211,343,3,346,173,334,0.4820359281437126,0.2369878183831672,False,False,False,False
final_all_training,inner_development,sigmoid,0.9617685621109461,0.6124031007751938,0.6038083538083538,0.9859154929577465,0.3770197486535009,0.9913294797687862,210,343,3,347,174,334,0.47904191616766467,0.23588039867109634,False,False,False,False
final_all_training,inner_development,sigmoid,0.9618189671886282,0.6112956810631229,0.6025433473822281,0.9858490566037735,0.3752244165170557,0.9913294797687862,209,343,3,348,174,334,0.47904191616766467,0.23477297895902546,False,False,False,False
final_all_training,inner_development,sigmoid,0.962164255545174,0.6101882613510521,0.601276493256262,0.985781990521327,0.3734290843806104,0.9913294797687862,208,343,3,349,174,334,0.47904191616766467,0.2336655592469546,False,False,False,False
final_all_training,inner_development,sigmoid,0.9624556422275817,0.6090808416389811,0.6000077800211566,0.9857142857142858,0.37163375224416517,0.9913294797687862,207,343,3,350,174,334,0.47904191616766467,0.23255813953488372,False,False,False,False
final_all_training,inner_development,sigmoid,0.9624925394072685,0.6079734219269103,0.5987371962241415,0.9856459330143541,0.36983842010771995,0.9913294797687862,206,343,3,351,174,334,0.47904191616766467,0.23145071982281284,False,False,False,False
final_all_training,inner_development,sigmoid,0.9631502697953511,0.6090808416389811,0.5997325347045639,0.9903846153846154,0.36983842010771995,0.9942196531791907,206,344,2,351,174,334,0.47904191616766467,0.23034330011074197,False,False,False,False
final_all_training,inner_development,sigmoid,0.9641325094321385,0.6079734219269103,0.5984589643356011,0.9903381642512077,0.36804308797127466,0.9942196531791907,205,344,2,352,174,334,0.47904191616766467,0.2292358803986711,False,False,False,False
final_all_training,inner_development,sigmoid,0.9642989830877995,0.6068660022148394,0.5971834950346125,0.9902912621359223,0.36624775583482944,0.9942196531791907,204,344,2,353,175,334,0.47604790419161674,0.22812846068660023,False,False,False,False
final_all_training,inner_development,sigmoid,0.9643227872849217,0.6057585825027686,0.5959061151838778,0.9902439024390244,0.3644524236983842,0.9942196531791907,203,344,2,354,176,334,0.47305389221556887,0.22702104097452935,False,False,False,False
final_all_training,inner_development,sigmoid,0.9643804797609901,0.6046511627906976,0.5946268131204848,0.9901960784313726,0.362657091561939,0.9942196531791907,202,344,2,355,176,334,0.47305389221556887,0.22591362126245848,False,False,False,False
final_all_training,inner_development,sigmoid,0.9644491131549192,0.6035437430786268,0.5933455771359566,0.9901477832512315,0.3608617594254937,0.9942196531791907,201,344,2,356,176,334,0.47305389221556887,0.2248062015503876,False,False,False,False
final_all_training,inner_development,sigmoid,0.96468663744237,0.602436323366556,0.592062395475875,0.9900990099009901,0.3590664272890485,0.9942196531791907,200,344,2,357,177,334,0.47005988023952094,0.22369878183831673,False,False,False,False
final_all_training,inner_development,sigmoid,0.9648404442558641,0.6013289036544851,0.5907772563395033,0.9900497512437811,0.35727109515260325,0.9942196531791907,199,344,2,358,177,334,0.47005988023952094,0.22259136212624583,False,False,False,False
final_all_training,inner_development,sigmoid,0.9650265932801756,0.6002214839424141,0.5894901478794046,0.99,0.35547576301615796,0.9942196531791907,198,344,2,359,177,334,0.47005988023952094,0.22148394241417496,False,False,False,False
final_all_training,inner_development,sigmoid,0.965154317353005,0.5991140642303433,0.5882010582010582,0.9899497487437185,0.35368043087971274,0.9942196531791907,197,344,2,360,177,334,0.47005988023952094,0.2203765227021041,False,False,False,False
final_all_training,inner_development,sigmoid,0.9651987376385726,0.5980066445182725,0.586909975362474,0.98989898989899,0.3518850987432675,0.9942196531791907,196,344,2,361,177,334,0.47005988023952094,0.21926910299003322,False,False,False,False
final_all_training,inner_development,sigmoid,0.9654885035911949,0.5968992248062015,0.5856168873738037,0.9898477157360406,0.3500897666068223,0.9942196531791907,195,344,2,362,177,334,0.47005988023952094,0.21816168327796234,False,False,False,False
final_all_training,inner_development,sigmoid,0.9659037013289647,0.5957918050941307,0.5843217821969482,0.9897959183673469,0.348294434470377,0.9942196531791907,194,344,2,363,178,334,0.46706586826347307,0.21705426356589147,False,False,False,False
final_all_training,inner_development,sigmoid,0.9659954965690098,0.5946843853820598,0.5830246477451653,0.9897435897435898,0.3464991023339318,0.9942196531791907,193,344,2,364,178,334,0.46706586826347307,0.2159468438538206,False,False,False,False
final_all_training,inner_development,sigmoid,0.9663655767825025,0.593576965669989,0.5817254718826714,0.9896907216494846,0.34470377019748655,0.9942196531791907,192,344,2,365,178,334,0.46706586826347307,0.21483942414174972,False,False,False,False
final_all_training,inner_development,sigmoid,0.9666455713564724,0.592469545957918,0.5804242424242424,0.9896373056994818,0.34290843806104127,0.9942196531791907,191,344,2,366,179,334,0.46407185628742514,0.21373200442967885,False,False,False,False
final_all_training,inner_development,sigmoid,0.9666819239806285,0.5913621262458472,0.5791209471348111,0.9895833333333334,0.34111310592459604,0.9942196531791907,190,344,2,367,180,334,0.46107784431137727,0.21262458471760798,False,False,False,False
final_all_training,inner_development,sigmoid,0.9668694018104996,0.5902547065337763,0.577815573729062,0.9895287958115183,0.3393177737881508,0.9942196531791907,189,344,2,368,181,334,0.45808383233532934,0.2115171650055371,False,False,False,False
final_all_training,inner_development,sigmoid,0.9680083814246732,0.5891472868217055,0.5765081098710233,0.9894736842105263,0.3375224416517056,0.9942196531791907,188,344,2,369,181,334,0.45808383233532934,0.21040974529346623,False,False,False,False
final_all_training,inner_development,sigmoid,0.9689556563079597,0.5880398671096345,0.5751985431736557,0.9894179894179894,0.3357271095152603,0.9942196531791907,187,344,2,370,181,334,0.45808383233532934,0.20930232558139536,False,False,False,False
final_all_training,inner_development,sigmoid,0.9689922025245362,0.5869324473975637,0.5738868611984389,0.9893617021276596,0.3339317773788151,0.9942196531791907,186,344,2,371,182,334,0.4550898203592814,0.2081949058693245,False,False,False,False
final_all_training,inner_development,sigmoid,0.9690163759804145,0.5858250276854928,0.5725730514549541,0.9893048128342246,0.33213644524236985,0.9942196531791907,185,344,2,372,183,334,0.45209580838323354,0.2070874861572536,False,False,False,False
final_all_training,inner_development,sigmoid,0.9691011998630251,0.584717607973422,0.5712571014004652,0.989247311827957,0.3303411131059246,0.9942196531791907,184,344,2,373,184,334,0.4491017964071856,0.2059800664451827,False,False,False,False
final_all_training,inner_development,sigmoid,0.9691499283368192,0.583610188261351,0.5699389984394949,0.9891891891891892,0.32854578096947934,0.9942196531791907,183,344,2,374,185,334,0.44610778443113774,0.20487264673311184,False,False,False,False
final_all_training,inner_development,sigmoid,0.9692133490362524,0.5825027685492802,0.5686187299234,0.9891304347826086,0.3267504488330341,0.9942196531791907,182,344,2,375,185,334,0.44610778443113774,0.20376522702104097,False,False,False,False
final_all_training,inner_development,sigmoid,0.9696919984353853,0.5813953488372093,0.5672962831499417,0.9890710382513661,0.3249551166965889,0.9942196531791907,181,344,2,376,186,334,0.4431137724550898,0.2026578073089701,False,False,False,False
final_all_training,inner_development,sigmoid,0.9703203313234091,0.5802879291251384,0.5659716453628538,0.989010989010989,0.3231597845601436,0.9942196531791907,180,344,2,377,187,334,0.44011976047904194,0.20155038759689922,False,False,False,False
final_all_training,inner_development,sigmoid,0.9706544492342118,0.5791805094130675,0.5646448037514082,0.988950276243094,0.3213644524236984,0.9942196531791907,179,344,2,378,187,334,0.44011976047904194,0.20044296788482835,False,False,False,False
final_all_training,inner_development,sigmoid,0.9708457973015129,0.5780730897009967,0.5633157454499761,0.9888888888888889,0.31956912028725315,0.9942196531791907,178,344,2,379,188,334,0.437125748502994,0.19933554817275748,False,False,False,False
final_all_training,inner_development,sigmoid,0.9710122309769097,0.5769656699889258,0.5619844575375864,0.9888268156424581,0.3177737881508079,0.9942196531791907,177,344,2,380,189,334,0.4341317365269461,0.1982281284606866,False,False,False,False
final_all_training,inner_development,sigmoid,0.9715210481265806,0.5758582502768549,0.5606509270374817,0.9887640449438202,0.31597845601436264,0.9942196531791907,176,344,2,381,190,334,0.4311377245508982,0.19712070874861573,False,False,False,False
final_all_training,inner_development,sigmoid,0.9725740468378046,0.574750830564784,0.55931514091667,0.9887005649717514,0.3141831238779174,0.9942196531791907,175,344,2,382,190,334,0.4311377245508982,0.19601328903654486,False,False,False,False
final_all_training,inner_development,sigmoid,0.9728662843202333,0.5736434108527132,0.5579770860854739,0.9886363636363636,0.3123877917414722,0.9942196531791907,174,344,2,383,190,334,0.4311377245508982,0.19490586932447398,False,False,False,False
final_all_training,inner_development,sigmoid,0.9728924280792769,0.5725359911406424,0.5566367493970754,0.9885714285714285,0.3105924596050269,0.9942196531791907,173,344,2,384,190,334,0.4311377245508982,0.1937984496124031,False,False,False,False
final_all_training,inner_development,sigmoid,0.973271596054365,0.5714285714285714,0.5552941176470588,0.9885057471264368,0.3087971274685817,0.9942196531791907,172,344,2,385,191,334,0.4281437125748503,0.19269102990033224,False,False,False,False
final_all_training,inner_development,sigmoid,0.9737706772436812,0.5703211517165006,0.553949177572949,0.9884393063583815,0.30700179533213645,0.9942196531791907,171,344,2,386,191,334,0.4281437125748503,0.19158361018826134,False,False,False,False
final_all_training,inner_development,sigmoid,0.9740238360657437,0.5692137320044297,0.5526019158537471,0.9883720930232558,0.3052064631956912,0.9942196531791907,170,344,2,387,192,334,0.4251497005988024,0.19047619047619047,False,False,False,False
final_all_training,inner_development,sigmoid,0.9742497460226992,0.5681063122923588,0.551252319109462,0.9883040935672515,0.30341113105924594,0.9942196531791907,169,344,2,388,193,334,0.4221556886227545,0.1893687707641196,False,False,False,False
final_all_training,inner_development,sigmoid,0.9746577450598797,0.5669988925802879,0.5499003739006391,0.9882352941176471,0.3016157989228007,0.9942196531791907,168,344,2,389,193,334,0.4221556886227545,0.18826135105204872,False,False,False,False
final_all_training,inner_development,sigmoid,0.9750676459408035,0.5658914728682171,0.548546066727885,0.9881656804733728,0.2998204667863555,0.9942196531791907,167,344,2,390,194,334,0.41916167664670656,0.18715393133997785,False,False,False,False
final_all_training,inner_development,sigmoid,0.9751665606640305,0.5647840531561462,0.5471893840313886,0.9880952380952381,0.2980251346499102,0.9942196531791907,166,344,2,391,195,334,0.4161676646706587,0.18604651162790697,False,False,False,False
final_all_training,inner_development,sigmoid,0.9753067292637825,0.5636766334440753,0.5458303121904393,0.9880239520958084,0.296229802513465,0.9942196531791907,165,344,2,392,195,334,0.4161676646706587,0.1849390919158361,False,False,False,False
final_all_training,inner_development,sigmoid,0.9756067015091505,0.5625692137320044,0.5444688375229404,0.9879518072289156,0.29443447037701975,0.9942196531791907,164,344,2,393,196,334,0.41317365269461076,0.18383167220376523,False,False,False,False
final_all_training,inner_development,sigmoid,0.9759416897261002,0.5614617940199336,0.5431049462849199,0.9878787878787879,0.2926391382405745,0.9942196531791907,163,344,2,394,197,334,0.4101796407185629,0.18272425249169436,False,False,False,False
final_all_training,inner_development,sigmoid,0.9759449240252273,0.5603543743078627,0.5417386246700371,0.9878048780487805,0.29084380610412924,0.9942196531791907,162,344,2,395,198,334,0.40718562874251496,0.18161683277962348,False,False,False,False
final_all_training,inner_development,sigmoid,0.9760597557708394,0.5592469545957918,0.5403698588090854,0.9877300613496932,0.289048473967684,0.9942196531791907,161,344,2,396,198,334,0.40718562874251496,0.1805094130675526,False,False,False,False
final_all_training,inner_development,sigmoid,0.9766066612379055,0.5581395348837209,0.5389986347694911,0.9876543209876543,0.2872531418312388,0.9942196531791907,160,344,2,397,199,334,0.4041916167664671,0.17940199335548174,False,False,False,False
final_all_training,inner_development,sigmoid,0.9768955708956593,0.5570321151716501,0.5376249385548091,0.9875776397515528,0.28545780969479356,0.9942196531791907,159,344,2,398,200,334,0.40119760479041916,0.17829457364341086,False,False,False,False
final_all_training,inner_development,sigmoid,0.9769044071497761,0.5559246954595792,0.5362487561042144,0.9875,0.2836624775583483,0.9942196531791907,158,344,2,399,200,334,0.40119760479041916,0.17718715393134,False,False,False,False
final_all_training,inner_development,sigmoid,0.9770917527967616,0.5548172757475083,0.5348700732919891,0.9874213836477987,0.28186714542190305,0.9942196531791907,157,344,2,400,201,334,0.39820359281437123,0.1760797342192691,False,False,False,False
final_all_training,inner_development,sigmoid,0.977162360966356,0.5537098560354374,0.5334888759270061,0.9873417721518988,0.2800718132854578,0.9942196531791907,156,344,2,401,202,334,0.39520958083832336,0.17497231450719822,False,False,False,False
final_all_training,inner_development,sigmoid,0.9773259370846376,0.5548172757475083,0.5344214608920491,0.9936305732484076,0.2800718132854578,0.9971098265895953,156,345,1,401,202,334,0.39520958083832336,0.17386489479512734,False,False,False,False
final_all_training,inner_development,sigmoid,0.9781580995029843,0.5537098560354374,0.5330363180715223,0.9935897435897436,0.27827648114901254,0.9971098265895953,155,345,1,402,202,334,0.39520958083832336,0.17275747508305647,False,False,False,False
final_all_training,inner_development,sigmoid,0.9782691327916224,0.5526024363233666,0.5316486247766161,0.9935483870967742,0.2764811490125673,0.9971098265895953,154,345,1,403,203,334,0.39221556886227543,0.1716500553709856,False,False,False,False
final_all_training,inner_development,sigmoid,0.9787101637360077,0.5514950166112956,0.5302583665684064,0.9935064935064936,0.2746858168761221,0.9971098265895953,153,345,1,404,204,334,0.38922155688622756,0.17054263565891473,False,False,False,False
final_all_training,inner_development,sigmoid,0.9787456886193401,0.5503875968992248,0.5288655289400637,0.9934640522875817,0.27289048473967686,0.9971098265895953,152,345,1,405,204,334,0.38922155688622756,0.16943521594684385,False,False,False,False
final_all_training,inner_development,sigmoid,0.9789011328145347,0.5492801771871539,0.5274700973163121,0.993421052631579,0.2710951526032316,0.9971098265895953,151,345,1,406,205,334,0.38622754491017963,0.16832779623477298,False,False,False,False
final_all_training,inner_development,sigmoid,0.9789722404236313,0.5481727574750831,0.5260720570528851,0.9933774834437086,0.26929982046678635,0.9971098265895953,150,345,1,407,206,334,0.38323353293413176,0.1672203765227021,False,False,False,False
final_all_training,inner_development,sigmoid,0.9790302706306032,0.5470653377630121,0.5246713934359769,0.9933333333333333,0.26750448833034113,0.9971098265895953,149,345,1,408,207,334,0.38023952095808383,0.16611295681063123,False,False,False,False
final_all_training,inner_development,sigmoid,0.9791086239402671,0.5459579180509413,0.5232680916816894,0.9932885906040269,0.26570915619389585,0.9971098265895953,148,345,1,409,208,334,0.3772455089820359,0.16500553709856036,False,False,False,False
final_all_training,inner_development,sigmoid,0.9792976744308728,0.5448504983388704,0.5218621369354746,0.9932432432432432,0.2639138240574506,0.9971098265895953,147,345,1,410,209,334,0.37425149700598803,0.1638981173864895,False,False,False,False
final_all_training,inner_development,sigmoid,0.9793394351700425,0.5437430786267996,0.5204535142715724,0.9931972789115646,0.2621184919210054,0.9971098265895953,146,345,1,411,210,334,0.3712574850299401,0.16279069767441862,False,False,False,False
final_all_training,inner_development,sigmoid,0.9794310579814122,0.5426356589147286,0.5190422086924449,0.9931506849315068,0.26032315978456017,0.9971098265895953,145,345,1,412,211,334,0.36826347305389223,0.16168327796234774,False,False,False,False
final_all_training,inner_development,sigmoid,0.9798818991536117,0.5415282392026578,0.5176282051282051,0.993103448275862,0.2585278276481149,0.9971098265895953,144,345,1,413,212,334,0.3652694610778443,0.16057585825027684,False,False,False,False
final_all_training,inner_development,sigmoid,0.9800231249947884,0.540420819490587,0.5162114884360416,0.9930555555555556,0.25673249551166966,0.9971098265895953,143,345,1,414,213,334,0.36227544910179643,0.15946843853820597,False,False,False,False
final_all_training,inner_development,sigmoid,0.9801370974399165,0.5393133997785161,0.5147920433996382,0.993006993006993,0.25493716337522443,0.9971098265895953,142,345,1,415,214,334,0.3592814371257485,0.1583610188261351,False,False,False,False
final_all_training,inner_development,sigmoid,0.9806304403315891,0.5382059800664452,0.5133698547285902,0.9929577464788732,0.25314183123877915,0.9971098265895953,141,345,1,416,215,334,0.3562874251497006,0.15725359911406422,False,False,False,False
final_all_training,inner_development,sigmoid,0.9807679423145271,0.5370985603543743,0.5119449070578135,0.9929078014184397,0.2513464991023339,0.9971098265895953,140,345,1,417,216,334,0.3532934131736527,0.15614617940199335,False,False,False,False
final_all_training,inner_development,sigmoid,0.980799142245111,0.5359911406423035,0.5105171849469515,0.9928571428571429,0.2495511669658887,0.9971098265895953,139,345,1,418,217,334,0.3502994011976048,0.15503875968992248,False,False,False,False
final_all_training,inner_development,sigmoid,0.9810099585291822,0.5348837209302325,0.5090866728797763,0.9928057553956835,0.24775583482944344,0.9971098265895953,138,345,1,419,218,334,0.3473053892215569,0.1539313399778516,False,False,False,False
final_all_training,inner_development,sigmoid,0.9815832279392611,0.5337763012181617,0.5076533552635839,0.9927536231884058,0.2459605026929982,0.9971098265895953,137,345,1,420,218,334,0.3473053892215569,0.15282392026578073,False,False,False,False
final_all_training,inner_development,sigmoid,0.9818347439541393,0.5326688815060908,0.5062172164285863,0.9927007299270073,0.24416517055655296,0.9971098265895953,136,345,1,421,219,334,0.344311377245509,0.15171650055370986,False,False,False,False
final_all_training,inner_development,sigmoid,0.9819623693968292,0.53156146179402,0.5047782406272973,0.9926470588235294,0.24236983842010773,0.9971098265895953,135,345,1,422,220,334,0.3413173652694611,0.150609080841639,False,False,False,False
final_all_training,inner_development,sigmoid,0.9820546551462968,0.530454042081949,0.5033364120339141,0.9925925925925926,0.24057450628366248,0.9971098265895953,134,345,1,423,221,334,0.3383233532934132,0.14950166112956811,False,False,False,False
final_all_training,inner_development,sigmoid,0.9834142271866995,0.5293466223698782,0.5018917147436938,0.9925373134328358,0.23877917414721722,0.9971098265895953,133,345,1,424,222,334,0.33532934131736525,0.14839424141749724,False,False,False,False
final_all_training,inner_development,sigmoid,0.9834686295102923,0.5282392026578073,0.5004441327723235,0.9924812030075187,0.236983842010772,0.9971098265895953,132,345,1,425,223,334,0.3323353293413174,0.14728682170542637,False,False,False,False
final_all_training,inner_development,sigmoid,0.9836453091853123,0.5271317829457365,0.4989936500552875,0.9924242424242424,0.23518850987432674,0.9971098265895953,131,345,1,426,223,334,0.3323353293413174,0.1461794019933555,False,False,False,False
final_all_training,inner_development,sigmoid,0.9836662380900422,0.5260243632336655,0.4975402504472272,0.9923664122137404,0.2333931777378815,0.9971098265895953,130,345,1,427,224,334,0.32934131736526945,0.1450719822812846,False,False,False,False
final_all_training,inner_development,sigmoid,0.9837109769593358,0.5249169435215947,0.4960839177212967,0.9923076923076923,0.23159784560143626,0.9971098265895953,129,345,1,428,225,334,0.3263473053892216,0.14396456256921372,False,False,False,False
final_all_training,inner_development,sigmoid,0.9837935625662358,0.5238095238095238,0.4946246355685131,0.9922480620155039,0.22980251346499103,0.9971098265895953,128,345,1,429,226,334,0.32335329341317365,0.14285714285714285,False,False,False,False
final_all_training,inner_development,sigmoid,0.9838630480029276,0.5227021040974529,0.4931623875971012,0.9921875,0.22800718132854578,0.9971098265895953,127,345,1,430,226,334,0.32335329341317365,0.14174972314507198,False,False,False,False
final_all_training,inner_development,sigmoid,0.9839457554171135,0.521594684385382,0.4916971573318323,0.9921259842519685,0.22621184919210055,0.9971098265895953,126,345,1,431,227,334,0.3203592814371258,0.1406423034330011,False,False,False,False
final_all_training,inner_development,sigmoid,0.9839623444125647,0.5204872646733112,0.4902289282133586,0.9920634920634921,0.2244165170556553,0.9971098265895953,125,345,1,432,228,334,0.31736526946107785,0.13953488372093023,False,False,False,False
final_all_training,inner_development,sigmoid,0.9840599892793951,0.5193798449612403,0.48875768359754124,0.992,0.22262118491921004,0.9971098265895953,124,345,1,433,229,334,0.3143712574850299,0.13842746400885936,False,False,False,False
final_all_training,inner_development,sigmoid,0.984158881460894,0.5182724252491694,0.48728340675477233,0.9919354838709677,0.22082585278276481,0.9971098265895953,123,345,1,434,230,334,0.31137724550898205,0.13732004429678848,False,False,False,False
final_all_training,inner_development,sigmoid,0.9842707952178317,0.5171650055370985,0.48580608086929267,0.991869918699187,0.21903052064631956,0.9971098265895953,122,345,1,435,231,334,0.3083832335329341,0.1362126245847176,False,False,False,False
final_all_training,inner_development,sigmoid,0.9846523525537416,0.5160575858250277,0.48432568903850204,0.9918032786885246,0.21723518850987433,0.9971098265895953,121,345,1,436,232,334,0.30538922155688625,0.13510520487264674,False,False,False,False
final_all_training,inner_development,sigmoid,0.9848050380066735,0.5149501661129569,0.4828422142722651,0.9917355371900827,0.21543985637342908,0.9971098265895953,120,345,1,437,232,334,0.30538922155688625,0.13399778516057587,False,False,False,False
final_all_training,inner_development,sigmoid,0.9849473444679026,0.5138427464008859,0.48135563949221083,0.9916666666666667,0.21364452423698385,0.9971098265895953,119,345,1,438,233,334,0.3023952095808383,0.132890365448505,False,False,False,False
final_all_training,inner_development,sigmoid,0.9849580339856377,0.512735326688815,0.4798659475310258,0.9915966386554622,0.2118491921005386,0.9971098265895953,118,345,1,439,234,334,0.2994011976047904,0.13178294573643412,False,False,False,False
final_all_training,inner_development,sigmoid,0.9851209666370488,0.5116279069767442,0.47837312113174185,0.9915254237288136,0.21005385996409337,0.9971098265895953,117,345,1,440,235,334,0.2964071856287425,0.13067552602436322,False,False,False,False
final_all_training,inner_development,sigmoid,0.9853634903533522,0.512735326688815,0.4792442146983884,1.0,0.21005385996409337,1.0,117,346,0,440,235,334,0.2964071856287425,0.12956810631229235,False,False,False,False
final_all_training,inner_development,sigmoid,0.9854826773652132,0.5116279069767442,0.4777464921725514,1.0,0.20825852782764812,1.0,116,346,0,441,236,334,0.2934131736526946,0.12846068660022147,False,False,False,False
final_all_training,inner_development,sigmoid,0.9855080592470069,0.5105204872646734,0.47624559082892415,1.0,0.20646319569120286,1.0,115,346,0,442,237,334,0.2904191616766467,0.1273532668881506,False,False,False,False
final_all_training,inner_development,sigmoid,0.986045806173771,0.5094130675526024,0.474741493070373,1.0,0.20466786355475763,1.0,114,346,0,443,238,334,0.2874251497005988,0.12624584717607973,False,False,False,False
final_all_training,inner_development,sigmoid,0.9863009092897596,0.5083056478405316,0.47323418120664285,1.0,0.20287253141831238,1.0,113,346,0,444,238,334,0.2874251497005988,0.12513842746400886,False,False,False,False
final_all_training,inner_development,sigmoid,0.9872427853982026,0.5071982281284607,0.47172363745360896,1.0,0.20107719928186715,1.0,112,346,0,445,239,334,0.2844311377245509,0.12403100775193798,False,False,False,False
final_all_training,inner_development,sigmoid,0.987388496857515,0.5060908084163898,0.47020984393252163,1.0,0.1992818671454219,1.0,111,346,0,446,240,334,0.281437125748503,0.12292358803986711,False,False,False,False
final_all_training,inner_development,sigmoid,0.9874703786768422,0.5049833887043189,0.46869278266924486,1.0,0.19748653500897667,1.0,110,346,0,447,241,334,0.27844311377245506,0.12181616832779624,False,False,False,False
final_all_training,inner_development,sigmoid,0.9874958751825289,0.5038759689922481,0.4671724355934882,1.0,0.19569120287253142,1.0,109,346,0,448,241,334,0.27844311377245506,0.12070874861572536,False,False,False,False
final_all_training,inner_development,sigmoid,0.9885989908641929,0.5027685492801772,0.4656487845380322,1.0,0.19389587073608616,1.0,108,346,0,449,242,334,0.2754491017964072,0.11960132890365449,False,False,False,False
final_all_training,inner_development,sigmoid,0.9886052694891028,0.5016611295681063,0.46412181123794655,1.0,0.19210053859964094,1.0,107,346,0,450,243,334,0.27245508982035926,0.1184939091915836,False,False,False,False
final_all_training,inner_development,sigmoid,0.9887189286068692,0.5005537098560354,0.4625914973298021,1.0,0.19030520646319568,1.0,106,346,0,451,243,334,0.27245508982035926,0.11738648947951273,False,False,False,False
final_all_training,inner_development,sigmoid,0.9892769177213294,0.4994462901439646,0.4610578243508757,1.0,0.18850987432675045,1.0,105,346,0,452,244,334,0.2694610778443114,0.11627906976744186,False,False,False,False
final_all_training,inner_development,sigmoid,0.9892976359633259,0.4983388704318937,0.459520773738348,1.0,0.1867145421903052,1.0,104,346,0,453,245,334,0.26646706586826346,0.11517165005537099,False,False,False,False
final_all_training,inner_development,sigmoid,0.9893243591423341,0.49723145071982283,0.4579803268284944,1.0,0.18491921005385997,1.0,103,346,0,454,245,334,0.26646706586826346,0.11406423034330011,False,False,False,False
final_all_training,inner_development,sigmoid,0.9895530256843771,0.49612403100775193,0.45643646485586864,1.0,0.18312387791741472,1.0,102,346,0,455,245,334,0.26646706586826346,0.11295681063122924,False,False,False,False
final_all_training,inner_development,sigmoid,0.9897691631388444,0.4950166112956811,0.4548891689524798,1.0,0.1813285457809695,1.0,101,346,0,456,245,334,0.26646706586826346,0.11184939091915837,False,False,False,False
final_all_training,inner_development,sigmoid,0.9900079010869615,0.4939091915836102,0.45333842014696124,1.0,0.17953321364452424,1.0,100,346,0,457,246,334,0.2634730538922156,0.11074197120708748,False,False,False,False
final_all_training,inner_development,sigmoid,0.9900370088869634,0.49280177187153934,0.4517841993637327,1.0,0.17773788150807898,1.0,99,346,0,458,247,334,0.26047904191616766,0.10963455149501661,False,False,False,False
final_all_training,inner_development,sigmoid,0.9901975596613262,0.49169435215946844,0.4502264874221553,1.0,0.17594254937163376,1.0,98,346,0,459,248,334,0.25748502994011974,0.10852713178294573,False,False,False,False
final_all_training,inner_development,sigmoid,0.9903172970853328,0.49058693244739754,0.44866526503567783,1.0,0.1741472172351885,1.0,97,346,0,460,249,334,0.25449101796407186,0.10741971207087486,False,False,False,False
final_all_training,inner_development,sigmoid,0.9903384486949216,0.4894795127353267,0.4471005128109772,1.0,0.17235188509874327,1.0,96,346,0,461,249,334,0.25449101796407186,0.10631229235880399,False,False,False,False
final_all_training,inner_development,sigmoid,0.9904047995925359,0.4883720930232558,0.44553221124708936,1.0,0.17055655296229802,1.0,95,346,0,462,250,334,0.25149700598802394,0.10520487264673312,False,False,False,False
final_all_training,inner_development,sigmoid,0.9908909293774525,0.48726467331118495,0.4439603407345343,1.0,0.1687612208258528,1.0,94,346,0,463,251,334,0.24850299401197604,0.10409745293466224,False,False,False,False
final_all_training,inner_development,sigmoid,0.9910444558345073,0.48615725359911405,0.4423848815544317,1.0,0.16696588868940754,1.0,93,346,0,464,252,334,0.24550898203592814,0.10299003322259136,False,False,False,False
final_all_training,inner_development,sigmoid,0.9911682796770872,0.4850498338870432,0.44080581387760975,1.0,0.1651705565529623,1.0,92,346,0,465,252,334,0.24550898203592814,0.10188261351052048,False,False,False,False
final_all_training,inner_development,sigmoid,0.9913582524655314,0.4839424141749723,0.439223117763705,1.0,0.16337522441651706,1.0,91,346,0,466,253,334,0.24251497005988024,0.10077519379844961,False,False,False,False
final_all_training,inner_development,sigmoid,0.9916635832145063,0.48283499446290146,0.4376367731602551,1.0,0.1615798922800718,1.0,90,346,0,467,254,334,0.23952095808383234,0.09966777408637874,False,False,False,False
final_all_training,inner_development,sigmoid,0.991721998696203,0.48172757475083056,0.4360467599017829,1.0,0.15978456014362658,1.0,89,346,0,468,255,334,0.23652694610778444,0.09856035437430787,False,False,False,False
final_all_training,inner_development,sigmoid,0.9917928866869979,0.4806201550387597,0.43445305770887166,1.0,0.15798922800718132,1.0,88,346,0,469,256,334,0.23353293413173654,0.09745293466223699,False,False,False,False
final_all_training,inner_development,sigmoid,0.991823860839483,0.4795127353266888,0.43285564618723343,1.0,0.1561938958707361,1.0,87,346,0,470,257,334,0.23053892215568864,0.09634551495016612,False,False,False,False
final_all_training,inner_development,sigmoid,0.9918988837639876,0.47840531561461797,0.4312545048267673,1.0,0.15439856373429084,1.0,86,346,0,471,258,334,0.2275449101796407,0.09523809523809523,False,False,False,False
final_all_training,inner_development,sigmoid,0.9920451986204983,0.47729789590254706,0.4296496130006102,1.0,0.1526032315978456,1.0,85,346,0,472,259,334,0.2245508982035928,0.09413067552602436,False,False,False,False
final_all_training,inner_development,sigmoid,0.9921168793589812,0.47619047619047616,0.42804094996417885,1.0,0.15080789946140036,1.0,84,346,0,473,260,334,0.2215568862275449,0.09302325581395349,False,False,False,False
final_all_training,inner_development,sigmoid,0.9923379628537002,0.4750830564784053,0.4264284948542024,1.0,0.1490125673249551,1.0,83,346,0,474,260,334,0.2215568862275449,0.09191583610188261,False,False,False,False
final_all_training,inner_development,sigmoid,0.992474674035005,0.4739756367663344,0.4248122266877472,1.0,0.14721723518850988,1.0,82,346,0,475,260,334,0.2215568862275449,0.09080841638981174,False,False,False,False
final_all_training,inner_development,sigmoid,0.9926134190002464,0.4728682170542636,0.4231921243612316,1.0,0.14542190305206462,1.0,81,346,0,476,261,334,0.218562874251497,0.08970099667774087,False,False,False,False
final_all_training,inner_development,sigmoid,0.9927358220240231,0.4717607973421927,0.4215681666494327,1.0,0.1436265709156194,1.0,80,346,0,477,262,334,0.2155688622754491,0.08859357696567,False,False,False,False
final_all_training,inner_development,sigmoid,0.9928437016963755,0.4706533776301218,0.4199403322044831,1.0,0.14183123877917414,1.0,79,346,0,478,263,334,0.2125748502994012,0.08748615725359911,False,False,False,False
final_all_training,inner_development,sigmoid,0.9928615927177502,0.4695459579180509,0.4183085995548592,1.0,0.1400359066427289,1.0,78,346,0,479,264,334,0.20958083832335328,0.08637873754152824,False,False,False,False
final_all_training,inner_development,sigmoid,0.9928785128471301,0.4684385382059801,0.4166729471043593,1.0,0.13824057450628366,1.0,77,346,0,480,265,334,0.20658682634730538,0.08527131782945736,False,False,False,False
final_all_training,inner_development,sigmoid,0.9930734231042806,0.4673311184939092,0.41503335313107315,1.0,0.13644524236983843,1.0,76,346,0,481,266,334,0.20359281437125748,0.08416389811738649,False,False,False,False
final_all_training,inner_development,sigmoid,0.9930751713809298,0.46622369878183834,0.41338979578634116,1.0,0.13464991023339318,1.0,75,346,0,482,267,334,0.20059880239520958,0.08305647840531562,False,False,False,False
final_all_training,inner_development,sigmoid,0.9932108204569992,0.46511627906976744,0.4117422530937047,1.0,0.13285457809694792,1.0,74,346,0,483,268,334,0.19760479041916168,0.08194905869324474,False,False,False,False
final_all_training,inner_development,sigmoid,0.9932784518727331,0.4640088593576966,0.4100907029478458,1.0,0.1310592459605027,1.0,73,346,0,484,269,334,0.19461077844311378,0.08084163898117387,False,False,False,False
final_all_training,inner_development,sigmoid,0.9934355318356601,0.4629014396456257,0.4084351231135179,1.0,0.12926391382405744,1.0,72,346,0,485,270,334,0.19161676646706588,0.07973421926910298,False,False,False,False
final_all_training,inner_development,sigmoid,0.9934965791677306,0.46179401993355484,0.40677549122446555,1.0,0.12746858168761221,1.0,71,346,0,486,271,334,0.18862275449101795,0.07862679955703211,False,False,False,False
final_all_training,inner_development,sigmoid,0.9937044186947417,0.46068660022148394,0.4051117847823352,1.0,0.12567324955116696,1.0,70,346,0,487,272,334,0.18562874251497005,0.07751937984496124,False,False,False,False
final_all_training,inner_development,sigmoid,0.9937801090874059,0.45957918050941304,0.4034439811555748,1.0,0.12387791741472172,1.0,69,346,0,488,272,334,0.18562874251497005,0.07641196013289037,False,False,False,False
final_all_training,inner_development,sigmoid,0.9938223800970027,0.4584717607973422,0.40177205757832346,1.0,0.12208258527827648,1.0,68,346,0,489,273,334,0.18263473053892215,0.0753045404208195,False,False,False,False
final_all_training,inner_development,sigmoid,0.9940629724575468,0.4573643410852713,0.4000959911492907,1.0,0.12028725314183124,1.0,67,346,0,490,273,334,0.18263473053892215,0.07419712070874862,False,False,False,False
final_all_training,inner_development,sigmoid,0.9941425473950863,0.45625692137320045,0.39841575883062486,1.0,0.118491921005386,1.0,66,346,0,491,273,334,0.18263473053892215,0.07308970099667775,False,False,False,False
final_all_training,inner_development,sigmoid,0.9943989494373933,0.45514950166112955,0.3967313374467715,1.0,0.11669658886894076,1.0,65,346,0,492,273,334,0.18263473053892215,0.07198228128460686,False,False,False,False
final_all_training,inner_development,sigmoid,0.9945185299248274,0.4540420819490587,0.3950427036833201,1.0,0.11490125673249552,1.0,64,346,0,493,274,334,0.17964071856287425,0.07087486157253599,False,False,False,False
final_all_training,inner_development,sigmoid,0.9947856545282295,0.4529346622369878,0.3933498340858402,1.0,0.11310592459605028,1.0,63,346,0,494,275,334,0.17664670658682635,0.06976744186046512,False,False,False,False
final_all_training,inner_development,sigmoid,0.9948223843223626,0.45182724252491696,0.3916527050587068,1.0,0.11131059245960502,1.0,62,346,0,495,276,334,0.17365269461077845,0.06866002214839424,False,False,False,False
final_all_training,inner_development,sigmoid,0.9948368631860725,0.45071982281284606,0.3899512928639142,1.0,0.10951526032315978,1.0,61,346,0,496,277,334,0.17065868263473055,0.06755260243632337,False,False,False,False
final_all_training,inner_development,sigmoid,0.9950965726155231,0.4496124031007752,0.3882455736198786,1.0,0.10771992818671454,1.0,60,346,0,497,278,334,0.16766467065868262,0.0664451827242525,False,False,False,False
final_all_training,inner_development,sigmoid,0.9951113565318459,0.4485049833887043,0.3865355233002292,1.0,0.1059245960502693,1.0,59,346,0,498,279,334,0.16467065868263472,0.06533776301218161,False,False,False,False
final_all_training,inner_development,sigmoid,0.9951971980951597,0.44739756367663347,0.38482111773258787,1.0,0.10412926391382406,1.0,58,346,0,499,279,334,0.16467065868263472,0.06423034330011074,False,False,False,False
final_all_training,inner_development,sigmoid,0.9953452203645556,0.44629014396456257,0.3831023325973373,1.0,0.10233393177737882,1.0,57,346,0,500,280,334,0.16167664670658682,0.06312292358803986,False,False,False,False
final_all_training,inner_development,sigmoid,0.9954272681641733,0.44518272425249167,0.3813791434263766,1.0,0.10053859964093358,1.0,56,346,0,501,281,334,0.15868263473053892,0.06201550387596899,False,False,False,False
final_all_training,inner_development,sigmoid,0.9954434053758615,0.4440753045404208,0.37965152560186555,1.0,0.09874326750448834,1.0,55,346,0,502,282,334,0.15568862275449102,0.06090808416389812,False,False,False,False
final_all_training,inner_development,sigmoid,0.9955395200761062,0.4429678848283499,0.3779194543549569,1.0,0.09694793536804308,1.0,54,346,0,503,283,334,0.15269461077844312,0.059800664451827246,False,False,False,False
final_all_training,inner_development,sigmoid,0.9955672986660177,0.4418604651162791,0.37618290476451555,1.0,0.09515260323159784,1.0,53,346,0,504,284,334,0.1497005988023952,0.058693244739756366,False,False,False,False
final_all_training,inner_development,sigmoid,0.9955923905755014,0.4407530454042082,0.37444185175582634,1.0,0.0933572710951526,1.0,52,346,0,505,285,334,0.1467065868263473,0.05758582502768549,False,False,False,False
final_all_training,inner_development,sigmoid,0.9957329642261847,0.43964562569213733,0.3726962700992883,1.0,0.09156193895870736,1.0,51,346,0,506,286,334,0.1437125748502994,0.05647840531561462,False,False,False,False
final_all_training,inner_development,sigmoid,0.9957421959108469,0.43853820598006643,0.3709461344090971,1.0,0.08976660682226212,1.0,50,346,0,507,287,334,0.1407185628742515,0.05537098560354374,False,False,False,False
final_all_training,inner_development,sigmoid,0.9957699718732846,0.4374307862679956,0.36919141914191417,1.0,0.08797127468581688,1.0,49,346,0,508,288,334,0.1377245508982036,0.05426356589147287,False,False,False,False
final_all_training,inner_development,sigmoid,0.9958686833733801,0.4363233665559247,0.367432098595523,1.0,0.08617594254937164,1.0,48,346,0,509,289,334,0.1347305389221557,0.053156146179401995,False,False,False,False
final_all_training,inner_development,sigmoid,0.9962511939556948,0.43521594684385384,0.3656681469074721,1.0,0.0843806104129264,1.0,47,346,0,510,290,334,0.1317365269461078,0.05204872646733112,False,False,False,False
final_all_training,inner_development,sigmoid,0.9962595569319069,0.43410852713178294,0.36389953805370484,1.0,0.08258527827648116,1.0,46,346,0,511,291,334,0.12874251497005987,0.05094130675526024,False,False,False,False
final_all_training,inner_development,sigmoid,0.9963277589420781,0.4330011074197121,0.36212624584717606,1.0,0.0807899461400359,1.0,45,346,0,512,291,334,0.12874251497005987,0.04983388704318937,False,False,False,False
final_all_training,inner_development,sigmoid,0.996334655327643,0.4318936877076412,0.3603482439364544,1.0,0.07899461400359066,1.0,44,346,0,513,292,334,0.12574850299401197,0.048726467331118496,False,False,False,False
final_all_training,inner_development,sigmoid,0.9963349410298704,0.43078626799557035,0.3585655058043118,1.0,0.07719928186714542,1.0,43,346,0,514,293,334,0.12275449101796407,0.047619047619047616,False,False,False,False
final_all_training,inner_development,sigmoid,0.9965237383261523,0.42967884828349945,0.3567780047662979,1.0,0.07540394973070018,1.0,42,346,0,515,294,334,0.11976047904191617,0.046511627906976744,False,False,False,False
final_all_training,inner_development,sigmoid,0.9965284788545431,0.42857142857142855,0.3549857139693017,1.0,0.07360861759425494,1.0,41,346,0,516,295,334,0.11676646706586827,0.04540420819490587,False,False,False,False
final_all_training,inner_development,sigmoid,0.9965302578266146,0.4274640088593577,0.3531886063900977,1.0,0.0718132854578097,1.0,40,346,0,517,296,334,0.11377245508982035,0.044296788482835,False,False,False,False
final_all_training,inner_development,sigmoid,0.9965974028778338,0.4263565891472868,0.35138665483387876,1.0,0.07001795332136446,1.0,39,346,0,518,297,334,0.11077844311377245,0.04318936877076412,False,False,False,False
final_all_training,inner_development,sigmoid,0.9969962352084276,0.42524916943521596,0.3495798319327731,1.0,0.06822262118491922,1.0,38,346,0,519,298,334,0.10778443113772455,0.042081949058693245,False,False,False,False
final_all_training,inner_development,sigmoid,0.9970080696367218,0.42414174972314506,0.3477681101443478,1.0,0.06642728904847396,1.0,37,346,0,520,299,334,0.10479041916167664,0.04097452934662237,False,False,False,False
final_all_training,inner_development,sigmoid,0.9974209810073461,0.4230343300110742,0.3459514617500963,1.0,0.06463195691202872,1.0,36,346,0,521,300,334,0.10179640718562874,0.03986710963455149,False,False,False,False
final_all_training,inner_development,sigmoid,0.9974284981376137,0.4219269102990033,0.34412985885391156,1.0,0.06283662477558348,1.0,35,346,0,522,301,334,0.09880239520958084,0.03875968992248062,False,False,False,False
final_all_training,inner_development,sigmoid,0.9974564196700846,0.42081949058693247,0.34230327338054356,1.0,0.06104129263913824,1.0,34,346,0,523,302,334,0.09580838323353294,0.03765227021040975,False,False,False,False
final_all_training,inner_development,sigmoid,0.9975325738059706,0.41971207087486156,0.340471677074041,1.0,0.059245960502693,1.0,33,346,0,524,303,334,0.09281437125748503,0.036544850498338874,False,False,False,False
final_all_training,inner_development,sigmoid,0.997869039071931,0.4186046511627907,0.33863504149617824,1.0,0.05745062836624776,1.0,32,346,0,525,304,334,0.08982035928143713,0.035437430786267994,False,False,False,False
final_all_training,inner_development,sigmoid,0.9979233311919082,0.4174972314507198,0.3367933380248651,1.0,0.05565529622980251,1.0,31,346,0,526,305,334,0.08682634730538923,0.03433001107419712,False,False,False,False
final_all_training,inner_development,sigmoid,0.9979823270482572,0.416389811738649,0.334946537852542,1.0,0.05385996409335727,1.0,30,346,0,527,306,334,0.08383233532934131,0.03322259136212625,False,False,False,False
final_all_training,inner_development,sigmoid,0.9980156281550655,0.4152823920265781,0.33309461198455775,1.0,0.05206463195691203,1.0,29,346,0,528,307,334,0.08083832335329341,0.03211517165005537,False,False,False,False
final_all_training,inner_development,sigmoid,0.9981241050277136,0.4141749723145072,0.33123753123753125,1.0,0.05026929982046679,1.0,28,346,0,529,308,334,0.07784431137724551,0.031007751937984496,False,False,False,False
final_all_training,inner_development,sigmoid,0.9982018606181794,0.4130675526024363,0.32937526623769703,1.0,0.04847396768402154,1.0,27,346,0,530,309,334,0.0748502994011976,0.029900332225913623,False,False,False,False
final_all_training,inner_development,sigmoid,0.9983707302139012,0.4119601328903654,0.32750778741923314,1.0,0.0466786355475763,1.0,26,346,0,531,310,334,0.0718562874251497,0.028792912513842746,False,False,False,False
final_all_training,inner_development,sigmoid,0.9984252705148537,0.4108527131782946,0.3256350650225726,1.0,0.04488330341113106,1.0,25,346,0,532,311,334,0.0688622754491018,0.02768549280177187,False,False,False,False
final_all_training,inner_development,sigmoid,0.9984577059240226,0.4097452934662237,0.3237570690926973,1.0,0.04308797127468582,1.0,24,346,0,533,312,334,0.0658682634730539,0.026578073089700997,False,False,False,False
final_all_training,inner_development,sigmoid,0.9984653370005668,0.40863787375415284,0.32187376947741464,1.0,0.04129263913824058,1.0,23,346,0,534,313,334,0.06287425149700598,0.02547065337763012,False,False,False,False
final_all_training,inner_development,sigmoid,0.9984661816221052,0.40753045404208194,0.3199851358256162,1.0,0.03949730700179533,1.0,22,346,0,535,314,334,0.059880239520958084,0.024363233665559248,False,False,False,False
final_all_training,inner_development,sigmoid,0.9984903107934466,0.4064230343300111,0.318091137585519,1.0,0.03770197486535009,1.0,21,346,0,536,315,334,0.05688622754491018,0.023255813953488372,False,False,False,False
final_all_training,inner_development,sigmoid,0.9987244734363837,0.4053156146179402,0.316191744002888,1.0,0.03590664272890485,1.0,20,346,0,537,316,334,0.05389221556886228,0.0221483942414175,False,False,False,False
final_all_training,inner_development,sigmoid,0.9987604531966237,0.40420819490586934,0.3142869241192412,1.0,0.03411131059245961,1.0,19,346,0,538,317,334,0.05089820359281437,0.021040974529346623,False,False,False,False
final_all_training,inner_development,sigmoid,0.9987913860003517,0.40310077519379844,0.31237664677003496,1.0,0.03231597845601436,1.0,18,346,0,539,318,334,0.04790419161676647,0.019933554817275746,False,False,False,False
final_all_training,inner_development,sigmoid,0.9989437878901614,0.4019933554817276,0.3104608805828318,1.0,0.03052064631956912,1.0,17,346,0,540,319,334,0.04491017964071856,0.018826135105204873,False,False,False,False
final_all_training,inner_development,sigmoid,0.9989635965649204,0.4008859357696567,0.30853959397544833,1.0,0.02872531418312388,1.0,16,346,0,541,320,334,0.041916167664670656,0.017718715393133997,False,False,False,False
final_all_training,inner_development,sigmoid,0.9990279143974249,0.3997785160575858,0.30661275515408415,1.0,0.026929982046678635,1.0,15,346,0,542,321,334,0.038922155688622756,0.016611295681063124,False,False,False,False
final_all_training,inner_development,sigmoid,0.9990331653093913,0.39867109634551495,0.30468033211143175,1.0,0.025134649910233394,1.0,14,346,0,543,322,334,0.03592814371257485,0.015503875968992248,False,False,False,False
final_all_training,inner_development,sigmoid,0.9990723932290726,0.39756367663344405,0.3027422926247658,1.0,0.02333931777378815,1.0,13,346,0,544,323,334,0.03293413173652695,0.014396456256921373,False,False,False,False
final_all_training,inner_development,sigmoid,0.9992689469995636,0.3964562569213732,0.3007986042540133,1.0,0.02154398563734291,1.0,12,346,0,545,324,334,0.029940119760479042,0.013289036544850499,False,False,False,False
final_all_training,inner_development,sigmoid,0.9992892612126515,0.3953488372093023,0.2988492343398029,1.0,0.019748653500897665,1.0,11,346,0,546,325,334,0.02694610778443114,0.012181616832779624,False,False,False,False
final_all_training,inner_development,sigmoid,0.9992942253780616,0.39424141749723146,0.2968941500014946,1.0,0.017953321364452424,1.0,10,346,0,547,326,334,0.023952095808383235,0.01107419712070875,False,False,False,False
final_all_training,inner_development,sigmoid,0.999390327494403,0.39313399778516056,0.2949333181351875,1.0,0.01615798922800718,1.0,9,346,0,548,327,334,0.020958083832335328,0.009966777408637873,False,False,False,False
final_all_training,inner_development,sigmoid,0.9994236950496056,0.3920265780730897,0.29296670541170766,1.0,0.01436265709156194,1.0,8,346,0,549,328,334,0.017964071856287425,0.008859357696566999,False,False,False,False
final_all_training,inner_development,sigmoid,0.9995538416384562,0.3909191583610188,0.2909942782745743,1.0,0.012567324955116697,1.0,7,346,0,550,328,334,0.017964071856287425,0.007751937984496124,False,False,False,False
final_all_training,inner_development,sigmoid,0.9995612675968878,0.38981173864894797,0.2890160029379445,1.0,0.010771992818671455,1.0,6,346,0,551,329,334,0.014970059880239521,0.006644518272425249,False,False,False,False
final_all_training,inner_development,sigmoid,0.9995782778440313,0.38870431893687707,0.2870318453845362,1.0,0.008976660682226212,1.0,5,346,0,552,330,334,0.011976047904191617,0.005537098560354375,False,False,False,False
final_all_training,inner_development,sigmoid,0.9995845427715963,0.3875968992248062,0.285041771363529,1.0,0.00718132854578097,1.0,4,346,0,553,331,334,0.008982035928143712,0.004429678848283499,False,False,False,False
final_all_training,inner_development,sigmoid,0.9996205606563298,0.3864894795127353,0.283045746388443,1.0,0.005385996409335727,1.0,3,346,0,554,331,334,0.008982035928143712,0.0033222591362126247,False,False,False,False
final_all_training,inner_development,sigmoid,0.9996380188403241,0.3853820598006645,0.2810437357349948,1.0,0.003590664272890485,1.0,2,346,0,555,332,334,0.005988023952095809,0.0022148394241417496,False,False,False,False
final_all_training,inner_development,sigmoid,0.9997654756293801,0.3842746400885936,0.2790357044389303,1.0,0.0017953321364452424,1.0,1,346,0,556,333,334,0.0029940119760479044,0.0011074197120708748,False,False,False,False
final_all_training,inner_development,sigmoid,1.0,0.3831672203765227,0.27702161729383507,0.0,0.0,1.0,0,346,0,557,334,334,0.0,0.0,False,False,False,False
