row_index,query_id,outer_fold,group_id,truth,true_label,intent,selected_embedding,selected_config_id,selected_forest_params,probability_method,p_raw,p_chosen,threshold_default_0_5,threshold_balanced_macro_f1,threshold_recall_first,label_default_0_5,label_balanced_macro_f1,label_recall_first,llm_predicted_label,lr_p_chosen,lr_label_default_0_5,lr_label_balanced_macro_f1,lr_label_recall_first
0,q_01749,4,g0000,1,relevant,Delivery confirmation,b,rf_07,"{""class_weight"":""balanced"",""max_depth"":8,""max_features"":0.1,""min_samples_leaf"":4,""n_estimators"":200,""n_jobs"":2,""random_state"":42}",sigmoid,0.49074174132790627,0.43374526515097106,0.5,0.5707196595693419,0.1722820225651108,0,0,1,relevant,0.6801455106195433,1,1,1
1,q_01282,1,g0001,1,relevant,Feedback,b,rf_23,"{""class_weight"":""balanced"",""max_depth"":null,""max_features"":0.1,""min_samples_leaf"":1,""n_estimators"":200,""n_jobs"":2,""random_state"":42}",sigmoid,0.45,0.32077003776932883,0.5,0.5737654315094001,0.17496831816334135,0,0,1,relevant,0.2180506395254295,0,0,1
2,q_01630,3,g0002,0,irrelevant,OSS,b,rf_11,"{""class_weight"":""balanced"",""max_depth"":8,""max_features"":0.1,""min_samples_leaf"":1,""n_estimators"":200,""n_jobs"":2,""random_state"":42}",sigmoid,0.36342702699326546,0.1836241464452404,0.5,0.5676273080285626,0.16747729019059301,0,0,1,irrelevant,0.798498345981142,1,1,1
3,q_00293,3,g0003,1,relevant,Language change,b,rf_11,"{""class_weight"":""balanced"",""max_depth"":8,""max_features"":0.1,""min_samples_leaf"":1,""n_estimators"":200,""n_jobs"":2,""random_state"":42}",sigmoid,0.7713377250495408,0.9249470307818027,0.5,0.5676273080285626,0.16747729019059301,1,1,1,relevant,0.9809122524574212,1,1,1
4,q_01349,1,g0004,0,irrelevant,Acknowledgment,b,rf_23,"{""class_weight"":""balanced"",""max_depth"":null,""max_features"":0.1,""min_samples_leaf"":1,""n_estimators"":200,""n_jobs"":2,""random_state"":42}",sigmoid,0.105,0.010777064413024172,0.5,0.5737654315094001,0.17496831816334135,0,0,0,irrelevant,0.0512262985981861,0,0,0
5,q_00369,4,g0005,1,relevant,Medical,b,rf_07,"{""class_weight"":""balanced"",""max_depth"":8,""max_features"":0.1,""min_samples_leaf"":4,""n_estimators"":200,""n_jobs"":2,""random_state"":42}",sigmoid,0.8774062841622715,0.9730063109671367,0.5,0.5707196595693419,0.1722820225651108,1,1,1,relevant,0.999829464684919,1,1,1
6,q_00214,2,g0006,0,irrelevant,Spam,b,rf_09,"{""class_weight"":""balanced"",""max_depth"":8,""max_features"":""sqrt"",""min_samples_leaf"":1,""n_estimators"":200,""n_jobs"":2,""random_state"":42}",sigmoid,0.5848015219286772,0.6681870945187259,0.5,0.5791065989200652,0.23587676490709863,1,1,1,irrelevant,0.4038086081631364,0,0,1
7,q_00681,2,g0007,1,relevant,Medical,b,rf_09,"{""class_weight"":""balanced"",""max_depth"":8,""max_features"":""sqrt"",""min_samples_leaf"":1,""n_estimators"":200,""n_jobs"":2,""random_state"":42}",sigmoid,0.9125926663839268,0.9855994824354778,0.5,0.5791065989200652,0.23587676490709863,1,1,1,relevant,0.9989285501241684,1,1,1
8,q_00736,0,g0008,1,relevant,Medical,b,rf_05,"{""class_weight"":""balanced"",""max_depth"":8,""max_features"":""sqrt"",""min_samples_leaf"":4,""n_estimators"":200,""n_jobs"":2,""random_state"":42}",sigmoid,0.9471285625780057,0.9907639988053477,0.5,0.582359477617837,0.1627977160030385,1,1,1,relevant,0.9997830986976624,1,1,1
9,q_00022,4,g0009,0,irrelevant,Greeting,b,rf_07,"{""class_weight"":""balanced"",""max_depth"":8,""max_features"":0.1,""min_samples_leaf"":4,""n_estimators"":200,""n_jobs"":2,""random_state"":42}",sigmoid,0.2351199262247857,0.05664125795671689,0.5,0.5707196595693419,0.1722820225651108,0,0,0,irrelevant,0.2624061410891691,0,0,1
10,q_00982,1,g0010,0,irrelevant,Automated message,b,rf_23,"{""class_weight"":""balanced"",""max_depth"":null,""max_features"":0.1,""min_samples_leaf"":1,""n_estimators"":200,""n_jobs"":2,""random_state"":42}",sigmoid,0.185,0.025444862925558333,0.5,0.5737654315094001,0.17496831816334135,0,0,0,irrelevant,0.0330553554722188,0,0,0
11,q_01432,1,g0011,0,irrelevant,Acknowledgment,b,rf_23,"{""class_weight"":""balanced"",""max_depth"":null,""max_features"":0.1,""min_samples_leaf"":1,""n_estimators"":200,""n_jobs"":2,""random_state"":42}",sigmoid,0.005,0.0036403086033238237,0.5,0.5737654315094001,0.17496831816334135,0,0,0,irrelevant,0.0095495324063406,0,0,0
12,q_00512,1,g0012,1,relevant,Medical,b,rf_23,"{""class_weight"":""balanced"",""max_depth"":null,""max_features"":0.1,""min_samples_leaf"":1,""n_estimators"":200,""n_jobs"":2,""random_state"":42}",sigmoid,0.76,0.9331827538216955,0.5,0.5737654315094001,0.17496831816334135,1,1,1,relevant,0.9681111515690828,1,1,1
13,q_00682,4,g0013,1,relevant,Medical,b,rf_07,"{""class_weight"":""balanced"",""max_depth"":8,""max_features"":0.1,""min_samples_leaf"":4,""n_estimators"":200,""n_jobs"":2,""random_state"":42}",sigmoid,0.8077317940519996,0.9473894889182494,0.5,0.5707196595693419,0.1722820225651108,1,1,1,relevant,0.9932680962423924,1,1,1
14,q_00974,4,g0014,0,irrelevant,Automated message,b,rf_07,"{""class_weight"":""balanced"",""max_depth"":8,""max_features"":0.1,""min_samples_leaf"":4,""n_estimators"":200,""n_jobs"":2,""random_state"":42}",sigmoid,0.22086211390230123,0.049513717007858025,0.5,0.5707196595693419,0.1722820225651108,0,0,0,irrelevant,0.00903810250954,0,0,0
15,q_00228,2,g0015,0,irrelevant,Spam,b,rf_09,"{""class_weight"":""balanced"",""max_depth"":8,""max_features"":""sqrt"",""min_samples_leaf"":1,""n_estimators"":200,""n_jobs"":2,""random_state"":42}",sigmoid,0.588998738167836,0.6781200365745943,0.5,0.5791065989200652,0.23587676490709863,1,1,1,irrelevant,0.5252925581117609,1,0,1
16,q_00999,1,g0016,0,irrelevant,Automated message,b,rf_23,"{""class_weight"":""balanced"",""max_depth"":null,""max_features"":0.1,""min_samples_leaf"":1,""n_estimators"":200,""n_jobs"":2,""random_state"":42}",sigmoid,0.595,0.697189117591281,0.5,0.5737654315094001,0.17496831816334135,1,1,1,irrelevant,0.8283849161019088,1,1,1
17,q_01587,3,g0017,0,irrelevant,OSS,b,rf_11,"{""class_weight"":""balanced"",""max_depth"":8,""max_features"":0.1,""min_samples_leaf"":1,""n_estimators"":200,""n_jobs"":2,""random_state"":42}",sigmoid,0.7672607481747755,0.9221215662007075,0.5,0.5676273080285626,0.16747729019059301,1,1,1,relevant,0.981803094579579,1,1,1
18,q_01292,3,g0018,0,irrelevant,Acknowledgment,b,rf_11,"{""class_weight"":""balanced"",""max_depth"":8,""max_features"":0.1,""min_samples_leaf"":1,""n_estimators"":200,""n_jobs"":2,""random_state"":42}",sigmoid,0.2811661831312247,0.09117677501969965,0.5,0.5676273080285626,0.16747729019059301,0,0,0,irrelevant,0.0084752903818389,0,0,0
19,q_00175,2,g0019,0,irrelevant,Acknowledgment,b,rf_09,"{""class_weight"":""balanced"",""max_depth"":8,""max_features"":""sqrt"",""min_samples_leaf"":1,""n_estimators"":200,""n_jobs"":2,""random_state"":42}",sigmoid,0.28878831048219894,0.07697592128015784,0.5,0.5791065989200652,0.23587676490709863,0,0,0,irrelevant,0.0708292624911626,0,0,0
20,q_00519,4,g0020,1,relevant,Medical,b,rf_07,"{""class_weight"":""balanced"",""max_depth"":8,""max_features"":0.1,""min_samples_leaf"":4,""n_estimators"":200,""n_jobs"":2,""random_state"":42}",sigmoid,0.8015829214673782,0.9442518392003791,0.5,0.5707196595693419,0.1722820225651108,1,1,1,relevant,0.9142836613474248,1,1,1
21,q_00304,4,g0021,1,relevant,Language change,b,rf_07,"{""class_weight"":""balanced"",""max_depth"":8,""max_features"":0.1,""min_samples_leaf"":4,""n_estimators"":200,""n_jobs"":2,""random_state"":42}",sigmoid,0.6801213611703816,0.8347578925265657,0.5,0.5707196595693419,0.1722820225651108,1,1,1,relevant,0.944227968439206,1,1,1
22,q_00273,3,g0022,1,relevant,Language change,b,rf_11,"{""class_weight"":""balanced"",""max_depth"":8,""max_features"":0.1,""min_samples_leaf"":1,""n_estimators"":200,""n_jobs"":2,""random_state"":42}",sigmoid,0.7729970560292025,0.926069800197344,0.5,0.5676273080285626,0.16747729019059301,1,1,1,relevant,0.7957395201989627,1,1,1
23,q_00437,1,g0023,1,relevant,Medical,b,rf_23,"{""class_weight"":""balanced"",""max_depth"":null,""max_features"":0.1,""min_samples_leaf"":1,""n_estimators"":200,""n_jobs"":2,""random_state"":42}",sigmoid,0.78,0.9455841754418022,0.5,0.5737654315094001,0.17496831816334135,1,1,1,relevant,0.9815473204459048,1,1,1
24,q_01204,0,g0024,0,irrelevant,Acknowledgment,b,rf_05,"{""class_weight"":""balanced"",""max_depth"":8,""max_features"":""sqrt"",""min_samples_leaf"":4,""n_estimators"":200,""n_jobs"":2,""random_state"":42}",sigmoid,0.25993295569959884,0.055693330228982464,0.5,0.582359477617837,0.1627977160030385,0,0,0,irrelevant,0.1905147731304168,0,0,1
25,q_01234,3,g0025,0,irrelevant,Acknowledgment,b,rf_11,"{""class_weight"":""balanced"",""max_depth"":8,""max_features"":0.1,""min_samples_leaf"":1,""n_estimators"":200,""n_jobs"":2,""random_state"":42}",sigmoid,0.27596666018754423,0.08703539625556604,0.5,0.5676273080285626,0.16747729019059301,0,0,0,irrelevant,0.0106302387738064,0,0,0
26,q_00215,2,g0026,0,irrelevant,Spam,b,rf_09,"{""class_weight"":""balanced"",""max_depth"":8,""max_features"":""sqrt"",""min_samples_leaf"":1,""n_estimators"":200,""n_jobs"":2,""random_state"":42}",sigmoid,0.5788782828243914,0.6539124624622361,0.5,0.5791065989200652,0.23587676490709863,1,1,1,irrelevant,0.4178264285571178,0,0,1
27,q_01686,4,g0027,1,relevant,Language change,b,rf_07,"{""class_weight"":""balanced"",""max_depth"":8,""max_features"":0.1,""min_samples_leaf"":4,""n_estimators"":200,""n_jobs"":2,""random_state"":42}",sigmoid,0.7442487129195989,0.9053787104346573,0.5,0.5707196595693419,0.1722820225651108,1,1,1,relevant,0.8637617812344643,1,1,1
28,q_00059,2,g0028,1,relevant,Other,b,rf_09,"{""class_weight"":""balanced"",""max_depth"":8,""max_features"":""sqrt"",""min_samples_leaf"":1,""n_estimators"":200,""n_jobs"":2,""random_state"":42}",sigmoid,0.4822685174071907,0.40060817073859467,0.5,0.5791065989200652,0.23587676490709863,0,0,1,irrelevant,0.4513306268484508,0,0,1
29,q_01194,1,g0029,1,relevant,Feedback,b,rf_23,"{""class_weight"":""balanced"",""max_depth"":null,""max_features"":0.1,""min_samples_leaf"":1,""n_estimators"":200,""n_jobs"":2,""random_state"":42}",sigmoid,0.91,0.986284934232608,0.5,0.5737654315094001,0.17496831816334135,1,1,1,irrelevant,0.9977054702507668,1,1,1
30,q_00898,1,g0030,1,relevant,Medical,b,rf_23,"{""class_weight"":""balanced"",""max_depth"":null,""max_features"":0.1,""min_samples_leaf"":1,""n_estimators"":200,""n_jobs"":2,""random_state"":42}",sigmoid,0.8,0.9557929055323444,0.5,0.5737654315094001,0.17496831816334135,1,1,1,relevant,0.9591487555792824,1,1,1
31,q_01563,2,g0031,0,irrelevant,OSS,b,rf_09,"{""class_weight"":""balanced"",""max_depth"":8,""max_features"":""sqrt"",""min_samples_leaf"":1,""n_estimators"":200,""n_jobs"":2,""random_state"":42}",sigmoid,0.46869518615042965,0.3661109455631302,0.5,0.5791065989200652,0.23587676490709863,0,0,1,irrelevant,0.382610810926299,0,0,1
32,q_01472,2,g0032,0,irrelevant,Acknowledgment,b,rf_09,"{""class_weight"":""balanced"",""max_depth"":8,""max_features"":""sqrt"",""min_samples_leaf"":1,""n_estimators"":200,""n_jobs"":2,""random_state"":42}",sigmoid,0.6127173191740941,0.7311140262029581,0.5,0.5791065989200652,0.23587676490709863,1,1,1,irrelevant,0.6408717823393154,1,1,1
33,q_00107,0,g0033,0,irrelevant,Acknowledgment,b,rf_05,"{""class_weight"":""balanced"",""max_depth"":8,""max_features"":""sqrt"",""min_samples_leaf"":4,""n_estimators"":200,""n_jobs"":2,""random_state"":42}",sigmoid,0.7392388568803996,0.9171829267721937,0.5,0.582359477617837,0.1627977160030385,1,1,1,irrelevant,0.7676587700843811,1,1,1
34,q_00044,3,g0034,0,irrelevant,Greeting,b,rf_11,"{""class_weight"":""balanced"",""max_depth"":8,""max_features"":0.1,""min_samples_leaf"":1,""n_estimators"":200,""n_jobs"":2,""random_state"":42}",sigmoid,0.5322055713733321,0.5410397182346803,0.5,0.5676273080285626,0.16747729019059301,1,0,1,irrelevant,0.0628556767111918,0,0,0
35,q_01371,4,g0035,0,irrelevant,Acknowledgment,b,rf_07,"{""class_weight"":""balanced"",""max_depth"":8,""max_features"":0.1,""min_samples_leaf"":4,""n_estimators"":200,""n_jobs"":2,""random_state"":42}",sigmoid,0.18316575958101342,0.03454960145753468,0.5,0.5707196595693419,0.1722820225651108,0,0,0,irrelevant,0.1370278714525445,0,0,0
36,q_01763,1,g0036,1,relevant,Delivery confirmation,b,rf_23,"{""class_weight"":""balanced"",""max_depth"":null,""max_features"":0.1,""min_samples_leaf"":1,""n_estimators"":200,""n_jobs"":2,""random_state"":42}",sigmoid,0.705,0.8844990453201014,0.5,0.5737654315094001,0.17496831816334135,1,1,1,relevant,0.9533569270354674,1,1,1
37,q_00232,4,g0037,0,irrelevant,Spam,b,rf_07,"{""class_weight"":""balanced"",""max_depth"":8,""max_features"":0.1,""min_samples_leaf"":4,""n_estimators"":200,""n_jobs"":2,""random_state"":42}",sigmoid,0.36233247316745915,0.1757215475740362,0.5,0.5707196595693419,0.1722820225651108,0,0,1,irrelevant,0.0824839521626244,0,0,0
38,q_00781,2,g0038,1,relevant,Medical,b,rf_09,"{""class_weight"":""balanced"",""max_depth"":8,""max_features"":""sqrt"",""min_samples_leaf"":1,""n_estimators"":200,""n_jobs"":2,""random_state"":42}",sigmoid,0.8561096427364493,0.9738754627359811,0.5,0.5791065989200652,0.23587676490709863,1,1,1,relevant,0.997424679474148,1,1,1
39,q_00820,2,g0039,1,relevant,Medical,b,rf_09,"{""class_weight"":""balanced"",""max_depth"":8,""max_features"":""sqrt"",""min_samples_leaf"":1,""n_estimators"":200,""n_jobs"":2,""random_state"":42}",sigmoid,0.8241045258270894,0.963530761417461,0.5,0.5791065989200652,0.23587676490709863,1,1,1,relevant,0.9805538963995007,1,1,1
40,q_00525,4,g0040,1,relevant,Medical,b,rf_07,"{""class_weight"":""balanced"",""max_depth"":8,""max_features"":0.1,""min_samples_leaf"":4,""n_estimators"":200,""n_jobs"":2,""random_state"":42}",sigmoid,0.799629153769431,0.9432185311831821,0.5,0.5707196595693419,0.1722820225651108,1,1,1,relevant,0.7306183907235725,1,1,1
41,q_01642,1,g0041,0,irrelevant,OSS,b,rf_23,"{""class_weight"":""balanced"",""max_depth"":null,""max_features"":0.1,""min_samples_leaf"":1,""n_estimators"":200,""n_jobs"":2,""random_state"":42}",sigmoid,0.41,0.2337508778068615,0.5,0.5737654315094001,0.17496831816334135,0,0,1,irrelevant,0.2905582795395453,0,0,1
42,q_01724,4,g0042,1,relevant,Delivery confirmation,b,rf_07,"{""class_weight"":""balanced"",""max_depth"":8,""max_features"":0.1,""min_samples_leaf"":4,""n_estimators"":200,""n_jobs"":2,""random_state"":42}",sigmoid,0.5601608590762264,0.604646297796506,0.5,0.5707196595693419,0.1722820225651108,1,1,1,relevant,0.6384117412149531,1,1,1
43,q_00929,1,g0043,1,relevant,Medical,b,rf_23,"{""class_weight"":""balanced"",""max_depth"":null,""max_features"":0.1,""min_samples_leaf"":1,""n_estimators"":200,""n_jobs"":2,""random_state"":42}",sigmoid,0.745,0.9222099072328971,0.5,0.5737654315094001,0.17496831816334135,1,1,1,relevant,0.8545058275225405,1,1,1
44,q_00174,2,g0044,0,irrelevant,Acknowledgment,b,rf_09,"{""class_weight"":""balanced"",""max_depth"":8,""max_features"":""sqrt"",""min_samples_leaf"":1,""n_estimators"":200,""n_jobs"":2,""random_state"":42}",sigmoid,0.09917301731787491,0.010731107098890759,0.5,0.5791065989200652,0.23587676490709863,0,0,0,irrelevant,0.1014875830368382,0,0,0
45,q_00006,2,g0045,0,irrelevant,Greeting,b,rf_09,"{""class_weight"":""balanced"",""max_depth"":8,""max_features"":""sqrt"",""min_samples_leaf"":1,""n_estimators"":200,""n_jobs"":2,""random_state"":42}",sigmoid,0.045366838982391966,0.006044145953158178,0.5,0.5791065989200652,0.23587676490709863,0,0,0,irrelevant,0.0198246566167168,0,0,0
46,q_01457,0,g0046,1,relevant,Other,b,rf_05,"{""class_weight"":""balanced"",""max_depth"":8,""max_features"":""sqrt"",""min_samples_leaf"":4,""n_estimators"":200,""n_jobs"":2,""random_state"":42}",sigmoid,0.7363913658235895,0.914789608615861,0.5,0.582359477617837,0.1627977160030385,1,1,1,relevant,0.8214839696884155,1,1,1
47,q_00586,0,g0047,1,relevant,Medical,b,rf_05,"{""class_weight"":""balanced"",""max_depth"":8,""max_features"":""sqrt"",""min_samples_leaf"":4,""n_estimators"":200,""n_jobs"":2,""random_state"":42}",sigmoid,0.6213122094267791,0.7533589793356936,0.5,0.582359477617837,0.1627977160030385,1,1,1,relevant,0.4592738747596741,0,0,1
48,q_01745,4,g0048,1,relevant,Delivery confirmation,b,rf_07,"{""class_weight"":""balanced"",""max_depth"":8,""max_features"":0.1,""min_samples_leaf"":4,""n_estimators"":200,""n_jobs"":2,""random_state"":42}",sigmoid,0.7575575278682507,0.9161409902411974,0.5,0.5707196595693419,0.1722820225651108,1,1,1,relevant,0.7659758476924451,1,1,1
49,q_00455,2,g0049,1,relevant,Medical,b,rf_09,"{""class_weight"":""balanced"",""max_depth"":8,""max_features"":""sqrt"",""min_samples_leaf"":1,""n_estimators"":200,""n_jobs"":2,""random_state"":42}",sigmoid,0.9546404148884762,0.9907906665939867,0.5,0.5791065989200652,0.23587676490709863,1,1,1,relevant,0.999309379321338,1,1,1
50,q_01294,0,g0050,0,irrelevant,Acknowledgment,b,rf_05,"{""class_weight"":""balanced"",""max_depth"":8,""max_features"":""sqrt"",""min_samples_leaf"":4,""n_estimators"":200,""n_jobs"":2,""random_state"":42}",sigmoid,0.179923878929686,0.024021362457859442,0.5,0.582359477617837,0.1627977160030385,0,0,0,irrelevant,0.0058617973700165,0,0,0
51,q_00297,4,g0051,1,relevant,Language change,b,rf_07,"{""class_weight"":""balanced"",""max_depth"":8,""max_features"":0.1,""min_samples_leaf"":4,""n_estimators"":200,""n_jobs"":2,""random_state"":42}",sigmoid,0.8380542726127334,0.9605632445008758,0.5,0.5707196595693419,0.1722820225651108,1,1,1,relevant,0.9653808529877383,1,1,1
52,q_01342,3,g0052,0,irrelevant,Acknowledgment,b,rf_11,"{""class_weight"":""balanced"",""max_depth"":8,""max_features"":0.1,""min_samples_leaf"":1,""n_estimators"":200,""n_jobs"":2,""random_state"":42}",sigmoid,0.45878593323472977,0.364458750292681,0.5,0.5676273080285626,0.16747729019059301,0,0,1,irrelevant,0.6985064546146962,1,1,1
53,q_00667,3,g0053,1,relevant,Medical,b,rf_11,"{""class_weight"":""balanced"",""max_depth"":8,""max_features"":0.1,""min_samples_leaf"":1,""n_estimators"":200,""n_jobs"":2,""random_state"":42}",sigmoid,0.8673240367408088,0.9693389255615922,0.5,0.5676273080285626,0.16747729019059301,1,1,1,relevant,0.9722430949145552,1,1,1
54,q_00950,3,g0054,1,relevant,Medical,b,rf_11,"{""class_weight"":""balanced"",""max_depth"":8,""max_features"":0.1,""min_samples_leaf"":1,""n_estimators"":200,""n_jobs"":2,""random_state"":42}",sigmoid,0.8526048861848853,0.9647415890218359,0.5,0.5676273080285626,0.16747729019059301,1,1,1,relevant,0.9887188201777668,1,1,1
55,q_00652,2,g0055,1,relevant,Medical,b,rf_09,"{""class_weight"":""balanced"",""max_depth"":8,""max_features"":""sqrt"",""min_samples_leaf"":1,""n_estimators"":200,""n_jobs"":2,""random_state"":42}",sigmoid,0.7455014223718307,0.9189835631737006,0.5,0.5791065989200652,0.23587676490709863,1,1,1,relevant,0.7957023063089507,1,1,1
56,q_00740,0,g0056,1,relevant,Medical,b,rf_05,"{""class_weight"":""balanced"",""max_depth"":8,""max_features"":""sqrt"",""min_samples_leaf"":4,""n_estimators"":200,""n_jobs"":2,""random_state"":42}",sigmoid,0.776682323392686,0.9434091331474752,0.5,0.582359477617837,0.1627977160030385,1,1,1,relevant,0.9742724895477296,1,1,1
57,q_01163,2,g0057,1,relevant,Feedback,b,rf_09,"{""class_weight"":""balanced"",""max_depth"":8,""max_features"":""sqrt"",""min_samples_leaf"":1,""n_estimators"":200,""n_jobs"":2,""random_state"":42}",sigmoid,0.44047650215068074,0.298912729820786,0.5,0.5791065989200652,0.23587676490709863,0,0,1,relevant,0.5337211313776331,1,0,1
58,q_00934,3,g0058,1,relevant,Medical,b,rf_11,"{""class_weight"":""balanced"",""max_depth"":8,""max_features"":0.1,""min_samples_leaf"":1,""n_estimators"":200,""n_jobs"":2,""random_state"":42}",sigmoid,0.9403759097148964,0.9847919204110762,0.5,0.5676273080285626,0.16747729019059301,1,1,1,relevant,0.994555394024306,1,1,1
59,q_01375,0,g0059,0,irrelevant,Acknowledgment,b,rf_05,"{""class_weight"":""balanced"",""max_depth"":8,""max_features"":""sqrt"",""min_samples_leaf"":4,""n_estimators"":200,""n_jobs"":2,""random_state"":42}",sigmoid,0.507173640096732,0.4675254759283386,0.5,0.582359477617837,0.1627977160030385,0,0,1,irrelevant,0.6890855431556702,1,1,1
60,q_01166,0,g0060,0,irrelevant,Acknowledgment,b,rf_05,"{""class_weight"":""balanced"",""max_depth"":8,""max_features"":""sqrt"",""min_samples_leaf"":4,""n_estimators"":200,""n_jobs"":2,""random_state"":42}",sigmoid,0.03907763905759778,0.005257107601312422,0.5,0.582359477617837,0.1627977160030385,0,0,0,irrelevant,0.0201499797403812,0,0,0
61,q_00931,1,g0061,1,relevant,Medical,b,rf_23,"{""class_weight"":""balanced"",""max_depth"":null,""max_features"":0.1,""min_samples_leaf"":1,""n_estimators"":200,""n_jobs"":2,""random_state"":42}",sigmoid,0.755,0.9296949452595685,0.5,0.5737654315094001,0.17496831816334135,1,1,1,relevant,0.9231634700883408,1,1,1
62,q_00417,0,g0062,1,relevant,Medical,b,rf_05,"{""class_weight"":""balanced"",""max_depth"":8,""max_features"":""sqrt"",""min_samples_leaf"":4,""n_estimators"":200,""n_jobs"":2,""random_state"":42}",sigmoid,0.8862706022976616,0.9822007712317107,0.5,0.582359477617837,0.1627977160030385,1,1,1,relevant,0.9804100394248962,1,1,1
63,q_01540,2,g0063,1,relevant,Feedback,b,rf_09,"{""class_weight"":""balanced"",""max_depth"":8,""max_features"":""sqrt"",""min_samples_leaf"":1,""n_estimators"":200,""n_jobs"":2,""random_state"":42}",sigmoid,0.8425982067830456,0.969911693088346,0.5,0.5791065989200652,0.23587676490709863,1,1,1,relevant,0.9502912308460634,1,1,1
64,q_01130,3,g0064,0,irrelevant,Acknowledgment,b,rf_11,"{""class_weight"":""balanced"",""max_depth"":8,""max_features"":0.1,""min_samples_leaf"":1,""n_estimators"":200,""n_jobs"":2,""random_state"":42}",sigmoid,0.07639846535290593,0.013267432840245891,0.5,0.5676273080285626,0.16747729019059301,0,0,0,irrelevant,0.0023881324248614,0,0,0
65,q_00981,2,g0065,0,irrelevant,Automated message,b,rf_09,"{""class_weight"":""balanced"",""max_depth"":8,""max_features"":""sqrt"",""min_samples_leaf"":1,""n_estimators"":200,""n_jobs"":2,""random_state"":42}",sigmoid,0.21565067305145796,0.03658342053611781,0.5,0.5791065989200652,0.23587676490709863,0,0,0,irrelevant,0.0227422346118519,0,0,0
66,q_00731,0,g0066,1,relevant,Medical,b,rf_05,"{""class_weight"":""balanced"",""max_depth"":8,""max_features"":""sqrt"",""min_samples_leaf"":4,""n_estimators"":200,""n_jobs"":2,""random_state"":42}",sigmoid,0.7732300037288019,0.9413619640107087,0.5,0.582359477617837,0.1627977160030385,1,1,1,relevant,0.9936164617538452,1,1,1
67,q_00518,4,g0067,1,relevant,Medical,b,rf_07,"{""class_weight"":""balanced"",""max_depth"":8,""max_features"":0.1,""min_samples_leaf"":4,""n_estimators"":200,""n_jobs"":2,""random_state"":42}",sigmoid,0.9006577600071907,0.9784666521482678,0.5,0.5707196595693419,0.1722820225651108,1,1,1,relevant,0.9898370436480683,1,1,1
68,q_01270,4,g0068,0,irrelevant,Acknowledgment,b,rf_07,"{""class_weight"":""balanced"",""max_depth"":8,""max_features"":0.1,""min_samples_leaf"":4,""n_estimators"":200,""n_jobs"":2,""random_state"":42}",sigmoid,0.07751333831440546,0.012339296956355685,0.5,0.5707196595693419,0.1722820225651108,0,0,0,irrelevant,0.0230903509489645,0,0,0
69,q_00668,2,g0069,1,relevant,Medical,b,rf_09,"{""class_weight"":""balanced"",""max_depth"":8,""max_features"":""sqrt"",""min_samples_leaf"":1,""n_estimators"":200,""n_jobs"":2,""random_state"":42}",sigmoid,0.8674195122405315,0.9767985717088046,0.5,0.5791065989200652,0.23587676490709863,1,1,1,relevant,0.9938505139133276,1,1,1
70,q_01266,1,g0070,1,relevant,Other,b,rf_23,"{""class_weight"":""balanced"",""max_depth"":null,""max_features"":0.1,""min_samples_leaf"":1,""n_estimators"":200,""n_jobs"":2,""random_state"":42}",sigmoid,0.525,0.5172856071077391,0.5,0.5737654315094001,0.17496831816334135,1,0,1,relevant,0.6489634564220249,1,1,1
71,q_00602,3,g0071,1,relevant,Other,b,rf_11,"{""class_weight"":""balanced"",""max_depth"":8,""max_features"":0.1,""min_samples_leaf"":1,""n_estimators"":200,""n_jobs"":2,""random_state"":42}",sigmoid,0.6475577603398122,0.7852752953638662,0.5,0.5676273080285626,0.16747729019059301,1,1,1,irrelevant,0.7805018771344269,1,1,1
72,q_00128,0,g0072,0,irrelevant,Acknowledgment,b,rf_05,"{""class_weight"":""balanced"",""max_depth"":8,""max_features"":""sqrt"",""min_samples_leaf"":4,""n_estimators"":200,""n_jobs"":2,""random_state"":42}",sigmoid,0.5035627280233048,0.45772076790387695,0.5,0.582359477617837,0.1627977160030385,0,0,1,irrelevant,0.712458074092865,1,1,1
73,q_00721,4,g0073,1,relevant,Medical,b,rf_07,"{""class_weight"":""balanced"",""max_depth"":8,""max_features"":0.1,""min_samples_leaf"":4,""n_estimators"":200,""n_jobs"":2,""random_state"":42}",sigmoid,0.8437797467893575,0.9626677286106409,0.5,0.5707196595693419,0.1722820225651108,1,1,1,relevant,0.9820811350635756,1,1,1
74,q_01645,0,g0074,0,irrelevant,OSS,b,rf_05,"{""class_weight"":""balanced"",""max_depth"":8,""max_features"":""sqrt"",""min_samples_leaf"":4,""n_estimators"":200,""n_jobs"":2,""random_state"":42}",sigmoid,0.5030803237188082,0.4564132044539099,0.5,0.582359477617837,0.1627977160030385,0,0,1,irrelevant,0.2922330796718597,0,0,1
75,q_01276,0,g0075,0,irrelevant,Acknowledgment,b,rf_05,"{""class_weight"":""balanced"",""max_depth"":8,""max_features"":""sqrt"",""min_samples_leaf"":4,""n_estimators"":200,""n_jobs"":2,""random_state"":42}",sigmoid,0.025255301564439125,0.00452375400326925,0.5,0.582359477617837,0.1627977160030385,0,0,0,irrelevant,0.0200008582323789,0,0,0
76,q_00873,2,g0076,1,relevant,Medical,b,rf_09,"{""class_weight"":""balanced"",""max_depth"":8,""max_features"":""sqrt"",""min_samples_leaf"":1,""n_estimators"":200,""n_jobs"":2,""random_state"":42}",sigmoid,0.8593928767441448,0.9747591224097325,0.5,0.5791065989200652,0.23587676490709863,1,1,1,relevant,0.9152207268603468,1,1,1
77,q_00847,2,g0077,1,relevant,Medical,b,rf_09,"{""class_weight"":""balanced"",""max_depth"":8,""max_features"":""sqrt"",""min_samples_leaf"":1,""n_estimators"":200,""n_jobs"":2,""random_state"":42}",sigmoid,0.8631524606163492,0.9757352528775642,0.5,0.5791065989200652,0.23587676490709863,1,1,1,relevant,0.9920613993435816,1,1,1
78,q_00964,2,g0078,1,relevant,Medical,b,rf_09,"{""class_weight"":""balanced"",""max_depth"":8,""max_features"":""sqrt"",""min_samples_leaf"":1,""n_estimators"":200,""n_jobs"":2,""random_state"":42}",sigmoid,0.9241443322700766,0.9872607330479144,0.5,0.5791065989200652,0.23587676490709863,1,1,1,relevant,0.9978565430042622,1,1,1
79,q_01111,2,g0079,1,relevant,Other,b,rf_09,"{""class_weight"":""balanced"",""max_depth"":8,""max_features"":""sqrt"",""min_samples_leaf"":1,""n_estimators"":200,""n_jobs"":2,""random_state"":42}",sigmoid,0.6649854262957902,0.8267147217711418,0.5,0.5791065989200652,0.23587676490709863,1,1,1,relevant,0.9060537490760684,1,1,1
80,q_00341,0,g0080,1,relevant,Medical,b,rf_05,"{""class_weight"":""balanced"",""max_depth"":8,""max_features"":""sqrt"",""min_samples_leaf"":4,""n_estimators"":200,""n_jobs"":2,""random_state"":42}",sigmoid,0.569426164505896,0.6341072331395523,0.5,0.582359477617837,0.1627977160030385,1,1,1,relevant,0.4845171272754669,0,0,1
81,q_00481,4,g0081,1,relevant,Medical,b,rf_07,"{""class_weight"":""balanced"",""max_depth"":8,""max_features"":0.1,""min_samples_leaf"":4,""n_estimators"":200,""n_jobs"":2,""random_state"":42}",sigmoid,0.7679773254438094,0.9237778687598643,0.5,0.5707196595693419,0.1722820225651108,1,1,1,relevant,0.8024427178882317,1,1,1
82,q_00355,0,g0082,1,relevant,Medical,b,rf_05,"{""class_weight"":""balanced"",""max_depth"":8,""max_features"":""sqrt"",""min_samples_leaf"":4,""n_estimators"":200,""n_jobs"":2,""random_state"":42}",sigmoid,0.762217557429198,0.9343589668443094,0.5,0.582359477617837,0.1627977160030385,1,1,1,relevant,0.9771249294281006,1,1,1
83,q_00978,4,g0083,0,irrelevant,Automated message,b,rf_07,"{""class_weight"":""balanced"",""max_depth"":8,""max_features"":0.1,""min_samples_leaf"":4,""n_estimators"":200,""n_jobs"":2,""random_state"":42}",sigmoid,0.4279647205959939,0.2907225398492038,0.5,0.5707196595693419,0.1722820225651108,0,0,1,irrelevant,0.1142937875285899,0,0,0
84,q_00074,0,g0084,0,irrelevant,Greeting,b,rf_05,"{""class_weight"":""balanced"",""max_depth"":8,""max_features"":""sqrt"",""min_samples_leaf"":4,""n_estimators"":200,""n_jobs"":2,""random_state"":42}",sigmoid,0.5738440823415,0.6452290253139001,0.5,0.582359477617837,0.1627977160030385,1,1,1,irrelevant,0.6704543828964233,1,1,1
85,q_00866,4,g0085,1,relevant,Medical,b,rf_07,"{""class_weight"":""balanced"",""max_depth"":8,""max_features"":0.1,""min_samples_leaf"":4,""n_estimators"":200,""n_jobs"":2,""random_state"":42}",sigmoid,0.4339162139651468,0.3030961079783112,0.5,0.5707196595693419,0.1722820225651108,0,0,1,relevant,0.6243171453271228,1,1,1
86,q_00637,2,g0086,1,relevant,Medical,b,rf_09,"{""class_weight"":""balanced"",""max_depth"":8,""max_features"":""sqrt"",""min_samples_leaf"":1,""n_estimators"":200,""n_jobs"":2,""random_state"":42}",sigmoid,0.5885809217998437,0.6771382506986305,0.5,0.5791065989200652,0.23587676490709863,1,1,1,relevant,0.7904256555761234,1,1,1
87,q_01271,3,g0087,0,irrelevant,Acknowledgment,b,rf_11,"{""class_weight"":""balanced"",""max_depth"":8,""max_features"":0.1,""min_samples_leaf"":1,""n_estimators"":200,""n_jobs"":2,""random_state"":42}",sigmoid,0.17292018587028235,0.033512374425728464,0.5,0.5676273080285626,0.16747729019059301,0,0,0,irrelevant,0.0045718013085276,0,0,0
88,q_01476,2,g0088,1,relevant,Feedback,b,rf_09,"{""class_weight"":""balanced"",""max_depth"":8,""max_features"":""sqrt"",""min_samples_leaf"":1,""n_estimators"":200,""n_jobs"":2,""random_state"":42}",sigmoid,0.5980113478049724,0.6989057602800246,0.5,0.5791065989200652,0.23587676490709863,1,1,1,relevant,0.8391802703619381,1,1,1
89,q_00643,0,g0089,1,relevant,Medical,b,rf_05,"{""class_weight"":""balanced"",""max_depth"":8,""max_features"":""sqrt"",""min_samples_leaf"":4,""n_estimators"":200,""n_jobs"":2,""random_state"":42}",sigmoid,0.9382626760552796,0.9898344068988708,0.5,0.582359477617837,0.1627977160030385,1,1,1,relevant,0.998730719089508,1,1,1
90,q_01037,0,g0090,1,relevant,Other,b,rf_05,"{""class_weight"":""balanced"",""max_depth"":8,""max_features"":""sqrt"",""min_samples_leaf"":4,""n_estimators"":200,""n_jobs"":2,""random_state"":42}",sigmoid,0.45757880804554146,0.3380971800982669,0.5,0.582359477617837,0.1627977160030385,0,0,1,relevant,0.3817859888076782,0,0,1
91,q_00199,3,g0091,1,relevant,Other,b,rf_11,"{""class_weight"":""balanced"",""max_depth"":8,""max_features"":0.1,""min_samples_leaf"":1,""n_estimators"":200,""n_jobs"":2,""random_state"":42}",sigmoid,0.4372941540633922,0.31712858512578507,0.5,0.5676273080285626,0.16747729019059301,0,0,1,relevant,0.1842811921677669,0,0,1
92,q_00479,3,g0092,1,relevant,Medical,b,rf_11,"{""class_weight"":""balanced"",""max_depth"":8,""max_features"":0.1,""min_samples_leaf"":1,""n_estimators"":200,""n_jobs"":2,""random_state"":42}",sigmoid,0.7505787292714503,0.9095208739850604,0.5,0.5676273080285626,0.16747729019059301,1,1,1,relevant,0.995914959755174,1,1,1
93,q_00495,0,g0093,1,relevant,Medical,b,rf_05,"{""class_weight"":""balanced"",""max_depth"":8,""max_features"":""sqrt"",""min_samples_leaf"":4,""n_estimators"":200,""n_jobs"":2,""random_state"":42}",sigmoid,0.858114728792605,0.9759459884801684,0.5,0.582359477617837,0.1627977160030385,1,1,1,relevant,0.9892471432685852,1,1,1
94,q_00609,0,g0094,1,relevant,Medical,b,rf_05,"{""class_weight"":""balanced"",""max_depth"":8,""max_features"":""sqrt"",""min_samples_leaf"":4,""n_estimators"":200,""n_jobs"":2,""random_state"":42}",sigmoid,0.7796042527572768,0.9450891078257191,0.5,0.582359477617837,0.1627977160030385,1,1,1,relevant,0.6747722625732422,1,1,1
95,q_01403,2,g0095,0,irrelevant,Acknowledgment,b,rf_09,"{""class_weight"":""balanced"",""max_depth"":8,""max_features"":""sqrt"",""min_samples_leaf"":1,""n_estimators"":200,""n_jobs"":2,""random_state"":42}",sigmoid,0.08636159356287161,0.00936256261783917,0.5,0.5791065989200652,0.23587676490709863,0,0,0,irrelevant,0.0344200757209358,0,0,0
96,q_00207,0,g0096,0,irrelevant,Acknowledgment,b,rf_05,"{""class_weight"":""balanced"",""max_depth"":8,""max_features"":""sqrt"",""min_samples_leaf"":4,""n_estimators"":200,""n_jobs"":2,""random_state"":42}",sigmoid,0.7178672561268439,0.8976369049308832,0.5,0.582359477617837,0.1627977160030385,1,1,1,irrelevant,0.9640946984291076,1,1,1
97,q_01584,4,g0097,0,irrelevant,OSS,b,rf_07,"{""class_weight"":""balanced"",""max_depth"":8,""max_features"":0.1,""min_samples_leaf"":4,""n_estimators"":200,""n_jobs"":2,""random_state"":42}",sigmoid,0.5320933171317732,0.5362602199121402,0.5,0.5707196595693419,0.1722820225651108,1,0,1,irrelevant,0.3031799392865285,0,0,1
98,q_00169,0,g0098,0,irrelevant,Acknowledgment,b,rf_05,"{""class_weight"":""balanced"",""max_depth"":8,""max_features"":""sqrt"",""min_samples_leaf"":4,""n_estimators"":200,""n_jobs"":2,""random_state"":42}",sigmoid,0.25130561298340454,0.05094000087932168,0.5,0.582359477617837,0.1627977160030385,0,0,0,irrelevant,0.128413438796997,0,0,0
99,q_01657,2,g0099,0,irrelevant,OSS,b,rf_09,"{""class_weight"":""balanced"",""max_depth"":8,""max_features"":""sqrt"",""min_samples_leaf"":1,""n_estimators"":200,""n_jobs"":2,""random_state"":42}",sigmoid,0.2940246191570896,0.0810744937755084,0.5,0.5791065989200652,0.23587676490709863,0,0,0,irrelevant,0.0349095568340218,0,0,0
100,q_00564,0,g0100,1,relevant,Medical,b,rf_05,"{""class_weight"":""balanced"",""max_depth"":8,""max_features"":""sqrt"",""min_samples_leaf"":4,""n_estimators"":200,""n_jobs"":2,""random_state"":42}",sigmoid,0.8451408941747165,0.9723851298335559,0.5,0.582359477617837,0.1627977160030385,1,1,1,relevant,0.9763519763946532,1,1,1
101,q_00434,1,g0101,1,relevant,Medical,b,rf_23,"{""class_weight"":""balanced"",""max_depth"":null,""max_features"":0.1,""min_samples_leaf"":1,""n_estimators"":200,""n_jobs"":2,""random_state"":42}",sigmoid,0.92,0.9876869291942582,0.5,0.5737654315094001,0.17496831816334135,1,1,1,relevant,0.9970223826934724,1,1,1
102,q_00236,1,g0102,1,relevant,Language change,b,rf_23,"{""class_weight"":""balanced"",""max_depth"":null,""max_features"":0.1,""min_samples_leaf"":1,""n_estimators"":200,""n_jobs"":2,""random_state"":42}",sigmoid,0.645,0.7990260777686686,0.5,0.5737654315094001,0.17496831816334135,1,1,1,relevant,0.788012015567224,1,1,1
103,q_00382,4,g0103,1,relevant,Medical,b,rf_07,"{""class_weight"":""balanced"",""max_depth"":8,""max_features"":0.1,""min_samples_leaf"":4,""n_estimators"":200,""n_jobs"":2,""random_state"":42}",sigmoid,0.7951740303304515,0.9407946342250953,0.5,0.5707196595693419,0.1722820225651108,1,1,1,relevant,0.7489489932106093,1,1,1
104,q_01431,0,g0104,0,irrelevant,Acknowledgment,b,rf_05,"{""class_weight"":""balanced"",""max_depth"":8,""max_features"":""sqrt"",""min_samples_leaf"":4,""n_estimators"":200,""n_jobs"":2,""random_state"":42}",sigmoid,0.00570467385540128,0.0036570940301204583,0.5,0.582359477617837,0.1627977160030385,0,0,0,irrelevant,0.0037163905799388,0,0,0
105,q_01373,4,g0105,1,relevant,Feedback,b,rf_07,"{""class_weight"":""balanced"",""max_depth"":8,""max_features"":0.1,""min_samples_leaf"":4,""n_estimators"":200,""n_jobs"":2,""random_state"":42}",sigmoid,0.40664903128453006,0.24895517479870333,0.5,0.5707196595693419,0.1722820225651108,0,0,1,relevant,0.2490607668876175,0,0,1
106,q_00359,1,g0106,1,relevant,Medical,b,rf_23,"{""class_weight"":""balanced"",""max_depth"":null,""max_features"":0.1,""min_samples_leaf"":1,""n_estimators"":200,""n_jobs"":2,""random_state"":42}",sigmoid,0.855,0.9752665243422219,0.5,0.5737654315094001,0.17496831816334135,1,1,1,relevant,0.9633946495592628,1,1,1
107,q_01801,4,g0107,1,relevant,Date,b,rf_07,"{""class_weight"":""balanced"",""max_depth"":8,""max_features"":0.1,""min_samples_leaf"":4,""n_estimators"":200,""n_jobs"":2,""random_state"":42}",sigmoid,0.7527973468447905,0.9124257360113522,0.5,0.5707196595693419,0.1722820225651108,1,1,1,relevant,0.8850503592507081,1,1,1
108,q_01776,3,g0108,1,relevant,Delivery confirmation,b,rf_11,"{""class_weight"":""balanced"",""max_depth"":8,""max_features"":0.1,""min_samples_leaf"":1,""n_estimators"":200,""n_jobs"":2,""random_state"":42}",sigmoid,0.7316837458924677,0.893056572212667,0.5,0.5676273080285626,0.16747729019059301,1,1,1,relevant,0.9782018765374852,1,1,1
109,q_01198,1,g0109,0,irrelevant,Acknowledgment,b,rf_23,"{""class_weight"":""balanced"",""max_depth"":null,""max_features"":0.1,""min_samples_leaf"":1,""n_estimators"":200,""n_jobs"":2,""random_state"":42}",sigmoid,0.445,0.3089863892018353,0.5,0.5737654315094001,0.17496831816334135,0,0,1,irrelevant,0.1331103205218367,0,0,0
110,q_01315,4,g0110,1,relevant,Feedback,b,rf_07,"{""class_weight"":""balanced"",""max_depth"":8,""max_features"":0.1,""min_samples_leaf"":4,""n_estimators"":200,""n_jobs"":2,""random_state"":42}",sigmoid,0.8744342129788258,0.9722177949703239,0.5,0.5707196595693419,0.1722820225651108,1,1,1,relevant,0.9869096221104074,1,1,1
111,q_00398,0,g0111,1,relevant,Medical,b,rf_05,"{""class_weight"":""balanced"",""max_depth"":8,""max_features"":""sqrt"",""min_samples_leaf"":4,""n_estimators"":200,""n_jobs"":2,""random_state"":42}",sigmoid,0.847498138680836,0.973068156574645,0.5,0.582359477617837,0.1627977160030385,1,1,1,relevant,0.9755321741104126,1,1,1
112,q_01453,2,g0112,0,irrelevant,Acknowledgment,b,rf_09,"{""class_weight"":""balanced"",""max_depth"":8,""max_features"":""sqrt"",""min_samples_leaf"":1,""n_estimators"":200,""n_jobs"":2,""random_state"":42}",sigmoid,0.6649738818393139,0.8266969311060691,0.5,0.5791065989200652,0.23587676490709863,1,1,1,relevant,0.7460938087920338,1,1,1
113,q_00195,1,g0113,0,irrelevant,Acknowledgment,b,rf_23,"{""class_weight"":""balanced"",""max_depth"":null,""max_features"":0.1,""min_samples_leaf"":1,""n_estimators"":200,""n_jobs"":2,""random_state"":42}",sigmoid,0.06,0.006619179524943837,0.5,0.5737654315094001,0.17496831816334135,0,0,0,irrelevant,0.0095223939850041,0,0,0
114,q_01092,1,g0114,1,relevant,Other,b,rf_23,"{""class_weight"":""balanced"",""max_depth"":null,""max_features"":0.1,""min_samples_leaf"":1,""n_estimators"":200,""n_jobs"":2,""random_state"":42}",sigmoid,0.7,0.8788000376953797,0.5,0.5737654315094001,0.17496831816334135,1,1,1,irrelevant,0.6415405765230293,1,1,1
115,q_01455,0,g0115,0,irrelevant,Acknowledgment,b,rf_05,"{""class_weight"":""balanced"",""max_depth"":8,""max_features"":""sqrt"",""min_samples_leaf"":4,""n_estimators"":200,""n_jobs"":2,""random_state"":42}",sigmoid,0.719648883962568,0.8994111990303442,0.5,0.582359477617837,0.1627977160030385,1,1,1,irrelevant,0.7851083278656006,1,1,1
116,q_01705,3,g0116,1,relevant,Language change,b,rf_11,"{""class_weight"":""balanced"",""max_depth"":8,""max_features"":0.1,""min_samples_leaf"":1,""n_estimators"":200,""n_jobs"":2,""random_state"":42}",sigmoid,0.7070159186750732,0.8676389568461618,0.5,0.5676273080285626,0.16747729019059301,1,1,1,relevant,0.9830566416178086,1,1,1
117,q_01655,4,g0117,0,irrelevant,OSS,b,rf_07,"{""class_weight"":""balanced"",""max_depth"":8,""max_features"":0.1,""min_samples_leaf"":4,""n_estimators"":200,""n_jobs"":2,""random_state"":42}",sigmoid,0.6441045799334543,0.7791955700226729,0.5,0.5707196595693419,0.1722820225651108,1,1,1,irrelevant,0.6940710621863175,1,1,1
118,q_00685,1,g0118,1,relevant,Medical,b,rf_23,"{""class_weight"":""balanced"",""max_depth"":null,""max_features"":0.1,""min_samples_leaf"":1,""n_estimators"":200,""n_jobs"":2,""random_state"":42}",sigmoid,0.925,0.9883338772971023,0.5,0.5737654315094001,0.17496831816334135,1,1,1,relevant,0.9941402074709308,1,1,1
119,q_00990,2,g0119,0,irrelevant,Automated message,b,rf_09,"{""class_weight"":""balanced"",""max_depth"":8,""max_features"":""sqrt"",""min_samples_leaf"":1,""n_estimators"":200,""n_jobs"":2,""random_state"":42}",sigmoid,0.2752309077840927,0.06723262972817258,0.5,0.5791065989200652,0.23587676490709863,0,0,0,irrelevant,0.063962398784007,0,0,0
120,q_00177,0,g0120,1,relevant,Other,b,rf_05,"{""class_weight"":""balanced"",""max_depth"":8,""max_features"":""sqrt"",""min_samples_leaf"":4,""n_estimators"":200,""n_jobs"":2,""random_state"":42}",sigmoid,0.6386861262223174,0.7869061222329244,0.5,0.582359477617837,0.1627977160030385,1,1,1,relevant,0.9238256812095642,1,1,1
121,q_01695,3,g0121,1,relevant,Language change,b,rf_11,"{""class_weight"":""balanced"",""max_depth"":8,""max_features"":0.1,""min_samples_leaf"":1,""n_estimators"":200,""n_jobs"":2,""random_state"":42}",sigmoid,0.8287021978192708,0.955831009479449,0.5,0.5676273080285626,0.16747729019059301,1,1,1,relevant,0.4419178359535576,0,0,1
122,q_01098,3,g0122,1,relevant,Other,b,rf_11,"{""class_weight"":""balanced"",""max_depth"":8,""max_features"":0.1,""min_samples_leaf"":1,""n_estimators"":200,""n_jobs"":2,""random_state"":42}",sigmoid,0.5170327812528789,0.5039030321488404,0.5,0.5676273080285626,0.16747729019059301,1,0,1,relevant,0.5308426767656712,1,0,1
123,q_00942,2,g0123,1,relevant,Medical,b,rf_09,"{""class_weight"":""balanced"",""max_depth"":8,""max_features"":""sqrt"",""min_samples_leaf"":1,""n_estimators"":200,""n_jobs"":2,""random_state"":42}",sigmoid,0.8478633056162517,0.9715212267432519,0.5,0.5791065989200652,0.23587676490709863,1,1,1,relevant,0.981263146158134,1,1,1
124,q_00793,3,g0124,1,relevant,Medical,b,rf_11,"{""class_weight"":""balanced"",""max_depth"":8,""max_features"":0.1,""min_samples_leaf"":1,""n_estimators"":200,""n_jobs"":2,""random_state"":42}",sigmoid,0.7668239288692453,0.9218131261251201,0.5,0.5676273080285626,0.16747729019059301,1,1,1,relevant,0.9373635725507627,1,1,1
125,q_00435,3,g0125,1,relevant,Medical,b,rf_11,"{""class_weight"":""balanced"",""max_depth"":8,""max_features"":0.1,""min_samples_leaf"":1,""n_estimators"":200,""n_jobs"":2,""random_state"":42}",sigmoid,0.8849342729320274,0.9740795264224744,0.5,0.5676273080285626,0.16747729019059301,1,1,1,relevant,0.9833172826968264,1,1,1
126,q_00008,0,g0126,0,irrelevant,Greeting,b,rf_05,"{""class_weight"":""balanced"",""max_depth"":8,""max_features"":""sqrt"",""min_samples_leaf"":4,""n_estimators"":200,""n_jobs"":2,""random_state"":42}",sigmoid,0.7168285175215936,0.8965896915214409,0.5,0.582359477617837,0.1627977160030385,1,1,1,irrelevant,0.6569937467575073,1,1,1
127,q_00472,0,g0127,1,relevant,Medical,b,rf_05,"{""class_weight"":""balanced"",""max_depth"":8,""max_features"":""sqrt"",""min_samples_leaf"":4,""n_estimators"":200,""n_jobs"":2,""random_state"":42}",sigmoid,0.49602402082142355,0.4373647667298963,0.5,0.582359477617837,0.1627977160030385,0,0,1,relevant,0.3621942400932312,0,0,1
128,q_01634,0,g0128,0,irrelevant,OSS,b,rf_05,"{""class_weight"":""balanced"",""max_depth"":8,""max_features"":""sqrt"",""min_samples_leaf"":4,""n_estimators"":200,""n_jobs"":2,""random_state"":42}",sigmoid,0.6209083906353516,0.7525385060496954,0.5,0.582359477617837,0.1627977160030385,1,1,1,irrelevant,0.5572232604026794,1,1,1
129,q_01338,4,g0129,0,irrelevant,Acknowledgment,b,rf_07,"{""class_weight"":""balanced"",""max_depth"":8,""max_features"":0.1,""min_samples_leaf"":4,""n_estimators"":200,""n_jobs"":2,""random_state"":42}",sigmoid,0.012536852778651512,0.006497953876214569,0.5,0.5707196595693419,0.1722820225651108,0,0,0,irrelevant,0.0438684052846643,0,0,0
130,q_00855,3,g0130,1,relevant,Medical,b,rf_11,"{""class_weight"":""balanced"",""max_depth"":8,""max_features"":0.1,""min_samples_leaf"":1,""n_estimators"":200,""n_jobs"":2,""random_state"":42}",sigmoid,0.8284505862069874,0.9557266346498158,0.5,0.5676273080285626,0.16747729019059301,1,1,1,relevant,0.534521187741463,1,1,1
131,q_00172,0,g0131,0,irrelevant,Acknowledgment,b,rf_05,"{""class_weight"":""balanced"",""max_depth"":8,""max_features"":""sqrt"",""min_samples_leaf"":4,""n_estimators"":200,""n_jobs"":2,""random_state"":42}",sigmoid,0.24525559274982087,0.04783843015793949,0.5,0.582359477617837,0.1627977160030385,0,0,0,irrelevant,0.0441251993179321,0,0,0
132,q_00547,2,g0132,1,relevant,Medical,b,rf_09,"{""class_weight"":""balanced"",""max_depth"":8,""max_features"":""sqrt"",""min_samples_leaf"":1,""n_estimators"":200,""n_jobs"":2,""random_state"":42}",sigmoid,0.8894165377072075,0.9815973148447491,0.5,0.5791065989200652,0.23587676490709863,1,1,1,relevant,0.9726403345360936,1,1,1
133,q_01478,0,g0133,1,relevant,Feedback,b,rf_05,"{""class_weight"":""balanced"",""max_depth"":8,""max_features"":""sqrt"",""min_samples_leaf"":4,""n_estimators"":200,""n_jobs"":2,""random_state"":42}",sigmoid,0.3474413432521412,0.13299051815860455,0.5,0.582359477617837,0.1627977160030385,0,0,0,relevant,0.2211010605096817,0,0,1
134,q_01615,3,g0134,0,irrelevant,OSS,b,rf_11,"{""class_weight"":""balanced"",""max_depth"":8,""max_features"":0.1,""min_samples_leaf"":1,""n_estimators"":200,""n_jobs"":2,""random_state"":42}",sigmoid,0.5925749493425152,0.6807101119875504,0.5,0.5676273080285626,0.16747729019059301,1,1,1,irrelevant,0.2503202868863181,0,0,1
135,q_01329,0,g0135,0,irrelevant,Acknowledgment,b,rf_05,"{""class_weight"":""balanced"",""max_depth"":8,""max_features"":""sqrt"",""min_samples_leaf"":4,""n_estimators"":200,""n_jobs"":2,""random_state"":42}",sigmoid,0.4284445729167025,0.2709107403173791,0.5,0.582359477617837,0.1627977160030385,0,0,1,irrelevant,0.373980700969696,0,0,1
136,q_01551,1,g0136,0,irrelevant,OSS,b,rf_23,"{""class_weight"":""balanced"",""max_depth"":null,""max_features"":0.1,""min_samples_leaf"":1,""n_estimators"":200,""n_jobs"":2,""random_state"":42}",sigmoid,0.595,0.697189117591281,0.5,0.5737654315094001,0.17496831816334135,1,1,1,irrelevant,0.1244140094589632,0,0,0
137,q_00115,0,g0137,0,irrelevant,Acknowledgment,b,rf_05,"{""class_weight"":""balanced"",""max_depth"":8,""max_features"":""sqrt"",""min_samples_leaf"":4,""n_estimators"":200,""n_jobs"":2,""random_state"":42}",sigmoid,0.19583658722634412,0.028451532664669835,0.5,0.582359477617837,0.1627977160030385,0,0,0,irrelevant,0.245058923959732,0,0,1
138,q_01796,2,g0138,1,relevant,Date,b,rf_09,"{""class_weight"":""balanced"",""max_depth"":8,""max_features"":""sqrt"",""min_samples_leaf"":1,""n_estimators"":200,""n_jobs"":2,""random_state"":42}",sigmoid,0.8168501044214018,0.9606872799218232,0.5,0.5791065989200652,0.23587676490709863,1,1,1,relevant,0.983513002604638,1,1,1
139,q_01286,2,g0139,0,irrelevant,Acknowledgment,b,rf_09,"{""class_weight"":""balanced"",""max_depth"":8,""max_features"":""sqrt"",""min_samples_leaf"":1,""n_estimators"":200,""n_jobs"":2,""random_state"":42}",sigmoid,0.029187313240807297,0.005083581094002238,0.5,0.5791065989200652,0.23587676490709863,0,0,0,irrelevant,0.0018124751861261,0,0,0
140,q_00464,4,g0140,1,relevant,Medical,b,rf_07,"{""class_weight"":""balanced"",""max_depth"":8,""max_features"":0.1,""min_samples_leaf"":4,""n_estimators"":200,""n_jobs"":2,""random_state"":42}",sigmoid,0.6853685888396265,0.8418416324721886,0.5,0.5707196595693419,0.1722820225651108,1,1,1,relevant,0.9596592341470398,1,1,1
141,q_00148,3,g0141,0,irrelevant,Acknowledgment,b,rf_11,"{""class_weight"":""balanced"",""max_depth"":8,""max_features"":0.1,""min_samples_leaf"":1,""n_estimators"":200,""n_jobs"":2,""random_state"":42}",sigmoid,0.07169202191542527,0.012676109488774031,0.5,0.5676273080285626,0.16747729019059301,0,0,0,irrelevant,0.0083190717367337,0,0,0
142,q_01278,3,g0142,0,irrelevant,Acknowledgment,b,rf_11,"{""class_weight"":""balanced"",""max_depth"":8,""max_features"":0.1,""min_samples_leaf"":1,""n_estimators"":200,""n_jobs"":2,""random_state"":42}",sigmoid,0.2793212778030459,0.08968741242345737,0.5,0.5676273080285626,0.16747729019059301,0,0,0,irrelevant,0.0069424468564861,0,0,0
143,q_00510,1,g0143,1,relevant,Medical,b,rf_23,"{""class_weight"":""balanced"",""max_depth"":null,""max_features"":0.1,""min_samples_leaf"":1,""n_estimators"":200,""n_jobs"":2,""random_state"":42}",sigmoid,0.695,0.8728602516870603,0.5,0.5737654315094001,0.17496831816334135,1,1,1,relevant,0.9007053499947075,1,1,1
144,q_01332,3,g0144,0,irrelevant,Acknowledgment,b,rf_11,"{""class_weight"":""balanced"",""max_depth"":8,""max_features"":0.1,""min_samples_leaf"":1,""n_estimators"":200,""n_jobs"":2,""random_state"":42}",sigmoid,0.5075851856986913,0.4807313002877503,0.5,0.5676273080285626,0.16747729019059301,0,0,1,relevant,0.1760887908505394,0,0,1
145,q_00229,3,g0145,0,irrelevant,Spam,b,rf_11,"{""class_weight"":""balanced"",""max_depth"":8,""max_features"":0.1,""min_samples_leaf"":1,""n_estimators"":200,""n_jobs"":2,""random_state"":42}",sigmoid,0.501760237345481,0.46647955944701114,0.5,0.5676273080285626,0.16747729019059301,0,0,1,irrelevant,0.3064059462193917,0,0,1
146,q_00462,0,g0146,1,relevant,Medical,b,rf_05,"{""class_weight"":""balanced"",""max_depth"":8,""max_features"":""sqrt"",""min_samples_leaf"":4,""n_estimators"":200,""n_jobs"":2,""random_state"":42}",sigmoid,0.7347122265435126,0.913349051433592,0.5,0.582359477617837,0.1627977160030385,1,1,1,relevant,0.7807121276855469,1,1,1
147,q_01380,2,g0147,0,irrelevant,Acknowledgment,b,rf_09,"{""class_weight"":""balanced"",""max_depth"":8,""max_features"":""sqrt"",""min_samples_leaf"":1,""n_estimators"":200,""n_jobs"":2,""random_state"":42}",sigmoid,0.5488136700004386,0.5775886287620358,0.5,0.5791065989200652,0.23587676490709863,1,0,1,irrelevant,0.5723281046740346,1,0,1
148,q_01040,3,g0148,1,relevant,Medical,b,rf_11,"{""class_weight"":""balanced"",""max_depth"":8,""max_features"":0.1,""min_samples_leaf"":1,""n_estimators"":200,""n_jobs"":2,""random_state"":42}",sigmoid,0.8451019692222733,0.9621491920883232,0.5,0.5676273080285626,0.16747729019059301,1,1,1,relevant,0.9994124298946542,1,1,1
149,q_01479,2,g0149,0,irrelevant,Acknowledgment,b,rf_09,"{""class_weight"":""balanced"",""max_depth"":8,""max_features"":""sqrt"",""min_samples_leaf"":1,""n_estimators"":200,""n_jobs"":2,""random_state"":42}",sigmoid,0.1728409032716646,0.023398938824951934,0.5,0.5791065989200652,0.23587676490709863,0,0,0,irrelevant,0.0958822374868354,0,0,0
150,q_00075,0,g0150,0,irrelevant,Greeting,b,rf_05,"{""class_weight"":""balanced"",""max_depth"":8,""max_features"":""sqrt"",""min_samples_leaf"":4,""n_estimators"":200,""n_jobs"":2,""random_state"":42}",sigmoid,0.32094941753372863,0.10301795038095557,0.5,0.582359477617837,0.1627977160030385,0,0,0,irrelevant,0.4381751418113708,0,0,1
151,q_00014,4,g0151,0,irrelevant,Greeting,b,rf_07,"{""class_weight"":""balanced"",""max_depth"":8,""max_features"":0.1,""min_samples_leaf"":4,""n_estimators"":200,""n_jobs"":2,""random_state"":42}",sigmoid,0.3216343839092787,0.12444639749535696,0.5,0.5707196595693419,0.1722820225651108,0,0,0,irrelevant,0.078162548469898,0,0,0
152,q_01598,0,g0152,0,irrelevant,OSS,b,rf_05,"{""class_weight"":""balanced"",""max_depth"":8,""max_features"":""sqrt"",""min_samples_leaf"":4,""n_estimators"":200,""n_jobs"":2,""random_state"":42}",sigmoid,0.7600027299657092,0.9328595545580433,0.5,0.582359477617837,0.1627977160030385,1,1,1,relevant,0.8336204290390015,1,1,1
153,q_00135,3,g0153,0,irrelevant,Acknowledgment,b,rf_11,"{""class_weight"":""balanced"",""max_depth"":8,""max_features"":0.1,""min_samples_leaf"":1,""n_estimators"":200,""n_jobs"":2,""random_state"":42}",sigmoid,0.4041916389198347,0.2512623726746346,0.5,0.5676273080285626,0.16747729019059301,0,0,1,irrelevant,0.0078900799232095,0,0,0
154,q_01699,4,g0154,1,relevant,Language change,b,rf_07,"{""class_weight"":""balanced"",""max_depth"":8,""max_features"":0.1,""min_samples_leaf"":4,""n_estimators"":200,""n_jobs"":2,""random_state"":42}",sigmoid,0.7682291658740756,0.9239543074397659,0.5,0.5707196595693419,0.1722820225651108,1,1,1,relevant,0.899511008129232,1,1,1
155,q_01689,3,g0155,1,relevant,Language change,b,rf_11,"{""class_weight"":""balanced"",""max_depth"":8,""max_features"":0.1,""min_samples_leaf"":1,""n_estimators"":200,""n_jobs"":2,""random_state"":42}",sigmoid,0.5908116235118808,0.6769369364195693,0.5,0.5676273080285626,0.16747729019059301,1,1,1,relevant,0.9315923461141996,1,1,1
156,q_01590,0,g0156,0,irrelevant,OSS,b,rf_05,"{""class_weight"":""balanced"",""max_depth"":8,""max_features"":""sqrt"",""min_samples_leaf"":4,""n_estimators"":200,""n_jobs"":2,""random_state"":42}",sigmoid,0.669410413917723,0.8378021428672182,0.5,0.582359477617837,0.1627977160030385,1,1,1,irrelevant,0.7322158217430115,1,1,1
157,q_01567,4,g0157,0,irrelevant,OSS,b,rf_07,"{""class_weight"":""balanced"",""max_depth"":8,""max_features"":0.1,""min_samples_leaf"":4,""n_estimators"":200,""n_jobs"":2,""random_state"":42}",sigmoid,0.16842726160636365,0.029973736641623738,0.5,0.5707196595693419,0.1722820225651108,0,0,0,irrelevant,0.0168530192250463,0,0,0
158,q_01712,1,g0158,1,relevant,Language change,b,rf_23,"{""class_weight"":""balanced"",""max_depth"":null,""max_features"":0.1,""min_samples_leaf"":1,""n_estimators"":200,""n_jobs"":2,""random_state"":42}",sigmoid,0.6,0.7085960692859342,0.5,0.5737654315094001,0.17496831816334135,1,1,1,relevant,0.3593365209520603,0,0,1
159,q_00180,2,g0159,0,irrelevant,Acknowledgment,b,rf_09,"{""class_weight"":""balanced"",""max_depth"":8,""max_features"":""sqrt"",""min_samples_leaf"":1,""n_estimators"":200,""n_jobs"":2,""random_state"":42}",sigmoid,0.13264119723004691,0.015310184828500013,0.5,0.5791065989200652,0.23587676490709863,0,0,0,irrelevant,0.0534099674553044,0,0,0
160,q_00757,1,g0160,1,relevant,Medical,b,rf_23,"{""class_weight"":""balanced"",""max_depth"":null,""max_features"":0.1,""min_samples_leaf"":1,""n_estimators"":200,""n_jobs"":2,""random_state"":42}",sigmoid,0.915,0.9870045761392255,0.5,0.5737654315094001,0.17496831816334135,1,1,1,relevant,0.9953459844494132,1,1,1
161,q_00758,1,g0161,1,relevant,Medical,b,rf_23,"{""class_weight"":""balanced"",""max_depth"":null,""max_features"":0.1,""min_samples_leaf"":1,""n_estimators"":200,""n_jobs"":2,""random_state"":42}",sigmoid,0.94,0.9900798001675867,0.5,0.5737654315094001,0.17496831816334135,1,1,1,relevant,0.9990548707347012,1,1,1
162,q_00339,3,g0162,1,relevant,Medical,b,rf_11,"{""class_weight"":""balanced"",""max_depth"":8,""max_features"":0.1,""min_samples_leaf"":1,""n_estimators"":200,""n_jobs"":2,""random_state"":42}",sigmoid,0.8783165349990693,0.9723881120042375,0.5,0.5676273080285626,0.16747729019059301,1,1,1,relevant,0.98755203977528,1,1,1
163,q_00842,0,g0163,1,relevant,Medical,b,rf_05,"{""class_weight"":""balanced"",""max_depth"":8,""max_features"":""sqrt"",""min_samples_leaf"":4,""n_estimators"":200,""n_jobs"":2,""random_state"":42}",sigmoid,0.896090589785104,0.9839820917675428,0.5,0.582359477617837,0.1627977160030385,1,1,1,relevant,0.9558039903640748,1,1,1
164,q_01164,1,g0164,0,irrelevant,Acknowledgment,b,rf_23,"{""class_weight"":""balanced"",""max_depth"":null,""max_features"":0.1,""min_samples_leaf"":1,""n_estimators"":200,""n_jobs"":2,""random_state"":42}",sigmoid,0.04,0.005326867897638609,0.5,0.5737654315094001,0.17496831816334135,0,0,0,irrelevant,0.0074304433029582,0,0,0
165,q_00535,3,g0165,1,relevant,Medical,b,rf_11,"{""class_weight"":""balanced"",""max_depth"":8,""max_features"":0.1,""min_samples_leaf"":1,""n_estimators"":200,""n_jobs"":2,""random_state"":42}",sigmoid,0.8229768088048093,0.9533969392075039,0.5,0.5676273080285626,0.16747729019059301,1,1,1,relevant,0.7212621893445752,1,1,1
166,q_01205,4,g0166,0,irrelevant,Acknowledgment,b,rf_07,"{""class_weight"":""balanced"",""max_depth"":8,""max_features"":0.1,""min_samples_leaf"":4,""n_estimators"":200,""n_jobs"":2,""random_state"":42}",sigmoid,0.18775421965349215,0.03610693762271384,0.5,0.5707196595693419,0.1722820225651108,0,0,0,irrelevant,0.0435956813261883,0,0,0
167,q_00663,2,g0167,1,relevant,Medical,b,rf_09,"{""class_weight"":""balanced"",""max_depth"":8,""max_features"":""sqrt"",""min_samples_leaf"":1,""n_estimators"":200,""n_jobs"":2,""random_state"":42}",sigmoid,0.6416062378856967,0.7876862658818229,0.5,0.5791065989200652,0.23587676490709863,1,1,1,relevant,0.8296990770281137,1,1,1
168,q_00807,4,g0168,1,relevant,Medical,b,rf_07,"{""class_weight"":""balanced"",""max_depth"":8,""max_features"":0.1,""min_samples_leaf"":4,""n_estimators"":200,""n_jobs"":2,""random_state"":42}",sigmoid,0.937334892234806,0.9849573177811332,0.5,0.5707196595693419,0.1722820225651108,1,1,1,relevant,0.9988585820394296,1,1,1
169,q_00595,2,g0169,1,relevant,Medical,b,rf_09,"{""class_weight"":""balanced"",""max_depth"":8,""max_features"":""sqrt"",""min_samples_leaf"":1,""n_estimators"":200,""n_jobs"":2,""random_state"":42}",sigmoid,0.6957352901778922,0.869130319873684,0.5,0.5791065989200652,0.23587676490709863,1,1,1,relevant,0.8814521350741517,1,1,1
170,q_01049,1,g0170,0,irrelevant,Spam,b,rf_23,"{""class_weight"":""balanced"",""max_depth"":null,""max_features"":0.1,""min_samples_leaf"":1,""n_estimators"":200,""n_jobs"":2,""random_state"":42}",sigmoid,0.62,0.7515849549985429,0.5,0.5737654315094001,0.17496831816334135,1,1,1,irrelevant,0.9087901250156404,1,1,1
171,q_01637,3,g0171,0,irrelevant,OSS,b,rf_11,"{""class_weight"":""balanced"",""max_depth"":8,""max_features"":0.1,""min_samples_leaf"":1,""n_estimators"":200,""n_jobs"":2,""random_state"":42}",sigmoid,0.7264977583996803,0.888097240940128,0.5,0.5676273080285626,0.16747729019059301,1,1,1,irrelevant,0.6251216199823576,1,1,1
172,q_01610,2,g0172,0,irrelevant,OSS,b,rf_09,"{""class_weight"":""balanced"",""max_depth"":8,""max_features"":""sqrt"",""min_samples_leaf"":1,""n_estimators"":200,""n_jobs"":2,""random_state"":42}",sigmoid,0.4682499621522849,0.36500021417198614,0.5,0.5791065989200652,0.23587676490709863,0,0,1,irrelevant,0.1237098918476602,0,0,0
173,q_00786,0,g0173,1,relevant,Medical,b,rf_05,"{""class_weight"":""balanced"",""max_depth"":8,""max_features"":""sqrt"",""min_samples_leaf"":4,""n_estimators"":200,""n_jobs"":2,""random_state"":42}",sigmoid,0.7769221091934542,0.9435487993495095,0.5,0.582359477617837,0.1627977160030385,1,1,1,relevant,0.9773575663566588,1,1,1
174,q_00813,4,g0174,1,relevant,Medical,b,rf_07,"{""class_weight"":""balanced"",""max_depth"":8,""max_features"":0.1,""min_samples_leaf"":4,""n_estimators"":200,""n_jobs"":2,""random_state"":42}",sigmoid,0.7694611178263083,0.9248120191728265,0.5,0.5707196595693419,0.1722820225651108,1,1,1,relevant,0.9592294588153276,1,1,1
175,q_01595,0,g0175,0,irrelevant,OSS,b,rf_05,"{""class_weight"":""balanced"",""max_depth"":8,""max_features"":""sqrt"",""min_samples_leaf"":4,""n_estimators"":200,""n_jobs"":2,""random_state"":42}",sigmoid,0.49840196753306126,0.4437662592159779,0.5,0.582359477617837,0.1627977160030385,0,0,1,irrelevant,0.2087098509073257,0,0,1
176,q_00856,2,g0176,1,relevant,Medical,b,rf_09,"{""class_weight"":""balanced"",""max_depth"":8,""max_features"":""sqrt"",""min_samples_leaf"":1,""n_estimators"":200,""n_jobs"":2,""random_state"":42}",sigmoid,0.5351356600485118,0.5413429946829464,0.5,0.5791065989200652,0.23587676490709863,1,0,1,relevant,0.8298696451180008,1,1,1
177,q_01502,2,g0177,0,irrelevant,Acknowledgment,b,rf_09,"{""class_weight"":""balanced"",""max_depth"":8,""max_features"":""sqrt"",""min_samples_leaf"":1,""n_estimators"":200,""n_jobs"":2,""random_state"":42}",sigmoid,0.3272105198711818,0.11196130185454123,0.5,0.5791065989200652,0.23587676490709863,0,0,0,irrelevant,0.8124056072062176,1,1,1
178,q_00441,2,g0178,1,relevant,Medical,b,rf_09,"{""class_weight"":""balanced"",""max_depth"":8,""max_features"":""sqrt"",""min_samples_leaf"":1,""n_estimators"":200,""n_jobs"":2,""random_state"":42}",sigmoid,0.8413724731415813,0.9695245222683117,0.5,0.5791065989200652,0.23587676490709863,1,1,1,relevant,0.990023306026954,1,1,1
179,q_00117,2,g0179,1,relevant,Other,b,rf_09,"{""class_weight"":""balanced"",""max_depth"":8,""max_features"":""sqrt"",""min_samples_leaf"":1,""n_estimators"":200,""n_jobs"":2,""random_state"":42}",sigmoid,0.33578434069479385,0.12146442110431925,0.5,0.5791065989200652,0.23587676490709863,0,0,0,relevant,0.2490892381466036,0,0,1
180,q_01413,2,g0180,0,irrelevant,Acknowledgment,b,rf_09,"{""class_weight"":""balanced"",""max_depth"":8,""max_features"":""sqrt"",""min_samples_leaf"":1,""n_estimators"":200,""n_jobs"":2,""random_state"":42}",sigmoid,0.12522452786783977,0.014152810339094275,0.5,0.5791065989200652,0.23587676490709863,0,0,0,irrelevant,0.0802006867007532,0,0,0
181,q_00190,2,g0181,0,irrelevant,Acknowledgment,b,rf_09,"{""class_weight"":""balanced"",""max_depth"":8,""max_features"":""sqrt"",""min_samples_leaf"":1,""n_estimators"":200,""n_jobs"":2,""random_state"":42}",sigmoid,0.18873261584533058,0.02764050437902975,0.5,0.5791065989200652,0.23587676490709863,0,0,0,irrelevant,0.0124599581531932,0,0,0
182,q_01301,2,g0182,0,irrelevant,Acknowledgment,b,rf_09,"{""class_weight"":""balanced"",""max_depth"":8,""max_features"":""sqrt"",""min_samples_leaf"":1,""n_estimators"":200,""n_jobs"":2,""random_state"":42}",sigmoid,0.12086671465787807,0.013513448183471074,0.5,0.5791065989200652,0.23587676490709863,0,0,0,irrelevant,0.0020184851073712,0,0,0
183,q_00576,0,g0183,1,relevant,Medical,b,rf_05,"{""class_weight"":""balanced"",""max_depth"":8,""max_features"":""sqrt"",""min_samples_leaf"":4,""n_estimators"":200,""n_jobs"":2,""random_state"":42}",sigmoid,0.7183351470245581,0.898105536837482,0.5,0.582359477617837,0.1627977160030385,1,1,1,relevant,0.897782027721405,1,1,1
184,q_00201,0,g0184,1,relevant,Other,b,rf_05,"{""class_weight"":""balanced"",""max_depth"":8,""max_features"":""sqrt"",""min_samples_leaf"":4,""n_estimators"":200,""n_jobs"":2,""random_state"":42}",sigmoid,0.33755294505824535,0.12102290349285065,0.5,0.582359477617837,0.1627977160030385,0,0,0,relevant,0.4793191254138946,0,0,1
185,q_00360,4,g0185,1,relevant,Medical,b,rf_07,"{""class_weight"":""balanced"",""max_depth"":8,""max_features"":0.1,""min_samples_leaf"":4,""n_estimators"":200,""n_jobs"":2,""random_state"":42}",sigmoid,0.8402771615573025,0.9613934822307603,0.5,0.5707196595693419,0.1722820225651108,1,1,1,relevant,0.9778343327257458,1,1,1
186,q_00277,1,g0186,1,relevant,Language change,b,rf_23,"{""class_weight"":""balanced"",""max_depth"":null,""max_features"":0.1,""min_samples_leaf"":1,""n_estimators"":200,""n_jobs"":2,""random_state"":42}",sigmoid,0.8,0.9557929055323444,0.5,0.5737654315094001,0.17496831816334135,1,1,1,relevant,0.9580003173962766,1,1,1
187,q_01079,3,g0187,1,relevant,Medical,b,rf_11,"{""class_weight"":""balanced"",""max_depth"":8,""max_features"":0.1,""min_samples_leaf"":1,""n_estimators"":200,""n_jobs"":2,""random_state"":42}",sigmoid,0.767516151632045,0.9223013912608579,0.5,0.5676273080285626,0.16747729019059301,1,1,1,relevant,0.9622699538760988,1,1,1
188,q_00700,4,g0188,1,relevant,Medical,b,rf_07,"{""class_weight"":""balanced"",""max_depth"":8,""max_features"":0.1,""min_samples_leaf"":4,""n_estimators"":200,""n_jobs"":2,""random_state"":42}",sigmoid,0.9512392143482511,0.9868772815460936,0.5,0.5707196595693419,0.1722820225651108,1,1,1,relevant,0.9966046493882524,1,1,1
189,q_01546,1,g0189,0,irrelevant,OSS,b,rf_23,"{""class_weight"":""balanced"",""max_depth"":null,""max_features"":0.1,""min_samples_leaf"":1,""n_estimators"":200,""n_jobs"":2,""random_state"":42}",sigmoid,0.07,0.007377697480482464,0.5,0.5737654315094001,0.17496831816334135,0,0,0,irrelevant,0.0027726782719786,0,0,0
190,q_00958,4,g0190,1,relevant,Medical,b,rf_07,"{""class_weight"":""balanced"",""max_depth"":8,""max_features"":0.1,""min_samples_leaf"":4,""n_estimators"":200,""n_jobs"":2,""random_state"":42}",sigmoid,0.8418844035801627,0.96198330174754,0.5,0.5707196595693419,0.1722820225651108,1,1,1,relevant,0.9366948483164946,1,1,1
191,q_00600,3,g0191,1,relevant,Medical,b,rf_11,"{""class_weight"":""balanced"",""max_depth"":8,""max_features"":0.1,""min_samples_leaf"":1,""n_estimators"":200,""n_jobs"":2,""random_state"":42}",sigmoid,0.6501651775956762,0.7895589010815491,0.5,0.5676273080285626,0.16747729019059301,1,1,1,relevant,0.9162201436398982,1,1,1
192,q_01805,3,g0192,1,relevant,Date,b,rf_11,"{""class_weight"":""balanced"",""max_depth"":8,""max_features"":0.1,""min_samples_leaf"":1,""n_estimators"":200,""n_jobs"":2,""random_state"":42}",sigmoid,0.8963419162780875,0.9767612826720742,0.5,0.5676273080285626,0.16747729019059301,1,1,1,relevant,0.9750547323987068,1,1,1
193,q_01778,4,g0193,1,relevant,Delivery confirmation,b,rf_07,"{""class_weight"":""balanced"",""max_depth"":8,""max_features"":0.1,""min_samples_leaf"":4,""n_estimators"":200,""n_jobs"":2,""random_state"":42}",sigmoid,0.8187345007249445,0.9525916016997517,0.5,0.5707196595693419,0.1722820225651108,1,1,1,relevant,0.9857878158524176,1,1,1
194,q_01336,1,g0194,0,irrelevant,Acknowledgment,b,rf_23,"{""class_weight"":""balanced"",""max_depth"":null,""max_features"":0.1,""min_samples_leaf"":1,""n_estimators"":200,""n_jobs"":2,""random_state"":42}",sigmoid,0.125,0.013373829503094561,0.5,0.5737654315094001,0.17496831816334135,0,0,0,irrelevant,0.0289504757119648,0,0,0
195,q_01104,1,g0195,1,relevant,Other,b,rf_23,"{""class_weight"":""balanced"",""max_depth"":null,""max_features"":0.1,""min_samples_leaf"":1,""n_estimators"":200,""n_jobs"":2,""random_state"":42}",sigmoid,0.645,0.7990260777686686,0.5,0.5737654315094001,0.17496831816334135,1,1,1,relevant,0.8658301317161938,1,1,1
196,q_01543,2,g0196,0,irrelevant,OSS,b,rf_09,"{""class_weight"":""balanced"",""max_depth"":8,""max_features"":""sqrt"",""min_samples_leaf"":1,""n_estimators"":200,""n_jobs"":2,""random_state"":42}",sigmoid,0.4375974092394877,0.29246324292128045,0.5,0.5791065989200652,0.23587676490709863,0,0,1,irrelevant,0.1664461434881737,0,0,0
197,q_00319,3,g0197,1,relevant,Language change,b,rf_11,"{""class_weight"":""balanced"",""max_depth"":8,""max_features"":0.1,""min_samples_leaf"":1,""n_estimators"":200,""n_jobs"":2,""random_state"":42}",sigmoid,0.6078905459144193,0.7124586670170187,0.5,0.5676273080285626,0.16747729019059301,1,1,1,relevant,0.7173776914035311,1,1,1
198,q_01082,4,g0198,1,relevant,Medical,b,rf_07,"{""class_weight"":""balanced"",""max_depth"":8,""max_features"":0.1,""min_samples_leaf"":4,""n_estimators"":200,""n_jobs"":2,""random_state"":42}",sigmoid,0.5906595931976365,0.6745079960911896,0.5,0.5707196595693419,0.1722820225651108,1,1,1,relevant,0.7203525253295552,1,1,1
199,q_00784,2,g0199,1,relevant,Medical,b,rf_09,"{""class_weight"":""balanced"",""max_depth"":8,""max_features"":""sqrt"",""min_samples_leaf"":1,""n_estimators"":200,""n_jobs"":2,""random_state"":42}",sigmoid,0.8765757017429672,0.9789289305787288,0.5,0.5791065989200652,0.23587676490709863,1,1,1,relevant,0.9763101606950936,1,1,1
200,q_01099,1,g0200,1,relevant,Other,b,rf_23,"{""class_weight"":""balanced"",""max_depth"":null,""max_features"":0.1,""min_samples_leaf"":1,""n_estimators"":200,""n_jobs"":2,""random_state"":42}",sigmoid,0.73,0.9096096245726631,0.5,0.5737654315094001,0.17496831816334135,1,1,1,relevant,0.7745266683391776,1,1,1
201,q_01503,0,g0201,0,irrelevant,Acknowledgment,b,rf_05,"{""class_weight"":""balanced"",""max_depth"":8,""max_features"":""sqrt"",""min_samples_leaf"":4,""n_estimators"":200,""n_jobs"":2,""random_state"":42}",sigmoid,0.031502461560444395,0.0048416615805947,0.5,0.582359477617837,0.1627977160030385,0,0,0,irrelevant,0.0309484917670488,0,0,0
202,q_01365,1,g0202,0,irrelevant,Acknowledgment,b,rf_23,"{""class_weight"":""balanced"",""max_depth"":null,""max_features"":0.1,""min_samples_leaf"":1,""n_estimators"":200,""n_jobs"":2,""random_state"":42}",sigmoid,0.125,0.013373829503094561,0.5,0.5737654315094001,0.17496831816334135,0,0,0,irrelevant,0.1522837684786861,0,0,0
203,q_01027,3,g0203,1,relevant,Medical,b,rf_11,"{""class_weight"":""balanced"",""max_depth"":8,""max_features"":0.1,""min_samples_leaf"":1,""n_estimators"":200,""n_jobs"":2,""random_state"":42}",sigmoid,0.7698823643180538,0.9239494002954305,0.5,0.5676273080285626,0.16747729019059301,1,1,1,relevant,0.9808400864669264,1,1,1
204,q_00962,1,g0204,1,relevant,Medical,b,rf_23,"{""class_weight"":""balanced"",""max_depth"":null,""max_features"":0.1,""min_samples_leaf"":1,""n_estimators"":200,""n_jobs"":2,""random_state"":42}",sigmoid,0.85,0.973914048932875,0.5,0.5737654315094001,0.17496831816334135,1,1,1,relevant,0.9587605183904526,1,1,1
205,q_00782,1,g0205,1,relevant,Medical,b,rf_23,"{""class_weight"":""balanced"",""max_depth"":null,""max_features"":0.1,""min_samples_leaf"":1,""n_estimators"":200,""n_jobs"":2,""random_state"":42}",sigmoid,0.725,0.9050165625010116,0.5,0.5737654315094001,0.17496831816334135,1,1,1,relevant,0.8967865663549288,1,1,1
206,q_00754,2,g0206,1,relevant,Medical,b,rf_09,"{""class_weight"":""balanced"",""max_depth"":8,""max_features"":""sqrt"",""min_samples_leaf"":1,""n_estimators"":200,""n_jobs"":2,""random_state"":42}",sigmoid,0.9030220396995229,0.9840628428784448,0.5,0.5791065989200652,0.23587676490709863,1,1,1,relevant,0.9923768967568456,1,1,1
207,q_01703,2,g0207,1,relevant,Language change,b,rf_09,"{""class_weight"":""balanced"",""max_depth"":8,""max_features"":""sqrt"",""min_samples_leaf"":1,""n_estimators"":200,""n_jobs"":2,""random_state"":42}",sigmoid,0.8742496688703686,0.97840659448509,0.5,0.5791065989200652,0.23587676490709863,1,1,1,relevant,0.9724363723129408,1,1,1
208,q_01249,0,g0208,0,irrelevant,Acknowledgment,b,rf_05,"{""class_weight"":""balanced"",""max_depth"":8,""max_features"":""sqrt"",""min_samples_leaf"":4,""n_estimators"":200,""n_jobs"":2,""random_state"":42}",sigmoid,0.026057833139903154,0.004563400544748355,0.5,0.582359477617837,0.1627977160030385,0,0,0,irrelevant,0.0023752734996378,0,0,0
209,q_00851,4,g0209,1,relevant,Medical,b,rf_07,"{""class_weight"":""balanced"",""max_depth"":8,""max_features"":0.1,""min_samples_leaf"":4,""n_estimators"":200,""n_jobs"":2,""random_state"":42}",sigmoid,0.8032343564453153,0.945111425343021,0.5,0.5707196595693419,0.1722820225651108,1,1,1,relevant,0.9569153182109086,1,1,1
210,q_01052,3,g0210,1,relevant,Other,b,rf_11,"{""class_weight"":""balanced"",""max_depth"":8,""max_features"":0.1,""min_samples_leaf"":1,""n_estimators"":200,""n_jobs"":2,""random_state"":42}",sigmoid,0.551159533510768,0.5867525724030168,0.5,0.5676273080285626,0.16747729019059301,1,1,1,relevant,0.79167466009862,1,1,1
211,q_01334,1,g0211,0,irrelevant,Acknowledgment,b,rf_23,"{""class_weight"":""balanced"",""max_depth"":null,""max_features"":0.1,""min_samples_leaf"":1,""n_estimators"":200,""n_jobs"":2,""random_state"":42}",sigmoid,0.005,0.0036403086033238237,0.5,0.5737654315094001,0.17496831816334135,0,0,0,irrelevant,0.0151094151548473,0,0,0
212,q_00272,1,g0212,1,relevant,Language change,b,rf_23,"{""class_weight"":""balanced"",""max_depth"":null,""max_features"":0.1,""min_samples_leaf"":1,""n_estimators"":200,""n_jobs"":2,""random_state"":42}",sigmoid,0.835,0.9694109081065564,0.5,0.5737654315094001,0.17496831816334135,1,1,1,relevant,0.993247422407457,1,1,1
213,q_01225,0,g0213,0,irrelevant,Acknowledgment,b,rf_05,"{""class_weight"":""balanced"",""max_depth"":8,""max_features"":""sqrt"",""min_samples_leaf"":4,""n_estimators"":200,""n_jobs"":2,""random_state"":42}",sigmoid,0.20250351010780474,0.030535052278787115,0.5,0.582359477617837,0.1627977160030385,0,0,0,irrelevant,0.0696059763431549,0,0,0
214,q_00574,1,g0214,1,relevant,Medical,b,rf_23,"{""class_weight"":""balanced"",""max_depth"":null,""max_features"":0.1,""min_samples_leaf"":1,""n_estimators"":200,""n_jobs"":2,""random_state"":42}",sigmoid,0.53,0.5309097868375856,0.5,0.5737654315094001,0.17496831816334135,1,0,1,relevant,0.7004096484598327,1,1,1
215,q_00588,0,g0215,1,relevant,Medical,b,rf_05,"{""class_weight"":""balanced"",""max_depth"":8,""max_features"":""sqrt"",""min_samples_leaf"":4,""n_estimators"":200,""n_jobs"":2,""random_state"":42}",sigmoid,0.835248491562577,0.9693307945897727,0.5,0.582359477617837,0.1627977160030385,1,1,1,relevant,0.9728299975395204,1,1,1
216,q_01010,1,g0216,1,relevant,Date,b,rf_23,"{""class_weight"":""balanced"",""max_depth"":null,""max_features"":0.1,""min_samples_leaf"":1,""n_estimators"":200,""n_jobs"":2,""random_state"":42}",sigmoid,0.86,0.9765505664642926,0.5,0.5737654315094001,0.17496831816334135,1,1,1,relevant,0.9523155604802104,1,1,1
217,q_00264,4,g0217,1,relevant,Language change,b,rf_07,"{""class_weight"":""balanced"",""max_depth"":8,""max_features"":0.1,""min_samples_leaf"":4,""n_estimators"":200,""n_jobs"":2,""random_state"":42}",sigmoid,0.7829633719404033,0.9336456944835666,0.5,0.5707196595693419,0.1722820225651108,1,1,1,relevant,0.9460781127660766,1,1,1
218,q_01714,3,g0218,1,relevant,Delivery confirmation,b,rf_11,"{""class_weight"":""balanced"",""max_depth"":8,""max_features"":0.1,""min_samples_leaf"":1,""n_estimators"":200,""n_jobs"":2,""random_state"":42}",sigmoid,0.6515252288064142,0.7917682592321418,0.5,0.5676273080285626,0.16747729019059301,1,1,1,relevant,0.993986946940656,1,1,1
219,q_00932,3,g0219,1,relevant,Medical,b,rf_11,"{""class_weight"":""balanced"",""max_depth"":8,""max_features"":0.1,""min_samples_leaf"":1,""n_estimators"":200,""n_jobs"":2,""random_state"":42}",sigmoid,0.8363457101373308,0.9588920525221261,0.5,0.5676273080285626,0.16747729019059301,1,1,1,relevant,0.98997226418012,1,1,1
220,q_00235,0,g0220,1,relevant,Language change,b,rf_05,"{""class_weight"":""balanced"",""max_depth"":8,""max_features"":""sqrt"",""min_samples_leaf"":4,""n_estimators"":200,""n_jobs"":2,""random_state"":42}",sigmoid,0.7087597534474332,0.888128133138075,0.5,0.582359477617837,0.1627977160030385,1,1,1,relevant,0.968281388282776,1,1,1
221,q_00983,0,g0221,0,irrelevant,Automated message,b,rf_05,"{""class_weight"":""balanced"",""max_depth"":8,""max_features"":""sqrt"",""min_samples_leaf"":4,""n_estimators"":200,""n_jobs"":2,""random_state"":42}",sigmoid,0.3217120759287038,0.10379025478308523,0.5,0.582359477617837,0.1627977160030385,0,0,0,irrelevant,0.0487961694598197,0,0,0
222,q_01481,1,g0222,1,relevant,Feedback,b,rf_23,"{""class_weight"":""balanced"",""max_depth"":null,""max_features"":0.1,""min_samples_leaf"":1,""n_estimators"":200,""n_jobs"":2,""random_state"":42}",sigmoid,0.545,0.5714275901288668,0.5,0.5737654315094001,0.17496831816334135,1,0,1,relevant,0.6889607623931149,1,1,1
223,q_00863,0,g0223,1,relevant,Medical,b,rf_05,"{""class_weight"":""balanced"",""max_depth"":8,""max_features"":""sqrt"",""min_samples_leaf"":4,""n_estimators"":200,""n_jobs"":2,""random_state"":42}",sigmoid,0.8617061543391865,0.9768498827324313,0.5,0.582359477617837,0.1627977160030385,1,1,1,relevant,0.986052632331848,1,1,1
224,q_01030,1,g0224,1,relevant,Date,b,rf_23,"{""class_weight"":""balanced"",""max_depth"":null,""max_features"":0.1,""min_samples_leaf"":1,""n_estimators"":200,""n_jobs"":2,""random_state"":42}",sigmoid,0.76,0.9331827538216955,0.5,0.5737654315094001,0.17496831816334135,1,1,1,relevant,0.9367220619622668,1,1,1
225,q_00534,1,g0225,1,relevant,Medical,b,rf_23,"{""class_weight"":""balanced"",""max_depth"":null,""max_features"":0.1,""min_samples_leaf"":1,""n_estimators"":200,""n_jobs"":2,""random_state"":42}",sigmoid,0.755,0.9296949452595685,0.5,0.5737654315094001,0.17496831816334135,1,1,1,relevant,0.7480216029759453,1,1,1
226,q_00080,1,g0226,0,irrelevant,Greeting,b,rf_23,"{""class_weight"":""balanced"",""max_depth"":null,""max_features"":0.1,""min_samples_leaf"":1,""n_estimators"":200,""n_jobs"":2,""random_state"":42}",sigmoid,0.155,0.01846520467109211,0.5,0.5737654315094001,0.17496831816334135,0,0,0,irrelevant,0.0278274414926897,0,0,0
227,q_01547,3,g0227,0,irrelevant,OSS,b,rf_11,"{""class_weight"":""balanced"",""max_depth"":8,""max_features"":0.1,""min_samples_leaf"":1,""n_estimators"":200,""n_jobs"":2,""random_state"":42}",sigmoid,0.24887514888899337,0.06809813958190133,0.5,0.5676273080285626,0.16747729019059301,0,0,0,irrelevant,0.2016225041062381,0,0,1
228,q_00770,0,g0228,1,relevant,Medical,b,rf_05,"{""class_weight"":""balanced"",""max_depth"":8,""max_features"":""sqrt"",""min_samples_leaf"":4,""n_estimators"":200,""n_jobs"":2,""random_state"":42}",sigmoid,0.8949486049189832,0.9837843022929428,0.5,0.582359477617837,0.1627977160030385,1,1,1,relevant,0.9995304346084596,1,1,1
229,q_00722,2,g0229,1,relevant,Medical,b,rf_09,"{""class_weight"":""balanced"",""max_depth"":8,""max_features"":""sqrt"",""min_samples_leaf"":1,""n_estimators"":200,""n_jobs"":2,""random_state"":42}",sigmoid,0.907382257390832,0.984781957297657,0.5,0.5791065989200652,0.23587676490709863,1,1,1,relevant,0.99527499616891,1,1,1
230,q_01730,1,g0230,1,relevant,Delivery confirmation,b,rf_23,"{""class_weight"":""balanced"",""max_depth"":null,""max_features"":0.1,""min_samples_leaf"":1,""n_estimators"":200,""n_jobs"":2,""random_state"":42}",sigmoid,0.8,0.9557929055323444,0.5,0.5737654315094001,0.17496831816334135,1,1,1,relevant,0.9753556507395006,1,1,1
231,q_01435,1,g0231,1,relevant,Feedback,b,rf_23,"{""class_weight"":""balanced"",""max_depth"":null,""max_features"":0.1,""min_samples_leaf"":1,""n_estimators"":200,""n_jobs"":2,""random_state"":42}",sigmoid,0.07,0.007377697480482464,0.5,0.5737654315094001,0.17496831816334135,0,0,0,relevant,0.0048556598108489,0,0,0
232,q_00626,3,g0232,1,relevant,Medical,b,rf_11,"{""class_weight"":""balanced"",""max_depth"":8,""max_features"":0.1,""min_samples_leaf"":1,""n_estimators"":200,""n_jobs"":2,""random_state"":42}",sigmoid,0.9537133078431294,0.9866329618384226,0.5,0.5676273080285626,0.16747729019059301,1,1,1,relevant,0.6553210624050818,1,1,1
233,q_01685,4,g0233,1,relevant,Language change,b,rf_07,"{""class_weight"":""balanced"",""max_depth"":8,""max_features"":0.1,""min_samples_leaf"":4,""n_estimators"":200,""n_jobs"":2,""random_state"":42}",sigmoid,0.848246888762723,0.9642343064012284,0.5,0.5707196595693419,0.1722820225651108,1,1,1,relevant,0.9499319920652411,1,1,1
234,q_01764,4,g0234,1,relevant,Delivery confirmation,b,rf_07,"{""class_weight"":""balanced"",""max_depth"":8,""max_features"":0.1,""min_samples_leaf"":4,""n_estimators"":200,""n_jobs"":2,""random_state"":42}",sigmoid,0.7406628002353838,0.9022742399951635,0.5,0.5707196595693419,0.1722820225651108,1,1,1,relevant,0.928253210673169,1,1,1
235,q_01441,2,g0235,0,irrelevant,Acknowledgment,b,rf_09,"{""class_weight"":""balanced"",""max_depth"":8,""max_features"":""sqrt"",""min_samples_leaf"":1,""n_estimators"":200,""n_jobs"":2,""random_state"":42}",sigmoid,0.15761952508699642,0.019935406129820525,0.5,0.5791065989200652,0.23587676490709863,0,0,0,irrelevant,0.1930811634968776,0,0,1
236,q_00036,1,g0236,0,irrelevant,Greeting,b,rf_23,"{""class_weight"":""balanced"",""max_depth"":null,""max_features"":0.1,""min_samples_leaf"":1,""n_estimators"":200,""n_jobs"":2,""random_state"":42}",sigmoid,0.195,0.02829923338311104,0.5,0.5737654315094001,0.17496831816334135,0,0,0,irrelevant,0.0220803076565428,0,0,0
237,q_00450,4,g0237,1,relevant,Medical,b,rf_07,"{""class_weight"":""balanced"",""max_depth"":8,""max_features"":0.1,""min_samples_leaf"":4,""n_estimators"":200,""n_jobs"":2,""random_state"":42}",sigmoid,0.752091786367092,0.9118625544509222,0.5,0.5707196595693419,0.1722820225651108,1,1,1,relevant,0.7319844501395526,1,1,1
238,q_01660,1,g0238,0,irrelevant,OSS,b,rf_23,"{""class_weight"":""balanced"",""max_depth"":null,""max_features"":0.1,""min_samples_leaf"":1,""n_estimators"":200,""n_jobs"":2,""random_state"":42}",sigmoid,0.735,0.9140016876898294,0.5,0.5737654315094001,0.17496831816334135,1,1,1,irrelevant,0.8458440611893776,1,1,1
239,q_01107,4,g0239,1,relevant,Other,b,rf_07,"{""class_weight"":""balanced"",""max_depth"":8,""max_features"":0.1,""min_samples_leaf"":4,""n_estimators"":200,""n_jobs"":2,""random_state"":42}",sigmoid,0.7352035509618102,0.8973735425409408,0.5,0.5707196595693419,0.1722820225651108,1,1,1,relevant,0.9207223650561618,1,1,1
240,q_00680,3,g0240,1,relevant,Medical,b,rf_11,"{""class_weight"":""balanced"",""max_depth"":8,""max_features"":0.1,""min_samples_leaf"":1,""n_estimators"":200,""n_jobs"":2,""random_state"":42}",sigmoid,0.9286268310281686,0.9829647695846048,0.5,0.5676273080285626,0.16747729019059301,1,1,1,relevant,0.970993126625891,1,1,1
241,q_01186,3,g0241,0,irrelevant,Acknowledgment,b,rf_11,"{""class_weight"":""balanced"",""max_depth"":8,""max_features"":0.1,""min_samples_leaf"":1,""n_estimators"":200,""n_jobs"":2,""random_state"":42}",sigmoid,0.26926450970586047,0.08194854415155957,0.5,0.5676273080285626,0.16747729019059301,0,0,0,irrelevant,0.0228155631430268,0,0,0
242,q_00023,0,g0242,0,irrelevant,Greeting,b,rf_05,"{""class_weight"":""balanced"",""max_depth"":8,""max_features"":""sqrt"",""min_samples_leaf"":4,""n_estimators"":200,""n_jobs"":2,""random_state"":42}",sigmoid,0.0534691065255813,0.006146474494628433,0.5,0.582359477617837,0.1627977160030385,0,0,0,irrelevant,0.0111881075426936,0,0,0
243,q_00947,2,g0243,1,relevant,Medical,b,rf_09,"{""class_weight"":""balanced"",""max_depth"":8,""max_features"":""sqrt"",""min_samples_leaf"":1,""n_estimators"":200,""n_jobs"":2,""random_state"":42}",sigmoid,0.6958713063609374,0.8692966472330953,0.5,0.5791065989200652,0.23587676490709863,1,1,1,relevant,0.9801689506731952,1,1,1
244,q_01605,0,g0244,0,irrelevant,OSS,b,rf_05,"{""class_weight"":""balanced"",""max_depth"":8,""max_features"":""sqrt"",""min_samples_leaf"":4,""n_estimators"":200,""n_jobs"":2,""random_state"":42}",sigmoid,0.7092219268275499,0.8886287162350032,0.5,0.582359477617837,0.1627977160030385,1,1,1,irrelevant,0.867692232131958,1,1,1
245,q_01400,1,g0245,0,irrelevant,Acknowledgment,b,rf_23,"{""class_weight"":""balanced"",""max_depth"":null,""max_features"":0.1,""min_samples_leaf"":1,""n_estimators"":200,""n_jobs"":2,""random_state"":42}",sigmoid,0.11,0.01137527699434142,0.5,0.5737654315094001,0.17496831816334135,0,0,0,irrelevant,0.0101289773321027,0,0,0
246,q_00606,2,g0246,1,relevant,Medical,b,rf_09,"{""class_weight"":""balanced"",""max_depth"":8,""max_features"":""sqrt"",""min_samples_leaf"":1,""n_estimators"":200,""n_jobs"":2,""random_state"":42}",sigmoid,0.8534128175152833,0.973127173929755,0.5,0.5791065989200652,0.23587676490709863,1,1,1,relevant,0.9940708886734136,1,1,1
247,q_01133,4,g0247,0,irrelevant,Acknowledgment,b,rf_07,"{""class_weight"":""balanced"",""max_depth"":8,""max_features"":0.1,""min_samples_leaf"":4,""n_estimators"":200,""n_jobs"":2,""random_state"":42}",sigmoid,0.09302489862469997,0.014371290735958265,0.5,0.5707196595693419,0.1722820225651108,0,0,0,irrelevant,0.020649970115692,0,0,0
248,q_01161,1,g0248,1,relevant,Delivery confirmation,b,rf_23,"{""class_weight"":""balanced"",""max_depth"":null,""max_features"":0.1,""min_samples_leaf"":1,""n_estimators"":200,""n_jobs"":2,""random_state"":42}",sigmoid,0.035,0.005045110905793072,0.5,0.5737654315094001,0.17496831816334135,0,0,0,relevant,0.0136417763084872,0,0,0
249,q_01499,1,g0249,1,relevant,Feedback,b,rf_23,"{""class_weight"":""balanced"",""max_depth"":null,""max_features"":0.1,""min_samples_leaf"":1,""n_estimators"":200,""n_jobs"":2,""random_state"":42}",sigmoid,0.65,0.8076551691889285,0.5,0.5737654315094001,0.17496831816334135,1,1,1,relevant,0.792419851951741,1,1,1
250,q_00011,0,g0250,0,irrelevant,Greeting,b,rf_05,"{""class_weight"":""balanced"",""max_depth"":8,""max_features"":""sqrt"",""min_samples_leaf"":4,""n_estimators"":200,""n_jobs"":2,""random_state"":42}",sigmoid,0.19604530328765052,0.028514616586925706,0.5,0.582359477617837,0.1627977160030385,0,0,0,irrelevant,0.0594295524060726,0,0,0
251,q_00599,3,g0251,1,relevant,Medical,b,rf_11,"{""class_weight"":""balanced"",""max_depth"":8,""max_features"":0.1,""min_samples_leaf"":1,""n_estimators"":200,""n_jobs"":2,""random_state"":42}",sigmoid,0.7704647618818247,0.9243500784088287,0.5,0.5676273080285626,0.16747729019059301,1,1,1,relevant,0.8321156857034171,1,1,1
252,q_00529,1,g0252,1,relevant,Medical,b,rf_23,"{""class_weight"":""balanced"",""max_depth"":null,""max_features"":0.1,""min_samples_leaf"":1,""n_estimators"":200,""n_jobs"":2,""random_state"":42}",sigmoid,0.855,0.9752665243422219,0.5,0.5737654315094001,0.17496831816334135,1,1,1,relevant,0.981085374405658,1,1,1
253,q_00567,4,g0253,1,relevant,Medical,b,rf_07,"{""class_weight"":""balanced"",""max_depth"":8,""max_features"":0.1,""min_samples_leaf"":4,""n_estimators"":200,""n_jobs"":2,""random_state"":42}",sigmoid,0.7967446511817826,0.941660030973138,0.5,0.5707196595693419,0.1722820225651108,1,1,1,relevant,0.9636064576816769,1,1,1
254,q_00426,1,g0254,1,relevant,Medical,b,rf_23,"{""class_weight"":""balanced"",""max_depth"":null,""max_features"":0.1,""min_samples_leaf"":1,""n_estimators"":200,""n_jobs"":2,""random_state"":42}",sigmoid,0.76,0.9331827538216955,0.5,0.5737654315094001,0.17496831816334135,1,1,1,relevant,0.9872203544494148,1,1,1
255,q_00543,3,g0255,1,relevant,Medical,b,rf_11,"{""class_weight"":""balanced"",""max_depth"":8,""max_features"":0.1,""min_samples_leaf"":1,""n_estimators"":200,""n_jobs"":2,""random_state"":42}",sigmoid,0.8598039914116827,0.9670676603693495,0.5,0.5676273080285626,0.16747729019059301,1,1,1,relevant,0.630833647825711,1,1,1
256,q_00067,3,g0256,0,irrelevant,Greeting,b,rf_11,"{""class_weight"":""balanced"",""max_depth"":8,""max_features"":0.1,""min_samples_leaf"":1,""n_estimators"":200,""n_jobs"":2,""random_state"":42}",sigmoid,0.20108852278541994,0.04371813884580514,0.5,0.5676273080285626,0.16747729019059301,0,0,0,irrelevant,0.1018520313619714,0,0,0
257,q_01097,2,g0257,1,relevant,Other,b,rf_09,"{""class_weight"":""balanced"",""max_depth"":8,""max_features"":""sqrt"",""min_samples_leaf"":1,""n_estimators"":200,""n_jobs"":2,""random_state"":42}",sigmoid,0.6324031682418852,0.7706595430961656,0.5,0.5791065989200652,0.23587676490709863,1,1,1,relevant,0.6341050309525162,1,1,1
258,q_00388,3,g0258,1,relevant,Medical,b,rf_11,"{""class_weight"":""balanced"",""max_depth"":8,""max_features"":0.1,""min_samples_leaf"":1,""n_estimators"":200,""n_jobs"":2,""random_state"":42}",sigmoid,0.7381164018311134,0.898938430536683,0.5,0.5676273080285626,0.16747729019059301,1,1,1,relevant,0.8517798531479942,1,1,1
259,q_00334,0,g0259,1,relevant,Medical,b,rf_05,"{""class_weight"":""balanced"",""max_depth"":8,""max_features"":""sqrt"",""min_samples_leaf"":4,""n_estimators"":200,""n_jobs"":2,""random_state"":42}",sigmoid,0.8572377710910439,0.9757200975463857,0.5,0.582359477617837,0.1627977160030385,1,1,1,relevant,0.9739070534706116,1,1,1
260,q_00087,3,g0260,0,irrelevant,Greeting,b,rf_11,"{""class_weight"":""balanced"",""max_depth"":8,""max_features"":0.1,""min_samples_leaf"":1,""n_estimators"":200,""n_jobs"":2,""random_state"":42}",sigmoid,0.11522542486994407,0.019302844572958777,0.5,0.5676273080285626,0.16747729019059301,0,0,0,irrelevant,0.0274794936775008,0,0,0
261,q_01191,0,g0261,0,irrelevant,Acknowledgment,b,rf_05,"{""class_weight"":""balanced"",""max_depth"":8,""max_features"":""sqrt"",""min_samples_leaf"":4,""n_estimators"":200,""n_jobs"":2,""random_state"":42}",sigmoid,0.02462061217974974,0.004492642145352853,0.5,0.582359477617837,0.1627977160030385,0,0,0,irrelevant,0.0114567158743739,0,0,0
262,q_01419,0,g0262,0,irrelevant,Acknowledgment,b,rf_05,"{""class_weight"":""balanced"",""max_depth"":8,""max_features"":""sqrt"",""min_samples_leaf"":4,""n_estimators"":200,""n_jobs"":2,""random_state"":42}",sigmoid,0.42201443513091286,0.25726348823048745,0.5,0.582359477617837,0.1627977160030385,0,0,1,irrelevant,0.1354820728302002,0,0,0
263,q_01214,2,g0263,1,relevant,Feedback,b,rf_09,"{""class_weight"":""balanced"",""max_depth"":8,""max_features"":""sqrt"",""min_samples_leaf"":1,""n_estimators"":200,""n_jobs"":2,""random_state"":42}",sigmoid,0.8446191413809911,0.9705396575339802,0.5,0.5791065989200652,0.23587676490709863,1,1,1,relevant,0.9898618563563614,1,1,1
264,q_01247,2,g0264,0,irrelevant,Acknowledgment,b,rf_09,"{""class_weight"":""balanced"",""max_depth"":8,""max_features"":""sqrt"",""min_samples_leaf"":1,""n_estimators"":200,""n_jobs"":2,""random_state"":42}",sigmoid,0.35294646647117367,0.1425799320383267,0.5,0.5791065989200652,0.23587676490709863,0,0,0,irrelevant,0.2115002188862892,0,0,1
265,q_00532,4,g0265,1,relevant,Medical,b,rf_07,"{""class_weight"":""balanced"",""max_depth"":8,""max_features"":0.1,""min_samples_leaf"":4,""n_estimators"":200,""n_jobs"":2,""random_state"":42}",sigmoid,0.7808454254367928,0.9323267620378101,0.5,0.5707196595693419,0.1722820225651108,1,1,1,relevant,0.9254623377720472,1,1,1
266,q_00568,2,g0266,1,relevant,Medical,b,rf_09,"{""class_weight"":""balanced"",""max_depth"":8,""max_features"":""sqrt"",""min_samples_leaf"":1,""n_estimators"":200,""n_jobs"":2,""random_state"":42}",sigmoid,0.8407759835239393,0.9693343685644383,0.5,0.5791065989200652,0.23587676490709863,1,1,1,relevant,0.9847864712378976,1,1,1
267,q_01067,2,g0267,1,relevant,Other,b,rf_09,"{""class_weight"":""balanced"",""max_depth"":8,""max_features"":""sqrt"",""min_samples_leaf"":1,""n_estimators"":200,""n_jobs"":2,""random_state"":42}",sigmoid,0.6403368705263466,0.7853937888685888,0.5,0.5791065989200652,0.23587676490709863,1,1,1,relevant,0.5432811924191759,1,0,1
268,q_01290,4,g0268,0,irrelevant,Acknowledgment,b,rf_07,"{""class_weight"":""balanced"",""max_depth"":8,""max_features"":0.1,""min_samples_leaf"":4,""n_estimators"":200,""n_jobs"":2,""random_state"":42}",sigmoid,0.23062632507335412,0.05429659307009404,0.5,0.5707196595693419,0.1722820225651108,0,0,0,irrelevant,0.0432672063567091,0,0,0
269,q_00114,4,g0269,1,relevant,Other,b,rf_07,"{""class_weight"":""balanced"",""max_depth"":8,""max_features"":0.1,""min_samples_leaf"":4,""n_estimators"":200,""n_jobs"":2,""random_state"":42}",sigmoid,0.3471958050790613,0.15493909050235435,0.5,0.5707196595693419,0.1722820225651108,0,0,0,relevant,0.2802848952433975,0,0,1
270,q_00105,2,g0270,1,relevant,Other,b,rf_09,"{""class_weight"":""balanced"",""max_depth"":8,""max_features"":""sqrt"",""min_samples_leaf"":1,""n_estimators"":200,""n_jobs"":2,""random_state"":42}",sigmoid,0.7105943168996401,0.8862631908022285,0.5,0.5791065989200652,0.23587676490709863,1,1,1,relevant,0.6836893199414364,1,1,1
271,q_00675,1,g0271,1,relevant,Medical,b,rf_23,"{""class_weight"":""balanced"",""max_depth"":null,""max_features"":0.1,""min_samples_leaf"":1,""n_estimators"":200,""n_jobs"":2,""random_state"":42}",sigmoid,0.855,0.9752665243422219,0.5,0.5737654315094001,0.17496831816334135,1,1,1,relevant,0.9613339144946016,1,1,1
272,q_00634,2,g0272,1,relevant,Medical,b,rf_09,"{""class_weight"":""balanced"",""max_depth"":8,""max_features"":""sqrt"",""min_samples_leaf"":1,""n_estimators"":200,""n_jobs"":2,""random_state"":42}",sigmoid,0.6562828828101084,0.812891469129665,0.5,0.5791065989200652,0.23587676490709863,1,1,1,relevant,0.4253272191764942,0,0,1
273,q_00572,3,g0273,1,relevant,Medical,b,rf_11,"{""class_weight"":""balanced"",""max_depth"":8,""max_features"":0.1,""min_samples_leaf"":1,""n_estimators"":200,""n_jobs"":2,""random_state"":42}",sigmoid,0.798907255939847,0.9417024546403698,0.5,0.5676273080285626,0.16747729019059301,1,1,1,relevant,0.9802687034179186,1,1,1
274,q_01788,0,g0274,1,relevant,Delivery confirmation,b,rf_05,"{""class_weight"":""balanced"",""max_depth"":8,""max_features"":""sqrt"",""min_samples_leaf"":4,""n_estimators"":200,""n_jobs"":2,""random_state"":42}",sigmoid,0.6168180793961857,0.7441250730887761,0.5,0.582359477617837,0.1627977160030385,1,1,1,relevant,0.7798894643783569,1,1,1
275,q_00159,1,g0275,0,irrelevant,Acknowledgment,b,rf_23,"{""class_weight"":""balanced"",""max_depth"":null,""max_features"":0.1,""min_samples_leaf"":1,""n_estimators"":200,""n_jobs"":2,""random_state"":42}",sigmoid,0.225,0.03884892932330708,0.5,0.5737654315094001,0.17496831816334135,0,0,0,irrelevant,0.1064245860531781,0,0,0
276,q_01486,2,g0276,1,relevant,Feedback,b,rf_09,"{""class_weight"":""balanced"",""max_depth"":8,""max_features"":""sqrt"",""min_samples_leaf"":1,""n_estimators"":200,""n_jobs"":2,""random_state"":42}",sigmoid,0.6080924739600725,0.7212224415265547,0.5,0.5791065989200652,0.23587676490709863,1,1,1,relevant,0.8101080113282533,1,1,1
277,q_01748,2,g0277,1,relevant,Delivery confirmation,b,rf_09,"{""class_weight"":""balanced"",""max_depth"":8,""max_features"":""sqrt"",""min_samples_leaf"":1,""n_estimators"":200,""n_jobs"":2,""random_state"":42}",sigmoid,0.7372079687851847,0.9120883899577448,0.5,0.5791065989200652,0.23587676490709863,1,1,1,relevant,0.9930418435971622,1,1,1
278,q_01527,1,g0278,1,relevant,Delivery confirmation,b,rf_23,"{""class_weight"":""balanced"",""max_depth"":null,""max_features"":0.1,""min_samples_leaf"":1,""n_estimators"":200,""n_jobs"":2,""random_state"":42}",sigmoid,0.945,0.990602219334241,0.5,0.5737654315094001,0.17496831816334135,1,1,1,relevant,0.9974334927901728,1,1,1
279,q_01544,0,g0279,0,irrelevant,OSS,b,rf_05,"{""class_weight"":""balanced"",""max_depth"":8,""max_features"":""sqrt"",""min_samples_leaf"":4,""n_estimators"":200,""n_jobs"":2,""random_state"":42}",sigmoid,0.4989901516432203,0.445352635029175,0.5,0.582359477617837,0.1627977160030385,0,0,1,irrelevant,0.1705160290002823,0,0,0
280,q_00452,1,g0280,1,relevant,Medical,b,rf_23,"{""class_weight"":""balanced"",""max_depth"":null,""max_features"":0.1,""min_samples_leaf"":1,""n_estimators"":200,""n_jobs"":2,""random_state"":42}",sigmoid,0.74,0.9181995325133261,0.5,0.5737654315094001,0.17496831816334135,1,1,1,relevant,0.7525042044924606,1,1,1
281,q_01550,2,g0281,1,relevant,Other,b,rf_09,"{""class_weight"":""balanced"",""max_depth"":8,""max_features"":""sqrt"",""min_samples_leaf"":1,""n_estimators"":200,""n_jobs"":2,""random_state"":42}",sigmoid,0.6372945122534747,0.7798262916376438,0.5,0.5791065989200652,0.23587676490709863,1,1,1,relevant,0.6534127996087591,1,1,1
282,q_01662,2,g0282,0,irrelevant,OSS,b,rf_09,"{""class_weight"":""balanced"",""max_depth"":8,""max_features"":""sqrt"",""min_samples_leaf"":1,""n_estimators"":200,""n_jobs"":2,""random_state"":42}",sigmoid,0.6319142825994747,0.7697287528028977,0.5,0.5791065989200652,0.23587676490709863,1,1,1,relevant,0.0673084136850562,0,0,0
283,q_01410,0,g0283,0,irrelevant,Acknowledgment,b,rf_05,"{""class_weight"":""balanced"",""max_depth"":8,""max_features"":""sqrt"",""min_samples_leaf"":4,""n_estimators"":200,""n_jobs"":2,""random_state"":42}",sigmoid,0.5648594278795075,0.6224586657529843,0.5,0.582359477617837,0.1627977160030385,1,1,1,irrelevant,0.9156193733215332,1,1,1
284,q_01350,4,g0284,1,relevant,Feedback,b,rf_07,"{""class_weight"":""balanced"",""max_depth"":8,""max_features"":0.1,""min_samples_leaf"":4,""n_estimators"":200,""n_jobs"":2,""random_state"":42}",sigmoid,0.6383056300257608,0.769097857704959,0.5,0.5707196595693419,0.1722820225651108,1,1,1,relevant,0.7565039801678832,1,1,1
285,q_01176,3,g0285,0,irrelevant,Acknowledgment,b,rf_11,"{""class_weight"":""balanced"",""max_depth"":8,""max_features"":0.1,""min_samples_leaf"":1,""n_estimators"":200,""n_jobs"":2,""random_state"":42}",sigmoid,0.6746298331558515,0.8266949171566458,0.5,0.5676273080285626,0.16747729019059301,1,1,1,irrelevant,0.9283921884325528,1,1,1
286,q_01558,1,g0286,0,irrelevant,OSS,b,rf_23,"{""class_weight"":""balanced"",""max_depth"":null,""max_features"":0.1,""min_samples_leaf"":1,""n_estimators"":200,""n_jobs"":2,""random_state"":42}",sigmoid,0.385,0.18840821698037963,0.5,0.5737654315094001,0.17496831816334135,0,0,1,irrelevant,0.1888411593623289,0,0,0
287,q_01682,1,g0287,1,relevant,Language change,b,rf_23,"{""class_weight"":""balanced"",""max_depth"":null,""max_features"":0.1,""min_samples_leaf"":1,""n_estimators"":200,""n_jobs"":2,""random_state"":42}",sigmoid,0.685,0.8602339660262406,0.5,0.5737654315094001,0.17496831816334135,1,1,1,relevant,0.9607848625648402,1,1,1
288,q_01733,0,g0288,1,relevant,Delivery confirmation,b,rf_05,"{""class_weight"":""balanced"",""max_depth"":8,""max_features"":""sqrt"",""min_samples_leaf"":4,""n_estimators"":200,""n_jobs"":2,""random_state"":42}",sigmoid,0.7513453236335442,0.9266889561196149,0.5,0.582359477617837,0.1627977160030385,1,1,1,relevant,0.987762689590454,1,1,1
289,q_00127,0,g0289,0,irrelevant,Acknowledgment,b,rf_05,"{""class_weight"":""balanced"",""max_depth"":8,""max_features"":""sqrt"",""min_samples_leaf"":4,""n_estimators"":200,""n_jobs"":2,""random_state"":42}",sigmoid,0.10708652363479089,0.010986182583758265,0.5,0.582359477617837,0.1627977160030385,0,0,0,irrelevant,0.0681023970246315,0,0,0
290,q_00134,3,g0290,0,irrelevant,Acknowledgment,b,rf_11,"{""class_weight"":""balanced"",""max_depth"":8,""max_features"":0.1,""min_samples_leaf"":1,""n_estimators"":200,""n_jobs"":2,""random_state"":42}",sigmoid,0.21922545502483842,0.051794816732892775,0.5,0.5676273080285626,0.16747729019059301,0,0,0,irrelevant,0.0714507316715852,0,0,0
291,q_01690,1,g0291,1,relevant,Language change,b,rf_23,"{""class_weight"":""balanced"",""max_depth"":null,""max_features"":0.1,""min_samples_leaf"":1,""n_estimators"":200,""n_jobs"":2,""random_state"":42}",sigmoid,0.73,0.9096096245726631,0.5,0.5737654315094001,0.17496831816334135,1,1,1,relevant,0.9913287856168232,1,1,1
292,q_00371,4,g0292,1,relevant,Medical,b,rf_07,"{""class_weight"":""balanced"",""max_depth"":8,""max_features"":0.1,""min_samples_leaf"":4,""n_estimators"":200,""n_jobs"":2,""random_state"":42}",sigmoid,0.7956167436459061,0.9410397751372468,0.5,0.5707196595693419,0.1722820225651108,1,1,1,relevant,0.9609273124844924,1,1,1
293,q_01084,1,g0293,1,relevant,Other,b,rf_23,"{""class_weight"":""balanced"",""max_depth"":null,""max_features"":0.1,""min_samples_leaf"":1,""n_estimators"":200,""n_jobs"":2,""random_state"":42}",sigmoid,0.555,0.5979503418293058,0.5,0.5737654315094001,0.17496831816334135,1,1,1,relevant,0.8271218820397989,1,1,1
294,q_01259,0,g0294,0,irrelevant,Acknowledgment,b,rf_05,"{""class_weight"":""balanced"",""max_depth"":8,""max_features"":""sqrt"",""min_samples_leaf"":4,""n_estimators"":200,""n_jobs"":2,""random_state"":42}",sigmoid,0.11625762131628296,0.012129659766898367,0.5,0.582359477617837,0.1627977160030385,0,0,0,irrelevant,0.0444532036781311,0,0,0
295,q_00835,4,g0295,1,relevant,Medical,b,rf_07,"{""class_weight"":""balanced"",""max_depth"":8,""max_features"":0.1,""min_samples_leaf"":4,""n_estimators"":200,""n_jobs"":2,""random_state"":42}",sigmoid,0.8549374991378685,0.9664627833611276,0.5,0.5707196595693419,0.1722820225651108,1,1,1,relevant,0.9984884503291336,1,1,1
296,q_01359,2,g0296,0,irrelevant,Acknowledgment,b,rf_09,"{""class_weight"":""balanced"",""max_depth"":8,""max_features"":""sqrt"",""min_samples_leaf"":1,""n_estimators"":200,""n_jobs"":2,""random_state"":42}",sigmoid,0.17372586997589884,0.023617461036630177,0.5,0.5791065989200652,0.23587676490709863,0,0,0,irrelevant,0.320912688547772,0,0,1
297,q_01251,3,g0297,0,irrelevant,Acknowledgment,b,rf_11,"{""class_weight"":""balanced"",""max_depth"":8,""max_features"":0.1,""min_samples_leaf"":1,""n_estimators"":200,""n_jobs"":2,""random_state"":42}",sigmoid,0.0966219981023111,0.016133402333652166,0.5,0.5676273080285626,0.16747729019059301,0,0,0,irrelevant,0.0015400517603525,0,0,0
298,q_00244,0,g0298,1,relevant,Language change,b,rf_05,"{""class_weight"":""balanced"",""max_depth"":8,""max_features"":""sqrt"",""min_samples_leaf"":4,""n_estimators"":200,""n_jobs"":2,""random_state"":42}",sigmoid,0.7566431975903454,0.9305244349910732,0.5,0.582359477617837,0.1627977160030385,1,1,1,relevant,0.9207624197006226,1,1,1
299,q_00578,0,g0299,1,relevant,Medical,b,rf_05,"{""class_weight"":""balanced"",""max_depth"":8,""max_features"":""sqrt"",""min_samples_leaf"":4,""n_estimators"":200,""n_jobs"":2,""random_state"":42}",sigmoid,0.9029974506076961,0.9851287301015084,0.5,0.582359477617837,0.1627977160030385,1,1,1,relevant,0.9813108444213868,1,1,1
300,q_00003,4,g0300,0,irrelevant,Greeting,b,rf_07,"{""class_weight"":""balanced"",""max_depth"":8,""max_features"":0.1,""min_samples_leaf"":4,""n_estimators"":200,""n_jobs"":2,""random_state"":42}",sigmoid,0.1547270634596698,0.026250667734177204,0.5,0.5707196595693419,0.1722820225651108,0,0,0,irrelevant,0.0691754502367595,0,0,0
301,q_01238,3,g0301,0,irrelevant,Acknowledgment,b,rf_11,"{""class_weight"":""balanced"",""max_depth"":8,""max_features"":0.1,""min_samples_leaf"":1,""n_estimators"":200,""n_jobs"":2,""random_state"":42}",sigmoid,0.016283445865368687,0.007398159930163,0.5,0.5676273080285626,0.16747729019059301,0,0,0,irrelevant,0.0050195585994312,0,0,0
302,q_01602,3,g0302,1,relevant,Other,b,rf_11,"{""class_weight"":""balanced"",""max_depth"":8,""max_features"":0.1,""min_samples_leaf"":1,""n_estimators"":200,""n_jobs"":2,""random_state"":42}",sigmoid,0.5014942671927893,0.46582994463514316,0.5,0.5676273080285626,0.16747729019059301,0,0,1,irrelevant,0.4914549207166274,0,0,1
303,q_00956,2,g0303,1,relevant,Medical,b,rf_09,"{""class_weight"":""balanced"",""max_depth"":8,""max_features"":""sqrt"",""min_samples_leaf"":1,""n_estimators"":200,""n_jobs"":2,""random_state"":42}",sigmoid,0.7103671280278034,0.8860166183948849,0.5,0.5791065989200652,0.23587676490709863,1,1,1,relevant,0.9149491103423192,1,1,1
304,q_01490,3,g0304,0,irrelevant,Acknowledgment,b,rf_11,"{""class_weight"":""balanced"",""max_depth"":8,""max_features"":0.1,""min_samples_leaf"":1,""n_estimators"":200,""n_jobs"":2,""random_state"":42}",sigmoid,0.08038720534858503,0.013789827070346438,0.5,0.5676273080285626,0.16747729019059301,0,0,0,irrelevant,0.0888394291135212,0,0,0
305,q_00095,2,g0305,0,irrelevant,Acknowledgment,b,rf_09,"{""class_weight"":""balanced"",""max_depth"":8,""max_features"":""sqrt"",""min_samples_leaf"":1,""n_estimators"":200,""n_jobs"":2,""random_state"":42}",sigmoid,0.42451119128729453,0.2642068673524198,0.5,0.5791065989200652,0.23587676490709863,0,0,1,irrelevant,0.3353095862116733,0,0,1
306,q_00812,0,g0306,1,relevant,Medical,b,rf_05,"{""class_weight"":""balanced"",""max_depth"":8,""max_features"":""sqrt"",""min_samples_leaf"":4,""n_estimators"":200,""n_jobs"":2,""random_state"":42}",sigmoid,0.783918800440432,0.9474840682203838,0.5,0.582359477617837,0.1627977160030385,1,1,1,relevant,0.9941138625144958,1,1,1
307,q_01727,1,g0307,1,relevant,Delivery confirmation,b,rf_23,"{""class_weight"":""balanced"",""max_depth"":null,""max_features"":0.1,""min_samples_leaf"":1,""n_estimators"":200,""n_jobs"":2,""random_state"":42}",sigmoid,0.81,0.9601860614877701,0.5,0.5737654315094001,0.17496831816334135,1,1,1,relevant,0.9929176469115524,1,1,1
308,q_00298,0,g0308,1,relevant,Language change,b,rf_05,"{""class_weight"":""balanced"",""max_depth"":8,""max_features"":""sqrt"",""min_samples_leaf"":4,""n_estimators"":200,""n_jobs"":2,""random_state"":42}",sigmoid,0.7561702175915738,0.930189705139575,0.5,0.582359477617837,0.1627977160030385,1,1,1,relevant,0.9883760213851928,1,1,1
309,q_00057,4,g0309,0,irrelevant,Greeting,b,rf_07,"{""class_weight"":""balanced"",""max_depth"":8,""max_features"":0.1,""min_samples_leaf"":4,""n_estimators"":200,""n_jobs"":2,""random_state"":42}",sigmoid,0.4199313037717175,0.2745030817042786,0.5,0.5707196595693419,0.1722820225651108,0,0,1,irrelevant,0.273007413281792,0,0,1
310,q_00539,3,g0310,1,relevant,Medical,b,rf_11,"{""class_weight"":""balanced"",""max_depth"":8,""max_features"":0.1,""min_samples_leaf"":1,""n_estimators"":200,""n_jobs"":2,""random_state"":42}",sigmoid,0.6685578429468623,0.8179898330742998,0.5,0.5676273080285626,0.16747729019059301,1,1,1,relevant,0.8905599210864847,1,1,1
311,q_01623,0,g0311,0,irrelevant,OSS,b,rf_05,"{""class_weight"":""balanced"",""max_depth"":8,""max_features"":""sqrt"",""min_samples_leaf"":4,""n_estimators"":200,""n_jobs"":2,""random_state"":42}",sigmoid,0.36487186174916597,0.15651561342236212,0.5,0.582359477617837,0.1627977160030385,0,0,0,irrelevant,0.0045270584523677,0,0,0
312,q_01279,0,g0312,0,irrelevant,Acknowledgment,b,rf_05,"{""class_weight"":""balanced"",""max_depth"":8,""max_features"":""sqrt"",""min_samples_leaf"":4,""n_estimators"":200,""n_jobs"":2,""random_state"":42}",sigmoid,0.3678121255052605,0.16080234592132014,0.5,0.582359477617837,0.1627977160030385,0,0,0,irrelevant,0.1351965814828872,0,0,0
313,q_00449,4,g0313,1,relevant,Medical,b,rf_07,"{""class_weight"":""balanced"",""max_depth"":8,""max_features"":0.1,""min_samples_leaf"":4,""n_estimators"":200,""n_jobs"":2,""random_state"":42}",sigmoid,0.9589562834662351,0.9878363691091369,0.5,0.5707196595693419,0.1722820225651108,1,1,1,relevant,0.9979719787456194,1,1,1
314,q_01458,4,g0314,0,irrelevant,Acknowledgment,b,rf_07,"{""class_weight"":""balanced"",""max_depth"":8,""max_features"":0.1,""min_samples_leaf"":4,""n_estimators"":200,""n_jobs"":2,""random_state"":42}",sigmoid,0.385741465845975,0.21207843139936727,0.5,0.5707196595693419,0.1722820225651108,0,0,1,irrelevant,0.156473901793881,0,0,0
315,q_00744,0,g0315,1,relevant,Medical,b,rf_05,"{""class_weight"":""balanced"",""max_depth"":8,""max_features"":""sqrt"",""min_samples_leaf"":4,""n_estimators"":200,""n_jobs"":2,""random_state"":42}",sigmoid,0.7926585520108576,0.9520360988988993,0.5,0.582359477617837,0.1627977160030385,1,1,1,relevant,0.9717755913734436,1,1,1
316,q_00725,1,g0316,1,relevant,Medical,b,rf_23,"{""class_weight"":""balanced"",""max_depth"":null,""max_features"":0.1,""min_samples_leaf"":1,""n_estimators"":200,""n_jobs"":2,""random_state"":42}",sigmoid,0.915,0.9870045761392255,0.5,0.5737654315094001,0.17496831816334135,1,1,1,relevant,0.9965004975291892,1,1,1
317,q_00789,3,g0317,1,relevant,Medical,b,rf_11,"{""class_weight"":""balanced"",""max_depth"":8,""max_features"":0.1,""min_samples_leaf"":1,""n_estimators"":200,""n_jobs"":2,""random_state"":42}",sigmoid,0.9634532801643109,0.9878367854094432,0.5,0.5676273080285626,0.16747729019059301,1,1,1,relevant,0.9978097797170826,1,1,1
318,q_01694,1,g0318,1,relevant,Language change,b,rf_23,"{""class_weight"":""balanced"",""max_depth"":null,""max_features"":0.1,""min_samples_leaf"":1,""n_estimators"":200,""n_jobs"":2,""random_state"":42}",sigmoid,0.81,0.9601860614877701,0.5,0.5737654315094001,0.17496831816334135,1,1,1,relevant,0.918923715936608,1,1,1
319,q_00052,3,g0319,0,irrelevant,Greeting,b,rf_11,"{""class_weight"":""balanced"",""max_depth"":8,""max_features"":0.1,""min_samples_leaf"":1,""n_estimators"":200,""n_jobs"":2,""random_state"":42}",sigmoid,0.6093844288258184,0.7154529688992672,0.5,0.5676273080285626,0.16747729019059301,1,1,1,irrelevant,0.1743168748606381,0,0,1
320,q_01366,1,g0320,0,irrelevant,Acknowledgment,b,rf_23,"{""class_weight"":""balanced"",""max_depth"":null,""max_features"":0.1,""min_samples_leaf"":1,""n_estimators"":200,""n_jobs"":2,""random_state"":42}",sigmoid,0.215,0.03496876896292706,0.5,0.5737654315094001,0.17496831816334135,0,0,0,irrelevant,0.2206299417624951,0,0,1
321,q_00223,1,g0321,0,irrelevant,Spam,b,rf_23,"{""class_weight"":""balanced"",""max_depth"":null,""max_features"":0.1,""min_samples_leaf"":1,""n_estimators"":200,""n_jobs"":2,""random_state"":42}",sigmoid,0.43,0.275131050750269,0.5,0.5737654315094001,0.17496831816334135,0,0,1,irrelevant,0.0311510978188931,0,0,0
322,q_00240,1,g0322,1,relevant,Language change,b,rf_23,"{""class_weight"":""balanced"",""max_depth"":null,""max_features"":0.1,""min_samples_leaf"":1,""n_estimators"":200,""n_jobs"":2,""random_state"":42}",sigmoid,0.75,0.926039505239672,0.5,0.5737654315094001,0.17496831816334135,1,1,1,relevant,0.8697536386646078,1,1,1
323,q_00991,2,g0323,0,irrelevant,Automated message,b,rf_09,"{""class_weight"":""balanced"",""max_depth"":8,""max_features"":""sqrt"",""min_samples_leaf"":1,""n_estimators"":200,""n_jobs"":2,""random_state"":42}",sigmoid,0.19548614397625477,0.029661447871965976,0.5,0.5791065989200652,0.23587676490709863,0,0,0,irrelevant,0.083363108638764,0,0,0
324,q_01462,4,g0324,1,relevant,Feedback,b,rf_07,"{""class_weight"":""balanced"",""max_depth"":8,""max_features"":0.1,""min_samples_leaf"":4,""n_estimators"":200,""n_jobs"":2,""random_state"":42}",sigmoid,0.4617164558779416,0.364544572450395,0.5,0.5707196595693419,0.1722820225651108,0,0,1,relevant,0.6168412231760301,1,1,1
325,q_00684,3,g0325,1,relevant,Medical,b,rf_11,"{""class_weight"":""balanced"",""max_depth"":8,""max_features"":0.1,""min_samples_leaf"":1,""n_estimators"":200,""n_jobs"":2,""random_state"":42}",sigmoid,0.6516009708891197,0.7918907957782726,0.5,0.5676273080285626,0.16747729019059301,1,1,1,relevant,0.95710053047123,1,1,1
326,q_00977,3,g0326,0,irrelevant,Automated message,b,rf_11,"{""class_weight"":""balanced"",""max_depth"":8,""max_features"":0.1,""min_samples_leaf"":1,""n_estimators"":200,""n_jobs"":2,""random_state"":42}",sigmoid,0.12897831238667098,0.022030931634054358,0.5,0.5676273080285626,0.16747729019059301,0,0,0,irrelevant,0.0025270974502472,0,0,0
327,q_00791,2,g0327,1,relevant,Medical,b,rf_09,"{""class_weight"":""balanced"",""max_depth"":8,""max_features"":""sqrt"",""min_samples_leaf"":1,""n_estimators"":200,""n_jobs"":2,""random_state"":42}",sigmoid,0.9156084359370612,0.9860527293916235,0.5,0.5791065989200652,0.23587676490709863,1,1,1,relevant,0.9991682811330892,1,1,1
328,q_00269,2,g0328,1,relevant,Language change,b,rf_09,"{""class_weight"":""balanced"",""max_depth"":8,""max_features"":""sqrt"",""min_samples_leaf"":1,""n_estimators"":200,""n_jobs"":2,""random_state"":42}",sigmoid,0.8245276732878385,0.9636903683197606,0.5,0.5791065989200652,0.23587676490709863,1,1,1,relevant,0.9795134606898748,1,1,1
329,q_01056,0,g0329,1,relevant,Other,b,rf_05,"{""class_weight"":""balanced"",""max_depth"":8,""max_features"":""sqrt"",""min_samples_leaf"":4,""n_estimators"":200,""n_jobs"":2,""random_state"":42}",sigmoid,0.754108156728504,0.9287128830790482,0.5,0.582359477617837,0.1627977160030385,1,1,1,relevant,0.9236696362495422,1,1,1
330,q_00433,0,g0330,1,relevant,Medical,b,rf_05,"{""class_weight"":""balanced"",""max_depth"":8,""max_features"":""sqrt"",""min_samples_leaf"":4,""n_estimators"":200,""n_jobs"":2,""random_state"":42}",sigmoid,0.826580303511862,0.9663875292305719,0.5,0.582359477617837,0.1627977160030385,1,1,1,relevant,0.9400263428688048,1,1,1
331,q_00101,3,g0331,1,relevant,Other,b,rf_11,"{""class_weight"":""balanced"",""max_depth"":8,""max_features"":0.1,""min_samples_leaf"":1,""n_estimators"":200,""n_jobs"":2,""random_state"":42}",sigmoid,0.6763863920961813,0.829151022460897,0.5,0.5676273080285626,0.16747729019059301,1,1,1,relevant,0.8254885915081821,1,1,1
332,q_00923,2,g0332,1,relevant,Medical,b,rf_09,"{""class_weight"":""balanced"",""max_depth"":8,""max_features"":""sqrt"",""min_samples_leaf"":1,""n_estimators"":200,""n_jobs"":2,""random_state"":42}",sigmoid,0.9611974295339064,0.9914124605785444,0.5,0.5791065989200652,0.23587676490709863,1,1,1,relevant,0.9991762863745868,1,1,1
333,q_01093,1,g0333,1,relevant,Other,b,rf_23,"{""class_weight"":""balanced"",""max_depth"":null,""max_features"":0.1,""min_samples_leaf"":1,""n_estimators"":200,""n_jobs"":2,""random_state"":42}",sigmoid,0.785,0.9483275364423344,0.5,0.5737654315094001,0.17496831816334135,1,1,1,relevant,0.7242326203900443,1,1,1
334,q_01178,1,g0334,0,irrelevant,Acknowledgment,b,rf_23,"{""class_weight"":""balanced"",""max_depth"":null,""max_features"":0.1,""min_samples_leaf"":1,""n_estimators"":200,""n_jobs"":2,""random_state"":42}",sigmoid,0.015,0.0040588607281465865,0.5,0.5737654315094001,0.17496831816334135,0,0,0,irrelevant,0.0026969689467761,0,0,0
335,q_00156,0,g0335,0,irrelevant,Acknowledgment,b,rf_05,"{""class_weight"":""balanced"",""max_depth"":8,""max_features"":""sqrt"",""min_samples_leaf"":4,""n_estimators"":200,""n_jobs"":2,""random_state"":42}",sigmoid,0.17428687712182728,0.022619407802191634,0.5,0.582359477617837,0.1627977160030385,0,0,0,irrelevant,0.0483286753296852,0,0,0
336,q_01721,4,g0336,1,relevant,Delivery confirmation,b,rf_07,"{""class_weight"":""balanced"",""max_depth"":8,""max_features"":0.1,""min_samples_leaf"":4,""n_estimators"":200,""n_jobs"":2,""random_state"":42}",sigmoid,0.7228941837863759,0.885519393860707,0.5,0.5707196595693419,0.1722820225651108,1,1,1,relevant,0.922119338327884,1,1,1
337,q_01211,4,g0337,0,irrelevant,Acknowledgment,b,rf_07,"{""class_weight"":""balanced"",""max_depth"":8,""max_features"":0.1,""min_samples_leaf"":4,""n_estimators"":200,""n_jobs"":2,""random_state"":42}",sigmoid,0.1630364878478564,0.028451330958795526,0.5,0.5707196595693419,0.1722820225651108,0,0,0,irrelevant,0.0355597726994171,0,0,0
338,q_01415,3,g0338,1,relevant,Feedback,b,rf_11,"{""class_weight"":""balanced"",""max_depth"":8,""max_features"":0.1,""min_samples_leaf"":1,""n_estimators"":200,""n_jobs"":2,""random_state"":42}",sigmoid,0.3448174452685433,0.15780764792215007,0.5,0.5676273080285626,0.16747729019059301,0,0,0,relevant,0.0832493254162785,0,0,0
339,q_01799,4,g0339,1,relevant,Date,b,rf_07,"{""class_weight"":""balanced"",""max_depth"":8,""max_features"":0.1,""min_samples_leaf"":4,""n_estimators"":200,""n_jobs"":2,""random_state"":42}",sigmoid,0.8244626714186215,0.9551027487858925,0.5,0.5707196595693419,0.1722820225651108,1,1,1,relevant,0.9817489264321948,1,1,1
340,q_01237,1,g0340,0,irrelevant,Acknowledgment,b,rf_23,"{""class_weight"":""balanced"",""max_depth"":null,""max_features"":0.1,""min_samples_leaf"":1,""n_estimators"":200,""n_jobs"":2,""random_state"":42}",sigmoid,0.01,0.0038439139563422316,0.5,0.5737654315094001,0.17496831816334135,0,0,0,irrelevant,0.0038872313901213,0,0,0
341,q_01036,0,g0341,1,relevant,Date,b,rf_05,"{""class_weight"":""balanced"",""max_depth"":8,""max_features"":""sqrt"",""min_samples_leaf"":4,""n_estimators"":200,""n_jobs"":2,""random_state"":42}",sigmoid,0.7278729765510867,0.9072514699028296,0.5,0.582359477617837,0.1627977160030385,1,1,1,relevant,0.8843691945075989,1,1,1
342,q_00511,1,g0342,1,relevant,Medical,b,rf_23,"{""class_weight"":""balanced"",""max_depth"":null,""max_features"":0.1,""min_samples_leaf"":1,""n_estimators"":200,""n_jobs"":2,""random_state"":42}",sigmoid,0.8,0.9557929055323444,0.5,0.5737654315094001,0.17496831816334135,1,1,1,relevant,0.973129522454974,1,1,1
343,q_00295,2,g0343,1,relevant,Language change,b,rf_09,"{""class_weight"":""balanced"",""max_depth"":8,""max_features"":""sqrt"",""min_samples_leaf"":1,""n_estimators"":200,""n_jobs"":2,""random_state"":42}",sigmoid,0.7783768557006715,0.9417091404569174,0.5,0.5791065989200652,0.23587676490709863,1,1,1,relevant,0.978977870813782,1,1,1
344,q_00716,0,g0344,1,relevant,Medical,b,rf_05,"{""class_weight"":""balanced"",""max_depth"":8,""max_features"":""sqrt"",""min_samples_leaf"":4,""n_estimators"":200,""n_jobs"":2,""random_state"":42}",sigmoid,0.7554762448223599,0.929695877299847,0.5,0.582359477617837,0.1627977160030385,1,1,1,relevant,0.9414936900138856,1,1,1
345,q_01343,0,g0345,0,irrelevant,Acknowledgment,b,rf_05,"{""class_weight"":""balanced"",""max_depth"":8,""max_features"":""sqrt"",""min_samples_leaf"":4,""n_estimators"":200,""n_jobs"":2,""random_state"":42}",sigmoid,0.007667850634246262,0.0037360636959751507,0.5,0.582359477617837,0.1627977160030385,0,0,0,irrelevant,0.021932128816843,0,0,0
346,q_00296,3,g0346,1,relevant,Language change,b,rf_11,"{""class_weight"":""balanced"",""max_depth"":8,""max_features"":0.1,""min_samples_leaf"":1,""n_estimators"":200,""n_jobs"":2,""random_state"":42}",sigmoid,0.6311536232914031,0.7568848075793033,0.5,0.5676273080285626,0.16747729019059301,1,1,1,relevant,0.9389896644570764,1,1,1
347,q_01033,3,g0347,1,relevant,Date,b,rf_11,"{""class_weight"":""balanced"",""max_depth"":8,""max_features"":0.1,""min_samples_leaf"":1,""n_estimators"":200,""n_jobs"":2,""random_state"":42}",sigmoid,0.749114759849038,0.90833147886529,0.5,0.5676273080285626,0.16747729019059301,1,1,1,relevant,0.92274533687747,1,1,1
348,q_01022,4,g0348,1,relevant,Date,b,rf_07,"{""class_weight"":""balanced"",""max_depth"":8,""max_features"":0.1,""min_samples_leaf"":4,""n_estimators"":200,""n_jobs"":2,""random_state"":42}",sigmoid,0.7590980723044549,0.917312362095366,0.5,0.5707196595693419,0.1722820225651108,1,1,1,relevant,0.9451442543038115,1,1,1
349,q_01004,1,g0349,0,irrelevant,Automated message,b,rf_23,"{""class_weight"":""balanced"",""max_depth"":null,""max_features"":0.1,""min_samples_leaf"":1,""n_estimators"":200,""n_jobs"":2,""random_state"":42}",sigmoid,0.545,0.5714275901288668,0.5,0.5737654315094001,0.17496831816334135,1,0,1,irrelevant,0.3350145059544941,0,0,1
350,q_00608,4,g0350,1,relevant,Medical,b,rf_07,"{""class_weight"":""balanced"",""max_depth"":8,""max_features"":0.1,""min_samples_leaf"":4,""n_estimators"":200,""n_jobs"":2,""random_state"":42}",sigmoid,0.809102528913255,0.9480658591073903,0.5,0.5707196595693419,0.1722820225651108,1,1,1,relevant,0.9304501210710492,1,1,1
351,q_00644,2,g0351,1,relevant,Medical,b,rf_09,"{""class_weight"":""balanced"",""max_depth"":8,""max_features"":""sqrt"",""min_samples_leaf"":1,""n_estimators"":200,""n_jobs"":2,""random_state"":42}",sigmoid,0.6224265876321488,0.7511439784398091,0.5,0.5791065989200652,0.23587676490709863,1,1,1,relevant,0.5048451986360802,1,0,1
352,q_00429,3,g0352,1,relevant,Medical,b,rf_11,"{""class_weight"":""balanced"",""max_depth"":8,""max_features"":0.1,""min_samples_leaf"":1,""n_estimators"":200,""n_jobs"":2,""random_state"":42}",sigmoid,0.6644430268938198,0.8118997220133698,0.5,0.5676273080285626,0.16747729019059301,1,1,1,relevant,0.9911497194104512,1,1,1
353,q_00261,1,g0353,1,relevant,Language change,b,rf_23,"{""class_weight"":""balanced"",""max_depth"":null,""max_features"":0.1,""min_samples_leaf"":1,""n_estimators"":200,""n_jobs"":2,""random_state"":42}",sigmoid,0.52,0.5036356799002488,0.5,0.5737654315094001,0.17496831816334135,1,0,1,relevant,0.5540313180538322,1,1,1
354,q_00579,4,g0354,1,relevant,Medical,b,rf_07,"{""class_weight"":""balanced"",""max_depth"":8,""max_features"":0.1,""min_samples_leaf"":4,""n_estimators"":200,""n_jobs"":2,""random_state"":42}",sigmoid,0.7982777827566357,0.9424933157965424,0.5,0.5707196595693419,0.1722820225651108,1,1,1,relevant,0.9581079351765242,1,1,1
355,q_00322,4,g0355,1,relevant,Language change,b,rf_07,"{""class_weight"":""balanced"",""max_depth"":8,""max_features"":0.1,""min_samples_leaf"":4,""n_estimators"":200,""n_jobs"":2,""random_state"":42}",sigmoid,0.8282334378126484,0.9566860733085665,0.5,0.5707196595693419,0.1722820225651108,1,1,1,relevant,0.9478180231902738,1,1,1
356,q_00631,2,g0356,1,relevant,Medical,b,rf_09,"{""class_weight"":""balanced"",""max_depth"":8,""max_features"":""sqrt"",""min_samples_leaf"":1,""n_estimators"":200,""n_jobs"":2,""random_state"":42}",sigmoid,0.9431579146952886,0.9895925424830304,0.5,0.5791065989200652,0.23587676490709863,1,1,1,relevant,0.9990774919355316,1,1,1
357,q_00502,1,g0357,1,relevant,Medical,b,rf_23,"{""class_weight"":""balanced"",""max_depth"":null,""max_features"":0.1,""min_samples_leaf"":1,""n_estimators"":200,""n_jobs"":2,""random_state"":42}",sigmoid,0.895,0.9838820001291041,0.5,0.5737654315094001,0.17496831816334135,1,1,1,relevant,0.9661015539818684,1,1,1
358,q_00305,2,g0358,1,relevant,Language change,b,rf_09,"{""class_weight"":""balanced"",""max_depth"":8,""max_features"":""sqrt"",""min_samples_leaf"":1,""n_estimators"":200,""n_jobs"":2,""random_state"":42}",sigmoid,0.8527176838849102,0.9729309409025054,0.5,0.5791065989200652,0.23587676490709863,1,1,1,relevant,0.9834866220841408,1,1,1
359,q_00378,0,g0359,1,relevant,Medical,b,rf_05,"{""class_weight"":""balanced"",""max_depth"":8,""max_features"":""sqrt"",""min_samples_leaf"":4,""n_estimators"":200,""n_jobs"":2,""random_state"":42}",sigmoid,0.8986113117049633,0.9844103124964205,0.5,0.582359477617837,0.1627977160030385,1,1,1,relevant,0.9982500672340392,1,1,1
360,q_01669,1,g0360,1,relevant,Language change,b,rf_23,"{""class_weight"":""balanced"",""max_depth"":null,""max_features"":0.1,""min_samples_leaf"":1,""n_estimators"":200,""n_jobs"":2,""random_state"":42}",sigmoid,0.755,0.9296949452595685,0.5,0.5737654315094001,0.17496831816334135,1,1,1,relevant,0.9810130964705568,1,1,1
361,q_00861,2,g0361,1,relevant,Medical,b,rf_09,"{""class_weight"":""balanced"",""max_depth"":8,""max_features"":""sqrt"",""min_samples_leaf"":1,""n_estimators"":200,""n_jobs"":2,""random_state"":42}",sigmoid,0.8322858532481052,0.9665001444046933,0.5,0.5791065989200652,0.23587676490709863,1,1,1,relevant,0.9225446031669912,1,1,1
362,q_00908,3,g0362,1,relevant,Medical,b,rf_11,"{""class_weight"":""balanced"",""max_depth"":8,""max_features"":0.1,""min_samples_leaf"":1,""n_estimators"":200,""n_jobs"":2,""random_state"":42}",sigmoid,0.7171489566205871,0.8786486632574776,0.5,0.5676273080285626,0.16747729019059301,1,1,1,relevant,0.9759780977348042,1,1,1
363,q_00084,1,g0363,0,irrelevant,Greeting,b,rf_23,"{""class_weight"":""balanced"",""max_depth"":null,""max_features"":0.1,""min_samples_leaf"":1,""n_estimators"":200,""n_jobs"":2,""random_state"":42}",sigmoid,0.22,0.03685977737659988,0.5,0.5737654315094001,0.17496831816334135,0,0,0,irrelevant,0.0491085312371613,0,0,0
364,q_00611,0,g0364,1,relevant,Medical,b,rf_05,"{""class_weight"":""balanced"",""max_depth"":8,""max_features"":""sqrt"",""min_samples_leaf"":4,""n_estimators"":200,""n_jobs"":2,""random_state"":42}",sigmoid,0.8094060100857373,0.9597313423778164,0.5,0.582359477617837,0.1627977160030385,1,1,1,relevant,0.9679904580116272,1,1,1
365,q_00287,4,g0365,1,relevant,Language change,b,rf_07,"{""class_weight"":""balanced"",""max_depth"":8,""max_features"":0.1,""min_samples_leaf"":4,""n_estimators"":200,""n_jobs"":2,""random_state"":42}",sigmoid,0.7973608547061093,0.9419963015143117,0.5,0.5707196595693419,0.1722820225651108,1,1,1,relevant,0.972469236762566,1,1,1
366,q_01561,1,g0366,0,irrelevant,OSS,b,rf_23,"{""class_weight"":""balanced"",""max_depth"":null,""max_features"":0.1,""min_samples_leaf"":1,""n_estimators"":200,""n_jobs"":2,""random_state"":42}",sigmoid,0.14,0.015717930433946457,0.5,0.5737654315094001,0.17496831816334135,0,0,0,irrelevant,0.014312355239182,0,0,0
367,q_00448,0,g0367,1,relevant,Medical,b,rf_05,"{""class_weight"":""balanced"",""max_depth"":8,""max_features"":""sqrt"",""min_samples_leaf"":4,""n_estimators"":200,""n_jobs"":2,""random_state"":42}",sigmoid,0.7696634961202176,0.9391742977833148,0.5,0.582359477617837,0.1627977160030385,1,1,1,relevant,0.9136651158332824,1,1,1
368,q_01646,0,g0368,1,relevant,Other,b,rf_05,"{""class_weight"":""balanced"",""max_depth"":8,""max_features"":""sqrt"",""min_samples_leaf"":4,""n_estimators"":200,""n_jobs"":2,""random_state"":42}",sigmoid,0.4714409317263877,0.37276454022678496,0.5,0.582359477617837,0.1627977160030385,0,0,1,relevant,0.124043770134449,0,0,0
369,q_00200,1,g0369,0,irrelevant,Acknowledgment,b,rf_23,"{""class_weight"":""balanced"",""max_depth"":null,""max_features"":0.1,""min_samples_leaf"":1,""n_estimators"":200,""n_jobs"":2,""random_state"":42}",sigmoid,0.245,0.04788228796422894,0.5,0.5737654315094001,0.17496831816334135,0,0,0,irrelevant,0.0869078934373114,0,0,0
370,q_01591,3,g0370,0,irrelevant,OSS,b,rf_11,"{""class_weight"":""balanced"",""max_depth"":8,""max_features"":0.1,""min_samples_leaf"":1,""n_estimators"":200,""n_jobs"":2,""random_state"":42}",sigmoid,0.7995545667700674,0.9420502597473392,0.5,0.5676273080285626,0.16747729019059301,1,1,1,irrelevant,0.973321697675088,1,1,1
371,q_01014,2,g0371,1,relevant,Date,b,rf_09,"{""class_weight"":""balanced"",""max_depth"":8,""max_features"":""sqrt"",""min_samples_leaf"":1,""n_estimators"":200,""n_jobs"":2,""random_state"":42}",sigmoid,0.7784897441945123,0.9417757624653686,0.5,0.5791065989200652,0.23587676490709863,1,1,1,relevant,0.9690959135980542,1,1,1
372,q_01015,1,g0372,1,relevant,Date,b,rf_23,"{""class_weight"":""balanced"",""max_depth"":null,""max_features"":0.1,""min_samples_leaf"":1,""n_estimators"":200,""n_jobs"":2,""random_state"":42}",sigmoid,0.735,0.9140016876898294,0.5,0.5737654315094001,0.17496831816334135,1,1,1,relevant,0.8555235753883269,1,1,1
373,q_01750,2,g0373,1,relevant,Delivery confirmation,b,rf_09,"{""class_weight"":""balanced"",""max_depth"":8,""max_features"":""sqrt"",""min_samples_leaf"":1,""n_estimators"":200,""n_jobs"":2,""random_state"":42}",sigmoid,0.7638037552514108,0.9324842276985945,0.5,0.5791065989200652,0.23587676490709863,1,1,1,relevant,0.9552500232377084,1,1,1
374,q_00852,1,g0374,1,relevant,Medical,b,rf_23,"{""class_weight"":""balanced"",""max_depth"":null,""max_features"":0.1,""min_samples_leaf"":1,""n_estimators"":200,""n_jobs"":2,""random_state"":42}",sigmoid,0.855,0.9752665243422219,0.5,0.5737654315094001,0.17496831816334135,1,1,1,relevant,0.8962278326207354,1,1,1
375,q_00290,2,g0375,1,relevant,Language change,b,rf_09,"{""class_weight"":""balanced"",""max_depth"":8,""max_features"":""sqrt"",""min_samples_leaf"":1,""n_estimators"":200,""n_jobs"":2,""random_state"":42}",sigmoid,0.8689109685255922,0.9771593956038007,0.5,0.5791065989200652,0.23587676490709863,1,1,1,relevant,0.9917225035248208,1,1,1
376,q_01215,3,g0376,0,irrelevant,Acknowledgment,b,rf_11,"{""class_weight"":""balanced"",""max_depth"":8,""max_features"":0.1,""min_samples_leaf"":1,""n_estimators"":200,""n_jobs"":2,""random_state"":42}",sigmoid,0.09095135081421243,0.015273354861194806,0.5,0.5676273080285626,0.16747729019059301,0,0,0,irrelevant,0.0051870814635424,0,0,0
377,q_00985,0,g0377,0,irrelevant,Automated message,b,rf_05,"{""class_weight"":""balanced"",""max_depth"":8,""max_features"":""sqrt"",""min_samples_leaf"":4,""n_estimators"":200,""n_jobs"":2,""random_state"":42}",sigmoid,0.3719501247450047,0.16699543655553306,0.5,0.582359477617837,0.1627977160030385,0,0,1,irrelevant,0.4412594139575958,0,0,1
378,q_01794,4,g0378,1,relevant,Date,b,rf_07,"{""class_weight"":""balanced"",""max_depth"":8,""max_features"":0.1,""min_samples_leaf"":4,""n_estimators"":200,""n_jobs"":2,""random_state"":42}",sigmoid,0.7148473708975499,0.8771397295091478,0.5,0.5707196595693419,0.1722820225651108,1,1,1,relevant,0.9027225732460248,1,1,1
379,q_00217,2,g0379,0,irrelevant,Spam,b,rf_09,"{""class_weight"":""balanced"",""max_depth"":8,""max_features"":""sqrt"",""min_samples_leaf"":1,""n_estimators"":200,""n_jobs"":2,""random_state"":42}",sigmoid,0.523616554593139,0.5104588535566832,0.5,0.5791065989200652,0.23587676490709863,1,0,1,irrelevant,0.2365152994205092,0,0,1
380,q_00944,0,g0380,1,relevant,Medical,b,rf_05,"{""class_weight"":""balanced"",""max_depth"":8,""max_features"":""sqrt"",""min_samples_leaf"":4,""n_estimators"":200,""n_jobs"":2,""random_state"":42}",sigmoid,0.9224173758282699,0.9879367746553576,0.5,0.582359477617837,0.1627977160030385,1,1,1,relevant,0.9991157650947572,1,1,1
381,q_00489,2,g0381,1,relevant,Medical,b,rf_09,"{""class_weight"":""balanced"",""max_depth"":8,""max_features"":""sqrt"",""min_samples_leaf"":1,""n_estimators"":200,""n_jobs"":2,""random_state"":42}",sigmoid,0.9432955129723344,0.9896077754012658,0.5,0.5791065989200652,0.23587676490709863,1,1,1,relevant,0.9993253924655356,1,1,1
382,q_00922,1,g0382,1,relevant,Medical,b,rf_23,"{""class_weight"":""balanced"",""max_depth"":null,""max_features"":0.1,""min_samples_leaf"":1,""n_estimators"":200,""n_jobs"":2,""random_state"":42}",sigmoid,0.815,0.962222682012824,0.5,0.5737654315094001,0.17496831816334135,1,1,1,relevant,0.9552805485636584,1,1,1
383,q_01466,1,g0383,1,relevant,Medical,b,rf_23,"{""class_weight"":""balanced"",""max_depth"":null,""max_features"":0.1,""min_samples_leaf"":1,""n_estimators"":200,""n_jobs"":2,""random_state"":42}",sigmoid,0.455,0.3327866519804744,0.5,0.5737654315094001,0.17496831816334135,0,0,1,relevant,0.2684683982684156,0,0,1
384,q_01121,4,g0384,0,irrelevant,Acknowledgment,b,rf_07,"{""class_weight"":""balanced"",""max_depth"":8,""max_features"":0.1,""min_samples_leaf"":4,""n_estimators"":200,""n_jobs"":2,""random_state"":42}",sigmoid,0.743550497474134,0.9047812429139407,0.5,0.5707196595693419,0.1722820225651108,1,1,1,irrelevant,0.8863458515523991,1,1,1
385,q_01683,4,g0385,1,relevant,Language change,b,rf_07,"{""class_weight"":""balanced"",""max_depth"":8,""max_features"":0.1,""min_samples_leaf"":4,""n_estimators"":200,""n_jobs"":2,""random_state"":42}",sigmoid,0.7355362331265605,0.8976783120999767,0.5,0.5707196595693419,0.1722820225651108,1,1,1,relevant,0.858912063086838,1,1,1
386,q_00242,0,g0386,1,relevant,Language change,b,rf_05,"{""class_weight"":""balanced"",""max_depth"":8,""max_features"":""sqrt"",""min_samples_leaf"":4,""n_estimators"":200,""n_jobs"":2,""random_state"":42}",sigmoid,0.8932631045650108,0.983487980824831,0.5,0.582359477617837,0.1627977160030385,1,1,1,relevant,0.9704656600952148,1,1,1
387,q_01746,2,g0387,1,relevant,Delivery confirmation,b,rf_09,"{""class_weight"":""balanced"",""max_depth"":8,""max_features"":""sqrt"",""min_samples_leaf"":1,""n_estimators"":200,""n_jobs"":2,""random_state"":42}",sigmoid,0.8410775279891116,0.9694306404743708,0.5,0.5791065989200652,0.23587676490709863,1,1,1,relevant,0.9910659417861808,1,1,1
388,q_00778,0,g0388,1,relevant,Medical,b,rf_05,"{""class_weight"":""balanced"",""max_depth"":8,""max_features"":""sqrt"",""min_samples_leaf"":4,""n_estimators"":200,""n_jobs"":2,""random_state"":42}",sigmoid,0.9009242215584878,0.9847933071570266,0.5,0.582359477617837,0.1627977160030385,1,1,1,relevant,0.99208402633667,1,1,1
389,q_00561,0,g0389,1,relevant,Medical,b,rf_05,"{""class_weight"":""balanced"",""max_depth"":8,""max_features"":""sqrt"",""min_samples_leaf"":4,""n_estimators"":200,""n_jobs"":2,""random_state"":42}",sigmoid,0.8708027117486804,0.9789934598505426,0.5,0.582359477617837,0.1627977160030385,1,1,1,relevant,0.9919893145561218,1,1,1
390,q_01009,4,g0390,1,relevant,Date,b,rf_07,"{""class_weight"":""balanced"",""max_depth"":8,""max_features"":0.1,""min_samples_leaf"":4,""n_estimators"":200,""n_jobs"":2,""random_state"":42}",sigmoid,0.8042330340502944,0.9456251724615142,0.5,0.5707196595693419,0.1722820225651108,1,1,1,relevant,0.9590848272341694,1,1,1
391,q_01181,1,g0391,0,irrelevant,Acknowledgment,b,rf_23,"{""class_weight"":""balanced"",""max_depth"":null,""max_features"":0.1,""min_samples_leaf"":1,""n_estimators"":200,""n_jobs"":2,""random_state"":42}",sigmoid,0.22,0.03685977737659988,0.5,0.5737654315094001,0.17496831816334135,0,0,0,irrelevant,0.0333981510496717,0,0,0
392,q_01424,3,g0392,0,irrelevant,Acknowledgment,b,rf_11,"{""class_weight"":""balanced"",""max_depth"":8,""max_features"":0.1,""min_samples_leaf"":1,""n_estimators"":200,""n_jobs"":2,""random_state"":42}",sigmoid,0.6900248747158416,0.8472871251227987,0.5,0.5676273080285626,0.16747729019059301,1,1,1,irrelevant,0.8962475464033393,1,1,1
393,q_01367,2,g0393,0,irrelevant,Acknowledgment,b,rf_09,"{""class_weight"":""balanced"",""max_depth"":8,""max_features"":""sqrt"",""min_samples_leaf"":1,""n_estimators"":200,""n_jobs"":2,""random_state"":42}",sigmoid,0.5195283243900694,0.4994662947299462,0.5,0.5791065989200652,0.23587676490709863,0,0,1,irrelevant,0.198661581905631,0,0,1
394,q_01287,3,g0394,1,relevant,Feedback,b,rf_11,"{""class_weight"":""balanced"",""max_depth"":8,""max_features"":0.1,""min_samples_leaf"":1,""n_estimators"":200,""n_jobs"":2,""random_state"":42}",sigmoid,0.3801629294968144,0.2095357939613676,0.5,0.5676273080285626,0.16747729019059301,0,0,1,relevant,0.2738529249518305,0,0,1
395,q_01508,1,g0395,0,irrelevant,Acknowledgment,b,rf_23,"{""class_weight"":""balanced"",""max_depth"":null,""max_features"":0.1,""min_samples_leaf"":1,""n_estimators"":200,""n_jobs"":2,""random_state"":42}",sigmoid,0.51,0.4763399186534561,0.5,0.5737654315094001,0.17496831816334135,0,0,1,irrelevant,0.2573992052626752,0,0,1
396,q_00122,4,g0396,0,irrelevant,Acknowledgment,b,rf_07,"{""class_weight"":""balanced"",""max_depth"":8,""max_features"":0.1,""min_samples_leaf"":4,""n_estimators"":200,""n_jobs"":2,""random_state"":42}",sigmoid,0.06375033684079776,0.010775602791424109,0.5,0.5707196595693419,0.1722820225651108,0,0,0,irrelevant,0.008218994312064,0,0,0
397,q_01438,4,g0397,0,irrelevant,Acknowledgment,b,rf_07,"{""class_weight"":""balanced"",""max_depth"":8,""max_features"":0.1,""min_samples_leaf"":4,""n_estimators"":200,""n_jobs"":2,""random_state"":42}",sigmoid,0.6266291722806017,0.7478014457855057,0.5,0.5707196595693419,0.1722820225651108,1,1,1,irrelevant,0.7265964963650249,1,1,1
398,q_01434,3,g0398,0,irrelevant,Acknowledgment,b,rf_11,"{""class_weight"":""balanced"",""max_depth"":8,""max_features"":0.1,""min_samples_leaf"":1,""n_estimators"":200,""n_jobs"":2,""random_state"":42}",sigmoid,0.292874474548447,0.10115679366906159,0.5,0.5676273080285626,0.16747729019059301,0,0,0,irrelevant,0.0707661716932495,0,0,0
399,q_01557,0,g0399,0,irrelevant,OSS,b,rf_05,"{""class_weight"":""balanced"",""max_depth"":8,""max_features"":""sqrt"",""min_samples_leaf"":4,""n_estimators"":200,""n_jobs"":2,""random_state"":42}",sigmoid,0.5951687137726933,0.6965775693472768,0.5,0.582359477617837,0.1627977160030385,1,1,1,irrelevant,0.8321958184242249,1,1,1
400,q_00490,4,g0400,1,relevant,Medical,b,rf_07,"{""class_weight"":""balanced"",""max_depth"":8,""max_features"":0.1,""min_samples_leaf"":4,""n_estimators"":200,""n_jobs"":2,""random_state"":42}",sigmoid,0.9330459072959064,0.9843110638792915,0.5,0.5707196595693419,0.1722820225651108,1,1,1,relevant,0.9947527634143416,1,1,1
401,q_00797,0,g0401,1,relevant,Medical,b,rf_05,"{""class_weight"":""balanced"",""max_depth"":8,""max_features"":""sqrt"",""min_samples_leaf"":4,""n_estimators"":200,""n_jobs"":2,""random_state"":42}",sigmoid,0.8702601603417457,0.9788712421219876,0.5,0.582359477617837,0.1627977160030385,1,1,1,relevant,0.9987599849700928,1,1,1
402,q_00077,2,g0402,0,irrelevant,Greeting,b,rf_09,"{""class_weight"":""balanced"",""max_depth"":8,""max_features"":""sqrt"",""min_samples_leaf"":1,""n_estimators"":200,""n_jobs"":2,""random_state"":42}",sigmoid,0.3077730340930849,0.09279737417067806,0.5,0.5791065989200652,0.23587676490709863,0,0,0,irrelevant,0.0827199242540993,0,0,0
403,q_00394,0,g0403,1,relevant,Medical,b,rf_05,"{""class_weight"":""balanced"",""max_depth"":8,""max_features"":""sqrt"",""min_samples_leaf"":4,""n_estimators"":200,""n_jobs"":2,""random_state"":42}",sigmoid,0.7335776156568561,0.9123632086899337,0.5,0.582359477617837,0.1627977160030385,1,1,1,relevant,0.9566711187362672,1,1,1
404,q_00803,0,g0404,1,relevant,Medical,b,rf_05,"{""class_weight"":""balanced"",""max_depth"":8,""max_features"":""sqrt"",""min_samples_leaf"":4,""n_estimators"":200,""n_jobs"":2,""random_state"":42}",sigmoid,0.8212749573941989,0.9644534901708107,0.5,0.582359477617837,0.1627977160030385,1,1,1,relevant,0.9919284582138062,1,1,1
405,q_01691,2,g0405,1,relevant,Language change,b,rf_09,"{""class_weight"":""balanced"",""max_depth"":8,""max_features"":""sqrt"",""min_samples_leaf"":1,""n_estimators"":200,""n_jobs"":2,""random_state"":42}",sigmoid,0.6369897218030265,0.7792628529695763,0.5,0.5791065989200652,0.23587676490709863,1,1,1,relevant,0.6621679623978752,1,1,1
406,q_00741,4,g0406,1,relevant,Medical,b,rf_07,"{""class_weight"":""balanced"",""max_depth"":8,""max_features"":0.1,""min_samples_leaf"":4,""n_estimators"":200,""n_jobs"":2,""random_state"":42}",sigmoid,0.924122022298509,0.9828776464855206,0.5,0.5707196595693419,0.1722820225651108,1,1,1,relevant,0.9980471291392377,1,1,1
407,q_00695,1,g0407,1,relevant,Medical,b,rf_23,"{""class_weight"":""balanced"",""max_depth"":null,""max_features"":0.1,""min_samples_leaf"":1,""n_estimators"":200,""n_jobs"":2,""random_state"":42}",sigmoid,0.795,0.9534264259930697,0.5,0.5737654315094001,0.17496831816334135,1,1,1,relevant,0.7229116704195969,1,1,1
408,q_01573,1,g0408,0,irrelevant,OSS,b,rf_23,"{""class_weight"":""balanced"",""max_depth"":null,""max_features"":0.1,""min_samples_leaf"":1,""n_estimators"":200,""n_jobs"":2,""random_state"":42}",sigmoid,0.72,0.9002157132475197,0.5,0.5737654315094001,0.17496831816334135,1,1,1,irrelevant,0.9597416410770692,1,1,1
409,q_00224,1,g0409,0,irrelevant,Spam,b,rf_23,"{""class_weight"":""balanced"",""max_depth"":null,""max_features"":0.1,""min_samples_leaf"":1,""n_estimators"":200,""n_jobs"":2,""random_state"":42}",sigmoid,0.565,0.6239119912964856,0.5,0.5737654315094001,0.17496831816334135,1,1,1,irrelevant,0.718910403854363,1,1,1
410,q_00628,0,g0410,1,relevant,Medical,b,rf_05,"{""class_weight"":""balanced"",""max_depth"":8,""max_features"":""sqrt"",""min_samples_leaf"":4,""n_estimators"":200,""n_jobs"":2,""random_state"":42}",sigmoid,0.9500829902231844,0.9910546634434193,0.5,0.582359477617837,0.1627977160030385,1,1,1,relevant,0.9979292154312134,1,1,1
411,q_00373,1,g0411,1,relevant,Medical,b,rf_23,"{""class_weight"":""balanced"",""max_depth"":null,""max_features"":0.1,""min_samples_leaf"":1,""n_estimators"":200,""n_jobs"":2,""random_state"":42}",sigmoid,0.685,0.8602339660262406,0.5,0.5737654315094001,0.17496831816334135,1,1,1,relevant,0.9623806735487412,1,1,1
412,q_01729,4,g0412,1,relevant,Delivery confirmation,b,rf_07,"{""class_weight"":""balanced"",""max_depth"":8,""max_features"":0.1,""min_samples_leaf"":4,""n_estimators"":200,""n_jobs"":2,""random_state"":42}",sigmoid,0.787136441178258,0.9361748081753847,0.5,0.5707196595693419,0.1722820225651108,1,1,1,relevant,0.9908690459078924,1,1,1
413,q_00253,1,g0413,1,relevant,Language change,b,rf_23,"{""class_weight"":""balanced"",""max_depth"":null,""max_features"":0.1,""min_samples_leaf"":1,""n_estimators"":200,""n_jobs"":2,""random_state"":42}",sigmoid,0.805,0.9580444317449878,0.5,0.5737654315094001,0.17496831816334135,1,1,1,relevant,0.7925264778184773,1,1,1
414,q_00794,4,g0414,1,relevant,Medical,b,rf_07,"{""class_weight"":""balanced"",""max_depth"":8,""max_features"":0.1,""min_samples_leaf"":4,""n_estimators"":200,""n_jobs"":2,""random_state"":42}",sigmoid,0.8554590079316088,0.9666307423029576,0.5,0.5707196595693419,0.1722820225651108,1,1,1,relevant,0.9966060247795688,1,1,1
415,q_00662,4,g0415,1,relevant,Medical,b,rf_07,"{""class_weight"":""balanced"",""max_depth"":8,""max_features"":0.1,""min_samples_leaf"":4,""n_estimators"":200,""n_jobs"":2,""random_state"":42}",sigmoid,0.9252283799219664,0.9830621185337414,0.5,0.5707196595693419,0.1722820225651108,1,1,1,relevant,0.9977573363760154,1,1,1
416,q_00699,4,g0416,1,relevant,Medical,b,rf_07,"{""class_weight"":""balanced"",""max_depth"":8,""max_features"":0.1,""min_samples_leaf"":4,""n_estimators"":200,""n_jobs"":2,""random_state"":42}",sigmoid,0.9301846799588261,0.9838648265622796,0.5,0.5707196595693419,0.1722820225651108,1,1,1,relevant,0.9993915984327044,1,1,1
417,q_01020,2,g0417,1,relevant,Date,b,rf_09,"{""class_weight"":""balanced"",""max_depth"":8,""max_features"":""sqrt"",""min_samples_leaf"":1,""n_estimators"":200,""n_jobs"":2,""random_state"":42}",sigmoid,0.7230089220284656,0.8990459329386675,0.5,0.5791065989200652,0.23587676490709863,1,1,1,relevant,0.9322936518254322,1,1,1
418,q_01341,4,g0418,0,irrelevant,Acknowledgment,b,rf_07,"{""class_weight"":""balanced"",""max_depth"":8,""max_features"":0.1,""min_samples_leaf"":4,""n_estimators"":200,""n_jobs"":2,""random_state"":42}",sigmoid,0.4522414924459466,0.34297409150018504,0.5,0.5707196595693419,0.1722820225651108,0,0,1,relevant,0.8402044063181943,1,1,1
419,q_00140,0,g0419,0,irrelevant,Acknowledgment,b,rf_05,"{""class_weight"":""balanced"",""max_depth"":8,""max_features"":""sqrt"",""min_samples_leaf"":4,""n_estimators"":200,""n_jobs"":2,""random_state"":42}",sigmoid,0.2619089827414365,0.056839377878025066,0.5,0.582359477617837,0.1627977160030385,0,0,0,irrelevant,0.1487289071083068,0,0,0
420,q_00913,3,g0420,1,relevant,Medical,b,rf_11,"{""class_weight"":""balanced"",""max_depth"":8,""max_features"":0.1,""min_samples_leaf"":1,""n_estimators"":200,""n_jobs"":2,""random_state"":42}",sigmoid,0.8343274354708133,0.9581040912697709,0.5,0.5676273080285626,0.16747729019059301,1,1,1,relevant,0.8121435769196752,1,1,1
421,q_01268,2,g0421,0,irrelevant,Acknowledgment,b,rf_09,"{""class_weight"":""balanced"",""max_depth"":8,""max_features"":""sqrt"",""min_samples_leaf"":1,""n_estimators"":200,""n_jobs"":2,""random_state"":42}",sigmoid,0.05684189985363711,0.00683277963338119,0.5,0.5791065989200652,0.23587676490709863,0,0,0,irrelevant,0.0214307122787565,0,0,0
422,q_01088,3,g0422,1,relevant,Medical,b,rf_11,"{""class_weight"":""balanced"",""max_depth"":8,""max_features"":0.1,""min_samples_leaf"":1,""n_estimators"":200,""n_jobs"":2,""random_state"":42}",sigmoid,0.8208508704643944,0.9524610408915789,0.5,0.5676273080285626,0.16747729019059301,1,1,1,relevant,0.8835578650046862,1,1,1
423,q_01469,2,g0423,0,irrelevant,Acknowledgment,b,rf_09,"{""class_weight"":""balanced"",""max_depth"":8,""max_features"":""sqrt"",""min_samples_leaf"":1,""n_estimators"":200,""n_jobs"":2,""random_state"":42}",sigmoid,0.16241343237017591,0.020968265062186065,0.5,0.5791065989200652,0.23587676490709863,0,0,0,irrelevant,0.0057420259524945,0,0,0
424,q_01797,0,g0424,1,relevant,Date,b,rf_05,"{""class_weight"":""balanced"",""max_depth"":8,""max_features"":""sqrt"",""min_samples_leaf"":4,""n_estimators"":200,""n_jobs"":2,""random_state"":42}",sigmoid,0.7746638008273579,0.9422204814999536,0.5,0.582359477617837,0.1627977160030385,1,1,1,relevant,0.9466868042945862,1,1,1
425,q_01487,1,g0425,0,irrelevant,Acknowledgment,b,rf_23,"{""class_weight"":""balanced"",""max_depth"":null,""max_features"":0.1,""min_samples_leaf"":1,""n_estimators"":200,""n_jobs"":2,""random_state"":42}",sigmoid,0.505,0.46273471192215115,0.5,0.5737654315094001,0.17496831816334135,0,0,1,irrelevant,0.6169430236403513,1,1,1
426,q_00904,1,g0426,1,relevant,Medical,b,rf_23,"{""class_weight"":""balanced"",""max_depth"":null,""max_features"":0.1,""min_samples_leaf"":1,""n_estimators"":200,""n_jobs"":2,""random_state"":42}",sigmoid,0.975,0.9932107446577458,0.5,0.5737654315094001,0.17496831816334135,1,1,1,relevant,0.998855697922254,1,1,1
427,q_00926,2,g0427,1,relevant,Medical,b,rf_09,"{""class_weight"":""balanced"",""max_depth"":8,""max_features"":""sqrt"",""min_samples_leaf"":1,""n_estimators"":200,""n_jobs"":2,""random_state"":42}",sigmoid,0.8744373620908703,0.9784492085932912,0.5,0.5791065989200652,0.23587676490709863,1,1,1,relevant,0.949041820081129,1,1,1
428,q_00780,1,g0428,1,relevant,Medical,b,rf_23,"{""class_weight"":""balanced"",""max_depth"":null,""max_features"":0.1,""min_samples_leaf"":1,""n_estimators"":200,""n_jobs"":2,""random_state"":42}",sigmoid,0.825,0.9659995979549705,0.5,0.5737654315094001,0.17496831816334135,1,1,1,relevant,0.9774101652513624,1,1,1
429,q_01698,2,g0429,1,relevant,Language change,b,rf_09,"{""class_weight"":""balanced"",""max_depth"":8,""max_features"":""sqrt"",""min_samples_leaf"":1,""n_estimators"":200,""n_jobs"":2,""random_state"":42}",sigmoid,0.8412711398611159,0.9694922991594099,0.5,0.5791065989200652,0.23587676490709863,1,1,1,relevant,0.9238724150546584,1,1,1
430,q_00113,3,g0430,0,irrelevant,Greeting,b,rf_11,"{""class_weight"":""balanced"",""max_depth"":8,""max_features"":0.1,""min_samples_leaf"":1,""n_estimators"":200,""n_jobs"":2,""random_state"":42}",sigmoid,0.44829600398073466,0.3409599555785823,0.5,0.5676273080285626,0.16747729019059301,0,0,1,irrelevant,0.2615338133097755,0,0,1
431,q_01347,4,g0431,0,irrelevant,Acknowledgment,b,rf_07,"{""class_weight"":""balanced"",""max_depth"":8,""max_features"":0.1,""min_samples_leaf"":4,""n_estimators"":200,""n_jobs"":2,""random_state"":42}",sigmoid,0.2486018751162382,0.06425869801962557,0.5,0.5707196595693419,0.1722820225651108,0,0,0,irrelevant,0.1765404482933401,0,0,0
432,q_00872,0,g0432,1,relevant,Medical,b,rf_05,"{""class_weight"":""balanced"",""max_depth"":8,""max_features"":""sqrt"",""min_samples_leaf"":4,""n_estimators"":200,""n_jobs"":2,""random_state"":42}",sigmoid,0.9407327339625807,0.9901023239466591,0.5,0.582359477617837,0.1627977160030385,1,1,1,relevant,0.9984908103942872,1,1,1
433,q_01183,2,g0433,0,irrelevant,Acknowledgment,b,rf_09,"{""class_weight"":""balanced"",""max_depth"":8,""max_features"":""sqrt"",""min_samples_leaf"":1,""n_estimators"":200,""n_jobs"":2,""random_state"":42}",sigmoid,0.3039844481665478,0.08942299511606125,0.5,0.5791065989200652,0.23587676490709863,0,0,0,irrelevant,0.1069738253462078,0,0,0
434,q_00798,2,g0434,1,relevant,Medical,b,rf_09,"{""class_weight"":""balanced"",""max_depth"":8,""max_features"":""sqrt"",""min_samples_leaf"":1,""n_estimators"":200,""n_jobs"":2,""random_state"":42}",sigmoid,0.9256470358557052,0.9874624380985335,0.5,0.5791065989200652,0.23587676490709863,1,1,1,relevant,0.9987365062661846,1,1,1
435,q_01635,0,g0435,0,irrelevant,OSS,b,rf_05,"{""class_weight"":""balanced"",""max_depth"":8,""max_features"":""sqrt"",""min_samples_leaf"":4,""n_estimators"":200,""n_jobs"":2,""random_state"":42}",sigmoid,0.26858697692589134,0.060878417705673316,0.5,0.582359477617837,0.1627977160030385,0,0,0,irrelevant,0.0496904291212558,0,0,0
436,q_01154,2,g0436,0,irrelevant,Acknowledgment,b,rf_09,"{""class_weight"":""balanced"",""max_depth"":8,""max_features"":""sqrt"",""min_samples_leaf"":1,""n_estimators"":200,""n_jobs"":2,""random_state"":42}",sigmoid,0.1370241393061485,0.01603743934495244,0.5,0.5791065989200652,0.23587676490709863,0,0,0,irrelevant,0.0449208858450298,0,0,0
437,q_01500,1,g0437,0,irrelevant,Acknowledgment,b,rf_23,"{""class_weight"":""balanced"",""max_depth"":null,""max_features"":0.1,""min_samples_leaf"":1,""n_estimators"":200,""n_jobs"":2,""random_state"":42}",sigmoid,0.02,0.0042857753377511945,0.5,0.5737654315094001,0.17496831816334135,0,0,0,irrelevant,0.0129971902704953,0,0,0
438,q_01201,3,g0438,0,irrelevant,Acknowledgment,b,rf_11,"{""class_weight"":""balanced"",""max_depth"":8,""max_features"":0.1,""min_samples_leaf"":1,""n_estimators"":200,""n_jobs"":2,""random_state"":42}",sigmoid,0.031152490731782185,0.008550630107233507,0.5,0.5676273080285626,0.16747729019059301,0,0,0,irrelevant,0.0026450110923414,0,0,0
439,q_00666,3,g0439,1,relevant,Medical,b,rf_11,"{""class_weight"":""balanced"",""max_depth"":8,""max_features"":0.1,""min_samples_leaf"":1,""n_estimators"":200,""n_jobs"":2,""random_state"":42}",sigmoid,0.9637523702405343,0.9878720055720137,0.5,0.5676273080285626,0.16747729019059301,1,1,1,relevant,0.9860114603767998,1,1,1
440,q_01411,4,g0440,1,relevant,Feedback,b,rf_07,"{""class_weight"":""balanced"",""max_depth"":8,""max_features"":0.1,""min_samples_leaf"":4,""n_estimators"":200,""n_jobs"":2,""random_state"":42}",sigmoid,0.49886241578796936,0.4537078033897625,0.5,0.5707196595693419,0.1722820225651108,0,0,1,relevant,0.6213303872739838,1,1,1
441,q_00384,0,g0441,1,relevant,Medical,b,rf_05,"{""class_weight"":""balanced"",""max_depth"":8,""max_features"":""sqrt"",""min_samples_leaf"":4,""n_estimators"":200,""n_jobs"":2,""random_state"":42}",sigmoid,0.39613603368252337,0.20703359279516687,0.5,0.582359477617837,0.1627977160030385,0,0,1,relevant,0.2219987958669662,0,0,1
442,q_00387,4,g0442,1,relevant,Medical,b,rf_07,"{""class_weight"":""balanced"",""max_depth"":8,""max_features"":0.1,""min_samples_leaf"":4,""n_estimators"":200,""n_jobs"":2,""random_state"":42}",sigmoid,0.7304107332042075,0.8928929175841459,0.5,0.5707196595693419,0.1722820225651108,1,1,1,relevant,0.9052910545028996,1,1,1
443,q_00406,4,g0443,1,relevant,Medical,b,rf_07,"{""class_weight"":""balanced"",""max_depth"":8,""max_features"":0.1,""min_samples_leaf"":4,""n_estimators"":200,""n_jobs"":2,""random_state"":42}",sigmoid,0.7899201419864517,0.9378116424698446,0.5,0.5707196595693419,0.1722820225651108,1,1,1,relevant,0.8688007418977821,1,1,1
444,q_00385,3,g0444,1,relevant,Medical,b,rf_11,"{""class_weight"":""balanced"",""max_depth"":8,""max_features"":0.1,""min_samples_leaf"":1,""n_estimators"":200,""n_jobs"":2,""random_state"":42}",sigmoid,0.802649374566112,0.9436863654630208,0.5,0.5676273080285626,0.16747729019059301,1,1,1,relevant,0.7801891015395156,1,1,1
445,q_00347,4,g0445,1,relevant,Medical,b,rf_07,"{""class_weight"":""balanced"",""max_depth"":8,""max_features"":0.1,""min_samples_leaf"":4,""n_estimators"":200,""n_jobs"":2,""random_state"":42}",sigmoid,0.8402699795157763,0.9613908269808277,0.5,0.5707196595693419,0.1722820225651108,1,1,1,relevant,0.9934631909418568,1,1,1
446,q_00553,0,g0446,1,relevant,Medical,b,rf_05,"{""class_weight"":""balanced"",""max_depth"":8,""max_features"":""sqrt"",""min_samples_leaf"":4,""n_estimators"":200,""n_jobs"":2,""random_state"":42}",sigmoid,0.6342204199132182,0.7786125214151871,0.5,0.582359477617837,0.1627977160030385,1,1,1,relevant,0.4071449637413025,0,0,1
447,q_00571,4,g0447,1,relevant,Medical,b,rf_07,"{""class_weight"":""balanced"",""max_depth"":8,""max_features"":0.1,""min_samples_leaf"":4,""n_estimators"":200,""n_jobs"":2,""random_state"":42}",sigmoid,0.6184845490532747,0.7321966622031438,0.5,0.5707196595693419,0.1722820225651108,1,1,1,relevant,0.9204779227638092,1,1,1
448,q_01241,2,g0448,0,irrelevant,Acknowledgment,b,rf_09,"{""class_weight"":""balanced"",""max_depth"":8,""max_features"":""sqrt"",""min_samples_leaf"":1,""n_estimators"":200,""n_jobs"":2,""random_state"":42}",sigmoid,0.09608694452369493,0.010384360323108502,0.5,0.5791065989200652,0.23587676490709863,0,0,0,irrelevant,0.0107040807962224,0,0,0
449,q_01717,0,g0449,1,relevant,Delivery confirmation,b,rf_05,"{""class_weight"":""balanced"",""max_depth"":8,""max_features"":""sqrt"",""min_samples_leaf"":4,""n_estimators"":200,""n_jobs"":2,""random_state"":42}",sigmoid,0.7962436307363325,0.9537928799597087,0.5,0.582359477617837,0.1627977160030385,1,1,1,relevant,0.9934873580932616,1,1,1
450,q_00815,3,g0450,1,relevant,Medical,b,rf_11,"{""class_weight"":""balanced"",""max_depth"":8,""max_features"":0.1,""min_samples_leaf"":1,""n_estimators"":200,""n_jobs"":2,""random_state"":42}",sigmoid,0.8592662360649567,0.9668991554152601,0.5,0.5676273080285626,0.16747729019059301,1,1,1,relevant,0.9994755928280852,1,1,1
451,q_00141,2,g0451,0,irrelevant,Acknowledgment,b,rf_09,"{""class_weight"":""balanced"",""max_depth"":8,""max_features"":""sqrt"",""min_samples_leaf"":1,""n_estimators"":200,""n_jobs"":2,""random_state"":42}",sigmoid,0.34749711863045185,0.13556289797921425,0.5,0.5791065989200652,0.23587676490709863,0,0,0,irrelevant,0.3457801051512367,0,0,1
452,q_01210,2,g0452,0,irrelevant,Acknowledgment,b,rf_09,"{""class_weight"":""balanced"",""max_depth"":8,""max_features"":""sqrt"",""min_samples_leaf"":1,""n_estimators"":200,""n_jobs"":2,""random_state"":42}",sigmoid,0.09607400507083948,0.010382930058641283,0.5,0.5791065989200652,0.23587676490709863,0,0,0,irrelevant,0.0116767515792354,0,0,0
453,q_00660,2,g0453,1,relevant,Medical,b,rf_09,"{""class_weight"":""balanced"",""max_depth"":8,""max_features"":""sqrt"",""min_samples_leaf"":1,""n_estimators"":200,""n_jobs"":2,""random_state"":42}",sigmoid,0.9266333582537117,0.9875931129287111,0.5,0.5791065989200652,0.23587676490709863,1,1,1,relevant,0.9970385444246768,1,1,1
454,q_00834,0,g0454,1,relevant,Medical,b,rf_05,"{""class_weight"":""balanced"",""max_depth"":8,""max_features"":""sqrt"",""min_samples_leaf"":4,""n_estimators"":200,""n_jobs"":2,""random_state"":42}",sigmoid,0.7974237049018409,0.9543576338094012,0.5,0.582359477617837,0.1627977160030385,1,1,1,relevant,0.9035885334014891,1,1,1
455,q_00379,1,g0455,1,relevant,Medical,b,rf_23,"{""class_weight"":""balanced"",""max_depth"":null,""max_features"":0.1,""min_samples_leaf"":1,""n_estimators"":200,""n_jobs"":2,""random_state"":42}",sigmoid,0.895,0.9838820001291041,0.5,0.5737654315094001,0.17496831816334135,1,1,1,relevant,0.9954265678526878,1,1,1
456,q_00316,2,g0456,1,relevant,Language change,b,rf_09,"{""class_weight"":""balanced"",""max_depth"":8,""max_features"":""sqrt"",""min_samples_leaf"":1,""n_estimators"":200,""n_jobs"":2,""random_state"":42}",sigmoid,0.6420954781190121,0.7885650440031255,0.5,0.5791065989200652,0.23587676490709863,1,1,1,relevant,0.8352887127993868,1,1,1
457,q_00325,1,g0457,1,relevant,Language change,b,rf_23,"{""class_weight"":""balanced"",""max_depth"":null,""max_features"":0.1,""min_samples_leaf"":1,""n_estimators"":200,""n_jobs"":2,""random_state"":42}",sigmoid,0.585,0.6736398750723007,0.5,0.5737654315094001,0.17496831816334135,1,1,1,relevant,0.7311015263170698,1,1,1
458,q_00370,4,g0458,1,relevant,Medical,b,rf_07,"{""class_weight"":""balanced"",""max_depth"":8,""max_features"":0.1,""min_samples_leaf"":4,""n_estimators"":200,""n_jobs"":2,""random_state"":42}",sigmoid,0.8237049513886544,0.9547779965287015,0.5,0.5707196595693419,0.1722820225651108,1,1,1,relevant,0.8784417823073948,1,1,1
459,q_00601,0,g0459,1,relevant,Medical,b,rf_05,"{""class_weight"":""balanced"",""max_depth"":8,""max_features"":""sqrt"",""min_samples_leaf"":4,""n_estimators"":200,""n_jobs"":2,""random_state"":42}",sigmoid,0.8442115979800106,0.9721112595773501,0.5,0.582359477617837,0.1627977160030385,1,1,1,relevant,0.9848443865776062,1,1,1
460,q_01566,4,g0460,0,irrelevant,OSS,b,rf_07,"{""class_weight"":""balanced"",""max_depth"":8,""max_features"":0.1,""min_samples_leaf"":4,""n_estimators"":200,""n_jobs"":2,""random_state"":42}",sigmoid,0.5135017664739316,0.4900300016096222,0.5,0.5707196595693419,0.1722820225651108,0,0,1,irrelevant,0.8468591017702124,1,1,1
461,q_01624,3,g0461,0,irrelevant,OSS,b,rf_11,"{""class_weight"":""balanced"",""max_depth"":8,""max_features"":0.1,""min_samples_leaf"":1,""n_estimators"":200,""n_jobs"":2,""random_state"":42}",sigmoid,0.0736412388422361,0.01291778794081494,0.5,0.5676273080285626,0.16747729019059301,0,0,0,irrelevant,0.0699497582351132,0,0,0
462,q_00451,2,g0462,1,relevant,Medical,b,rf_09,"{""class_weight"":""balanced"",""max_depth"":8,""max_features"":""sqrt"",""min_samples_leaf"":1,""n_estimators"":200,""n_jobs"":2,""random_state"":42}",sigmoid,0.8371300095862231,0.9681468658936546,0.5,0.5791065989200652,0.23587676490709863,1,1,1,relevant,0.9929859033973004,1,1,1
463,q_01168,0,g0463,1,relevant,Feedback,b,rf_05,"{""class_weight"":""balanced"",""max_depth"":8,""max_features"":""sqrt"",""min_samples_leaf"":4,""n_estimators"":200,""n_jobs"":2,""random_state"":42}",sigmoid,0.5188376365515301,0.49932996861144596,0.5,0.582359477617837,0.1627977160030385,0,0,1,relevant,0.7576245069503784,1,1,1
464,q_00943,3,g0464,1,relevant,Medical,b,rf_11,"{""class_weight"":""balanced"",""max_depth"":8,""max_features"":0.1,""min_samples_leaf"":1,""n_estimators"":200,""n_jobs"":2,""random_state"":42}",sigmoid,0.872511974647531,0.970816628417225,0.5,0.5676273080285626,0.16747729019059301,1,1,1,relevant,0.90462607814318,1,1,1
465,q_01297,0,g0465,0,irrelevant,Acknowledgment,b,rf_05,"{""class_weight"":""balanced"",""max_depth"":8,""max_features"":""sqrt"",""min_samples_leaf"":4,""n_estimators"":200,""n_jobs"":2,""random_state"":42}",sigmoid,0.19899386753157533,0.029420447683233264,0.5,0.582359477617837,0.1627977160030385,0,0,0,irrelevant,0.0441503897309303,0,0,0
466,q_00094,4,g0466,0,irrelevant,Greeting,b,rf_07,"{""class_weight"":""balanced"",""max_depth"":8,""max_features"":0.1,""min_samples_leaf"":4,""n_estimators"":200,""n_jobs"":2,""random_state"":42}",sigmoid,0.2914776256544906,0.09523240528928914,0.5,0.5707196595693419,0.1722820225651108,0,0,0,irrelevant,0.2473512422203807,0,0,1
467,q_01141,3,g0467,1,relevant,Medical,b,rf_11,"{""class_weight"":""balanced"",""max_depth"":8,""max_features"":0.1,""min_samples_leaf"":1,""n_estimators"":200,""n_jobs"":2,""random_state"":42}",sigmoid,0.47456120778804206,0.40101593355776916,0.5,0.5676273080285626,0.16747729019059301,0,0,1,relevant,0.9358299608265356,1,1,1
468,q_00171,3,g0468,0,irrelevant,Acknowledgment,b,rf_11,"{""class_weight"":""balanced"",""max_depth"":8,""max_features"":0.1,""min_samples_leaf"":1,""n_estimators"":200,""n_jobs"":2,""random_state"":42}",sigmoid,0.37701687966624364,0.20446738485213828,0.5,0.5676273080285626,0.16747729019059301,0,0,1,irrelevant,0.0071400277308269,0,0,0
469,q_00509,2,g0469,1,relevant,Medical,b,rf_09,"{""class_weight"":""balanced"",""max_depth"":8,""max_features"":""sqrt"",""min_samples_leaf"":1,""n_estimators"":200,""n_jobs"":2,""random_state"":42}",sigmoid,0.6574832324640227,0.8148474320607996,0.5,0.5791065989200652,0.23587676490709863,1,1,1,relevant,0.871270425422138,1,1,1
470,q_01713,4,g0470,1,relevant,Delivery confirmation,b,rf_07,"{""class_weight"":""balanced"",""max_depth"":8,""max_features"":0.1,""min_samples_leaf"":4,""n_estimators"":200,""n_jobs"":2,""random_state"":42}",sigmoid,0.7131612214027414,0.8753183225592979,0.5,0.5707196595693419,0.1722820225651108,1,1,1,relevant,0.9496100160518004,1,1,1
471,q_01774,3,g0471,1,relevant,Delivery confirmation,b,rf_11,"{""class_weight"":""balanced"",""max_depth"":8,""max_features"":0.1,""min_samples_leaf"":1,""n_estimators"":200,""n_jobs"":2,""random_state"":42}",sigmoid,0.6712804881315181,0.821934513376876,0.5,0.5676273080285626,0.16747729019059301,1,1,1,relevant,0.9109736726157396,1,1,1
472,q_00086,1,g0472,0,irrelevant,Greeting,b,rf_23,"{""class_weight"":""balanced"",""max_depth"":null,""max_features"":0.1,""min_samples_leaf"":1,""n_estimators"":200,""n_jobs"":2,""random_state"":42}",sigmoid,0.19,0.026835168035346378,0.5,0.5737654315094001,0.17496831816334135,0,0,0,irrelevant,0.0150493524822694,0,0,0
473,q_00846,4,g0473,1,relevant,Medical,b,rf_07,"{""class_weight"":""balanced"",""max_depth"":8,""max_features"":0.1,""min_samples_leaf"":4,""n_estimators"":200,""n_jobs"":2,""random_state"":42}",sigmoid,0.8897008633270961,0.9760430374040172,0.5,0.5707196595693419,0.1722820225651108,1,1,1,relevant,0.9985995989969584,1,1,1
474,q_01621,4,g0474,0,irrelevant,OSS,b,rf_07,"{""class_weight"":""balanced"",""max_depth"":8,""max_features"":0.1,""min_samples_leaf"":4,""n_estimators"":200,""n_jobs"":2,""random_state"":42}",sigmoid,0.2540299048683005,0.06758726157791188,0.5,0.5707196595693419,0.1722820225651108,0,0,0,irrelevant,0.0533142515215496,0,0,0
475,q_00145,0,g0475,0,irrelevant,Acknowledgment,b,rf_05,"{""class_weight"":""balanced"",""max_depth"":8,""max_features"":""sqrt"",""min_samples_leaf"":4,""n_estimators"":200,""n_jobs"":2,""random_state"":42}",sigmoid,0.06712671621051636,0.0071282576320395325,0.5,0.582359477617837,0.1627977160030385,0,0,0,irrelevant,0.088014967739582,0,0,0
476,q_00906,2,g0476,1,relevant,Medical,b,rf_09,"{""class_weight"":""balanced"",""max_depth"":8,""max_features"":""sqrt"",""min_samples_leaf"":1,""n_estimators"":200,""n_jobs"":2,""random_state"":42}",sigmoid,0.7213154720444934,0.8973805344764805,0.5,0.5791065989200652,0.23587676490709863,1,1,1,relevant,0.9396450881630576,1,1,1
477,q_01582,2,g0477,0,irrelevant,OSS,b,rf_09,"{""class_weight"":""balanced"",""max_depth"":8,""max_features"":""sqrt"",""min_samples_leaf"":1,""n_estimators"":200,""n_jobs"":2,""random_state"":42}",sigmoid,0.5460466610075856,0.5703104870276995,0.5,0.5791065989200652,0.23587676490709863,1,0,1,irrelevant,0.7088520370251444,1,1,1
478,q_00356,1,g0478,1,relevant,Medical,b,rf_23,"{""class_weight"":""balanced"",""max_depth"":null,""max_features"":0.1,""min_samples_leaf"":1,""n_estimators"":200,""n_jobs"":2,""random_state"":42}",sigmoid,0.965,0.9924328855049788,0.5,0.5737654315094001,0.17496831816334135,1,1,1,relevant,0.9762081056944948,1,1,1
479,q_01722,3,g0479,1,relevant,Delivery confirmation,b,rf_11,"{""class_weight"":""balanced"",""max_depth"":8,""max_features"":0.1,""min_samples_leaf"":1,""n_estimators"":200,""n_jobs"":2,""random_state"":42}",sigmoid,0.557548325290766,0.6018695139002304,0.5,0.5676273080285626,0.16747729019059301,1,1,1,relevant,0.3226130606357797,0,0,1
480,q_01668,2,g0480,1,relevant,Other,b,rf_09,"{""class_weight"":""balanced"",""max_depth"":8,""max_features"":""sqrt"",""min_samples_leaf"":1,""n_estimators"":200,""n_jobs"":2,""random_state"":42}",sigmoid,0.3964461919136692,0.2098040994361097,0.5,0.5791065989200652,0.23587676490709863,0,0,0,relevant,0.2628079889908538,0,0,1
481,q_00818,0,g0481,1,relevant,Medical,b,rf_05,"{""class_weight"":""balanced"",""max_depth"":8,""max_features"":""sqrt"",""min_samples_leaf"":4,""n_estimators"":200,""n_jobs"":2,""random_state"":42}",sigmoid,0.7890199928663603,0.9501883712610649,0.5,0.582359477617837,0.1627977160030385,1,1,1,relevant,0.9866998195648192,1,1,1
482,q_00742,3,g0482,1,relevant,Medical,b,rf_11,"{""class_weight"":""balanced"",""max_depth"":8,""max_features"":0.1,""min_samples_leaf"":1,""n_estimators"":200,""n_jobs"":2,""random_state"":42}",sigmoid,0.9442021324562216,0.985344228129562,0.5,0.5676273080285626,0.16747729019059301,1,1,1,relevant,0.9994468094882608,1,1,1
483,q_00805,0,g0483,1,relevant,Medical,b,rf_05,"{""class_weight"":""balanced"",""max_depth"":8,""max_features"":""sqrt"",""min_samples_leaf"":4,""n_estimators"":200,""n_jobs"":2,""random_state"":42}",sigmoid,0.6865096334016377,0.8616107040989722,0.5,0.582359477617837,0.1627977160030385,1,1,1,relevant,0.9296833276748656,1,1,1
484,q_00266,4,g0484,1,relevant,Language change,b,rf_07,"{""class_weight"":""balanced"",""max_depth"":8,""max_features"":0.1,""min_samples_leaf"":4,""n_estimators"":200,""n_jobs"":2,""random_state"":42}",sigmoid,0.8355789771627512,0.9596185899164452,0.5,0.5707196595693419,0.1722820225651108,1,1,1,relevant,0.9839568553588516,1,1,1
485,q_00204,1,g0485,0,irrelevant,Acknowledgment,b,rf_23,"{""class_weight"":""balanced"",""max_depth"":null,""max_features"":0.1,""min_samples_leaf"":1,""n_estimators"":200,""n_jobs"":2,""random_state"":42}",sigmoid,0.01,0.0038439139563422316,0.5,0.5737654315094001,0.17496831816334135,0,0,0,irrelevant,0.0047713367497121,0,0,0
486,q_00366,3,g0486,1,relevant,Medical,b,rf_11,"{""class_weight"":""balanced"",""max_depth"":8,""max_features"":0.1,""min_samples_leaf"":1,""n_estimators"":200,""n_jobs"":2,""random_state"":42}",sigmoid,0.7671613760954342,0.9220514971638311,0.5,0.5676273080285626,0.16747729019059301,1,1,1,relevant,0.9791432763893032,1,1,1
487,q_01296,2,g0487,0,irrelevant,Acknowledgment,b,rf_09,"{""class_weight"":""balanced"",""max_depth"":8,""max_features"":""sqrt"",""min_samples_leaf"":1,""n_estimators"":200,""n_jobs"":2,""random_state"":42}",sigmoid,0.3009837119795382,0.08682927903492178,0.5,0.5791065989200652,0.23587676490709863,0,0,0,irrelevant,0.1900278363281204,0,0,1
488,q_00247,4,g0488,1,relevant,Language change,b,rf_07,"{""class_weight"":""balanced"",""max_depth"":8,""max_features"":0.1,""min_samples_leaf"":4,""n_estimators"":200,""n_jobs"":2,""random_state"":42}",sigmoid,0.5835039743303659,0.6586698107882057,0.5,0.5707196595693419,0.1722820225651108,1,1,1,relevant,0.5788336767163499,1,1,1
489,q_00391,2,g0489,1,relevant,Medical,b,rf_09,"{""class_weight"":""balanced"",""max_depth"":8,""max_features"":""sqrt"",""min_samples_leaf"":1,""n_estimators"":200,""n_jobs"":2,""random_state"":42}",sigmoid,0.658109386159424,0.8158614580398779,0.5,0.5791065989200652,0.23587676490709863,1,1,1,relevant,0.8496594150649405,1,1,1
490,q_01042,2,g0490,0,irrelevant,Spam,b,rf_09,"{""class_weight"":""balanced"",""max_depth"":8,""max_features"":""sqrt"",""min_samples_leaf"":1,""n_estimators"":200,""n_jobs"":2,""random_state"":42}",sigmoid,0.6355777655449785,0.7766392267437353,0.5,0.5791065989200652,0.23587676490709863,1,1,1,irrelevant,0.80180714362475,1,1,1
491,q_00945,3,g0491,1,relevant,Medical,b,rf_11,"{""class_weight"":""balanced"",""max_depth"":8,""max_features"":0.1,""min_samples_leaf"":1,""n_estimators"":200,""n_jobs"":2,""random_state"":42}",sigmoid,0.9505318691617214,0.9862148370612006,0.5,0.5676273080285626,0.16747729019059301,1,1,1,relevant,0.964243482302511,1,1,1
492,q_01620,1,g0492,0,irrelevant,OSS,b,rf_23,"{""class_weight"":""balanced"",""max_depth"":null,""max_features"":0.1,""min_samples_leaf"":1,""n_estimators"":200,""n_jobs"":2,""random_state"":42}",sigmoid,0.395,0.2056852881720264,0.5,0.5737654315094001,0.17496831816334135,0,0,1,irrelevant,0.1426685489874118,0,0,0
493,q_00383,2,g0493,1,relevant,Medical,b,rf_09,"{""class_weight"":""balanced"",""max_depth"":8,""max_features"":""sqrt"",""min_samples_leaf"":1,""n_estimators"":200,""n_jobs"":2,""random_state"":42}",sigmoid,0.823574156616013,0.963329758138261,0.5,0.5791065989200652,0.23587676490709863,1,1,1,relevant,0.9505333879810668,1,1,1
494,q_00533,1,g0494,1,relevant,Medical,b,rf_23,"{""class_weight"":""balanced"",""max_depth"":null,""max_features"":0.1,""min_samples_leaf"":1,""n_estimators"":200,""n_jobs"":2,""random_state"":42}",sigmoid,0.575,0.6491807780585291,0.5,0.5737654315094001,0.17496831816334135,1,1,1,relevant,0.5307493655412013,1,1,1
495,q_01344,0,g0495,0,irrelevant,Acknowledgment,b,rf_05,"{""class_weight"":""balanced"",""max_depth"":8,""max_features"":""sqrt"",""min_samples_leaf"":4,""n_estimators"":200,""n_jobs"":2,""random_state"":42}",sigmoid,0.10399053296968797,0.010624763708386761,0.5,0.582359477617837,0.1627977160030385,0,0,0,irrelevant,0.0121060358360409,0,0,0
496,q_00268,1,g0496,1,relevant,Language change,b,rf_23,"{""class_weight"":""balanced"",""max_depth"":null,""max_features"":0.1,""min_samples_leaf"":1,""n_estimators"":200,""n_jobs"":2,""random_state"":42}",sigmoid,0.885,0.9820546386062964,0.5,0.5737654315094001,0.17496831816334135,1,1,1,relevant,0.992467567032198,1,1,1
497,q_00825,4,g0497,1,relevant,Medical,b,rf_07,"{""class_weight"":""balanced"",""max_depth"":8,""max_features"":0.1,""min_samples_leaf"":4,""n_estimators"":200,""n_jobs"":2,""random_state"":42}",sigmoid,0.8896005196654975,0.9760196555647986,0.5,0.5707196595693419,0.1722820225651108,1,1,1,relevant,0.994319027818014,1,1,1
498,q_00291,1,g0498,1,relevant,Language change,b,rf_23,"{""class_weight"":""balanced"",""max_depth"":null,""max_features"":0.1,""min_samples_leaf"":1,""n_estimators"":200,""n_jobs"":2,""random_state"":42}",sigmoid,0.58,0.66151820419985,0.5,0.5737654315094001,0.17496831816334135,1,1,1,relevant,0.7841547349818663,1,1,1
499,q_00814,4,g0499,1,relevant,Medical,b,rf_07,"{""class_weight"":""balanced"",""max_depth"":8,""max_features"":0.1,""min_samples_leaf"":4,""n_estimators"":200,""n_jobs"":2,""random_state"":42}",sigmoid,0.7982686510673573,0.9424883858005481,0.5,0.5707196595693419,0.1722820225651108,1,1,1,relevant,0.9168346200381076,1,1,1
500,q_01265,4,g0500,1,relevant,Feedback,b,rf_07,"{""class_weight"":""balanced"",""max_depth"":8,""max_features"":0.1,""min_samples_leaf"":4,""n_estimators"":200,""n_jobs"":2,""random_state"":42}",sigmoid,0.4378803630562764,0.31150071560483716,0.5,0.5707196595693419,0.1722820225651108,0,0,1,relevant,0.574074042408346,1,1,1
501,q_01146,2,g0501,1,relevant,Feedback,b,rf_09,"{""class_weight"":""balanced"",""max_depth"":8,""max_features"":""sqrt"",""min_samples_leaf"":1,""n_estimators"":200,""n_jobs"":2,""random_state"":42}",sigmoid,0.6594348482965998,0.817993783094503,0.5,0.5791065989200652,0.23587676490709863,1,1,1,relevant,0.8914915150271348,1,1,1
502,q_01766,3,g0502,1,relevant,Delivery confirmation,b,rf_11,"{""class_weight"":""balanced"",""max_depth"":8,""max_features"":0.1,""min_samples_leaf"":1,""n_estimators"":200,""n_jobs"":2,""random_state"":42}",sigmoid,0.8796545015963916,0.9727385140740781,0.5,0.5676273080285626,0.16747729019059301,1,1,1,relevant,0.9552807965455586,1,1,1
503,q_01491,4,g0503,0,irrelevant,Greeting,b,rf_07,"{""class_weight"":""balanced"",""max_depth"":8,""max_features"":0.1,""min_samples_leaf"":4,""n_estimators"":200,""n_jobs"":2,""random_state"":42}",sigmoid,0.31943518630599843,0.12207919545859167,0.5,0.5707196595693419,0.1722820225651108,0,0,0,irrelevant,0.5813916755805996,1,1,1
504,q_00678,0,g0504,1,relevant,Medical,b,rf_05,"{""class_weight"":""balanced"",""max_depth"":8,""max_features"":""sqrt"",""min_samples_leaf"":4,""n_estimators"":200,""n_jobs"":2,""random_state"":42}",sigmoid,0.8346712342629979,0.9691427956739044,0.5,0.582359477617837,0.1627977160030385,1,1,1,relevant,0.9872835874557496,1,1,1
505,q_00071,4,g0505,0,irrelevant,Greeting,b,rf_07,"{""class_weight"":""balanced"",""max_depth"":8,""max_features"":0.1,""min_samples_leaf"":4,""n_estimators"":200,""n_jobs"":2,""random_state"":42}",sigmoid,0.04100982203834957,0.008610341860929866,0.5,0.5707196595693419,0.1722820225651108,0,0,0,irrelevant,0.0487373097465168,0,0,0
506,q_01106,4,g0506,0,irrelevant,OSS,b,rf_07,"{""class_weight"":""balanced"",""max_depth"":8,""max_features"":0.1,""min_samples_leaf"":4,""n_estimators"":200,""n_jobs"":2,""random_state"":42}",sigmoid,0.6376005656879337,0.7678483486879347,0.5,0.5707196595693419,0.1722820225651108,1,1,1,irrelevant,0.8339343596483552,1,1,1
507,q_01117,4,g0507,0,irrelevant,Acknowledgment,b,rf_07,"{""class_weight"":""balanced"",""max_depth"":8,""max_features"":0.1,""min_samples_leaf"":4,""n_estimators"":200,""n_jobs"":2,""random_state"":42}",sigmoid,0.1375590962187044,0.02221625912489356,0.5,0.5707196595693419,0.1722820225651108,0,0,0,irrelevant,0.0088669620825075,0,0,0
508,q_01619,4,g0508,0,irrelevant,OSS,b,rf_07,"{""class_weight"":""balanced"",""max_depth"":8,""max_features"":0.1,""min_samples_leaf"":4,""n_estimators"":200,""n_jobs"":2,""random_state"":42}",sigmoid,0.641900079023376,0.7753945601154625,0.5,0.5707196595693419,0.1722820225651108,1,1,1,irrelevant,0.701568415131894,1,1,1
509,q_01318,1,g0509,0,irrelevant,Acknowledgment,b,rf_23,"{""class_weight"":""balanced"",""max_depth"":null,""max_features"":0.1,""min_samples_leaf"":1,""n_estimators"":200,""n_jobs"":2,""random_state"":42}",sigmoid,0.0,0.0034474505443998567,0.5,0.5737654315094001,0.17496831816334135,0,0,0,irrelevant,0.0081247030428571,0,0,0
510,q_00591,2,g0510,1,relevant,Medical,b,rf_09,"{""class_weight"":""balanced"",""max_depth"":8,""max_features"":""sqrt"",""min_samples_leaf"":1,""n_estimators"":200,""n_jobs"":2,""random_state"":42}",sigmoid,0.7364051278890494,0.9113934584586553,0.5,0.5791065989200652,0.23587676490709863,1,1,1,relevant,0.8398290121062455,1,1,1
511,q_01188,2,g0511,0,irrelevant,Acknowledgment,b,rf_09,"{""class_weight"":""balanced"",""max_depth"":8,""max_features"":""sqrt"",""min_samples_leaf"":1,""n_estimators"":200,""n_jobs"":2,""random_state"":42}",sigmoid,0.019200425904660864,0.004568143027653621,0.5,0.5791065989200652,0.23587676490709863,0,0,0,irrelevant,0.0025133624780511,0,0,0
512,q_01560,4,g0512,0,irrelevant,OSS,b,rf_07,"{""class_weight"":""balanced"",""max_depth"":8,""max_features"":0.1,""min_samples_leaf"":4,""n_estimators"":200,""n_jobs"":2,""random_state"":42}",sigmoid,0.630221958056103,0.7544904484341625,0.5,0.5707196595693419,0.1722820225651108,1,1,1,irrelevant,0.8563103463314873,1,1,1
513,q_01115,0,g0513,1,relevant,Feedback,b,rf_05,"{""class_weight"":""balanced"",""max_depth"":8,""max_features"":""sqrt"",""min_samples_leaf"":4,""n_estimators"":200,""n_jobs"":2,""random_state"":42}",sigmoid,0.41574729227491053,0.24440219924010628,0.5,0.582359477617837,0.1627977160030385,0,0,1,relevant,0.5725268721580505,1,1,1
514,q_01437,2,g0514,0,irrelevant,Acknowledgment,b,rf_09,"{""class_weight"":""balanced"",""max_depth"":8,""max_features"":""sqrt"",""min_samples_leaf"":1,""n_estimators"":200,""n_jobs"":2,""random_state"":42}",sigmoid,0.1439085250394859,0.01724889456636982,0.5,0.5791065989200652,0.23587676490709863,0,0,0,irrelevant,0.0113429753696861,0,0,0
515,q_00966,3,g0515,0,irrelevant,Automated message,b,rf_11,"{""class_weight"":""balanced"",""max_depth"":8,""max_features"":0.1,""min_samples_leaf"":1,""n_estimators"":200,""n_jobs"":2,""random_state"":42}",sigmoid,0.14982600522479597,0.026898536345533193,0.5,0.5676273080285626,0.16747729019059301,0,0,0,irrelevant,0.0290361603621433,0,0,0
516,q_00902,2,g0516,1,relevant,Medical,b,rf_09,"{""class_weight"":""balanced"",""max_depth"":8,""max_features"":""sqrt"",""min_samples_leaf"":1,""n_estimators"":200,""n_jobs"":2,""random_state"":42}",sigmoid,0.7766479352678424,0.9406798315615028,0.5,0.5791065989200652,0.23587676490709863,1,1,1,relevant,0.8800300235384662,1,1,1
517,q_00975,0,g0517,0,irrelevant,Automated message,b,rf_05,"{""class_weight"":""balanced"",""max_depth"":8,""max_features"":""sqrt"",""min_samples_leaf"":4,""n_estimators"":200,""n_jobs"":2,""random_state"":42}",sigmoid,0.3326062353278938,0.11539196489747218,0.5,0.582359477617837,0.1627977160030385,0,0,0,irrelevant,0.1228619366884231,0,0,0
518,q_01193,4,g0518,0,irrelevant,Acknowledgment,b,rf_07,"{""class_weight"":""balanced"",""max_depth"":8,""max_features"":0.1,""min_samples_leaf"":4,""n_estimators"":200,""n_jobs"":2,""random_state"":42}",sigmoid,0.24418103968692909,0.06166122786866101,0.5,0.5707196595693419,0.1722820225651108,0,0,0,irrelevant,0.2298397214491024,0,0,1
519,q_01402,4,g0519,0,irrelevant,Acknowledgment,b,rf_07,"{""class_weight"":""balanced"",""max_depth"":8,""max_features"":0.1,""min_samples_leaf"":4,""n_estimators"":200,""n_jobs"":2,""random_state"":42}",sigmoid,0.5047625354249416,0.468309429433613,0.5,0.5707196595693419,0.1722820225651108,0,0,1,irrelevant,0.1908542505217829,0,0,0
520,q_00538,2,g0520,1,relevant,Medical,b,rf_09,"{""class_weight"":""balanced"",""max_depth"":8,""max_features"":""sqrt"",""min_samples_leaf"":1,""n_estimators"":200,""n_jobs"":2,""random_state"":42}",sigmoid,0.8263578738854572,0.9643729919473993,0.5,0.5791065989200652,0.23587676490709863,1,1,1,relevant,0.9763091617358208,1,1,1
521,q_00639,1,g0521,1,relevant,Medical,b,rf_23,"{""class_weight"":""balanced"",""max_depth"":null,""max_features"":0.1,""min_samples_leaf"":1,""n_estimators"":200,""n_jobs"":2,""random_state"":42}",sigmoid,0.645,0.7990260777686686,0.5,0.5737654315094001,0.17496831816334135,1,1,1,relevant,0.628233358708991,1,1,1
522,q_00896,2,g0522,1,relevant,Medical,b,rf_09,"{""class_weight"":""balanced"",""max_depth"":8,""max_features"":""sqrt"",""min_samples_leaf"":1,""n_estimators"":200,""n_jobs"":2,""random_state"":42}",sigmoid,0.7800497382755027,0.9426891187670161,0.5,0.5791065989200652,0.23587676490709863,1,1,1,relevant,0.9120080729675658,1,1,1
523,q_00243,3,g0523,1,relevant,Language change,b,rf_11,"{""class_weight"":""balanced"",""max_depth"":8,""max_features"":0.1,""min_samples_leaf"":1,""n_estimators"":200,""n_jobs"":2,""random_state"":42}",sigmoid,0.8621720865042363,0.9677998906340131,0.5,0.5676273080285626,0.16747729019059301,1,1,1,relevant,0.99477074312378,1,1,1
524,q_01005,3,g0524,0,irrelevant,Automated message,b,rf_11,"{""class_weight"":""balanced"",""max_depth"":8,""max_features"":0.1,""min_samples_leaf"":1,""n_estimators"":200,""n_jobs"":2,""random_state"":42}",sigmoid,0.41688493013418265,0.2754170170946969,0.5,0.5676273080285626,0.16747729019059301,0,0,1,irrelevant,0.6246446718130645,1,1,1
525,q_00701,4,g0525,1,relevant,Medical,b,rf_07,"{""class_weight"":""balanced"",""max_depth"":8,""max_features"":0.1,""min_samples_leaf"":4,""n_estimators"":200,""n_jobs"":2,""random_state"":42}",sigmoid,0.6510790694576007,0.7909157427860978,0.5,0.5707196595693419,0.1722820225651108,1,1,1,relevant,0.6496236657140189,1,1,1
526,q_00995,3,g0526,0,irrelevant,Automated message,b,rf_11,"{""class_weight"":""balanced"",""max_depth"":8,""max_features"":0.1,""min_samples_leaf"":1,""n_estimators"":200,""n_jobs"":2,""random_state"":42}",sigmoid,0.34244785531251315,0.15474125269289427,0.5,0.5676273080285626,0.16747729019059301,0,0,0,irrelevant,0.0131179997794411,0,0,0
527,q_01656,0,g0527,1,relevant,Other,b,rf_05,"{""class_weight"":""balanced"",""max_depth"":8,""max_features"":""sqrt"",""min_samples_leaf"":4,""n_estimators"":200,""n_jobs"":2,""random_state"":42}",sigmoid,0.4817871732847651,0.39954357106917804,0.5,0.582359477617837,0.1627977160030385,0,0,1,relevant,0.0450809858739376,0,0,0
528,q_00496,0,g0528,1,relevant,Medical,b,rf_05,"{""class_weight"":""balanced"",""max_depth"":8,""max_features"":""sqrt"",""min_samples_leaf"":4,""n_estimators"":200,""n_jobs"":2,""random_state"":42}",sigmoid,0.7288192855503314,0.908117564440477,0.5,0.582359477617837,0.1627977160030385,1,1,1,relevant,0.9184386134147644,1,1,1
529,q_00672,1,g0529,1,relevant,Medical,b,rf_23,"{""class_weight"":""balanced"",""max_depth"":null,""max_features"":0.1,""min_samples_leaf"":1,""n_estimators"":200,""n_jobs"":2,""random_state"":42}",sigmoid,0.95,0.9910973741589567,0.5,0.5737654315094001,0.17496831816334135,1,1,1,relevant,0.9985945749775488,1,1,1
530,q_01077,2,g0530,1,relevant,Other,b,rf_09,"{""class_weight"":""balanced"",""max_depth"":8,""max_features"":""sqrt"",""min_samples_leaf"":1,""n_estimators"":200,""n_jobs"":2,""random_state"":42}",sigmoid,0.6784037023586312,0.8464283550781159,0.5,0.5791065989200652,0.23587676490709863,1,1,1,irrelevant,0.8887316217400416,1,1,1
531,q_00792,4,g0531,1,relevant,Medical,b,rf_07,"{""class_weight"":""balanced"",""max_depth"":8,""max_features"":0.1,""min_samples_leaf"":4,""n_estimators"":200,""n_jobs"":2,""random_state"":42}",sigmoid,0.797514333481089,0.9420797735738792,0.5,0.5707196595693419,0.1722820225651108,1,1,1,relevant,0.9094356361230302,1,1,1
532,q_00768,2,g0532,1,relevant,Medical,b,rf_09,"{""class_weight"":""balanced"",""max_depth"":8,""max_features"":""sqrt"",""min_samples_leaf"":1,""n_estimators"":200,""n_jobs"":2,""random_state"":42}",sigmoid,0.8224643317084788,0.9629056948731741,0.5,0.5791065989200652,0.23587676490709863,1,1,1,relevant,0.9835638880254568,1,1,1
533,q_01085,4,g0533,1,relevant,Medical,b,rf_07,"{""class_weight"":""balanced"",""max_depth"":8,""max_features"":0.1,""min_samples_leaf"":4,""n_estimators"":200,""n_jobs"":2,""random_state"":42}",sigmoid,0.7021661944073074,0.8628668083099174,0.5,0.5707196595693419,0.1722820225651108,1,1,1,relevant,0.7879560668659882,1,1,1
534,q_01202,3,g0534,0,irrelevant,Acknowledgment,b,rf_11,"{""class_weight"":""balanced"",""max_depth"":8,""max_features"":0.1,""min_samples_leaf"":1,""n_estimators"":200,""n_jobs"":2,""random_state"":42}",sigmoid,0.05899551903202764,0.011207607677727749,0.5,0.5676273080285626,0.16747729019059301,0,0,0,irrelevant,0.0009054413472404,0,0,0
535,q_01138,0,g0535,0,irrelevant,Acknowledgment,b,rf_05,"{""class_weight"":""balanced"",""max_depth"":8,""max_features"":""sqrt"",""min_samples_leaf"":4,""n_estimators"":200,""n_jobs"":2,""random_state"":42}",sigmoid,0.4467893486565581,0.3122472080612999,0.5,0.582359477617837,0.1627977160030385,0,0,1,irrelevant,0.1081576272845268,0,0,0
536,q_00743,3,g0536,1,relevant,Medical,b,rf_11,"{""class_weight"":""balanced"",""max_depth"":8,""max_features"":0.1,""min_samples_leaf"":1,""n_estimators"":200,""n_jobs"":2,""random_state"":42}",sigmoid,0.8502838416589519,0.9639584512112391,0.5,0.5676273080285626,0.16747729019059301,1,1,1,relevant,0.9446128832338508,1,1,1
537,q_00857,4,g0537,1,relevant,Medical,b,rf_07,"{""class_weight"":""balanced"",""max_depth"":8,""max_features"":0.1,""min_samples_leaf"":4,""n_estimators"":200,""n_jobs"":2,""random_state"":42}",sigmoid,0.7244246650245628,0.8870557295679771,0.5,0.5707196595693419,0.1722820225651108,1,1,1,relevant,0.9026591529606164,1,1,1
538,q_00007,1,g0538,1,relevant,Other,b,rf_23,"{""class_weight"":""balanced"",""max_depth"":null,""max_features"":0.1,""min_samples_leaf"":1,""n_estimators"":200,""n_jobs"":2,""random_state"":42}",sigmoid,0.475,0.3829371076489832,0.5,0.5737654315094001,0.17496831816334135,0,0,1,relevant,0.5041593119290151,1,1,1
539,q_01585,4,g0539,0,irrelevant,OSS,b,rf_07,"{""class_weight"":""balanced"",""max_depth"":8,""max_features"":0.1,""min_samples_leaf"":4,""n_estimators"":200,""n_jobs"":2,""random_state"":42}",sigmoid,0.633440357841052,0.760379941600423,0.5,0.5707196595693419,0.1722820225651108,1,1,1,irrelevant,0.808291360640252,1,1,1
540,q_01539,0,g0540,1,relevant,Feedback,b,rf_05,"{""class_weight"":""balanced"",""max_depth"":8,""max_features"":""sqrt"",""min_samples_leaf"":4,""n_estimators"":200,""n_jobs"":2,""random_state"":42}",sigmoid,0.8208743692420208,0.9643031812065737,0.5,0.582359477617837,0.1627977160030385,1,1,1,relevant,0.9701513648033142,1,1,1
541,q_01165,1,g0541,1,relevant,Feedback,b,rf_23,"{""class_weight"":""balanced"",""max_depth"":null,""max_features"":0.1,""min_samples_leaf"":1,""n_estimators"":200,""n_jobs"":2,""random_state"":42}",sigmoid,0.775,0.942703965497271,0.5,0.5737654315094001,0.17496831816334135,1,1,1,relevant,0.9666911896410616,1,1,1
542,q_00257,1,g0542,1,relevant,Language change,b,rf_23,"{""class_weight"":""balanced"",""max_depth"":null,""max_features"":0.1,""min_samples_leaf"":1,""n_estimators"":200,""n_jobs"":2,""random_state"":42}",sigmoid,0.78,0.9455841754418022,0.5,0.5737654315094001,0.17496831816334135,1,1,1,relevant,0.7782704555099826,1,1,1
543,q_00702,2,g0543,1,relevant,Medical,b,rf_09,"{""class_weight"":""balanced"",""max_depth"":8,""max_features"":""sqrt"",""min_samples_leaf"":1,""n_estimators"":200,""n_jobs"":2,""random_state"":42}",sigmoid,0.8725396022362314,0.9780145243784303,0.5,0.5791065989200652,0.23587676490709863,1,1,1,relevant,0.9838184007403876,1,1,1
544,q_00996,2,g0544,0,irrelevant,Automated message,b,rf_09,"{""class_weight"":""balanced"",""max_depth"":8,""max_features"":""sqrt"",""min_samples_leaf"":1,""n_estimators"":200,""n_jobs"":2,""random_state"":42}",sigmoid,0.26329020752851195,0.05961169744311553,0.5,0.5791065989200652,0.23587676490709863,0,0,0,irrelevant,0.0370753178359639,0,0,0
545,q_00386,2,g0545,1,relevant,Medical,b,rf_09,"{""class_weight"":""balanced"",""max_depth"":8,""max_features"":""sqrt"",""min_samples_leaf"":1,""n_estimators"":200,""n_jobs"":2,""random_state"":42}",sigmoid,0.8235602951822719,0.9633244905643152,0.5,0.5791065989200652,0.23587676490709863,1,1,1,relevant,0.9686089899686616,1,1,1
546,q_01492,1,g0546,1,relevant,Feedback,b,rf_23,"{""class_weight"":""balanced"",""max_depth"":null,""max_features"":0.1,""min_samples_leaf"":1,""n_estimators"":200,""n_jobs"":2,""random_state"":42}",sigmoid,0.85,0.973914048932875,0.5,0.5737654315094001,0.17496831816334135,1,1,1,relevant,0.9588629914472756,1,1,1
547,q_00405,0,g0547,1,relevant,Medical,b,rf_05,"{""class_weight"":""balanced"",""max_depth"":8,""max_features"":""sqrt"",""min_samples_leaf"":4,""n_estimators"":200,""n_jobs"":2,""random_state"":42}",sigmoid,0.5409261187366166,0.5593645144828718,0.5,0.582359477617837,0.1627977160030385,1,0,1,relevant,0.474528044462204,0,0,1
548,q_00274,3,g0548,1,relevant,Language change,b,rf_11,"{""class_weight"":""balanced"",""max_depth"":8,""max_features"":0.1,""min_samples_leaf"":1,""n_estimators"":200,""n_jobs"":2,""random_state"":42}",sigmoid,0.7468565914771556,0.9064692682659256,0.5,0.5676273080285626,0.16747729019059301,1,1,1,relevant,0.8690891351441259,1,1,1
549,q_00251,4,g0549,1,relevant,Language change,b,rf_07,"{""class_weight"":""balanced"",""max_depth"":8,""max_features"":0.1,""min_samples_leaf"":4,""n_estimators"":200,""n_jobs"":2,""random_state"":42}",sigmoid,0.7579468012242196,0.9164383946173417,0.5,0.5707196595693419,0.1722820225651108,1,1,1,relevant,0.8965191171618759,1,1,1
550,q_01509,2,g0550,1,relevant,Feedback,b,rf_09,"{""class_weight"":""balanced"",""max_depth"":8,""max_features"":""sqrt"",""min_samples_leaf"":1,""n_estimators"":200,""n_jobs"":2,""random_state"":42}",sigmoid,0.41919674406546187,0.25324435671513557,0.5,0.5791065989200652,0.23587676490709863,0,0,1,relevant,0.6824760493137962,1,1,1
551,q_00711,1,g0551,1,relevant,Medical,b,rf_23,"{""class_weight"":""balanced"",""max_depth"":null,""max_features"":0.1,""min_samples_leaf"":1,""n_estimators"":200,""n_jobs"":2,""random_state"":42}",sigmoid,0.85,0.973914048932875,0.5,0.5737654315094001,0.17496831816334135,1,1,1,relevant,0.904726480049872,1,1,1
552,q_00346,2,g0552,1,relevant,Medical,b,rf_09,"{""class_weight"":""balanced"",""max_depth"":8,""max_features"":""sqrt"",""min_samples_leaf"":1,""n_estimators"":200,""n_jobs"":2,""random_state"":42}",sigmoid,0.7949009410550651,0.9507338863749468,0.5,0.5791065989200652,0.23587676490709863,1,1,1,relevant,0.915031275687126,1,1,1
553,q_00879,0,g0553,1,relevant,Medical,b,rf_05,"{""class_weight"":""balanced"",""max_depth"":8,""max_features"":""sqrt"",""min_samples_leaf"":4,""n_estimators"":200,""n_jobs"":2,""random_state"":42}",sigmoid,0.9024461123756974,0.9850402482466859,0.5,0.582359477617837,0.1627977160030385,1,1,1,relevant,0.9901157021522522,1,1,1
554,q_01688,0,g0554,1,relevant,Language change,b,rf_05,"{""class_weight"":""balanced"",""max_depth"":8,""max_features"":""sqrt"",""min_samples_leaf"":4,""n_estimators"":200,""n_jobs"":2,""random_state"":42}",sigmoid,0.7038214650374202,0.8826557089490389,0.5,0.582359477617837,0.1627977160030385,1,1,1,relevant,0.8569819331169128,1,1,1
555,q_01740,3,g0555,1,relevant,Delivery confirmation,b,rf_11,"{""class_weight"":""balanced"",""max_depth"":8,""max_features"":0.1,""min_samples_leaf"":1,""n_estimators"":200,""n_jobs"":2,""random_state"":42}",sigmoid,0.8565767551793648,0.9660438396327767,0.5,0.5676273080285626,0.16747729019059301,1,1,1,relevant,0.989364579020244,1,1,1
556,q_01531,2,g0556,0,irrelevant,Acknowledgment,b,rf_09,"{""class_weight"":""balanced"",""max_depth"":8,""max_features"":""sqrt"",""min_samples_leaf"":1,""n_estimators"":200,""n_jobs"":2,""random_state"":42}",sigmoid,0.05712818359327715,0.006853709185336549,0.5,0.5791065989200652,0.23587676490709863,0,0,0,irrelevant,0.0178041482749169,0,0,0
557,q_01382,1,g0557,0,irrelevant,Acknowledgment,b,rf_23,"{""class_weight"":""balanced"",""max_depth"":null,""max_features"":0.1,""min_samples_leaf"":1,""n_estimators"":200,""n_jobs"":2,""random_state"":42}",sigmoid,0.015,0.0040588607281465865,0.5,0.5737654315094001,0.17496831816334135,0,0,0,irrelevant,0.0113996843136888,0,0,0
558,q_00968,1,g0558,0,irrelevant,Automated message,b,rf_23,"{""class_weight"":""balanced"",""max_depth"":null,""max_features"":0.1,""min_samples_leaf"":1,""n_estimators"":200,""n_jobs"":2,""random_state"":42}",sigmoid,0.05,0.005938180004946298,0.5,0.5737654315094001,0.17496831816334135,0,0,0,irrelevant,0.0461027544890058,0,0,0
559,q_00431,0,g0559,1,relevant,Medical,b,rf_05,"{""class_weight"":""balanced"",""max_depth"":8,""max_features"":""sqrt"",""min_samples_leaf"":4,""n_estimators"":200,""n_jobs"":2,""random_state"":42}",sigmoid,0.8710737492207099,0.9790542556656934,0.5,0.582359477617837,0.1627977160030385,1,1,1,relevant,0.9959587454795836,1,1,1
560,q_00173,2,g0560,0,irrelevant,Acknowledgment,b,rf_09,"{""class_weight"":""balanced"",""max_depth"":8,""max_features"":""sqrt"",""min_samples_leaf"":1,""n_estimators"":200,""n_jobs"":2,""random_state"":42}",sigmoid,0.025858745245438585,0.0049056616290590795,0.5,0.5791065989200652,0.23587676490709863,0,0,0,irrelevant,0.0585072044684514,0,0,0
561,q_00870,4,g0561,1,relevant,Medical,b,rf_07,"{""class_weight"":""balanced"",""max_depth"":8,""max_features"":0.1,""min_samples_leaf"":4,""n_estimators"":200,""n_jobs"":2,""random_state"":42}",sigmoid,0.8705273310722933,0.9711471610987308,0.5,0.5707196595693419,0.1722820225651108,1,1,1,relevant,0.9906678493061376,1,1,1
562,q_00605,2,g0562,1,relevant,Medical,b,rf_09,"{""class_weight"":""balanced"",""max_depth"":8,""max_features"":""sqrt"",""min_samples_leaf"":1,""n_estimators"":200,""n_jobs"":2,""random_state"":42}",sigmoid,0.8416980041238837,0.9696278154113547,0.5,0.5791065989200652,0.23587676490709863,1,1,1,relevant,0.9953396236023572,1,1,1
563,q_00144,2,g0563,1,relevant,Other,b,rf_09,"{""class_weight"":""balanced"",""max_depth"":8,""max_features"":""sqrt"",""min_samples_leaf"":1,""n_estimators"":200,""n_jobs"":2,""random_state"":42}",sigmoid,0.6390355969732551,0.7830250708233081,0.5,0.5791065989200652,0.23587676490709863,1,1,1,relevant,0.9331989367688376,1,1,1
564,q_01659,1,g0564,1,relevant,Other,b,rf_23,"{""class_weight"":""balanced"",""max_depth"":null,""max_features"":0.1,""min_samples_leaf"":1,""n_estimators"":200,""n_jobs"":2,""random_state"":42}",sigmoid,0.37,0.16461716189351194,0.5,0.5737654315094001,0.17496831816334135,0,0,0,relevant,0.052294048679006,0,0,0
565,q_00066,2,g0565,0,irrelevant,Greeting,b,rf_09,"{""class_weight"":""balanced"",""max_depth"":8,""max_features"":""sqrt"",""min_samples_leaf"":1,""n_estimators"":200,""n_jobs"":2,""random_state"":42}",sigmoid,0.5802128187949601,0.6571540193657989,0.5,0.5791065989200652,0.23587676490709863,1,1,1,irrelevant,0.7734939322284311,1,1,1
566,q_00527,3,g0566,1,relevant,Medical,b,rf_11,"{""class_weight"":""balanced"",""max_depth"":8,""max_features"":0.1,""min_samples_leaf"":1,""n_estimators"":200,""n_jobs"":2,""random_state"":42}",sigmoid,0.8546946908952965,0.9654326585584009,0.5,0.5676273080285626,0.16747729019059301,1,1,1,relevant,0.9887893917120996,1,1,1
567,q_00363,4,g0567,1,relevant,Medical,b,rf_07,"{""class_weight"":""balanced"",""max_depth"":8,""max_features"":0.1,""min_samples_leaf"":4,""n_estimators"":200,""n_jobs"":2,""random_state"":42}",sigmoid,0.7376785501902586,0.8996217352333582,0.5,0.5707196595693419,0.1722820225651108,1,1,1,relevant,0.8076246327577308,1,1,1
568,q_00131,0,g0568,0,irrelevant,Acknowledgment,b,rf_05,"{""class_weight"":""balanced"",""max_depth"":8,""max_features"":""sqrt"",""min_samples_leaf"":4,""n_estimators"":200,""n_jobs"":2,""random_state"":42}",sigmoid,0.17016597782976828,0.021645410091276185,0.5,0.582359477617837,0.1627977160030385,0,0,0,irrelevant,0.0229021068662405,0,0,0
569,q_00409,3,g0569,1,relevant,Medical,b,rf_11,"{""class_weight"":""balanced"",""max_depth"":8,""max_features"":0.1,""min_samples_leaf"":1,""n_estimators"":200,""n_jobs"":2,""random_state"":42}",sigmoid,0.9393657404328516,0.9846427167503384,0.5,0.5676273080285626,0.16747729019059301,1,1,1,relevant,0.946368252152839,1,1,1
570,q_01123,2,g0570,0,irrelevant,Acknowledgment,b,rf_09,"{""class_weight"":""balanced"",""max_depth"":8,""max_features"":""sqrt"",""min_samples_leaf"":1,""n_estimators"":200,""n_jobs"":2,""random_state"":42}",sigmoid,0.014715713538014452,0.004353937998098396,0.5,0.5791065989200652,0.23587676490709863,0,0,0,irrelevant,0.0032499360444982,0,0,0
571,q_01744,1,g0571,1,relevant,Delivery confirmation,b,rf_23,"{""class_weight"":""balanced"",""max_depth"":null,""max_features"":0.1,""min_samples_leaf"":1,""n_estimators"":200,""n_jobs"":2,""random_state"":42}",sigmoid,0.79,0.9509397673395666,0.5,0.5737654315094001,0.17496831816334135,1,1,1,relevant,0.7932984722463999,1,1,1
572,q_00546,4,g0572,1,relevant,Medical,b,rf_07,"{""class_weight"":""balanced"",""max_depth"":8,""max_features"":0.1,""min_samples_leaf"":4,""n_estimators"":200,""n_jobs"":2,""random_state"":42}",sigmoid,0.7688218397468876,0.9243680549795392,0.5,0.5707196595693419,0.1722820225651108,1,1,1,relevant,0.8804938449599617,1,1,1
573,q_00916,2,g0573,1,relevant,Medical,b,rf_09,"{""class_weight"":""balanced"",""max_depth"":8,""max_features"":""sqrt"",""min_samples_leaf"":1,""n_estimators"":200,""n_jobs"":2,""random_state"":42}",sigmoid,0.6501513810083523,0.802652121292568,0.5,0.5791065989200652,0.23587676490709863,1,1,1,relevant,0.9120769968067368,1,1,1
574,q_00061,0,g0574,0,irrelevant,Greeting,b,rf_05,"{""class_weight"":""balanced"",""max_depth"":8,""max_features"":""sqrt"",""min_samples_leaf"":4,""n_estimators"":200,""n_jobs"":2,""random_state"":42}",sigmoid,0.08633565602529605,0.008777710304939712,0.5,0.582359477617837,0.1627977160030385,0,0,0,irrelevant,0.0482902489602565,0,0,0
575,q_00035,2,g0575,0,irrelevant,Greeting,b,rf_09,"{""class_weight"":""balanced"",""max_depth"":8,""max_features"":""sqrt"",""min_samples_leaf"":1,""n_estimators"":200,""n_jobs"":2,""random_state"":42}",sigmoid,0.09514032594174524,0.01028023856269722,0.5,0.5791065989200652,0.23587676490709863,0,0,0,irrelevant,0.0221329760605272,0,0,0
576,q_01451,4,g0576,0,irrelevant,Acknowledgment,b,rf_07,"{""class_weight"":""balanced"",""max_depth"":8,""max_features"":0.1,""min_samples_leaf"":4,""n_estimators"":200,""n_jobs"":2,""random_state"":42}",sigmoid,0.05347529513810885,0.009737542655419172,0.5,0.5707196595693419,0.1722820225651108,0,0,0,irrelevant,0.053507600242744,0,0,0
577,q_00042,3,g0577,0,irrelevant,Greeting,b,rf_11,"{""class_weight"":""balanced"",""max_depth"":8,""max_features"":0.1,""min_samples_leaf"":1,""n_estimators"":200,""n_jobs"":2,""random_state"":42}",sigmoid,0.26102717266676484,0.07606812671142864,0.5,0.5676273080285626,0.16747729019059301,0,0,0,irrelevant,0.0334121186513702,0,0,0
578,q_01696,1,g0578,1,relevant,Language change,b,rf_23,"{""class_weight"":""balanced"",""max_depth"":null,""max_features"":0.1,""min_samples_leaf"":1,""n_estimators"":200,""n_jobs"":2,""random_state"":42}",sigmoid,0.72,0.9002157132475197,0.5,0.5737654315094001,0.17496831816334135,1,1,1,relevant,0.9695710087833904,1,1,1
579,q_00607,1,g0579,1,relevant,Medical,b,rf_23,"{""class_weight"":""balanced"",""max_depth"":null,""max_features"":0.1,""min_samples_leaf"":1,""n_estimators"":200,""n_jobs"":2,""random_state"":42}",sigmoid,0.86,0.9765505664642926,0.5,0.5737654315094001,0.17496831816334135,1,1,1,relevant,0.9833927583645924,1,1,1
580,q_00176,4,g0580,0,irrelevant,Acknowledgment,b,rf_07,"{""class_weight"":""balanced"",""max_depth"":8,""max_features"":0.1,""min_samples_leaf"":4,""n_estimators"":200,""n_jobs"":2,""random_state"":42}",sigmoid,0.455598823517929,0.3505487867822919,0.5,0.5707196595693419,0.1722820225651108,0,0,1,irrelevant,0.4801561123924874,0,1,1
581,q_00211,4,g0581,0,irrelevant,Spam,b,rf_07,"{""class_weight"":""balanced"",""max_depth"":8,""max_features"":0.1,""min_samples_leaf"":4,""n_estimators"":200,""n_jobs"":2,""random_state"":42}",sigmoid,0.3750002209610382,0.19475086152731558,0.5,0.5707196595693419,0.1722820225651108,0,0,1,irrelevant,0.0525352242517017,0,0,0
582,q_01069,1,g0582,1,relevant,Other,b,rf_23,"{""class_weight"":""balanced"",""max_depth"":null,""max_features"":0.1,""min_samples_leaf"":1,""n_estimators"":200,""n_jobs"":2,""random_state"":42}",sigmoid,0.565,0.6239119912964856,0.5,0.5737654315094001,0.17496831816334135,1,1,1,relevant,0.1356330643462207,0,0,0
583,q_01348,1,g0583,0,irrelevant,Acknowledgment,b,rf_23,"{""class_weight"":""balanced"",""max_depth"":null,""max_features"":0.1,""min_samples_leaf"":1,""n_estimators"":200,""n_jobs"":2,""random_state"":42}",sigmoid,0.055,0.006269498420487058,0.5,0.5737654315094001,0.17496831816334135,0,0,0,irrelevant,0.0615519105656453,0,0,0
584,q_00132,0,g0120,1,relevant,Other,b,rf_05,"{""class_weight"":""balanced"",""max_depth"":8,""max_features"":""sqrt"",""min_samples_leaf"":4,""n_estimators"":200,""n_jobs"":2,""random_state"":42}",sigmoid,0.6386861262223174,0.7869061222329244,0.5,0.582359477617837,0.1627977160030385,1,1,1,relevant,0.9238256812095642,1,1,1
585,q_00761,3,g0584,1,relevant,Medical,b,rf_11,"{""class_weight"":""balanced"",""max_depth"":8,""max_features"":0.1,""min_samples_leaf"":1,""n_estimators"":200,""n_jobs"":2,""random_state"":42}",sigmoid,0.7532264601802428,0.9116367534593142,0.5,0.5676273080285626,0.16747729019059301,1,1,1,relevant,0.9089808670322392,1,1,1
586,q_00526,2,g0585,1,relevant,Medical,b,rf_09,"{""class_weight"":""balanced"",""max_depth"":8,""max_features"":""sqrt"",""min_samples_leaf"":1,""n_estimators"":200,""n_jobs"":2,""random_state"":42}",sigmoid,0.7671237041361806,0.9346981381315993,0.5,0.5791065989200652,0.23587676490709863,1,1,1,relevant,0.9282078749024144,1,1,1
587,q_01055,1,g0586,1,relevant,Other,b,rf_23,"{""class_weight"":""balanced"",""max_depth"":null,""max_features"":0.1,""min_samples_leaf"":1,""n_estimators"":200,""n_jobs"":2,""random_state"":42}",sigmoid,0.685,0.8602339660262406,0.5,0.5737654315094001,0.17496831816334135,1,1,1,relevant,0.9272982765724084,1,1,1
588,q_00396,1,g0587,1,relevant,Medical,b,rf_23,"{""class_weight"":""balanced"",""max_depth"":null,""max_features"":0.1,""min_samples_leaf"":1,""n_estimators"":200,""n_jobs"":2,""random_state"":42}",sigmoid,0.83,0.9677488246228456,0.5,0.5737654315094001,0.17496831816334135,1,1,1,relevant,0.9892995708852316,1,1,1
589,q_01790,4,g0588,1,relevant,Delivery confirmation,b,rf_07,"{""class_weight"":""balanced"",""max_depth"":8,""max_features"":0.1,""min_samples_leaf"":4,""n_estimators"":200,""n_jobs"":2,""random_state"":42}",sigmoid,0.4716595525794909,0.38777968369543103,0.5,0.5707196595693419,0.1722820225651108,0,0,1,relevant,0.5592516905650096,1,1,1
590,q_00053,0,g0589,0,irrelevant,Greeting,b,rf_05,"{""class_weight"":""balanced"",""max_depth"":8,""max_features"":""sqrt"",""min_samples_leaf"":4,""n_estimators"":200,""n_jobs"":2,""random_state"":42}",sigmoid,0.2718098890170328,0.06292241200477969,0.5,0.582359477617837,0.1627977160030385,0,0,0,irrelevant,0.1262085288763046,0,0,0
591,q_01383,3,g0590,0,irrelevant,Acknowledgment,b,rf_11,"{""class_weight"":""balanced"",""max_depth"":8,""max_features"":0.1,""min_samples_leaf"":1,""n_estimators"":200,""n_jobs"":2,""random_state"":42}",sigmoid,0.3224148065639275,0.1307314355102802,0.5,0.5676273080285626,0.16747729019059301,0,0,0,irrelevant,0.6254261826861347,1,1,1
592,q_01043,4,g0591,0,irrelevant,Spam,b,rf_07,"{""class_weight"":""balanced"",""max_depth"":8,""max_features"":0.1,""min_samples_leaf"":4,""n_estimators"":200,""n_jobs"":2,""random_state"":42}",sigmoid,0.5812269758185146,0.6535525969227807,0.5,0.5707196595693419,0.1722820225651108,1,1,1,irrelevant,0.2813171731435741,0,0,1
593,q_00078,2,g0592,0,irrelevant,Greeting,b,rf_09,"{""class_weight"":""balanced"",""max_depth"":8,""max_features"":""sqrt"",""min_samples_leaf"":1,""n_estimators"":200,""n_jobs"":2,""random_state"":42}",sigmoid,0.5224289999104917,0.5072662910243781,0.5,0.5791065989200652,0.23587676490709863,1,0,1,irrelevant,0.183489985665412,0,0,1
594,q_00836,3,g0593,1,relevant,Medical,b,rf_11,"{""class_weight"":""balanced"",""max_depth"":8,""max_features"":0.1,""min_samples_leaf"":1,""n_estimators"":200,""n_jobs"":2,""random_state"":42}",sigmoid,0.8945750691974633,0.9763643913138194,0.5,0.5676273080285626,0.16747729019059301,1,1,1,relevant,0.8805762492193987,1,1,1
595,q_01025,4,g0594,1,relevant,Date,b,rf_07,"{""class_weight"":""balanced"",""max_depth"":8,""max_features"":0.1,""min_samples_leaf"":4,""n_estimators"":200,""n_jobs"":2,""random_state"":42}",sigmoid,0.8027905248669179,0.9448816416347016,0.5,0.5707196595693419,0.1722820225651108,1,1,1,relevant,0.9256307081405116,1,1,1
596,q_00779,1,g0595,1,relevant,Medical,b,rf_23,"{""class_weight"":""balanced"",""max_depth"":null,""max_features"":0.1,""min_samples_leaf"":1,""n_estimators"":200,""n_jobs"":2,""random_state"":42}",sigmoid,0.94,0.9900798001675867,0.5,0.5737654315094001,0.17496831816334135,1,1,1,relevant,0.999679577895737,1,1,1
597,q_01616,3,g0596,0,irrelevant,OSS,b,rf_11,"{""class_weight"":""balanced"",""max_depth"":8,""max_features"":0.1,""min_samples_leaf"":1,""n_estimators"":200,""n_jobs"":2,""random_state"":42}",sigmoid,0.5718748759616245,0.6350334193987864,0.5,0.5676273080285626,0.16747729019059301,1,1,1,irrelevant,0.7681313938649595,1,1,1
598,q_01618,2,g0597,0,irrelevant,OSS,b,rf_09,"{""class_weight"":""balanced"",""max_depth"":8,""max_features"":""sqrt"",""min_samples_leaf"":1,""n_estimators"":200,""n_jobs"":2,""random_state"":42}",sigmoid,0.4151056234388576,0.24501275476098908,0.5,0.5791065989200652,0.23587676490709863,0,0,1,irrelevant,0.4503203159998543,0,0,1
599,q_01414,0,g0598,1,relevant,Delivery confirmation,b,rf_05,"{""class_weight"":""balanced"",""max_depth"":8,""max_features"":""sqrt"",""min_samples_leaf"":4,""n_estimators"":200,""n_jobs"":2,""random_state"":42}",sigmoid,0.46516886183075656,0.35689134538896894,0.5,0.582359477617837,0.1627977160030385,0,0,1,relevant,0.510694682598114,1,0,1
600,q_01739,4,g0599,1,relevant,Delivery confirmation,b,rf_07,"{""class_weight"":""balanced"",""max_depth"":8,""max_features"":0.1,""min_samples_leaf"":4,""n_estimators"":200,""n_jobs"":2,""random_state"":42}",sigmoid,0.8322840935808707,0.9583274811402125,0.5,0.5707196595693419,0.1722820225651108,1,1,1,relevant,0.9800458148774196,1,1,1
601,q_00461,1,g0600,1,relevant,Medical,b,rf_23,"{""class_weight"":""balanced"",""max_depth"":null,""max_features"":0.1,""min_samples_leaf"":1,""n_estimators"":200,""n_jobs"":2,""random_state"":42}",sigmoid,0.98,0.993569352443474,0.5,0.5737654315094001,0.17496831816334135,1,1,1,relevant,0.9956249095327168,1,1,1
602,q_00614,3,g0601,1,relevant,Medical,b,rf_11,"{""class_weight"":""balanced"",""max_depth"":8,""max_features"":0.1,""min_samples_leaf"":1,""n_estimators"":200,""n_jobs"":2,""random_state"":42}",sigmoid,0.7727364128052487,0.9258944674651218,0.5,0.5676273080285626,0.16747729019059301,1,1,1,relevant,0.92413587420096,1,1,1
603,q_00762,1,g0602,1,relevant,Medical,b,rf_23,"{""class_weight"":""balanced"",""max_depth"":null,""max_features"":0.1,""min_samples_leaf"":1,""n_estimators"":200,""n_jobs"":2,""random_state"":42}",sigmoid,0.905,0.985526025431871,0.5,0.5737654315094001,0.17496831816334135,1,1,1,relevant,0.9995389731528498,1,1,1
604,q_00665,0,g0603,1,relevant,Medical,b,rf_05,"{""class_weight"":""balanced"",""max_depth"":8,""max_features"":""sqrt"",""min_samples_leaf"":4,""n_estimators"":200,""n_jobs"":2,""random_state"":42}",sigmoid,0.6747593173568854,0.8455855247322168,0.5,0.582359477617837,0.1627977160030385,1,1,1,relevant,0.7554402351379395,1,1,1
605,q_00689,1,g0604,1,relevant,Medical,b,rf_23,"{""class_weight"":""balanced"",""max_depth"":null,""max_features"":0.1,""min_samples_leaf"":1,""n_estimators"":200,""n_jobs"":2,""random_state"":42}",sigmoid,0.85,0.973914048932875,0.5,0.5737654315094001,0.17496831816334135,1,1,1,relevant,0.9767085812843558,1,1,1
606,q_00001,4,g0605,0,irrelevant,Greeting,b,rf_07,"{""class_weight"":""balanced"",""max_depth"":8,""max_features"":0.1,""min_samples_leaf"":4,""n_estimators"":200,""n_jobs"":2,""random_state"":42}",sigmoid,0.6578275303484308,0.8018142428040823,0.5,0.5707196595693419,0.1722820225651108,1,1,1,irrelevant,0.5045008264121311,1,1,1
607,q_00594,2,g0606,1,relevant,Medical,b,rf_09,"{""class_weight"":""balanced"",""max_depth"":8,""max_features"":""sqrt"",""min_samples_leaf"":1,""n_estimators"":200,""n_jobs"":2,""random_state"":42}",sigmoid,0.8647917665165805,0.976149264231463,0.5,0.5791065989200652,0.23587676490709863,1,1,1,relevant,0.9278271305689691,1,1,1
608,q_00862,0,g0607,1,relevant,Medical,b,rf_05,"{""class_weight"":""balanced"",""max_depth"":8,""max_features"":""sqrt"",""min_samples_leaf"":4,""n_estimators"":200,""n_jobs"":2,""random_state"":42}",sigmoid,0.806223415888085,0.9583662060007228,0.5,0.582359477617837,0.1627977160030385,1,1,1,relevant,0.9683002829551696,1,1,1
609,q_01742,0,g0608,1,relevant,Delivery confirmation,b,rf_05,"{""class_weight"":""balanced"",""max_depth"":8,""max_features"":""sqrt"",""min_samples_leaf"":4,""n_estimators"":200,""n_jobs"":2,""random_state"":42}",sigmoid,0.8365183238321572,0.9697404529537729,0.5,0.582359477617837,0.1627977160030385,1,1,1,relevant,0.9492198824882508,1,1,1
610,q_00909,2,g0609,1,relevant,Medical,b,rf_09,"{""class_weight"":""balanced"",""max_depth"":8,""max_features"":""sqrt"",""min_samples_leaf"":1,""n_estimators"":200,""n_jobs"":2,""random_state"":42}",sigmoid,0.8571928989378407,0.9741702919934847,0.5,0.5791065989200652,0.23587676490709863,1,1,1,relevant,0.9724569086939728,1,1,1
611,q_00181,1,g0610,0,irrelevant,Acknowledgment,b,rf_23,"{""class_weight"":""balanced"",""max_depth"":null,""max_features"":0.1,""min_samples_leaf"":1,""n_estimators"":200,""n_jobs"":2,""random_state"":42}",sigmoid,0.415,0.24367710237886012,0.5,0.5737654315094001,0.17496831816334135,0,0,1,irrelevant,0.1803746558560018,0,0,0
612,q_00318,2,g0611,1,relevant,Language change,b,rf_09,"{""class_weight"":""balanced"",""max_depth"":8,""max_features"":""sqrt"",""min_samples_leaf"":1,""n_estimators"":200,""n_jobs"":2,""random_state"":42}",sigmoid,0.8745105261715116,0.978465797571616,0.5,0.5791065989200652,0.23587676490709863,1,1,1,relevant,0.9704972459963216,1,1,1
613,q_01770,0,g0612,1,relevant,Delivery confirmation,b,rf_05,"{""class_weight"":""balanced"",""max_depth"":8,""max_features"":""sqrt"",""min_samples_leaf"":4,""n_estimators"":200,""n_jobs"":2,""random_state"":42}",sigmoid,0.6389896996300549,0.7874616042664762,0.5,0.582359477617837,0.1627977160030385,1,1,1,relevant,0.7943270206451416,1,1,1
614,q_01545,4,g0613,0,irrelevant,OSS,b,rf_07,"{""class_weight"":""balanced"",""max_depth"":8,""max_features"":0.1,""min_samples_leaf"":4,""n_estimators"":200,""n_jobs"":2,""random_state"":42}",sigmoid,0.7503123667673428,0.9104276598126633,0.5,0.5707196595693419,0.1722820225651108,1,1,1,irrelevant,0.9499015889265824,1,1,1
615,q_00963,2,g0614,1,relevant,Medical,b,rf_09,"{""class_weight"":""balanced"",""max_depth"":8,""max_features"":""sqrt"",""min_samples_leaf"":1,""n_estimators"":200,""n_jobs"":2,""random_state"":42}",sigmoid,0.8085145960127805,0.9571574970969093,0.5,0.5791065989200652,0.23587676490709863,1,1,1,relevant,0.9560725962808938,1,1,1
616,q_01666,1,g0615,1,relevant,Language change,b,rf_23,"{""class_weight"":""balanced"",""max_depth"":null,""max_features"":0.1,""min_samples_leaf"":1,""n_estimators"":200,""n_jobs"":2,""random_state"":42}",sigmoid,0.415,0.24367710237886012,0.5,0.5737654315094001,0.17496831816334135,0,0,1,relevant,0.2503465996755408,0,0,1
617,q_01644,3,g0616,0,irrelevant,OSS,b,rf_11,"{""class_weight"":""balanced"",""max_depth"":8,""max_features"":0.1,""min_samples_leaf"":1,""n_estimators"":200,""n_jobs"":2,""random_state"":42}",sigmoid,0.33542466502966517,0.14593836365360127,0.5,0.5676273080285626,0.16747729019059301,0,0,0,irrelevant,0.2042519958046913,0,0,1
618,q_01065,1,g0617,1,relevant,Other,b,rf_23,"{""class_weight"":""balanced"",""max_depth"":null,""max_features"":0.1,""min_samples_leaf"":1,""n_estimators"":200,""n_jobs"":2,""random_state"":42}",sigmoid,0.375,0.17226764112793425,0.5,0.5737654315094001,0.17496831816334135,0,0,0,relevant,0.3169263668326763,0,0,1
619,q_01600,0,g0618,0,irrelevant,OSS,b,rf_05,"{""class_weight"":""balanced"",""max_depth"":8,""max_features"":""sqrt"",""min_samples_leaf"":4,""n_estimators"":200,""n_jobs"":2,""random_state"":42}",sigmoid,0.5578682400973776,0.6043528098895433,0.5,0.582359477617837,0.1627977160030385,1,1,1,irrelevant,0.3242332339286804,0,0,1
620,q_00358,3,g0619,1,relevant,Medical,b,rf_11,"{""class_weight"":""balanced"",""max_depth"":8,""max_features"":0.1,""min_samples_leaf"":1,""n_estimators"":200,""n_jobs"":2,""random_state"":42}",sigmoid,0.9562740795601355,0.9869604059474866,0.5,0.5676273080285626,0.16747729019059301,1,1,1,relevant,0.9978800258885462,1,1,1
621,q_01192,3,g0620,0,irrelevant,Acknowledgment,b,rf_11,"{""class_weight"":""balanced"",""max_depth"":8,""max_features"":0.1,""min_samples_leaf"":1,""n_estimators"":200,""n_jobs"":2,""random_state"":42}",sigmoid,0.38577476522110443,0.2188044246546948,0.5,0.5676273080285626,0.16747729019059301,0,0,1,irrelevant,0.2734025817307648,0,0,1
622,q_01207,2,g0621,1,relevant,Feedback,b,rf_09,"{""class_weight"":""balanced"",""max_depth"":8,""max_features"":""sqrt"",""min_samples_leaf"":1,""n_estimators"":200,""n_jobs"":2,""random_state"":42}",sigmoid,0.3396226355671339,0.12593958547533227,0.5,0.5791065989200652,0.23587676490709863,0,0,0,relevant,0.0184690140071541,0,0,0
623,q_00136,4,g0622,0,irrelevant,Acknowledgment,b,rf_07,"{""class_weight"":""balanced"",""max_depth"":8,""max_features"":0.1,""min_samples_leaf"":4,""n_estimators"":200,""n_jobs"":2,""random_state"":42}",sigmoid,0.26179805818326884,0.07262954541708531,0.5,0.5707196595693419,0.1722820225651108,0,0,0,irrelevant,0.23755257522056,0,0,1
624,q_01142,3,g0623,0,irrelevant,Acknowledgment,b,rf_11,"{""class_weight"":""balanced"",""max_depth"":8,""max_features"":0.1,""min_samples_leaf"":1,""n_estimators"":200,""n_jobs"":2,""random_state"":42}",sigmoid,0.06559887116228409,0.011949060653082634,0.5,0.5676273080285626,0.16747729019059301,0,0,0,irrelevant,0.0090420352072856,0,0,0
625,q_00516,1,g0624,1,relevant,Medical,b,rf_23,"{""class_weight"":""balanced"",""max_depth"":null,""max_features"":0.1,""min_samples_leaf"":1,""n_estimators"":200,""n_jobs"":2,""random_state"":42}",sigmoid,0.7,0.8788000376953797,0.5,0.5737654315094001,0.17496831816334135,1,1,1,relevant,0.880761954252184,1,1,1
626,q_00597,4,g0625,1,relevant,Medical,b,rf_07,"{""class_weight"":""balanced"",""max_depth"":8,""max_features"":0.1,""min_samples_leaf"":4,""n_estimators"":200,""n_jobs"":2,""random_state"":42}",sigmoid,0.7834923832511125,0.9339713851387731,0.5,0.5707196595693419,0.1722820225651108,1,1,1,relevant,0.9590884767492572,1,1,1
627,q_00424,3,g0626,1,relevant,Medical,b,rf_11,"{""class_weight"":""balanced"",""max_depth"":8,""max_features"":0.1,""min_samples_leaf"":1,""n_estimators"":200,""n_jobs"":2,""random_state"":42}",sigmoid,0.9093035691588648,0.9794803144469197,0.5,0.5676273080285626,0.16747729019059301,1,1,1,relevant,0.9871587944039538,1,1,1
628,q_00735,4,g0627,1,relevant,Medical,b,rf_07,"{""class_weight"":""balanced"",""max_depth"":8,""max_features"":0.1,""min_samples_leaf"":4,""n_estimators"":200,""n_jobs"":2,""random_state"":42}",sigmoid,0.6405992603990573,0.7731299811921163,0.5,0.5707196595693419,0.1722820225651108,1,1,1,relevant,0.5860029272376857,1,1,1
629,q_01497,3,g0628,0,irrelevant,Acknowledgment,b,rf_11,"{""class_weight"":""balanced"",""max_depth"":8,""max_features"":0.1,""min_samples_leaf"":1,""n_estimators"":200,""n_jobs"":2,""random_state"":42}",sigmoid,0.03623502549864481,0.008984054968713514,0.5,0.5676273080285626,0.16747729019059301,0,0,0,irrelevant,0.1730318112089929,0,0,1
630,q_01169,0,g0629,0,irrelevant,Acknowledgment,b,rf_05,"{""class_weight"":""balanced"",""max_depth"":8,""max_features"":""sqrt"",""min_samples_leaf"":4,""n_estimators"":200,""n_jobs"":2,""random_state"":42}",sigmoid,0.07073188914062654,0.007412430702369819,0.5,0.582359477617837,0.1627977160030385,0,0,0,irrelevant,0.0135577609762549,0,0,0
631,q_00617,2,g0630,1,relevant,Medical,b,rf_09,"{""class_weight"":""balanced"",""max_depth"":8,""max_features"":""sqrt"",""min_samples_leaf"":1,""n_estimators"":200,""n_jobs"":2,""random_state"":42}",sigmoid,0.9191495190079868,0.9865669987009201,0.5,0.5791065989200652,0.23587676490709863,1,1,1,relevant,0.9966627414326266,1,1,1
632,q_00748,3,g0631,1,relevant,Medical,b,rf_11,"{""class_weight"":""balanced"",""max_depth"":8,""max_features"":0.1,""min_samples_leaf"":1,""n_estimators"":200,""n_jobs"":2,""random_state"":42}",sigmoid,0.8483309996316458,0.9632866012790983,0.5,0.5676273080285626,0.16747729019059301,1,1,1,relevant,0.8627078631760161,1,1,1
633,q_00248,0,g0632,1,relevant,Language change,b,rf_05,"{""class_weight"":""balanced"",""max_depth"":8,""max_features"":""sqrt"",""min_samples_leaf"":4,""n_estimators"":200,""n_jobs"":2,""random_state"":42}",sigmoid,0.7423888554191936,0.9197591311257317,0.5,0.582359477617837,0.1627977160030385,1,1,1,relevant,0.8240951299667358,1,1,1
634,q_01127,3,g0633,0,irrelevant,Acknowledgment,b,rf_11,"{""class_weight"":""balanced"",""max_depth"":8,""max_features"":0.1,""min_samples_leaf"":1,""n_estimators"":200,""n_jobs"":2,""random_state"":42}",sigmoid,0.14777901507235047,0.026377632926939804,0.5,0.5676273080285626,0.16747729019059301,0,0,0,irrelevant,0.9667482333020898,1,1,1
635,q_01023,2,g0634,1,relevant,Date,b,rf_09,"{""class_weight"":""balanced"",""max_depth"":8,""max_features"":""sqrt"",""min_samples_leaf"":1,""n_estimators"":200,""n_jobs"":2,""random_state"":42}",sigmoid,0.7937182830692271,0.9501345898881834,0.5,0.5791065989200652,0.23587676490709863,1,1,1,relevant,0.9091203907206988,1,1,1
636,q_00099,3,g0635,0,irrelevant,Acknowledgment,b,rf_11,"{""class_weight"":""balanced"",""max_depth"":8,""max_features"":0.1,""min_samples_leaf"":1,""n_estimators"":200,""n_jobs"":2,""random_state"":42}",sigmoid,0.06669081429476083,0.012076253902267952,0.5,0.5676273080285626,0.16747729019059301,0,0,0,irrelevant,0.4177712459969669,0,0,1
637,q_00625,2,g0636,1,relevant,Medical,b,rf_09,"{""class_weight"":""balanced"",""max_depth"":8,""max_features"":""sqrt"",""min_samples_leaf"":1,""n_estimators"":200,""n_jobs"":2,""random_state"":42}",sigmoid,0.8303853486161966,0.9658318867743881,0.5,0.5791065989200652,0.23587676490709863,1,1,1,relevant,0.9703819711168452,1,1,1
638,q_01331,1,g0637,0,irrelevant,Acknowledgment,b,rf_23,"{""class_weight"":""balanced"",""max_depth"":null,""max_features"":0.1,""min_samples_leaf"":1,""n_estimators"":200,""n_jobs"":2,""random_state"":42}",sigmoid,0.3,0.0840118311709896,0.5,0.5737654315094001,0.17496831816334135,0,0,0,irrelevant,0.0912920536163852,0,0,0
639,q_00939,0,g0638,1,relevant,Medical,b,rf_05,"{""class_weight"":""balanced"",""max_depth"":8,""max_features"":""sqrt"",""min_samples_leaf"":4,""n_estimators"":200,""n_jobs"":2,""random_state"":42}",sigmoid,0.8425005545768995,0.9716000866862535,0.5,0.582359477617837,0.1627977160030385,1,1,1,relevant,0.9037473201751708,1,1,1
640,q_01443,0,g0639,0,irrelevant,Acknowledgment,b,rf_05,"{""class_weight"":""balanced"",""max_depth"":8,""max_features"":""sqrt"",""min_samples_leaf"":4,""n_estimators"":200,""n_jobs"":2,""random_state"":42}",sigmoid,0.5755700362738381,0.6495324746633998,0.5,0.582359477617837,0.1627977160030385,1,1,1,irrelevant,0.5084158182144165,1,0,1
641,q_01053,4,g0640,1,relevant,Medical,b,rf_07,"{""class_weight"":""balanced"",""max_depth"":8,""max_features"":0.1,""min_samples_leaf"":4,""n_estimators"":200,""n_jobs"":2,""random_state"":42}",sigmoid,0.6301000378620835,0.7542654324726568,0.5,0.5707196595693419,0.1722820225651108,1,1,1,relevant,0.9079429007045714,1,1,1
642,q_00402,0,g0641,0,irrelevant,OSS,b,rf_05,"{""class_weight"":""balanced"",""max_depth"":8,""max_features"":""sqrt"",""min_samples_leaf"":4,""n_estimators"":200,""n_jobs"":2,""random_state"":42}",sigmoid,0.40704761973082737,0.22728299241490307,0.5,0.582359477617837,0.1627977160030385,0,0,1,irrelevant,0.1022399812936782,0,0,0
643,q_00246,2,g0642,1,relevant,Language change,b,rf_09,"{""class_weight"":""balanced"",""max_depth"":8,""max_features"":""sqrt"",""min_samples_leaf"":1,""n_estimators"":200,""n_jobs"":2,""random_state"":42}",sigmoid,0.9142239905946759,0.9858464309903328,0.5,0.5791065989200652,0.23587676490709863,1,1,1,relevant,0.97938274086786,1,1,1
644,q_00899,3,g0643,1,relevant,Medical,b,rf_11,"{""class_weight"":""balanced"",""max_depth"":8,""max_features"":0.1,""min_samples_leaf"":1,""n_estimators"":200,""n_jobs"":2,""random_state"":42}",sigmoid,0.8164272431614628,0.9504561083853826,0.5,0.5676273080285626,0.16747729019059301,1,1,1,relevant,0.8748169865179972,1,1,1
645,q_00772,0,g0644,1,relevant,Medical,b,rf_05,"{""class_weight"":""balanced"",""max_depth"":8,""max_features"":""sqrt"",""min_samples_leaf"":4,""n_estimators"":200,""n_jobs"":2,""random_state"":42}",sigmoid,0.6576878759132461,0.8196420930487625,0.5,0.582359477617837,0.1627977160030385,1,1,1,relevant,0.979910373687744,1,1,1
646,q_01787,1,g0645,1,relevant,Delivery confirmation,b,rf_23,"{""class_weight"":""balanced"",""max_depth"":null,""max_features"":0.1,""min_samples_leaf"":1,""n_estimators"":200,""n_jobs"":2,""random_state"":42}",sigmoid,0.705,0.8844990453201014,0.5,0.5737654315094001,0.17496831816334135,1,1,1,relevant,0.9840389302843652,1,1,1
647,q_00979,2,g0646,0,irrelevant,Automated message,b,rf_09,"{""class_weight"":""balanced"",""max_depth"":8,""max_features"":""sqrt"",""min_samples_leaf"":1,""n_estimators"":200,""n_jobs"":2,""random_state"":42}",sigmoid,0.09708829601044369,0.010495638195088178,0.5,0.5791065989200652,0.23587676490709863,0,0,0,irrelevant,0.0378906904576128,0,0,0
648,q_00980,4,g0647,0,irrelevant,Automated message,b,rf_07,"{""class_weight"":""balanced"",""max_depth"":8,""max_features"":0.1,""min_samples_leaf"":4,""n_estimators"":200,""n_jobs"":2,""random_state"":42}",sigmoid,0.34707273754167933,0.15477865880909597,0.5,0.5707196595693419,0.1722820225651108,0,0,0,irrelevant,0.0264434933433129,0,0,0
649,q_01269,2,g0648,1,relevant,Medical,b,rf_09,"{""class_weight"":""balanced"",""max_depth"":8,""max_features"":""sqrt"",""min_samples_leaf"":1,""n_estimators"":200,""n_jobs"":2,""random_state"":42}",sigmoid,0.8373494495338515,0.9682195790480479,0.5,0.5791065989200652,0.23587676490709863,1,1,1,relevant,0.998588260291998,1,1,1
650,q_01687,3,g0649,1,relevant,Language change,b,rf_11,"{""class_weight"":""balanced"",""max_depth"":8,""max_features"":0.1,""min_samples_leaf"":1,""n_estimators"":200,""n_jobs"":2,""random_state"":42}",sigmoid,0.8657703124679884,0.9688824415710388,0.5,0.5676273080285626,0.16747729019059301,1,1,1,relevant,0.871927383347516,1,1,1
651,q_00038,1,g0650,0,irrelevant,Acknowledgment,b,rf_23,"{""class_weight"":""balanced"",""max_depth"":null,""max_features"":0.1,""min_samples_leaf"":1,""n_estimators"":200,""n_jobs"":2,""random_state"":42}",sigmoid,0.02,0.0042857753377511945,0.5,0.5737654315094001,0.17496831816334135,0,0,0,irrelevant,0.0081389582037909,0,0,0
652,q_00493,2,g0651,1,relevant,Medical,b,rf_09,"{""class_weight"":""balanced"",""max_depth"":8,""max_features"":""sqrt"",""min_samples_leaf"":1,""n_estimators"":200,""n_jobs"":2,""random_state"":42}",sigmoid,0.7971329926386242,0.9518463860859491,0.5,0.5791065989200652,0.23587676490709863,1,1,1,relevant,0.7992588731258873,1,1,1
653,q_01372,4,g0652,0,irrelevant,Acknowledgment,b,rf_07,"{""class_weight"":""balanced"",""max_depth"":8,""max_features"":0.1,""min_samples_leaf"":4,""n_estimators"":200,""n_jobs"":2,""random_state"":42}",sigmoid,0.24073947253078246,0.059707381955343655,0.5,0.5707196595693419,0.1722820225651108,0,0,0,irrelevant,0.1612813824812615,0,0,0
654,q_00079,2,g0653,0,irrelevant,Greeting,b,rf_09,"{""class_weight"":""balanced"",""max_depth"":8,""max_features"":""sqrt"",""min_samples_leaf"":1,""n_estimators"":200,""n_jobs"":2,""random_state"":42}",sigmoid,0.32964246335569763,0.11458880418073782,0.5,0.5791065989200652,0.23587676490709863,0,0,0,irrelevant,0.1837175259895172,0,0,1
655,q_01526,2,g0654,0,irrelevant,Acknowledgment,b,rf_09,"{""class_weight"":""balanced"",""max_depth"":8,""max_features"":""sqrt"",""min_samples_leaf"":1,""n_estimators"":200,""n_jobs"":2,""random_state"":42}",sigmoid,0.6341197851662557,0.773906847191035,0.5,0.5791065989200652,0.23587676490709863,1,1,1,irrelevant,0.7790954602664952,1,1,1
656,q_01677,1,g0655,1,relevant,Language change,b,rf_23,"{""class_weight"":""balanced"",""max_depth"":null,""max_features"":0.1,""min_samples_leaf"":1,""n_estimators"":200,""n_jobs"":2,""random_state"":42}",sigmoid,0.61,0.7306315787841264,0.5,0.5737654315094001,0.17496831816334135,1,1,1,relevant,0.5569683944540919,1,1,1
657,q_01046,4,g0656,1,relevant,Other,b,rf_07,"{""class_weight"":""balanced"",""max_depth"":8,""max_features"":0.1,""min_samples_leaf"":4,""n_estimators"":200,""n_jobs"":2,""random_state"":42}",sigmoid,0.4804170880667384,0.4086798765118102,0.5,0.5707196595693419,0.1722820225651108,0,0,1,relevant,0.4181862323885011,0,0,1
658,q_00531,0,g0657,1,relevant,Medical,b,rf_05,"{""class_weight"":""balanced"",""max_depth"":8,""max_features"":""sqrt"",""min_samples_leaf"":4,""n_estimators"":200,""n_jobs"":2,""random_state"":42}",sigmoid,0.6523427564203135,0.8108498819998188,0.5,0.582359477617837,0.1627977160030385,1,1,1,relevant,0.8554137349128723,1,1,1
659,q_00311,4,g0658,1,relevant,Language change,b,rf_07,"{""class_weight"":""balanced"",""max_depth"":8,""max_features"":0.1,""min_samples_leaf"":4,""n_estimators"":200,""n_jobs"":2,""random_state"":42}",sigmoid,0.8588242195580844,0.9676951808363761,0.5,0.5707196595693419,0.1722820225651108,1,1,1,relevant,0.9862310121697224,1,1,1
660,q_01174,4,g0659,0,irrelevant,Acknowledgment,b,rf_07,"{""class_weight"":""balanced"",""max_depth"":8,""max_features"":0.1,""min_samples_leaf"":4,""n_estimators"":200,""n_jobs"":2,""random_state"":42}",sigmoid,0.03837702286660079,0.00838934879907149,0.5,0.5707196595693419,0.1722820225651108,0,0,0,irrelevant,0.0239729563968,0,0,0
661,q_00486,0,g0660,1,relevant,Medical,b,rf_05,"{""class_weight"":""balanced"",""max_depth"":8,""max_features"":""sqrt"",""min_samples_leaf"":4,""n_estimators"":200,""n_jobs"":2,""random_state"":42}",sigmoid,0.9537122710660048,0.9913993402854429,0.5,0.582359477617837,0.1627977160030385,1,1,1,relevant,0.9950721859931946,1,1,1
662,q_00530,2,g0661,1,relevant,Medical,b,rf_09,"{""class_weight"":""balanced"",""max_depth"":8,""max_features"":""sqrt"",""min_samples_leaf"":1,""n_estimators"":200,""n_jobs"":2,""random_state"":42}",sigmoid,0.8298560426200319,0.965643493536653,0.5,0.5791065989200652,0.23587676490709863,1,1,1,relevant,0.9879724101008328,1,1,1
663,q_00877,3,g0662,1,relevant,Medical,b,rf_11,"{""class_weight"":""balanced"",""max_depth"":8,""max_features"":0.1,""min_samples_leaf"":1,""n_estimators"":200,""n_jobs"":2,""random_state"":42}",sigmoid,0.922008953661511,0.9818423204585843,0.5,0.5676273080285626,0.16747729019059301,1,1,1,relevant,0.9977744820916634,1,1,1
664,q_01734,4,g0663,1,relevant,Delivery confirmation,b,rf_07,"{""class_weight"":""balanced"",""max_depth"":8,""max_features"":0.1,""min_samples_leaf"":4,""n_estimators"":200,""n_jobs"":2,""random_state"":42}",sigmoid,0.5197786081595699,0.5056585664971888,0.5,0.5707196595693419,0.1722820225651108,1,0,1,relevant,0.2771448786547978,0,0,1
665,q_01599,1,g0664,0,irrelevant,OSS,b,rf_23,"{""class_weight"":""balanced"",""max_depth"":null,""max_features"":0.1,""min_samples_leaf"":1,""n_estimators"":200,""n_jobs"":2,""random_state"":42}",sigmoid,0.295,0.07990247582101592,0.5,0.5737654315094001,0.17496831816334135,0,0,0,irrelevant,0.0328378928042312,0,0,0
666,q_00827,4,g0665,1,relevant,Medical,b,rf_07,"{""class_weight"":""balanced"",""max_depth"":8,""max_features"":0.1,""min_samples_leaf"":4,""n_estimators"":200,""n_jobs"":2,""random_state"":42}",sigmoid,0.9338382692197965,0.9844324787026513,0.5,0.5707196595693419,0.1722820225651108,1,1,1,relevant,0.9939485037282476,1,1,1
667,q_01298,4,g0666,0,irrelevant,Acknowledgment,b,rf_07,"{""class_weight"":""balanced"",""max_depth"":8,""max_features"":0.1,""min_samples_leaf"":4,""n_estimators"":200,""n_jobs"":2,""random_state"":42}",sigmoid,0.007724465362241976,0.006195713618944516,0.5,0.5707196595693419,0.1722820225651108,0,0,0,irrelevant,0.0094762777729771,0,0,0
668,q_00843,3,g0667,1,relevant,Medical,b,rf_11,"{""class_weight"":""balanced"",""max_depth"":8,""max_features"":0.1,""min_samples_leaf"":1,""n_estimators"":200,""n_jobs"":2,""random_state"":42}",sigmoid,0.9007545067989249,0.9777242896352731,0.5,0.5676273080285626,0.16747729019059301,1,1,1,relevant,0.9923196470015514,1,1,1
669,q_01625,2,g0668,0,irrelevant,OSS,b,rf_09,"{""class_weight"":""balanced"",""max_depth"":8,""max_features"":""sqrt"",""min_samples_leaf"":1,""n_estimators"":200,""n_jobs"":2,""random_state"":42}",sigmoid,0.5668292583522531,0.624026134172816,0.5,0.5791065989200652,0.23587676490709863,1,1,1,irrelevant,0.4187903696342282,0,0,1
670,q_00556,2,g0669,1,relevant,Medical,b,rf_09,"{""class_weight"":""balanced"",""max_depth"":8,""max_features"":""sqrt"",""min_samples_leaf"":1,""n_estimators"":200,""n_jobs"":2,""random_state"":42}",sigmoid,0.628710633247073,0.7635639603652097,0.5,0.5791065989200652,0.23587676490709863,1,1,1,relevant,0.2982077584932344,0,0,1
671,q_01425,3,g0670,1,relevant,Medical,b,rf_11,"{""class_weight"":""balanced"",""max_depth"":8,""max_features"":0.1,""min_samples_leaf"":1,""n_estimators"":200,""n_jobs"":2,""random_state"":42}",sigmoid,0.9178484391926969,0.9810998223004163,0.5,0.5676273080285626,0.16747729019059301,1,1,1,relevant,0.4577691619506608,0,0,1
672,q_01011,1,g0671,1,relevant,Date,b,rf_23,"{""class_weight"":""balanced"",""max_depth"":null,""max_features"":0.1,""min_samples_leaf"":1,""n_estimators"":200,""n_jobs"":2,""random_state"":42}",sigmoid,0.89,0.9829924203258757,0.5,0.5737654315094001,0.17496831816334135,1,1,1,relevant,0.936005113904396,1,1,1
673,q_01627,0,g0672,0,irrelevant,OSS,b,rf_05,"{""class_weight"":""balanced"",""max_depth"":8,""max_features"":""sqrt"",""min_samples_leaf"":4,""n_estimators"":200,""n_jobs"":2,""random_state"":42}",sigmoid,0.7220768863258877,0.9017852036342938,0.5,0.582359477617837,0.1627977160030385,1,1,1,irrelevant,0.6955907940864563,1,1,1
674,q_00833,0,g0673,1,relevant,Medical,b,rf_05,"{""class_weight"":""balanced"",""max_depth"":8,""max_features"":""sqrt"",""min_samples_leaf"":4,""n_estimators"":200,""n_jobs"":2,""random_state"":42}",sigmoid,0.7039457908513433,0.8827962860817508,0.5,0.582359477617837,0.1627977160030385,1,1,1,relevant,0.9608159065246582,1,1,1
675,q_00397,3,g0674,1,relevant,Medical,b,rf_11,"{""class_weight"":""balanced"",""max_depth"":8,""max_features"":0.1,""min_samples_leaf"":1,""n_estimators"":200,""n_jobs"":2,""random_state"":42}",sigmoid,0.8766605378516564,0.9719483572302758,0.5,0.5676273080285626,0.16747729019059301,1,1,1,relevant,0.789746986489195,1,1,1
676,q_01330,4,g0675,0,irrelevant,Acknowledgment,b,rf_07,"{""class_weight"":""balanced"",""max_depth"":8,""max_features"":0.1,""min_samples_leaf"":4,""n_estimators"":200,""n_jobs"":2,""random_state"":42}",sigmoid,0.03954817269083432,0.008486950196712546,0.5,0.5707196595693419,0.1722820225651108,0,0,0,irrelevant,0.0526868409578613,0,0,0
677,q_00767,1,g0676,1,relevant,Medical,b,rf_23,"{""class_weight"":""balanced"",""max_depth"":null,""max_features"":0.1,""min_samples_leaf"":1,""n_estimators"":200,""n_jobs"":2,""random_state"":42}",sigmoid,0.925,0.9883338772971023,0.5,0.5737654315094001,0.17496831816334135,1,1,1,relevant,0.9986841163207972,1,1,1
678,q_00837,1,g0677,1,relevant,Medical,b,rf_23,"{""class_weight"":""balanced"",""max_depth"":null,""max_features"":0.1,""min_samples_leaf"":1,""n_estimators"":200,""n_jobs"":2,""random_state"":42}",sigmoid,0.63,0.7714183523833872,0.5,0.5737654315094001,0.17496831816334135,1,1,1,relevant,0.730503458956877,1,1,1
679,q_00984,4,g0678,0,irrelevant,Automated message,b,rf_07,"{""class_weight"":""balanced"",""max_depth"":8,""max_features"":0.1,""min_samples_leaf"":4,""n_estimators"":200,""n_jobs"":2,""random_state"":42}",sigmoid,0.10778177436562585,0.01660901333276072,0.5,0.5707196595693419,0.1722820225651108,0,0,0,irrelevant,0.0172743696805494,0,0,0
680,q_01389,0,g0679,1,relevant,Feedback,b,rf_05,"{""class_weight"":""balanced"",""max_depth"":8,""max_features"":""sqrt"",""min_samples_leaf"":4,""n_estimators"":200,""n_jobs"":2,""random_state"":42}",sigmoid,0.7667191674184433,0.9373109883207558,0.5,0.582359477617837,0.1627977160030385,1,1,1,relevant,0.9028559327125548,1,1,1
681,q_00118,4,g0680,0,irrelevant,Acknowledgment,b,rf_07,"{""class_weight"":""balanced"",""max_depth"":8,""max_features"":0.1,""min_samples_leaf"":4,""n_estimators"":200,""n_jobs"":2,""random_state"":42}",sigmoid,0.6459122804898071,0.782277854104361,0.5,0.5707196595693419,0.1722820225651108,1,1,1,irrelevant,0.8126031765868125,1,1,1
682,q_00412,1,g0681,1,relevant,Medical,b,rf_23,"{""class_weight"":""balanced"",""max_depth"":null,""max_features"":0.1,""min_samples_leaf"":1,""n_estimators"":200,""n_jobs"":2,""random_state"":42}",sigmoid,0.615,0.7412463002928006,0.5,0.5737654315094001,0.17496831816334135,1,1,1,relevant,0.3565234098192236,0,0,1
683,q_00563,3,g0682,1,relevant,Medical,b,rf_11,"{""class_weight"":""balanced"",""max_depth"":8,""max_features"":0.1,""min_samples_leaf"":1,""n_estimators"":200,""n_jobs"":2,""random_state"":42}",sigmoid,0.6391965983639282,0.7711145341838613,0.5,0.5676273080285626,0.16747729019059301,1,1,1,relevant,0.8189780874766167,1,1,1
684,q_00168,3,g0683,0,irrelevant,Acknowledgment,b,rf_11,"{""class_weight"":""balanced"",""max_depth"":8,""max_features"":0.1,""min_samples_leaf"":1,""n_estimators"":200,""n_jobs"":2,""random_state"":42}",sigmoid,0.4864850034331547,0.4294231156253601,0.5,0.5676273080285626,0.16747729019059301,0,0,1,irrelevant,0.2640393172300033,0,0,1
685,q_00808,0,g0684,1,relevant,Medical,b,rf_05,"{""class_weight"":""balanced"",""max_depth"":8,""max_features"":""sqrt"",""min_samples_leaf"":4,""n_estimators"":200,""n_jobs"":2,""random_state"":42}",sigmoid,0.8358024712633072,0.9695101693042334,0.5,0.582359477617837,0.1627977160030385,1,1,1,relevant,0.9908083081245422,1,1,1
686,q_00060,4,g0685,0,irrelevant,Greeting,b,rf_07,"{""class_weight"":""balanced"",""max_depth"":8,""max_features"":0.1,""min_samples_leaf"":4,""n_estimators"":200,""n_jobs"":2,""random_state"":42}",sigmoid,0.6168614575331975,0.7290147224174643,0.5,0.5707196595693419,0.1722820225651108,1,1,1,irrelevant,0.6254185658971251,1,1,1
687,q_00368,0,g0686,1,relevant,Medical,b,rf_05,"{""class_weight"":""balanced"",""max_depth"":8,""max_features"":""sqrt"",""min_samples_leaf"":4,""n_estimators"":200,""n_jobs"":2,""random_state"":42}",sigmoid,0.7796277546318605,0.9451024279995773,0.5,0.582359477617837,0.1627977160030385,1,1,1,relevant,0.6904245018959045,1,1,1
688,q_01105,3,g0687,1,relevant,Medical,b,rf_11,"{""class_weight"":""balanced"",""max_depth"":8,""max_features"":0.1,""min_samples_leaf"":1,""n_estimators"":200,""n_jobs"":2,""random_state"":42}",sigmoid,0.6767124126822065,0.8296038273362364,0.5,0.5676273080285626,0.16747729019059301,1,1,1,relevant,0.9364080718188794,1,1,1
689,q_00809,3,g0688,1,relevant,Medical,b,rf_11,"{""class_weight"":""balanced"",""max_depth"":8,""max_features"":0.1,""min_samples_leaf"":1,""n_estimators"":200,""n_jobs"":2,""random_state"":42}",sigmoid,0.7758628530967777,0.9279725717780827,0.5,0.5676273080285626,0.16747729019059301,1,1,1,relevant,0.8958033534805223,1,1,1
690,q_00773,3,g0689,1,relevant,Other,b,rf_11,"{""class_weight"":""balanced"",""max_depth"":8,""max_features"":0.1,""min_samples_leaf"":1,""n_estimators"":200,""n_jobs"":2,""random_state"":42}",sigmoid,0.765996042151944,0.9212254826660674,0.5,0.5676273080285626,0.16747729019059301,1,1,1,relevant,0.969242780681744,1,1,1
691,q_00824,1,g0690,1,relevant,Medical,b,rf_23,"{""class_weight"":""balanced"",""max_depth"":null,""max_features"":0.1,""min_samples_leaf"":1,""n_estimators"":200,""n_jobs"":2,""random_state"":42}",sigmoid,0.975,0.9932107446577458,0.5,0.5737654315094001,0.17496831816334135,1,1,1,relevant,0.9998107180849926,1,1,1
692,q_01759,3,g0691,1,relevant,Delivery confirmation,b,rf_11,"{""class_weight"":""balanced"",""max_depth"":8,""max_features"":0.1,""min_samples_leaf"":1,""n_estimators"":200,""n_jobs"":2,""random_state"":42}",sigmoid,0.9106193586670085,0.9797382691983123,0.5,0.5676273080285626,0.16747729019059301,1,1,1,relevant,0.9924623182256836,1,1,1
693,q_01674,3,g0692,1,relevant,Language change,b,rf_11,"{""class_weight"":""balanced"",""max_depth"":8,""max_features"":0.1,""min_samples_leaf"":1,""n_estimators"":200,""n_jobs"":2,""random_state"":42}",sigmoid,0.7090627856494852,0.8699290659132684,0.5,0.5676273080285626,0.16747729019059301,1,1,1,relevant,0.9831619325102644,1,1,1
694,q_01054,3,g0693,1,relevant,Other,b,rf_11,"{""class_weight"":""balanced"",""max_depth"":8,""max_features"":0.1,""min_samples_leaf"":1,""n_estimators"":200,""n_jobs"":2,""random_state"":42}",sigmoid,0.35363998782044254,0.16965971514059647,0.5,0.5676273080285626,0.16747729019059301,0,0,1,relevant,0.8555771400125435,1,1,1
695,q_01197,1,g0694,0,irrelevant,Acknowledgment,b,rf_23,"{""class_weight"":""balanced"",""max_depth"":null,""max_features"":0.1,""min_samples_leaf"":1,""n_estimators"":200,""n_jobs"":2,""random_state"":42}",sigmoid,0.005,0.0036403086033238237,0.5,0.5737654315094001,0.17496831816334135,0,0,0,irrelevant,0.0048670868898851,0,0,0
696,q_00864,1,g0695,1,relevant,Medical,b,rf_23,"{""class_weight"":""balanced"",""max_depth"":null,""max_features"":0.1,""min_samples_leaf"":1,""n_estimators"":200,""n_jobs"":2,""random_state"":42}",sigmoid,0.865,0.9777694668431516,0.5,0.5737654315094001,0.17496831816334135,1,1,1,relevant,0.9964894057219054,1,1,1
697,q_01122,0,g0696,0,irrelevant,Acknowledgment,b,rf_05,"{""class_weight"":""balanced"",""max_depth"":8,""max_features"":""sqrt"",""min_samples_leaf"":4,""n_estimators"":200,""n_jobs"":2,""random_state"":42}",sigmoid,0.08592296542682723,0.0087385774693606,0.5,0.582359477617837,0.1627977160030385,0,0,0,irrelevant,0.0363235995173454,0,0,0
698,q_01206,2,g0697,0,irrelevant,Acknowledgment,b,rf_09,"{""class_weight"":""balanced"",""max_depth"":8,""max_features"":""sqrt"",""min_samples_leaf"":1,""n_estimators"":200,""n_jobs"":2,""random_state"":42}",sigmoid,0.1463652314871241,0.017702619135051716,0.5,0.5791065989200652,0.23587676490709863,0,0,0,irrelevant,0.0109588165930084,0,0,0
699,q_01305,1,g0698,0,irrelevant,Acknowledgment,b,rf_23,"{""class_weight"":""balanced"",""max_depth"":null,""max_features"":0.1,""min_samples_leaf"":1,""n_estimators"":200,""n_jobs"":2,""random_state"":42}",sigmoid,0.3,0.0840118311709896,0.5,0.5737654315094001,0.17496831816334135,0,0,0,relevant,0.1972249119938909,0,0,1
700,q_01803,4,g0699,1,relevant,Date,b,rf_07,"{""class_weight"":""balanced"",""max_depth"":8,""max_features"":0.1,""min_samples_leaf"":4,""n_estimators"":200,""n_jobs"":2,""random_state"":42}",sigmoid,0.8092851836105059,0.9481553645935862,0.5,0.5707196595693419,0.1722820225651108,1,1,1,relevant,0.9718128398455947,1,1,1
701,q_00919,0,g0700,1,relevant,Medical,b,rf_05,"{""class_weight"":""balanced"",""max_depth"":8,""max_features"":""sqrt"",""min_samples_leaf"":4,""n_estimators"":200,""n_jobs"":2,""random_state"":42}",sigmoid,0.7914216480957501,0.9514153965422774,0.5,0.582359477617837,0.1627977160030385,1,1,1,relevant,0.9240787029266356,1,1,1
702,q_00709,4,g0701,1,relevant,Medical,b,rf_07,"{""class_weight"":""balanced"",""max_depth"":8,""max_features"":0.1,""min_samples_leaf"":4,""n_estimators"":200,""n_jobs"":2,""random_state"":42}",sigmoid,0.8054150692997486,0.9462273867817877,0.5,0.5707196595693419,0.1722820225651108,1,1,1,relevant,0.8655133561610476,1,1,1
703,q_00015,1,g0702,0,irrelevant,Greeting,b,rf_23,"{""class_weight"":""balanced"",""max_depth"":null,""max_features"":0.1,""min_samples_leaf"":1,""n_estimators"":200,""n_jobs"":2,""random_state"":42}",sigmoid,0.025,0.004525318190638034,0.5,0.5737654315094001,0.17496831816334135,0,0,0,irrelevant,0.0294071742355827,0,0,0
704,q_01074,3,g0703,1,relevant,Other,b,rf_11,"{""class_weight"":""balanced"",""max_depth"":8,""max_features"":0.1,""min_samples_leaf"":1,""n_estimators"":200,""n_jobs"":2,""random_state"":42}",sigmoid,0.5698063588390108,0.6303153573386182,0.5,0.5676273080285626,0.16747729019059301,1,1,1,relevant,0.9134576288027692,1,1,1
705,q_01108,1,g0704,1,relevant,Medical,b,rf_23,"{""class_weight"":""balanced"",""max_depth"":null,""max_features"":0.1,""min_samples_leaf"":1,""n_estimators"":200,""n_jobs"":2,""random_state"":42}",sigmoid,0.665,0.8318403200346618,0.5,0.5737654315094001,0.17496831816334135,1,1,1,relevant,0.7370855313897834,1,1,1
706,q_01756,3,g0705,1,relevant,Delivery confirmation,b,rf_11,"{""class_weight"":""balanced"",""max_depth"":8,""max_features"":0.1,""min_samples_leaf"":1,""n_estimators"":200,""n_jobs"":2,""random_state"":42}",sigmoid,0.8881799969549149,0.9748718098455806,0.5,0.5676273080285626,0.16747729019059301,1,1,1,relevant,0.9981504933217265,1,1,1
707,q_01470,4,g0706,0,irrelevant,Acknowledgment,b,rf_07,"{""class_weight"":""balanced"",""max_depth"":8,""max_features"":0.1,""min_samples_leaf"":4,""n_estimators"":200,""n_jobs"":2,""random_state"":42}",sigmoid,0.21264903861746057,0.04580257138153852,0.5,0.5707196595693419,0.1722820225651108,0,0,0,irrelevant,0.0074915691843968,0,0,0
708,q_00146,3,g0707,0,irrelevant,Acknowledgment,b,rf_11,"{""class_weight"":""balanced"",""max_depth"":8,""max_features"":0.1,""min_samples_leaf"":1,""n_estimators"":200,""n_jobs"":2,""random_state"":42}",sigmoid,0.3329332050234857,0.14291684792886625,0.5,0.5676273080285626,0.16747729019059301,0,0,0,irrelevant,0.0059491157603152,0,0,0
709,q_01583,0,g0708,0,irrelevant,OSS,b,rf_05,"{""class_weight"":""balanced"",""max_depth"":8,""max_features"":""sqrt"",""min_samples_leaf"":4,""n_estimators"":200,""n_jobs"":2,""random_state"":42}",sigmoid,0.2366573071529611,0.043737733519850955,0.5,0.582359477617837,0.1627977160030385,0,0,0,irrelevant,0.0080761052668094,0,0,0
710,q_01309,4,g0709,0,irrelevant,Acknowledgment,b,rf_07,"{""class_weight"":""balanced"",""max_depth"":8,""max_features"":0.1,""min_samples_leaf"":4,""n_estimators"":200,""n_jobs"":2,""random_state"":42}",sigmoid,0.4461281914306354,0.32938672615066755,0.5,0.5707196595693419,0.1722820225651108,0,0,1,relevant,0.1551174570725945,0,0,0
711,q_01295,1,g0710,0,irrelevant,Acknowledgment,b,rf_23,"{""class_weight"":""balanced"",""max_depth"":null,""max_features"":0.1,""min_samples_leaf"":1,""n_estimators"":200,""n_jobs"":2,""random_state"":42}",sigmoid,0.075,0.0077887039021624855,0.5,0.5737654315094001,0.17496831816334135,0,0,0,irrelevant,0.0250810468779131,0,0,0
712,q_00900,3,g0711,1,relevant,Medical,b,rf_11,"{""class_weight"":""balanced"",""max_depth"":8,""max_features"":0.1,""min_samples_leaf"":1,""n_estimators"":200,""n_jobs"":2,""random_state"":42}",sigmoid,0.9303023606143218,0.9832379630296623,0.5,0.5676273080285626,0.16747729019059301,1,1,1,relevant,0.9740910115357458,1,1,1
713,q_00018,1,g0712,0,irrelevant,Greeting,b,rf_23,"{""class_weight"":""balanced"",""max_depth"":null,""max_features"":0.1,""min_samples_leaf"":1,""n_estimators"":200,""n_jobs"":2,""random_state"":42}",sigmoid,0.58,0.66151820419985,0.5,0.5737654315094001,0.17496831816334135,1,1,1,irrelevant,0.6153694241204537,1,1,1
714,q_01465,3,g0713,0,irrelevant,Acknowledgment,b,rf_11,"{""class_weight"":""balanced"",""max_depth"":8,""max_features"":0.1,""min_samples_leaf"":1,""n_estimators"":200,""n_jobs"":2,""random_state"":42}",sigmoid,0.1601256236259075,0.02967492622688342,0.5,0.5676273080285626,0.16747729019059301,0,0,0,irrelevant,0.0573576276959463,0,0,0
715,q_01532,2,g0714,0,irrelevant,Acknowledgment,b,rf_09,"{""class_weight"":""balanced"",""max_depth"":8,""max_features"":""sqrt"",""min_samples_leaf"":1,""n_estimators"":200,""n_jobs"":2,""random_state"":42}",sigmoid,0.014221570105822192,0.00433095639655534,0.5,0.5791065989200652,0.23587676490709863,0,0,0,irrelevant,0.0029997863116019,0,0,0
716,q_01671,1,g0715,1,relevant,Language change,b,rf_23,"{""class_weight"":""balanced"",""max_depth"":null,""max_features"":0.1,""min_samples_leaf"":1,""n_estimators"":200,""n_jobs"":2,""random_state"":42}",sigmoid,0.725,0.9050165625010116,0.5,0.5737654315094001,0.17496831816334135,1,1,1,relevant,0.8196708526778632,1,1,1
717,q_01263,0,g0716,0,irrelevant,Acknowledgment,b,rf_05,"{""class_weight"":""balanced"",""max_depth"":8,""max_features"":""sqrt"",""min_samples_leaf"":4,""n_estimators"":200,""n_jobs"":2,""random_state"":42}",sigmoid,0.13725121231270027,0.015208232368700109,0.5,0.582359477617837,0.1627977160030385,0,0,0,irrelevant,0.0087001174688339,0,0,0
718,q_00270,1,g0717,1,relevant,Language change,b,rf_23,"{""class_weight"":""balanced"",""max_depth"":null,""max_features"":0.1,""min_samples_leaf"":1,""n_estimators"":200,""n_jobs"":2,""random_state"":42}",sigmoid,0.745,0.9222099072328971,0.5,0.5737654315094001,0.17496831816334135,1,1,1,relevant,0.979652984960695,1,1,1
719,q_00886,0,g0718,1,relevant,Medical,b,rf_05,"{""class_weight"":""balanced"",""max_depth"":8,""max_features"":""sqrt"",""min_samples_leaf"":4,""n_estimators"":200,""n_jobs"":2,""random_state"":42}",sigmoid,0.7919361579432485,0.951674508104313,0.5,0.582359477617837,0.1627977160030385,1,1,1,relevant,0.9730658531188964,1,1,1
720,q_01199,1,g0719,0,irrelevant,Acknowledgment,b,rf_23,"{""class_weight"":""balanced"",""max_depth"":null,""max_features"":0.1,""min_samples_leaf"":1,""n_estimators"":200,""n_jobs"":2,""random_state"":42}",sigmoid,0.015,0.0040588607281465865,0.5,0.5737654315094001,0.17496831816334135,0,0,0,irrelevant,0.0121971339885387,0,0,0
721,q_01396,3,g0720,0,irrelevant,Acknowledgment,b,rf_11,"{""class_weight"":""balanced"",""max_depth"":8,""max_features"":0.1,""min_samples_leaf"":1,""n_estimators"":200,""n_jobs"":2,""random_state"":42}",sigmoid,0.03585217775430382,0.00895066195110903,0.5,0.5676273080285626,0.16747729019059301,0,0,0,irrelevant,0.2150104855144331,0,0,1
722,q_00100,4,g0721,0,irrelevant,Acknowledgment,b,rf_07,"{""class_weight"":""balanced"",""max_depth"":8,""max_features"":0.1,""min_samples_leaf"":4,""n_estimators"":200,""n_jobs"":2,""random_state"":42}",sigmoid,0.2859808742009756,0.09061833995421187,0.5,0.5707196595693419,0.1722820225651108,0,0,0,irrelevant,0.2756103793463281,0,0,1
723,q_01409,1,g0722,0,irrelevant,Acknowledgment,b,rf_23,"{""class_weight"":""balanced"",""max_depth"":null,""max_features"":0.1,""min_samples_leaf"":1,""n_estimators"":200,""n_jobs"":2,""random_state"":42}",sigmoid,0.025,0.004525318190638034,0.5,0.5737654315094001,0.17496831816334135,0,0,0,irrelevant,0.0178834996149135,0,0,0
724,q_01232,4,g0723,0,irrelevant,Acknowledgment,b,rf_07,"{""class_weight"":""balanced"",""max_depth"":8,""max_features"":0.1,""min_samples_leaf"":4,""n_estimators"":200,""n_jobs"":2,""random_state"":42}",sigmoid,0.5155467186868884,0.4951210239487398,0.5,0.5707196595693419,0.1722820225651108,0,0,1,irrelevant,0.8444263774723167,1,1,1
725,q_01153,2,g0724,0,irrelevant,Acknowledgment,b,rf_09,"{""class_weight"":""balanced"",""max_depth"":8,""max_features"":""sqrt"",""min_samples_leaf"":1,""n_estimators"":200,""n_jobs"":2,""random_state"":42}",sigmoid,0.2422311854295737,0.048109557913907114,0.5,0.5791065989200652,0.23587676490709863,0,0,0,irrelevant,0.1223246428733843,0,0,0
726,q_01775,4,g0725,1,relevant,Delivery confirmation,b,rf_07,"{""class_weight"":""balanced"",""max_depth"":8,""max_features"":0.1,""min_samples_leaf"":4,""n_estimators"":200,""n_jobs"":2,""random_state"":42}",sigmoid,0.8636144717009807,0.9691539285260141,0.5,0.5707196595693419,0.1722820225651108,1,1,1,relevant,0.9817436771258978,1,1,1
727,q_01102,0,g0726,1,relevant,Other,b,rf_05,"{""class_weight"":""balanced"",""max_depth"":8,""max_features"":""sqrt"",""min_samples_leaf"":4,""n_estimators"":200,""n_jobs"":2,""random_state"":42}",sigmoid,0.5953110411037421,0.696906041410978,0.5,0.582359477617837,0.1627977160030385,1,1,1,relevant,0.933552622795105,1,1,1
728,q_01262,1,g0727,0,irrelevant,Acknowledgment,b,rf_23,"{""class_weight"":""balanced"",""max_depth"":null,""max_features"":0.1,""min_samples_leaf"":1,""n_estimators"":200,""n_jobs"":2,""random_state"":42}",sigmoid,0.065,0.006988226929070033,0.5,0.5737654315094001,0.17496831816334135,0,0,0,irrelevant,0.0186875710402271,0,0,0
729,q_01308,3,g0728,0,irrelevant,Acknowledgment,b,rf_11,"{""class_weight"":""balanced"",""max_depth"":8,""max_features"":0.1,""min_samples_leaf"":1,""n_estimators"":200,""n_jobs"":2,""random_state"":42}",sigmoid,0.02225829633045176,0.007841467820740687,0.5,0.5676273080285626,0.16747729019059301,0,0,0,irrelevant,0.2155915861585966,0,0,1
730,q_00337,2,g0729,1,relevant,Medical,b,rf_09,"{""class_weight"":""balanced"",""max_depth"":8,""max_features"":""sqrt"",""min_samples_leaf"":1,""n_estimators"":200,""n_jobs"":2,""random_state"":42}",sigmoid,0.6025228048449831,0.7090184159092837,0.5,0.5791065989200652,0.23587676490709863,1,1,1,relevant,0.7864090262667631,1,1,1
731,q_00708,3,g0730,1,relevant,Medical,b,rf_11,"{""class_weight"":""balanced"",""max_depth"":8,""max_features"":0.1,""min_samples_leaf"":1,""n_estimators"":200,""n_jobs"":2,""random_state"":42}",sigmoid,0.7097561768733346,0.8706971811430891,0.5,0.5676273080285626,0.16747729019059301,1,1,1,relevant,0.9394556623687442,1,1,1
732,q_00867,4,g0731,1,relevant,Medical,b,rf_07,"{""class_weight"":""balanced"",""max_depth"":8,""max_features"":0.1,""min_samples_leaf"":4,""n_estimators"":200,""n_jobs"":2,""random_state"":42}",sigmoid,0.9548571770585061,0.9873358797975912,0.5,0.5707196595693419,0.1722820225651108,1,1,1,relevant,0.998226422667765,1,1,1
733,q_01080,1,g0732,1,relevant,Other,b,rf_23,"{""class_weight"":""balanced"",""max_depth"":null,""max_features"":0.1,""min_samples_leaf"":1,""n_estimators"":200,""n_jobs"":2,""random_state"":42}",sigmoid,0.645,0.7990260777686686,0.5,0.5737654315094001,0.17496831816334135,1,1,1,relevant,0.971751930859914,1,1,1
734,q_01324,1,g0733,1,relevant,Feedback,b,rf_23,"{""class_weight"":""balanced"",""max_depth"":null,""max_features"":0.1,""min_samples_leaf"":1,""n_estimators"":200,""n_jobs"":2,""random_state"":42}",sigmoid,0.065,0.006988226929070033,0.5,0.5737654315094001,0.17496831816334135,0,0,0,relevant,0.0200056861461471,0,0,0
735,q_00890,0,g0734,1,relevant,Medical,b,rf_05,"{""class_weight"":""balanced"",""max_depth"":8,""max_features"":""sqrt"",""min_samples_leaf"":4,""n_estimators"":200,""n_jobs"":2,""random_state"":42}",sigmoid,0.9368675514176482,0.9896799243537308,0.5,0.582359477617837,0.1627977160030385,1,1,1,relevant,0.9976333379745485,1,1,1
736,q_01352,4,g0735,0,irrelevant,Acknowledgment,b,rf_07,"{""class_weight"":""balanced"",""max_depth"":8,""max_features"":0.1,""min_samples_leaf"":4,""n_estimators"":200,""n_jobs"":2,""random_state"":42}",sigmoid,0.016641673154449768,0.006767300599246981,0.5,0.5707196595693419,0.1722820225651108,0,0,0,irrelevant,0.0227263419386238,0,0,0
737,q_01101,1,g0736,1,relevant,Other,b,rf_23,"{""class_weight"":""balanced"",""max_depth"":null,""max_features"":0.1,""min_samples_leaf"":1,""n_estimators"":200,""n_jobs"":2,""random_state"":42}",sigmoid,0.62,0.7515849549985429,0.5,0.5737654315094001,0.17496831816334135,1,1,1,relevant,0.8744261788282555,1,1,1
738,q_00392,3,g0737,1,relevant,Medical,b,rf_11,"{""class_weight"":""balanced"",""max_depth"":8,""max_features"":0.1,""min_samples_leaf"":1,""n_estimators"":200,""n_jobs"":2,""random_state"":42}",sigmoid,0.8786123365104934,0.972465954761115,0.5,0.5676273080285626,0.16747729019059301,1,1,1,relevant,0.9558596259155456,1,1,1
739,q_01429,2,g0738,0,irrelevant,Acknowledgment,b,rf_09,"{""class_weight"":""balanced"",""max_depth"":8,""max_features"":""sqrt"",""min_samples_leaf"":1,""n_estimators"":200,""n_jobs"":2,""random_state"":42}",sigmoid,0.19668228472286964,0.030034021253488658,0.5,0.5791065989200652,0.23587676490709863,0,0,0,relevant,0.0445149518450802,0,0,0
740,q_00120,3,g0739,1,relevant,Other,b,rf_11,"{""class_weight"":""balanced"",""max_depth"":8,""max_features"":0.1,""min_samples_leaf"":1,""n_estimators"":200,""n_jobs"":2,""random_state"":42}",sigmoid,0.6491827658008699,0.7879523405410326,0.5,0.5676273080285626,0.16747729019059301,1,1,1,relevant,0.6664541608608897,1,1,1
741,q_01167,0,g0740,1,relevant,Delivery confirmation,b,rf_05,"{""class_weight"":""balanced"",""max_depth"":8,""max_features"":""sqrt"",""min_samples_leaf"":4,""n_estimators"":200,""n_jobs"":2,""random_state"":42}",sigmoid,0.8416581171643612,0.971345078812842,0.5,0.582359477617837,0.1627977160030385,1,1,1,relevant,0.8963434100151062,1,1,1
742,q_00188,1,g0741,0,irrelevant,Acknowledgment,b,rf_23,"{""class_weight"":""balanced"",""max_depth"":null,""max_features"":0.1,""min_samples_leaf"":1,""n_estimators"":200,""n_jobs"":2,""random_state"":42}",sigmoid,0.68,0.853535936618646,0.5,0.5737654315094001,0.17496831816334135,1,1,1,relevant,0.8141248013772272,1,1,1
743,q_01538,0,g0742,1,relevant,Feedback,b,rf_05,"{""class_weight"":""balanced"",""max_depth"":8,""max_features"":""sqrt"",""min_samples_leaf"":4,""n_estimators"":200,""n_jobs"":2,""random_state"":42}",sigmoid,0.6771642973954044,0.8489843846674386,0.5,0.582359477617837,0.1627977160030385,1,1,1,relevant,0.6120709776878357,1,1,1
744,q_00143,4,g0743,0,irrelevant,Acknowledgment,b,rf_07,"{""class_weight"":""balanced"",""max_depth"":8,""max_features"":0.1,""min_samples_leaf"":4,""n_estimators"":200,""n_jobs"":2,""random_state"":42}",sigmoid,0.07383040393295773,0.011900134566911117,0.5,0.5707196595693419,0.1722820225651108,0,0,0,irrelevant,0.0951606549296084,0,0,0
745,q_01649,3,g0744,0,irrelevant,OSS,b,rf_11,"{""class_weight"":""balanced"",""max_depth"":8,""max_features"":0.1,""min_samples_leaf"":1,""n_estimators"":200,""n_jobs"":2,""random_state"":42}",sigmoid,0.7145846802187817,0.8759394846982157,0.5,0.5676273080285626,0.16747729019059301,1,1,1,irrelevant,0.1990845585589621,0,0,1
746,q_00353,0,g0745,1,relevant,Medical,b,rf_05,"{""class_weight"":""balanced"",""max_depth"":8,""max_features"":""sqrt"",""min_samples_leaf"":4,""n_estimators"":200,""n_jobs"":2,""random_state"":42}",sigmoid,0.8874009310113163,0.9824153311818046,0.5,0.582359477617837,0.1627977160030385,1,1,1,relevant,0.9812582731246948,1,1,1
747,q_00442,1,g0746,1,relevant,Medical,b,rf_23,"{""class_weight"":""balanced"",""max_depth"":null,""max_features"":0.1,""min_samples_leaf"":1,""n_estimators"":200,""n_jobs"":2,""random_state"":42}",sigmoid,0.66,0.82405987857697,0.5,0.5737654315094001,0.17496831816334135,1,1,1,relevant,0.9274704636460096,1,1,1
748,q_01604,3,g0747,0,irrelevant,OSS,b,rf_11,"{""class_weight"":""balanced"",""max_depth"":8,""max_features"":0.1,""min_samples_leaf"":1,""n_estimators"":200,""n_jobs"":2,""random_state"":42}",sigmoid,0.5819087501808754,0.6575401557059157,0.5,0.5676273080285626,0.16747729019059301,1,1,1,irrelevant,0.4094709534434715,0,0,1
749,q_01132,0,g0748,0,irrelevant,Acknowledgment,b,rf_05,"{""class_weight"":""balanced"",""max_depth"":8,""max_features"":""sqrt"",""min_samples_leaf"":4,""n_estimators"":200,""n_jobs"":2,""random_state"":42}",sigmoid,0.0037843631890889877,0.0035814580359417995,0.5,0.582359477617837,0.1627977160030385,0,0,0,irrelevant,0.0187085047364234,0,0,0
750,q_00826,3,g0749,1,relevant,Medical,b,rf_11,"{""class_weight"":""balanced"",""max_depth"":8,""max_features"":0.1,""min_samples_leaf"":1,""n_estimators"":200,""n_jobs"":2,""random_state"":42}",sigmoid,0.9276275675150529,0.9827997626959923,0.5,0.5676273080285626,0.16747729019059301,1,1,1,relevant,0.9920477330785424,1,1,1
751,q_00800,0,g0750,1,relevant,Medical,b,rf_05,"{""class_weight"":""balanced"",""max_depth"":8,""max_features"":""sqrt"",""min_samples_leaf"":4,""n_estimators"":200,""n_jobs"":2,""random_state"":42}",sigmoid,0.8025994033287108,0.9567578311071223,0.5,0.582359477617837,0.1627977160030385,1,1,1,relevant,0.9906694889068604,1,1,1
752,q_00021,3,g0751,0,irrelevant,Greeting,b,rf_11,"{""class_weight"":""balanced"",""max_depth"":8,""max_features"":0.1,""min_samples_leaf"":1,""n_estimators"":200,""n_jobs"":2,""random_state"":42}",sigmoid,0.045866847181357764,0.009866000557380366,0.5,0.5676273080285626,0.16747729019059301,0,0,0,irrelevant,0.6198605742263446,1,1,1
753,q_01200,4,g0752,0,irrelevant,Acknowledgment,b,rf_07,"{""class_weight"":""balanced"",""max_depth"":8,""max_features"":0.1,""min_samples_leaf"":4,""n_estimators"":200,""n_jobs"":2,""random_state"":42}",sigmoid,0.39318712447584914,0.22473554163263607,0.5,0.5707196595693419,0.1722820225651108,0,0,1,irrelevant,0.0826443160780293,0,0,0
754,q_00710,0,g0753,1,relevant,Medical,b,rf_05,"{""class_weight"":""balanced"",""max_depth"":8,""max_features"":""sqrt"",""min_samples_leaf"":4,""n_estimators"":200,""n_jobs"":2,""random_state"":42}",sigmoid,0.6921714505010285,0.868821029311814,0.5,0.582359477617837,0.1627977160030385,1,1,1,relevant,0.5095995664596558,1,0,1
755,q_00559,3,g0754,1,relevant,Medical,b,rf_11,"{""class_weight"":""balanced"",""max_depth"":8,""max_features"":0.1,""min_samples_leaf"":1,""n_estimators"":200,""n_jobs"":2,""random_state"":42}",sigmoid,0.5766042704048818,0.6457225327536888,0.5,0.5676273080285626,0.16747729019059301,1,1,1,relevant,0.9734076438558438,1,1,1
756,q_00670,4,g0755,1,relevant,Medical,b,rf_07,"{""class_weight"":""balanced"",""max_depth"":8,""max_features"":0.1,""min_samples_leaf"":4,""n_estimators"":200,""n_jobs"":2,""random_state"":42}",sigmoid,0.6799402730769916,0.8345089410509406,0.5,0.5707196595693419,0.1722820225651108,1,1,1,relevant,0.5474338452003161,1,1,1
757,q_01518,0,g0756,0,irrelevant,Acknowledgment,b,rf_05,"{""class_weight"":""balanced"",""max_depth"":8,""max_features"":""sqrt"",""min_samples_leaf"":4,""n_estimators"":200,""n_jobs"":2,""random_state"":42}",sigmoid,0.10422117979111935,0.010651278551847483,0.5,0.582359477617837,0.1627977160030385,0,0,0,irrelevant,0.0514559224247932,0,0,0
758,q_01356,1,g0757,1,relevant,Feedback,b,rf_23,"{""class_weight"":""balanced"",""max_depth"":null,""max_features"":0.1,""min_samples_leaf"":1,""n_estimators"":200,""n_jobs"":2,""random_state"":42}",sigmoid,0.215,0.03496876896292706,0.5,0.5737654315094001,0.17496831816334135,0,0,0,relevant,0.0327610454966742,0,0,0
759,q_01440,3,g0758,0,irrelevant,Acknowledgment,b,rf_11,"{""class_weight"":""balanced"",""max_depth"":8,""max_features"":0.1,""min_samples_leaf"":1,""n_estimators"":200,""n_jobs"":2,""random_state"":42}",sigmoid,0.4831572635241043,0.42143971186772267,0.5,0.5676273080285626,0.16747729019059301,0,0,1,irrelevant,0.2041363674208569,0,0,1
760,q_00760,4,g0759,1,relevant,Medical,b,rf_07,"{""class_weight"":""balanced"",""max_depth"":8,""max_features"":0.1,""min_samples_leaf"":4,""n_estimators"":200,""n_jobs"":2,""random_state"":42}",sigmoid,0.6555370333280185,0.7981638541212793,0.5,0.5707196595693419,0.1722820225651108,1,1,1,relevant,0.9431608251206338,1,1,1
761,q_01720,0,g0760,1,relevant,Delivery confirmation,b,rf_05,"{""class_weight"":""balanced"",""max_depth"":8,""max_features"":""sqrt"",""min_samples_leaf"":4,""n_estimators"":200,""n_jobs"":2,""random_state"":42}",sigmoid,0.7491630859637752,0.9250530815811517,0.5,0.582359477617837,0.1627977160030385,1,1,1,relevant,0.9961152076721193,1,1,1
762,q_01726,4,g0761,1,relevant,Delivery confirmation,b,rf_07,"{""class_weight"":""balanced"",""max_depth"":8,""max_features"":0.1,""min_samples_leaf"":4,""n_estimators"":200,""n_jobs"":2,""random_state"":42}",sigmoid,0.9357820403853521,0.9847264224039993,0.5,0.5707196595693419,0.1722820225651108,1,1,1,relevant,0.996849448919992,1,1,1
763,q_01189,3,g0762,0,irrelevant,Acknowledgment,b,rf_11,"{""class_weight"":""balanced"",""max_depth"":8,""max_features"":0.1,""min_samples_leaf"":1,""n_estimators"":200,""n_jobs"":2,""random_state"":42}",sigmoid,0.10968213261672005,0.018299418902460556,0.5,0.5676273080285626,0.16747729019059301,0,0,0,irrelevant,0.0017560395138315,0,0,0
764,q_00750,0,g0763,1,relevant,Medical,b,rf_05,"{""class_weight"":""balanced"",""max_depth"":8,""max_features"":""sqrt"",""min_samples_leaf"":4,""n_estimators"":200,""n_jobs"":2,""random_state"":42}",sigmoid,0.8779887521621547,0.9805483743220401,0.5,0.582359477617837,0.1627977160030385,1,1,1,relevant,0.996015965938568,1,1,1
765,q_01208,3,g0764,0,irrelevant,Acknowledgment,b,rf_11,"{""class_weight"":""balanced"",""max_depth"":8,""max_features"":0.1,""min_samples_leaf"":1,""n_estimators"":200,""n_jobs"":2,""random_state"":42}",sigmoid,0.05096795024023188,0.010367273062953817,0.5,0.5676273080285626,0.16747729019059301,0,0,0,irrelevant,0.0043139365138852,0,0,0
766,q_00468,4,g0765,1,relevant,Medical,b,rf_07,"{""class_weight"":""balanced"",""max_depth"":8,""max_features"":0.1,""min_samples_leaf"":4,""n_estimators"":200,""n_jobs"":2,""random_state"":42}",sigmoid,0.9405573171748601,0.9854255509090842,0.5,0.5707196595693419,0.1722820225651108,1,1,1,relevant,0.998498361660263,1,1,1
767,q_00694,4,g0766,1,relevant,Medical,b,rf_07,"{""class_weight"":""balanced"",""max_depth"":8,""max_features"":0.1,""min_samples_leaf"":4,""n_estimators"":200,""n_jobs"":2,""random_state"":42}",sigmoid,0.9436569819365893,0.9858623860043447,0.5,0.5707196595693419,0.1722820225651108,1,1,1,relevant,0.9988259387203604,1,1,1
768,q_01150,2,g0767,0,irrelevant,Acknowledgment,b,rf_09,"{""class_weight"":""balanced"",""max_depth"":8,""max_features"":""sqrt"",""min_samples_leaf"":1,""n_estimators"":200,""n_jobs"":2,""random_state"":42}",sigmoid,0.5790556452092788,0.6543441039574639,0.5,0.5791065989200652,0.23587676490709863,1,1,1,irrelevant,0.4213536652963975,0,0,1
769,q_01433,0,g0768,1,relevant,Delivery confirmation,b,rf_05,"{""class_weight"":""balanced"",""max_depth"":8,""max_features"":""sqrt"",""min_samples_leaf"":4,""n_estimators"":200,""n_jobs"":2,""random_state"":42}",sigmoid,0.34639685516769214,0.1316805689235983,0.5,0.582359477617837,0.1627977160030385,0,0,0,relevant,0.5377378463745117,1,1,1
770,q_01184,1,g0769,0,irrelevant,Acknowledgment,b,rf_23,"{""class_weight"":""balanced"",""max_depth"":null,""max_features"":0.1,""min_samples_leaf"":1,""n_estimators"":200,""n_jobs"":2,""random_state"":42}",sigmoid,0.34,0.12433221204742761,0.5,0.5737654315094001,0.17496831816334135,0,0,0,irrelevant,0.1340612950776693,0,0,0
771,q_00019,0,g0770,0,irrelevant,Greeting,b,rf_05,"{""class_weight"":""balanced"",""max_depth"":8,""max_features"":""sqrt"",""min_samples_leaf"":4,""n_estimators"":200,""n_jobs"":2,""random_state"":42}",sigmoid,0.20587285846101422,0.031643516203898096,0.5,0.582359477617837,0.1627977160030385,0,0,0,irrelevant,0.0659934729337692,0,0,0
772,q_00447,3,g0771,1,relevant,Medical,b,rf_11,"{""class_weight"":""balanced"",""max_depth"":8,""max_features"":0.1,""min_samples_leaf"":1,""n_estimators"":200,""n_jobs"":2,""random_state"":42}",sigmoid,0.6989243642618058,0.8582494581115883,0.5,0.5676273080285626,0.16747729019059301,1,1,1,relevant,0.8657163385073238,1,1,1
773,q_00696,3,g0772,1,relevant,Medical,b,rf_11,"{""class_weight"":""balanced"",""max_depth"":8,""max_features"":0.1,""min_samples_leaf"":1,""n_estimators"":200,""n_jobs"":2,""random_state"":42}",sigmoid,0.921526754582433,0.9817577542749956,0.5,0.5676273080285626,0.16747729019059301,1,1,1,relevant,0.8800254506373266,1,1,1
774,q_01239,4,g0773,0,irrelevant,Acknowledgment,b,rf_07,"{""class_weight"":""balanced"",""max_depth"":8,""max_features"":0.1,""min_samples_leaf"":4,""n_estimators"":200,""n_jobs"":2,""random_state"":42}",sigmoid,0.30274023742482015,0.10534697519490896,0.5,0.5707196595693419,0.1722820225651108,0,0,0,irrelevant,0.215423947932024,0,0,1
775,q_00362,1,g0774,1,relevant,Medical,b,rf_23,"{""class_weight"":""balanced"",""max_depth"":null,""max_features"":0.1,""min_samples_leaf"":1,""n_estimators"":200,""n_jobs"":2,""random_state"":42}",sigmoid,0.905,0.985526025431871,0.5,0.5737654315094001,0.17496831816334135,1,1,1,relevant,0.9565166736424584,1,1,1
776,q_00497,2,g0775,1,relevant,Medical,b,rf_09,"{""class_weight"":""balanced"",""max_depth"":8,""max_features"":""sqrt"",""min_samples_leaf"":1,""n_estimators"":200,""n_jobs"":2,""random_state"":42}",sigmoid,0.587758515746894,0.6752011944506477,0.5,0.5791065989200652,0.23587676490709863,1,1,1,relevant,0.904392108066343,1,1,1
777,q_00109,2,g0776,0,irrelevant,Acknowledgment,b,rf_09,"{""class_weight"":""balanced"",""max_depth"":8,""max_features"":""sqrt"",""min_samples_leaf"":1,""n_estimators"":200,""n_jobs"":2,""random_state"":42}",sigmoid,0.6950652048830483,0.8683082798970998,0.5,0.5791065989200652,0.23587676490709863,1,1,1,irrelevant,0.815935201471896,1,1,1
778,q_00292,3,g0777,1,relevant,Language change,b,rf_11,"{""class_weight"":""balanced"",""max_depth"":8,""max_features"":0.1,""min_samples_leaf"":1,""n_estimators"":200,""n_jobs"":2,""random_state"":42}",sigmoid,0.7399927170689976,0.900599195764663,0.5,0.5676273080285626,0.16747729019059301,1,1,1,relevant,0.7951779824334916,1,1,1
779,q_01152,1,g0778,0,irrelevant,Acknowledgment,b,rf_23,"{""class_weight"":""balanced"",""max_depth"":null,""max_features"":0.1,""min_samples_leaf"":1,""n_estimators"":200,""n_jobs"":2,""random_state"":42}",sigmoid,0.26,0.055931977542590904,0.5,0.5737654315094001,0.17496831816334135,0,0,0,irrelevant,0.0989244346889322,0,0,0
780,q_01498,0,g0779,0,irrelevant,Acknowledgment,b,rf_05,"{""class_weight"":""balanced"",""max_depth"":8,""max_features"":""sqrt"",""min_samples_leaf"":4,""n_estimators"":200,""n_jobs"":2,""random_state"":42}",sigmoid,0.0712726638318014,0.007456015573210998,0.5,0.582359477617837,0.1627977160030385,0,0,0,irrelevant,0.0293690636754035,0,0,0
781,q_01094,4,g0780,1,relevant,Other,b,rf_07,"{""class_weight"":""balanced"",""max_depth"":8,""max_features"":0.1,""min_samples_leaf"":4,""n_estimators"":200,""n_jobs"":2,""random_state"":42}",sigmoid,0.6709585493505209,0.8217814364006489,0.5,0.5707196595693419,0.1722820225651108,1,1,1,relevant,0.5983372814937331,1,1,1
782,q_00714,3,g0781,1,relevant,Medical,b,rf_11,"{""class_weight"":""balanced"",""max_depth"":8,""max_features"":0.1,""min_samples_leaf"":1,""n_estimators"":200,""n_jobs"":2,""random_state"":42}",sigmoid,0.9638879543988828,0.9878879384515578,0.5,0.5676273080285626,0.16747729019059301,1,1,1,relevant,0.995315642451518,1,1,1
783,q_00281,3,g0782,1,relevant,Language change,b,rf_11,"{""class_weight"":""balanced"",""max_depth"":8,""max_features"":0.1,""min_samples_leaf"":1,""n_estimators"":200,""n_jobs"":2,""random_state"":42}",sigmoid,0.7992292150774907,0.9418756898647936,0.5,0.5676273080285626,0.16747729019059301,1,1,1,relevant,0.985430992530338,1,1,1
784,q_01697,4,g0783,1,relevant,Language change,b,rf_07,"{""class_weight"":""balanced"",""max_depth"":8,""max_features"":0.1,""min_samples_leaf"":4,""n_estimators"":200,""n_jobs"":2,""random_state"":42}",sigmoid,0.8353133499498019,0.9595159391384139,0.5,0.5707196595693419,0.1722820225651108,1,1,1,relevant,0.9264061770132364,1,1,1
785,q_01678,0,g0784,1,relevant,Language change,b,rf_05,"{""class_weight"":""balanced"",""max_depth"":8,""max_features"":""sqrt"",""min_samples_leaf"":4,""n_estimators"":200,""n_jobs"":2,""random_state"":42}",sigmoid,0.8094889969404059,0.9597663587312161,0.5,0.582359477617837,0.1627977160030385,1,1,1,relevant,0.949170470237732,1,1,1
786,q_01261,1,g0785,0,irrelevant,Acknowledgment,b,rf_23,"{""class_weight"":""balanced"",""max_depth"":null,""max_features"":0.1,""min_samples_leaf"":1,""n_estimators"":200,""n_jobs"":2,""random_state"":42}",sigmoid,0.13,0.014114126560689812,0.5,0.5737654315094001,0.17496831816334135,0,0,0,irrelevant,0.0959680141473191,0,0,0
787,q_01229,3,g0786,0,irrelevant,Acknowledgment,b,rf_11,"{""class_weight"":""balanced"",""max_depth"":8,""max_features"":0.1,""min_samples_leaf"":1,""n_estimators"":200,""n_jobs"":2,""random_state"":42}",sigmoid,0.006624763926909896,0.0067335564943306735,0.5,0.5676273080285626,0.16747729019059301,0,0,0,irrelevant,0.0059559513829926,0,0,0
788,q_01523,3,g0787,1,relevant,Feedback,b,rf_11,"{""class_weight"":""balanced"",""max_depth"":8,""max_features"":0.1,""min_samples_leaf"":1,""n_estimators"":200,""n_jobs"":2,""random_state"":42}",sigmoid,0.8097864992771266,0.9472952890083357,0.5,0.5676273080285626,0.16747729019059301,1,1,1,relevant,0.6659776264937562,1,1,1
789,q_01002,1,g0788,0,irrelevant,Automated message,b,rf_23,"{""class_weight"":""balanced"",""max_depth"":null,""max_features"":0.1,""min_samples_leaf"":1,""n_estimators"":200,""n_jobs"":2,""random_state"":42}",sigmoid,0.23,0.04094086361128199,0.5,0.5737654315094001,0.17496831816334135,0,0,0,irrelevant,0.1196694419438539,0,0,0
790,q_00186,4,g0789,0,irrelevant,Acknowledgment,b,rf_07,"{""class_weight"":""balanced"",""max_depth"":8,""max_features"":0.1,""min_samples_leaf"":4,""n_estimators"":200,""n_jobs"":2,""random_state"":42}",sigmoid,0.07959390375584048,0.012594424028987264,0.5,0.5707196595693419,0.1722820225651108,0,0,0,irrelevant,0.0778193272419163,0,0,0
791,q_01760,0,g0790,1,relevant,Delivery confirmation,b,rf_05,"{""class_weight"":""balanced"",""max_depth"":8,""max_features"":""sqrt"",""min_samples_leaf"":4,""n_estimators"":200,""n_jobs"":2,""random_state"":42}",sigmoid,0.8850363329667118,0.9819635448520779,0.5,0.582359477617837,0.1627977160030385,1,1,1,relevant,0.99685537815094,1,1,1
792,q_00390,2,g0791,1,relevant,Medical,b,rf_09,"{""class_weight"":""balanced"",""max_depth"":8,""max_features"":""sqrt"",""min_samples_leaf"":1,""n_estimators"":200,""n_jobs"":2,""random_state"":42}",sigmoid,0.4415415963918132,0.3013192261833188,0.5,0.5791065989200652,0.23587676490709863,0,0,1,relevant,0.7042082622338279,1,1,1
793,q_01736,1,g0792,1,relevant,Delivery confirmation,b,rf_23,"{""class_weight"":""balanced"",""max_depth"":null,""max_features"":0.1,""min_samples_leaf"":1,""n_estimators"":200,""n_jobs"":2,""random_state"":42}",sigmoid,0.865,0.9777694668431516,0.5,0.5737654315094001,0.17496831816334135,1,1,1,relevant,0.99238380526814,1,1,1
794,q_00230,2,g0793,0,irrelevant,Spam,b,rf_09,"{""class_weight"":""balanced"",""max_depth"":8,""max_features"":""sqrt"",""min_samples_leaf"":1,""n_estimators"":200,""n_jobs"":2,""random_state"":42}",sigmoid,0.6273283478816578,0.7608690903504617,0.5,0.5791065989200652,0.23587676490709863,1,1,1,irrelevant,0.7127090717331409,1,1,1
795,q_01504,0,g0794,0,irrelevant,Acknowledgment,b,rf_05,"{""class_weight"":""balanced"",""max_depth"":8,""max_features"":""sqrt"",""min_samples_leaf"":4,""n_estimators"":200,""n_jobs"":2,""random_state"":42}",sigmoid,0.01909680265594022,0.004230709614550458,0.5,0.582359477617837,0.1627977160030385,0,0,0,irrelevant,0.0121460203081369,0,0,0
796,q_00633,2,g0795,1,relevant,Medical,b,rf_09,"{""class_weight"":""balanced"",""max_depth"":8,""max_features"":""sqrt"",""min_samples_leaf"":1,""n_estimators"":200,""n_jobs"":2,""random_state"":42}",sigmoid,0.7067261581240706,0.8820010793074857,0.5,0.5791065989200652,0.23587676490709863,1,1,1,relevant,0.921986552032912,1,1,1
797,q_01063,0,g0796,1,relevant,Other,b,rf_05,"{""class_weight"":""balanced"",""max_depth"":8,""max_features"":""sqrt"",""min_samples_leaf"":4,""n_estimators"":200,""n_jobs"":2,""random_state"":42}",sigmoid,0.36964443990577167,0.16352145159062048,0.5,0.582359477617837,0.1627977160030385,0,0,1,relevant,0.2383936792612075,0,0,1
798,q_00419,0,g0797,1,relevant,Medical,b,rf_05,"{""class_weight"":""balanced"",""max_depth"":8,""max_features"":""sqrt"",""min_samples_leaf"":4,""n_estimators"":200,""n_jobs"":2,""random_state"":42}",sigmoid,0.7577051740577925,0.9312705954817527,0.5,0.582359477617837,0.1627977160030385,1,1,1,relevant,0.9006023406982422,1,1,1
799,q_00013,1,g0798,0,irrelevant,Greeting,b,rf_23,"{""class_weight"":""balanced"",""max_depth"":null,""max_features"":0.1,""min_samples_leaf"":1,""n_estimators"":200,""n_jobs"":2,""random_state"":42}",sigmoid,0.09,0.009162962230149448,0.5,0.5737654315094001,0.17496831816334135,0,0,0,irrelevant,0.0363088597525651,0,0,0
800,q_00730,0,g0799,1,relevant,Medical,b,rf_05,"{""class_weight"":""balanced"",""max_depth"":8,""max_features"":""sqrt"",""min_samples_leaf"":4,""n_estimators"":200,""n_jobs"":2,""random_state"":42}",sigmoid,0.7706763129875813,0.9398031965312287,0.5,0.582359477617837,0.1627977160030385,1,1,1,relevant,0.9872006177902222,1,1,1
801,q_01480,2,g0800,0,irrelevant,Acknowledgment,b,rf_09,"{""class_weight"":""balanced"",""max_depth"":8,""max_features"":""sqrt"",""min_samples_leaf"":1,""n_estimators"":200,""n_jobs"":2,""random_state"":42}",sigmoid,0.11358076452781427,0.0125075305296951,0.5,0.5791065989200652,0.23587676490709863,0,0,0,irrelevant,0.0103474537559312,0,0,0
802,q_00795,2,g0801,1,relevant,Medical,b,rf_09,"{""class_weight"":""balanced"",""max_depth"":8,""max_features"":""sqrt"",""min_samples_leaf"":1,""n_estimators"":200,""n_jobs"":2,""random_state"":42}",sigmoid,0.7317096928497577,0.9072290232407763,0.5,0.5791065989200652,0.23587676490709863,1,1,1,relevant,0.9958949680660396,1,1,1
803,q_01314,4,g0802,0,irrelevant,Acknowledgment,b,rf_07,"{""class_weight"":""balanced"",""max_depth"":8,""max_features"":0.1,""min_samples_leaf"":4,""n_estimators"":200,""n_jobs"":2,""random_state"":42}",sigmoid,0.5946932360597174,0.6832661768544858,0.5,0.5707196595693419,0.1722820225651108,1,1,1,irrelevant,0.3137796744931005,0,0,1
804,q_00039,3,g0803,0,irrelevant,Greeting,b,rf_11,"{""class_weight"":""balanced"",""max_depth"":8,""max_features"":0.1,""min_samples_leaf"":1,""n_estimators"":200,""n_jobs"":2,""random_state"":42}",sigmoid,0.2835979946291771,0.0931739163354859,0.5,0.5676273080285626,0.16747729019059301,0,0,0,irrelevant,0.3278959302232122,0,0,1
805,q_00108,1,g0804,1,relevant,Other,b,rf_23,"{""class_weight"":""balanced"",""max_depth"":null,""max_features"":0.1,""min_samples_leaf"":1,""n_estimators"":200,""n_jobs"":2,""random_state"":42}",sigmoid,0.56,0.6110098645042654,0.5,0.5737654315094001,0.17496831816334135,1,1,1,relevant,0.566265620827416,1,1,1
806,q_01405,0,g0805,0,irrelevant,Acknowledgment,b,rf_05,"{""class_weight"":""balanced"",""max_depth"":8,""max_features"":""sqrt"",""min_samples_leaf"":4,""n_estimators"":200,""n_jobs"":2,""random_state"":42}",sigmoid,0.45026708442293156,0.3204622376947344,0.5,0.582359477617837,0.1627977160030385,0,0,1,irrelevant,0.5472796559333801,1,1,1
807,q_00603,3,g0806,1,relevant,Medical,b,rf_11,"{""class_weight"":""balanced"",""max_depth"":8,""max_features"":0.1,""min_samples_leaf"":1,""n_estimators"":200,""n_jobs"":2,""random_state"":42}",sigmoid,0.7490087600353081,0.9082448162547977,0.5,0.5676273080285626,0.16747729019059301,1,1,1,relevant,0.8869183692079678,1,1,1
808,q_01313,1,g0807,0,irrelevant,Acknowledgment,b,rf_23,"{""class_weight"":""balanced"",""max_depth"":null,""max_features"":0.1,""min_samples_leaf"":1,""n_estimators"":200,""n_jobs"":2,""random_state"":42}",sigmoid,0.425,0.26437141452308993,0.5,0.5737654315094001,0.17496831816334135,0,0,1,irrelevant,0.4344999129179657,0,1,1
809,q_00328,3,g0808,1,relevant,Medical,b,rf_11,"{""class_weight"":""balanced"",""max_depth"":8,""max_features"":0.1,""min_samples_leaf"":1,""n_estimators"":200,""n_jobs"":2,""random_state"":42}",sigmoid,0.8543745752060342,0.9653276541119055,0.5,0.5676273080285626,0.16747729019059301,1,1,1,relevant,0.995138048303447,1,1,1
810,q_00658,3,g0809,1,relevant,Medical,b,rf_11,"{""class_weight"":""balanced"",""max_depth"":8,""max_features"":0.1,""min_samples_leaf"":1,""n_estimators"":200,""n_jobs"":2,""random_state"":42}",sigmoid,0.8848995005355184,0.9740709081579503,0.5,0.5676273080285626,0.16747729019059301,1,1,1,relevant,0.5398693974572917,1,1,1
811,q_00545,3,g0810,1,relevant,Medical,b,rf_11,"{""class_weight"":""balanced"",""max_depth"":8,""max_features"":0.1,""min_samples_leaf"":1,""n_estimators"":200,""n_jobs"":2,""random_state"":42}",sigmoid,0.7989764405062832,0.9417397213047832,0.5,0.5676273080285626,0.16747729019059301,1,1,1,relevant,0.9852388364726776,1,1,1
812,q_00376,0,g0811,1,relevant,Medical,b,rf_05,"{""class_weight"":""balanced"",""max_depth"":8,""max_features"":""sqrt"",""min_samples_leaf"":4,""n_estimators"":200,""n_jobs"":2,""random_state"":42}",sigmoid,0.613883555291174,0.7379745609183866,0.5,0.582359477617837,0.1627977160030385,1,1,1,relevant,0.8662140965461731,1,1,1
813,q_00635,2,g0812,1,relevant,Medical,b,rf_09,"{""class_weight"":""balanced"",""max_depth"":8,""max_features"":""sqrt"",""min_samples_leaf"":1,""n_estimators"":200,""n_jobs"":2,""random_state"":42}",sigmoid,0.700182602004852,0.8744762304398346,0.5,0.5791065989200652,0.23587676490709863,1,1,1,relevant,0.9462362246291502,1,1,1
814,q_00407,0,g0813,1,relevant,Medical,b,rf_05,"{""class_weight"":""balanced"",""max_depth"":8,""max_features"":""sqrt"",""min_samples_leaf"":4,""n_estimators"":200,""n_jobs"":2,""random_state"":42}",sigmoid,0.9211363394506031,0.9877688757322426,0.5,0.582359477617837,0.1627977160030385,1,1,1,relevant,0.9987040758132936,1,1,1
815,q_01066,4,g0814,1,relevant,Medical,b,rf_07,"{""class_weight"":""balanced"",""max_depth"":8,""max_features"":0.1,""min_samples_leaf"":4,""n_estimators"":200,""n_jobs"":2,""random_state"":42}",sigmoid,0.7916764172567201,0.9388240937916759,0.5,0.5707196595693419,0.1722820225651108,1,1,1,relevant,0.9410045776612108,1,1,1
816,q_00110,3,g0815,0,irrelevant,Acknowledgment,b,rf_11,"{""class_weight"":""balanced"",""max_depth"":8,""max_features"":0.1,""min_samples_leaf"":1,""n_estimators"":200,""n_jobs"":2,""random_state"":42}",sigmoid,0.006684119685258017,0.0067374538991207805,0.5,0.5676273080285626,0.16747729019059301,0,0,0,irrelevant,0.2068339128276086,0,0,1
817,q_00659,3,g0816,1,relevant,Medical,b,rf_11,"{""class_weight"":""balanced"",""max_depth"":8,""max_features"":0.1,""min_samples_leaf"":1,""n_estimators"":200,""n_jobs"":2,""random_state"":42}",sigmoid,0.7495888055635755,0.9087181460528185,0.5,0.5676273080285626,0.16747729019059301,1,1,1,relevant,0.4541075169178086,0,0,1
818,q_00811,0,g0817,1,relevant,Medical,b,rf_05,"{""class_weight"":""balanced"",""max_depth"":8,""max_features"":""sqrt"",""min_samples_leaf"":4,""n_estimators"":200,""n_jobs"":2,""random_state"":42}",sigmoid,0.7736280437708755,0.9416014914845015,0.5,0.582359477617837,0.1627977160030385,1,1,1,relevant,0.9867628216743468,1,1,1
819,q_01525,3,g0818,0,irrelevant,Acknowledgment,b,rf_11,"{""class_weight"":""balanced"",""max_depth"":8,""max_features"":0.1,""min_samples_leaf"":1,""n_estimators"":200,""n_jobs"":2,""random_state"":42}",sigmoid,0.1695546108595251,0.032458816498045884,0.5,0.5676273080285626,0.16747729019059301,0,0,0,irrelevant,0.5921363489513036,1,1,1
820,q_01095,2,g0819,1,relevant,Other,b,rf_09,"{""class_weight"":""balanced"",""max_depth"":8,""max_features"":""sqrt"",""min_samples_leaf"":1,""n_estimators"":200,""n_jobs"":2,""random_state"":42}",sigmoid,0.47191156565175213,0.37417679142613064,0.5,0.5791065989200652,0.23587676490709863,0,0,1,relevant,0.5320583351423156,1,0,1
821,q_01376,2,g0820,0,irrelevant,OSS,b,rf_09,"{""class_weight"":""balanced"",""max_depth"":8,""max_features"":""sqrt"",""min_samples_leaf"":1,""n_estimators"":200,""n_jobs"":2,""random_state"":42}",sigmoid,0.8630115056634228,0.9756993288404552,0.5,0.5791065989200652,0.23587676490709863,1,1,1,relevant,0.9694010380407648,1,1,1
822,q_00517,4,g0821,1,relevant,Medical,b,rf_07,"{""class_weight"":""balanced"",""max_depth"":8,""max_features"":0.1,""min_samples_leaf"":4,""n_estimators"":200,""n_jobs"":2,""random_state"":42}",sigmoid,0.9142530775016283,0.9811423730821138,0.5,0.5707196595693419,0.1722820225651108,1,1,1,relevant,0.9763574375195112,1,1,1
823,q_01477,3,g0822,1,relevant,Feedback,b,rf_11,"{""class_weight"":""balanced"",""max_depth"":8,""max_features"":0.1,""min_samples_leaf"":1,""n_estimators"":200,""n_jobs"":2,""random_state"":42}",sigmoid,0.6982350534682382,0.8574244026542643,0.5,0.5676273080285626,0.16747729019059301,1,1,1,relevant,0.2787611351633456,0,0,1
824,q_01126,1,g0823,0,irrelevant,Acknowledgment,b,rf_23,"{""class_weight"":""balanced"",""max_depth"":null,""max_features"":0.1,""min_samples_leaf"":1,""n_estimators"":200,""n_jobs"":2,""random_state"":42}",sigmoid,0.205,0.03146346565143782,0.5,0.5737654315094001,0.17496831816334135,0,0,0,irrelevant,0.160440476698813,0,0,0
825,q_00049,0,g0824,0,irrelevant,Greeting,b,rf_05,"{""class_weight"":""balanced"",""max_depth"":8,""max_features"":""sqrt"",""min_samples_leaf"":4,""n_estimators"":200,""n_jobs"":2,""random_state"":42}",sigmoid,0.7018426634090271,0.8803985036151629,0.5,0.582359477617837,0.1627977160030385,1,1,1,irrelevant,0.7497823238372803,1,1,1
826,q_01071,0,g0825,1,relevant,Other,b,rf_05,"{""class_weight"":""balanced"",""max_depth"":8,""max_features"":""sqrt"",""min_samples_leaf"":4,""n_estimators"":200,""n_jobs"":2,""random_state"":42}",sigmoid,0.5946264395566717,0.695324236091786,0.5,0.582359477617837,0.1627977160030385,1,1,1,relevant,0.533635675907135,1,1,1
827,q_01333,2,g0826,0,irrelevant,Acknowledgment,b,rf_09,"{""class_weight"":""balanced"",""max_depth"":8,""max_features"":""sqrt"",""min_samples_leaf"":1,""n_estimators"":200,""n_jobs"":2,""random_state"":42}",sigmoid,0.08380881835454279,0.00911127750064008,0.5,0.5791065989200652,0.23587676490709863,0,0,0,irrelevant,0.0345344053228333,0,0,0
828,q_01075,4,g0827,1,relevant,Medical,b,rf_07,"{""class_weight"":""balanced"",""max_depth"":8,""max_features"":0.1,""min_samples_leaf"":4,""n_estimators"":200,""n_jobs"":2,""random_state"":42}",sigmoid,0.866651116259348,0.9700454172463983,0.5,0.5707196595693419,0.1722820225651108,1,1,1,relevant,0.9961321190313792,1,1,1
829,q_01704,0,g0828,1,relevant,Language change,b,rf_05,"{""class_weight"":""balanced"",""max_depth"":8,""max_features"":""sqrt"",""min_samples_leaf"":4,""n_estimators"":200,""n_jobs"":2,""random_state"":42}",sigmoid,0.7955124319742036,0.953439616504581,0.5,0.582359477617837,0.1627977160030385,1,1,1,relevant,0.9382839798927308,1,1,1
830,q_01528,3,g0829,0,irrelevant,Acknowledgment,b,rf_11,"{""class_weight"":""balanced"",""max_depth"":8,""max_features"":0.1,""min_samples_leaf"":1,""n_estimators"":200,""n_jobs"":2,""random_state"":42}",sigmoid,0.042015353449517755,0.009503491994304052,0.5,0.5676273080285626,0.16747729019059301,0,0,0,irrelevant,0.2901643283178022,0,0,1
831,q_00403,4,g0830,1,relevant,Medical,b,rf_07,"{""class_weight"":""balanced"",""max_depth"":8,""max_features"":0.1,""min_samples_leaf"":4,""n_estimators"":200,""n_jobs"":2,""random_state"":42}",sigmoid,0.8124078166738087,0.9496631491628816,0.5,0.5707196595693419,0.1722820225651108,1,1,1,relevant,0.9377058185171956,1,1,1
832,q_00507,1,g0831,1,relevant,Medical,b,rf_23,"{""class_weight"":""balanced"",""max_depth"":null,""max_features"":0.1,""min_samples_leaf"":1,""n_estimators"":200,""n_jobs"":2,""random_state"":42}",sigmoid,0.825,0.9659995979549705,0.5,0.5737654315094001,0.17496831816334135,1,1,1,relevant,0.9827346067152252,1,1,1
833,q_00420,2,g0832,1,relevant,Medical,b,rf_09,"{""class_weight"":""balanced"",""max_depth"":8,""max_features"":""sqrt"",""min_samples_leaf"":1,""n_estimators"":200,""n_jobs"":2,""random_state"":42}",sigmoid,0.7710737077884852,0.9372441812045903,0.5,0.5791065989200652,0.23587676490709863,1,1,1,relevant,0.906337423163494,1,1,1
834,q_01765,4,g0833,1,relevant,Delivery confirmation,b,rf_07,"{""class_weight"":""balanced"",""max_depth"":8,""max_features"":0.1,""min_samples_leaf"":4,""n_estimators"":200,""n_jobs"":2,""random_state"":42}",sigmoid,0.7914918763228974,0.9387184390400113,0.5,0.5707196595693419,0.1722820225651108,1,1,1,relevant,0.9796967647868412,1,1,1
835,q_01391,3,g0834,0,irrelevant,Acknowledgment,b,rf_11,"{""class_weight"":""balanced"",""max_depth"":8,""max_features"":0.1,""min_samples_leaf"":1,""n_estimators"":200,""n_jobs"":2,""random_state"":42}",sigmoid,0.050588626046681025,0.010329145832141947,0.5,0.5676273080285626,0.16747729019059301,0,0,0,irrelevant,0.2369735459055536,0,0,1
836,q_01700,1,g0835,1,relevant,Language change,b,rf_23,"{""class_weight"":""balanced"",""max_depth"":null,""max_features"":0.1,""min_samples_leaf"":1,""n_estimators"":200,""n_jobs"":2,""random_state"":42}",sigmoid,0.905,0.985526025431871,0.5,0.5737654315094001,0.17496831816334135,1,1,1,relevant,0.9563870540296634,1,1,1
837,q_00641,3,g0836,1,relevant,Medical,b,rf_11,"{""class_weight"":""balanced"",""max_depth"":8,""max_features"":0.1,""min_samples_leaf"":1,""n_estimators"":200,""n_jobs"":2,""random_state"":42}",sigmoid,0.8249276350738604,0.9542403076268514,0.5,0.5676273080285626,0.16747729019059301,1,1,1,relevant,0.4136508457282631,0,0,1
838,q_01529,4,g0837,1,relevant,Medical,b,rf_07,"{""class_weight"":""balanced"",""max_depth"":8,""max_features"":0.1,""min_samples_leaf"":4,""n_estimators"":200,""n_jobs"":2,""random_state"":42}",sigmoid,0.6635384518115071,0.810698596210036,0.5,0.5707196595693419,0.1722820225651108,1,1,1,relevant,0.9654744214151726,1,1,1
839,q_00598,3,g0838,1,relevant,Medical,b,rf_11,"{""class_weight"":""balanced"",""max_depth"":8,""max_features"":0.1,""min_samples_leaf"":1,""n_estimators"":200,""n_jobs"":2,""random_state"":42}",sigmoid,0.8551518223792138,0.9655820755534453,0.5,0.5676273080285626,0.16747729019059301,1,1,1,relevant,0.8749284775321862,1,1,1
840,q_00692,2,g0839,1,relevant,Medical,b,rf_09,"{""class_weight"":""balanced"",""max_depth"":8,""max_features"":""sqrt"",""min_samples_leaf"":1,""n_estimators"":200,""n_jobs"":2,""random_state"":42}",sigmoid,0.7479888724224064,0.9209534971904069,0.5,0.5791065989200652,0.23587676490709863,1,1,1,relevant,0.928454158192792,1,1,1
841,q_01218,0,g0840,0,irrelevant,Acknowledgment,b,rf_05,"{""class_weight"":""balanced"",""max_depth"":8,""max_features"":""sqrt"",""min_samples_leaf"":4,""n_estimators"":200,""n_jobs"":2,""random_state"":42}",sigmoid,0.07536502450114306,0.007794197724416849,0.5,0.582359477617837,0.1627977160030385,0,0,0,irrelevant,0.0141261788085103,0,0,0
842,q_00584,3,g0841,1,relevant,Medical,b,rf_11,"{""class_weight"":""balanced"",""max_depth"":8,""max_features"":0.1,""min_samples_leaf"":1,""n_estimators"":200,""n_jobs"":2,""random_state"":42}",sigmoid,0.8732187874580908,0.9710125294733258,0.5,0.5676273080285626,0.16747729019059301,1,1,1,relevant,0.9989944236126672,1,1,1
843,q_00056,4,g0842,0,irrelevant,Greeting,b,rf_07,"{""class_weight"":""balanced"",""max_depth"":8,""max_features"":0.1,""min_samples_leaf"":4,""n_estimators"":200,""n_jobs"":2,""random_state"":42}",sigmoid,0.23187661881518903,0.054939625104545954,0.5,0.5707196595693419,0.1722820225651108,0,0,0,irrelevant,0.3604299909287752,0,0,1
844,q_00070,1,g0843,0,irrelevant,Greeting,b,rf_23,"{""class_weight"":""balanced"",""max_depth"":null,""max_features"":0.1,""min_samples_leaf"":1,""n_estimators"":200,""n_jobs"":2,""random_state"":42}",sigmoid,0.17,0.021682086317935792,0.5,0.5737654315094001,0.17496831816334135,0,0,0,irrelevant,0.0158578911254256,0,0,0
845,q_00558,0,g0844,1,relevant,Medical,b,rf_05,"{""class_weight"":""balanced"",""max_depth"":8,""max_features"":""sqrt"",""min_samples_leaf"":4,""n_estimators"":200,""n_jobs"":2,""random_state"":42}",sigmoid,0.6771171678886516,0.8489183733770586,0.5,0.582359477617837,0.1627977160030385,1,1,1,relevant,0.9730279445648192,1,1,1
846,q_00500,2,g0845,1,relevant,Medical,b,rf_09,"{""class_weight"":""balanced"",""max_depth"":8,""max_features"":""sqrt"",""min_samples_leaf"":1,""n_estimators"":200,""n_jobs"":2,""random_state"":42}",sigmoid,0.7303184152785801,0.9059617410801337,0.5,0.5791065989200652,0.23587676490709863,1,1,1,relevant,0.641567315764979,1,1,1
847,q_01586,1,g0846,0,irrelevant,OSS,b,rf_23,"{""class_weight"":""balanced"",""max_depth"":null,""max_features"":0.1,""min_samples_leaf"":1,""n_estimators"":200,""n_jobs"":2,""random_state"":42}",sigmoid,0.43,0.275131050750269,0.5,0.5737654315094001,0.17496831816334135,0,0,1,irrelevant,0.218760480345894,0,0,1
848,q_01679,2,g0847,1,relevant,Language change,b,rf_09,"{""class_weight"":""balanced"",""max_depth"":8,""max_features"":""sqrt"",""min_samples_leaf"":1,""n_estimators"":200,""n_jobs"":2,""random_state"":42}",sigmoid,0.6619624556939828,0.8220067382881658,0.5,0.5791065989200652,0.23587676490709863,1,1,1,relevant,0.6396046845537078,1,1,1
849,q_00126,4,g0848,0,irrelevant,Acknowledgment,b,rf_07,"{""class_weight"":""balanced"",""max_depth"":8,""max_features"":0.1,""min_samples_leaf"":4,""n_estimators"":200,""n_jobs"":2,""random_state"":42}",sigmoid,0.6450016642243063,0.780729070391612,0.5,0.5707196595693419,0.1722820225651108,1,1,1,irrelevant,0.7094751216401368,1,1,1
850,q_01209,1,g0849,0,irrelevant,Acknowledgment,b,rf_23,"{""class_weight"":""balanced"",""max_depth"":null,""max_features"":0.1,""min_samples_leaf"":1,""n_estimators"":200,""n_jobs"":2,""random_state"":42}",sigmoid,0.105,0.010777064413024172,0.5,0.5737654315094001,0.17496831816334135,0,0,0,irrelevant,0.0139290868577859,0,0,0
851,q_00859,4,g0850,1,relevant,Medical,b,rf_07,"{""class_weight"":""balanced"",""max_depth"":8,""max_features"":0.1,""min_samples_leaf"":4,""n_estimators"":200,""n_jobs"":2,""random_state"":42}",sigmoid,0.8859358928652736,0.9751503180740108,0.5,0.5707196595693419,0.1722820225651108,1,1,1,relevant,0.998742713091827,1,1,1
852,q_01580,3,g0851,0,irrelevant,OSS,b,rf_11,"{""class_weight"":""balanced"",""max_depth"":8,""max_features"":0.1,""min_samples_leaf"":1,""n_estimators"":200,""n_jobs"":2,""random_state"":42}",sigmoid,0.482831329906417,0.4206599153047501,0.5,0.5676273080285626,0.16747729019059301,0,0,1,irrelevant,0.104906965578681,0,0,0
853,q_01473,4,g0852,0,irrelevant,Acknowledgment,b,rf_07,"{""class_weight"":""balanced"",""max_depth"":8,""max_features"":0.1,""min_samples_leaf"":4,""n_estimators"":200,""n_jobs"":2,""random_state"":42}",sigmoid,0.33938938065380936,0.14502915708641334,0.5,0.5707196595693419,0.1722820225651108,0,0,0,irrelevant,0.2270809940409605,0,0,1
854,q_00031,3,g0853,0,irrelevant,Greeting,b,rf_11,"{""class_weight"":""balanced"",""max_depth"":8,""max_features"":0.1,""min_samples_leaf"":1,""n_estimators"":200,""n_jobs"":2,""random_state"":42}",sigmoid,0.2928735229387176,0.10115594446153842,0.5,0.5676273080285626,0.16747729019059301,0,0,0,irrelevant,0.0977262989514511,0,0,0
855,q_01379,3,g0854,0,irrelevant,Acknowledgment,b,rf_11,"{""class_weight"":""balanced"",""max_depth"":8,""max_features"":0.1,""min_samples_leaf"":1,""n_estimators"":200,""n_jobs"":2,""random_state"":42}",sigmoid,0.4798530273251995,0.4135531134750127,0.5,0.5676273080285626,0.16747729019059301,0,0,1,relevant,0.0849055954781479,0,0,0
856,q_01793,2,g0855,1,relevant,Date,b,rf_09,"{""class_weight"":""balanced"",""max_depth"":8,""max_features"":""sqrt"",""min_samples_leaf"":1,""n_estimators"":200,""n_jobs"":2,""random_state"":42}",sigmoid,0.8066633331453456,0.9563334208971598,0.5,0.5791065989200652,0.23587676490709863,1,1,1,relevant,0.8989166496771775,1,1,1
857,q_00301,0,g0856,1,relevant,Language change,b,rf_05,"{""class_weight"":""balanced"",""max_depth"":8,""max_features"":""sqrt"",""min_samples_leaf"":4,""n_estimators"":200,""n_jobs"":2,""random_state"":42}",sigmoid,0.8193487959719706,0.9637251318571847,0.5,0.582359477617837,0.1627977160030385,1,1,1,relevant,0.9944236874580384,1,1,1
858,q_00158,4,g0857,0,irrelevant,Acknowledgment,b,rf_07,"{""class_weight"":""balanced"",""max_depth"":8,""max_features"":0.1,""min_samples_leaf"":4,""n_estimators"":200,""n_jobs"":2,""random_state"":42}",sigmoid,0.29008912000370723,0.09404740214431861,0.5,0.5707196595693419,0.1722820225651108,0,0,0,irrelevant,0.1414058862177697,0,0,0
859,q_00352,3,g0858,1,relevant,Medical,b,rf_11,"{""class_weight"":""balanced"",""max_depth"":8,""max_features"":0.1,""min_samples_leaf"":1,""n_estimators"":200,""n_jobs"":2,""random_state"":42}",sigmoid,0.8602702353204371,0.9672130864180999,0.5,0.5676273080285626,0.16747729019059301,1,1,1,relevant,0.9679361483362946,1,1,1
860,q_00399,4,g0859,1,relevant,Medical,b,rf_07,"{""class_weight"":""balanced"",""max_depth"":8,""max_features"":0.1,""min_samples_leaf"":4,""n_estimators"":200,""n_jobs"":2,""random_state"":42}",sigmoid,0.3823836879099127,0.2065435202136533,0.5,0.5707196595693419,0.1722820225651108,0,0,1,relevant,0.1597344641610917,0,0,0
861,q_00715,4,g0860,1,relevant,Medical,b,rf_07,"{""class_weight"":""balanced"",""max_depth"":8,""max_features"":0.1,""min_samples_leaf"":4,""n_estimators"":200,""n_jobs"":2,""random_state"":42}",sigmoid,0.9203615504977091,0.9822357547448043,0.5,0.5707196595693419,0.1722820225651108,1,1,1,relevant,0.984770610955126,1,1,1
862,q_00970,2,g0861,0,irrelevant,Automated message,b,rf_09,"{""class_weight"":""balanced"",""max_depth"":8,""max_features"":""sqrt"",""min_samples_leaf"":1,""n_estimators"":200,""n_jobs"":2,""random_state"":42}",sigmoid,0.16552565466882427,0.021666647886770213,0.5,0.5791065989200652,0.23587676490709863,0,0,0,irrelevant,0.0630867060336967,0,0,0
863,q_01217,0,g0862,0,irrelevant,Acknowledgment,b,rf_05,"{""class_weight"":""balanced"",""max_depth"":8,""max_features"":""sqrt"",""min_samples_leaf"":4,""n_estimators"":200,""n_jobs"":2,""random_state"":42}",sigmoid,0.02789710127140133,0.0046555732799655695,0.5,0.582359477617837,0.1627977160030385,0,0,0,irrelevant,0.009029840119183,0,0,0
864,q_00041,4,g0863,0,irrelevant,Greeting,b,rf_07,"{""class_weight"":""balanced"",""max_depth"":8,""max_features"":0.1,""min_samples_leaf"":4,""n_estimators"":200,""n_jobs"":2,""random_state"":42}",sigmoid,0.13750883194005747,0.022205386092774733,0.5,0.5707196595693419,0.1722820225651108,0,0,0,irrelevant,0.0734348164701309,0,0,0
865,q_00375,0,g0864,1,relevant,Medical,b,rf_05,"{""class_weight"":""balanced"",""max_depth"":8,""max_features"":""sqrt"",""min_samples_leaf"":4,""n_estimators"":200,""n_jobs"":2,""random_state"":42}",sigmoid,0.77023037984618,0.9395270520813459,0.5,0.582359477617837,0.1627977160030385,1,1,1,relevant,0.9975244402885436,1,1,1
866,q_01051,2,g0865,1,relevant,Medical,b,rf_09,"{""class_weight"":""balanced"",""max_depth"":8,""max_features"":""sqrt"",""min_samples_leaf"":1,""n_estimators"":200,""n_jobs"":2,""random_state"":42}",sigmoid,0.7030818594400732,0.8778597375543473,0.5,0.5791065989200652,0.23587676490709863,1,1,1,relevant,0.6323420545762813,1,1,1
867,q_00679,2,g0866,1,relevant,Medical,b,rf_09,"{""class_weight"":""balanced"",""max_depth"":8,""max_features"":""sqrt"",""min_samples_leaf"":1,""n_estimators"":200,""n_jobs"":2,""random_state"":42}",sigmoid,0.673075601997798,0.8388295418847678,0.5,0.5791065989200652,0.23587676490709863,1,1,1,relevant,0.5603582289514517,1,0,1
868,q_00948,4,g0867,1,relevant,Medical,b,rf_07,"{""class_weight"":""balanced"",""max_depth"":8,""max_features"":0.1,""min_samples_leaf"":4,""n_estimators"":200,""n_jobs"":2,""random_state"":42}",sigmoid,0.7162781460129366,0.8786672875340555,0.5,0.5707196595693419,0.1722820225651108,1,1,1,relevant,0.5324336412891575,1,1,1
869,q_01650,0,g0868,0,irrelevant,OSS,b,rf_05,"{""class_weight"":""balanced"",""max_depth"":8,""max_features"":""sqrt"",""min_samples_leaf"":4,""n_estimators"":200,""n_jobs"":2,""random_state"":42}",sigmoid,0.6800572284525014,0.852991084104925,0.5,0.582359477617837,0.1627977160030385,1,1,1,irrelevant,0.8642416596412659,1,1,1
870,q_01243,1,g0869,0,irrelevant,Acknowledgment,b,rf_23,"{""class_weight"":""balanced"",""max_depth"":null,""max_features"":0.1,""min_samples_leaf"":1,""n_estimators"":200,""n_jobs"":2,""random_state"":42}",sigmoid,0.205,0.03146346565143782,0.5,0.5737654315094001,0.17496831816334135,0,0,0,irrelevant,0.1157414480781801,0,0,0
871,q_01289,3,g0870,0,irrelevant,Acknowledgment,b,rf_11,"{""class_weight"":""balanced"",""max_depth"":8,""max_features"":0.1,""min_samples_leaf"":1,""n_estimators"":200,""n_jobs"":2,""random_state"":42}",sigmoid,0.2030245626734462,0.04451946272981278,0.5,0.5676273080285626,0.16747729019059301,0,0,0,irrelevant,0.0400841934237862,0,0,0
872,q_00428,0,g0871,1,relevant,Medical,b,rf_05,"{""class_weight"":""balanced"",""max_depth"":8,""max_features"":""sqrt"",""min_samples_leaf"":4,""n_estimators"":200,""n_jobs"":2,""random_state"":42}",sigmoid,0.7082201204654853,0.8875411654919904,0.5,0.582359477617837,0.1627977160030385,1,1,1,relevant,0.5286232829093933,1,0,1
873,q_01484,4,g0872,1,relevant,Feedback,b,rf_07,"{""class_weight"":""balanced"",""max_depth"":8,""max_features"":0.1,""min_samples_leaf"":4,""n_estimators"":200,""n_jobs"":2,""random_state"":42}",sigmoid,0.5365544441011173,0.547290977850983,0.5,0.5707196595693419,0.1722820225651108,1,0,1,irrelevant,0.5229249099822066,1,1,1
874,q_00566,1,g0873,1,relevant,Medical,b,rf_23,"{""class_weight"":""balanced"",""max_depth"":null,""max_features"":0.1,""min_samples_leaf"":1,""n_estimators"":200,""n_jobs"":2,""random_state"":42}",sigmoid,0.865,0.9777694668431516,0.5,0.5737654315094001,0.17496831816334135,1,1,1,relevant,0.9313154427828332,1,1,1
875,q_00513,4,g0874,1,relevant,Medical,b,rf_07,"{""class_weight"":""balanced"",""max_depth"":8,""max_features"":0.1,""min_samples_leaf"":4,""n_estimators"":200,""n_jobs"":2,""random_state"":42}",sigmoid,0.6497294562985141,0.7886840347017795,0.5,0.5707196595693419,0.1722820225651108,1,1,1,relevant,0.8569556505323873,1,1,1
876,q_00400,3,g0875,1,relevant,Medical,b,rf_11,"{""class_weight"":""balanced"",""max_depth"":8,""max_features"":0.1,""min_samples_leaf"":1,""n_estimators"":200,""n_jobs"":2,""random_state"":42}",sigmoid,0.7800815679299562,0.9306915226254712,0.5,0.5676273080285626,0.16747729019059301,1,1,1,relevant,0.994378671060248,1,1,1
877,q_00043,3,g0876,0,irrelevant,Greeting,b,rf_11,"{""class_weight"":""balanced"",""max_depth"":8,""max_features"":0.1,""min_samples_leaf"":1,""n_estimators"":200,""n_jobs"":2,""random_state"":42}",sigmoid,0.021401372209381972,0.007776304699397329,0.5,0.5676273080285626,0.16747729019059301,0,0,0,irrelevant,0.1735982486162651,0,0,1
878,q_00810,3,g0877,1,relevant,Medical,b,rf_11,"{""class_weight"":""balanced"",""max_depth"":8,""max_features"":0.1,""min_samples_leaf"":1,""n_estimators"":200,""n_jobs"":2,""random_state"":42}",sigmoid,0.8532798854882617,0.9649662449969263,0.5,0.5676273080285626,0.16747729019059301,1,1,1,relevant,0.9664845505467168,1,1,1
879,q_00840,1,g0878,1,relevant,Medical,b,rf_23,"{""class_weight"":""balanced"",""max_depth"":null,""max_features"":0.1,""min_samples_leaf"":1,""n_estimators"":200,""n_jobs"":2,""random_state"":42}",sigmoid,0.715,0.8952003086026233,0.5,0.5737654315094001,0.17496831816334135,1,1,1,relevant,0.9799659740474644,1,1,1
880,q_01399,3,g0879,1,relevant,Delivery confirmation,b,rf_11,"{""class_weight"":""balanced"",""max_depth"":8,""max_features"":0.1,""min_samples_leaf"":1,""n_estimators"":200,""n_jobs"":2,""random_state"":42}",sigmoid,0.6886877388934893,0.8455812902274316,0.5,0.5676273080285626,0.16747729019059301,1,1,1,relevant,0.9669356009332152,1,1,1
881,q_01741,1,g0880,1,relevant,Delivery confirmation,b,rf_23,"{""class_weight"":""balanced"",""max_depth"":null,""max_features"":0.1,""min_samples_leaf"":1,""n_estimators"":200,""n_jobs"":2,""random_state"":42}",sigmoid,0.39,0.19690375779340633,0.5,0.5737654315094001,0.17496831816334135,0,0,1,relevant,0.4731417086519585,0,1,1
882,q_01260,4,g0881,0,irrelevant,Acknowledgment,b,rf_07,"{""class_weight"":""balanced"",""max_depth"":8,""max_features"":0.1,""min_samples_leaf"":4,""n_estimators"":200,""n_jobs"":2,""random_state"":42}",sigmoid,0.18551650941531278,0.0353391881070457,0.5,0.5707196595693419,0.1722820225651108,0,0,0,irrelevant,0.1626483413915005,0,0,0
883,q_01461,4,g0882,0,irrelevant,Acknowledgment,b,rf_07,"{""class_weight"":""balanced"",""max_depth"":8,""max_features"":0.1,""min_samples_leaf"":4,""n_estimators"":200,""n_jobs"":2,""random_state"":42}",sigmoid,0.12014216774763206,0.01874426066955401,0.5,0.5707196595693419,0.1722820225651108,0,0,0,irrelevant,0.0761247158366985,0,0,0
884,q_00930,4,g0883,1,relevant,Medical,b,rf_07,"{""class_weight"":""balanced"",""max_depth"":8,""max_features"":0.1,""min_samples_leaf"":4,""n_estimators"":200,""n_jobs"":2,""random_state"":42}",sigmoid,0.6576133533547076,0.8014750239893474,0.5,0.5707196595693419,0.1722820225651108,1,1,1,relevant,0.7539673502987113,1,1,1
885,q_00349,2,g0884,1,relevant,Medical,b,rf_09,"{""class_weight"":""balanced"",""max_depth"":8,""max_features"":""sqrt"",""min_samples_leaf"":1,""n_estimators"":200,""n_jobs"":2,""random_state"":42}",sigmoid,0.9077806984143,0.9848460553122214,0.5,0.5791065989200652,0.23587676490709863,1,1,1,relevant,0.9956554251645494,1,1,1
886,q_01024,3,g0885,1,relevant,Date,b,rf_11,"{""class_weight"":""balanced"",""max_depth"":8,""max_features"":0.1,""min_samples_leaf"":1,""n_estimators"":200,""n_jobs"":2,""random_state"":42}",sigmoid,0.7137850292932926,0.8750840896041497,0.5,0.5676273080285626,0.16747729019059301,1,1,1,relevant,0.9398034849404742,1,1,1
887,q_00191,1,g0886,0,irrelevant,Acknowledgment,b,rf_23,"{""class_weight"":""balanced"",""max_depth"":null,""max_features"":0.1,""min_samples_leaf"":1,""n_estimators"":200,""n_jobs"":2,""random_state"":42}",sigmoid,0.03,0.004778185452238339,0.5,0.5737654315094001,0.17496831816334135,0,0,0,irrelevant,0.0585447130418741,0,0,0
888,q_00192,4,g0887,0,irrelevant,Acknowledgment,b,rf_07,"{""class_weight"":""balanced"",""max_depth"":8,""max_features"":0.1,""min_samples_leaf"":4,""n_estimators"":200,""n_jobs"":2,""random_state"":42}",sigmoid,0.6601420781737103,0.8054522474009082,0.5,0.5707196595693419,0.1722820225651108,1,1,1,irrelevant,0.9527338567122198,1,1,1
889,q_00161,2,g0888,1,relevant,Other,b,rf_09,"{""class_weight"":""balanced"",""max_depth"":8,""max_features"":""sqrt"",""min_samples_leaf"":1,""n_estimators"":200,""n_jobs"":2,""random_state"":42}",sigmoid,0.697903641806586,0.87176055564965,0.5,0.5791065989200652,0.23587676490709863,1,1,1,relevant,0.8003844710557114,1,1,1
890,q_01519,1,g0889,1,relevant,Medical,b,rf_23,"{""class_weight"":""balanced"",""max_depth"":null,""max_features"":0.1,""min_samples_leaf"":1,""n_estimators"":200,""n_jobs"":2,""random_state"":42}",sigmoid,0.755,0.9296949452595685,0.5,0.5737654315094001,0.17496831816334135,1,1,1,relevant,0.8809915977115091,1,1,1
891,q_01597,1,g0890,0,irrelevant,OSS,b,rf_23,"{""class_weight"":""balanced"",""max_depth"":null,""max_features"":0.1,""min_samples_leaf"":1,""n_estimators"":200,""n_jobs"":2,""random_state"":42}",sigmoid,0.365,0.15724190028415141,0.5,0.5737654315094001,0.17496831816334135,0,0,0,irrelevant,0.0993525017868826,0,0,0
892,q_01768,0,g0891,1,relevant,Delivery confirmation,b,rf_05,"{""class_weight"":""balanced"",""max_depth"":8,""max_features"":""sqrt"",""min_samples_leaf"":4,""n_estimators"":200,""n_jobs"":2,""random_state"":42}",sigmoid,0.8771493652790414,0.9803727326978504,0.5,0.582359477617837,0.1627977160030385,1,1,1,relevant,0.9989743232727052,1,1,1
893,q_00425,2,g0892,1,relevant,Medical,b,rf_09,"{""class_weight"":""balanced"",""max_depth"":8,""max_features"":""sqrt"",""min_samples_leaf"":1,""n_estimators"":200,""n_jobs"":2,""random_state"":42}",sigmoid,0.8006058321937499,0.9535300098782653,0.5,0.5791065989200652,0.23587676490709863,1,1,1,relevant,0.8693786623081574,1,1,1
894,q_00309,1,g0893,1,relevant,Language change,b,rf_23,"{""class_weight"":""balanced"",""max_depth"":null,""max_features"":0.1,""min_samples_leaf"":1,""n_estimators"":200,""n_jobs"":2,""random_state"":42}",sigmoid,0.8,0.9557929055323444,0.5,0.5737654315094001,0.17496831816334135,1,1,1,relevant,0.9951282255141384,1,1,1
895,q_00137,1,g0894,0,irrelevant,Acknowledgment,b,rf_23,"{""class_weight"":""balanced"",""max_depth"":null,""max_features"":0.1,""min_samples_leaf"":1,""n_estimators"":200,""n_jobs"":2,""random_state"":42}",sigmoid,0.145,0.016585801947568157,0.5,0.5737654315094001,0.17496831816334135,0,0,0,irrelevant,0.0909103048137669,0,0,0
896,q_01535,4,g0895,0,irrelevant,Acknowledgment,b,rf_07,"{""class_weight"":""balanced"",""max_depth"":8,""max_features"":0.1,""min_samples_leaf"":4,""n_estimators"":200,""n_jobs"":2,""random_state"":42}",sigmoid,0.2773618351882937,0.08378798044562005,0.5,0.5707196595693419,0.1722820225651108,0,0,0,irrelevant,0.1580613617466701,0,0,0
897,q_00002,1,g0896,0,irrelevant,Greeting,b,rf_23,"{""class_weight"":""balanced"",""max_depth"":null,""max_features"":0.1,""min_samples_leaf"":1,""n_estimators"":200,""n_jobs"":2,""random_state"":42}",sigmoid,0.01,0.0038439139563422316,0.5,0.5737654315094001,0.17496831816334135,0,0,0,irrelevant,0.0101976642624656,0,0,0
898,q_01353,0,g0897,0,irrelevant,Acknowledgment,b,rf_05,"{""class_weight"":""balanced"",""max_depth"":8,""max_features"":""sqrt"",""min_samples_leaf"":4,""n_estimators"":200,""n_jobs"":2,""random_state"":42}",sigmoid,0.353449266143627,0.14074088936224385,0.5,0.582359477617837,0.1627977160030385,0,0,0,irrelevant,0.0376318544149398,0,0,0
899,q_01016,2,g0898,1,relevant,Date,b,rf_09,"{""class_weight"":""balanced"",""max_depth"":8,""max_features"":""sqrt"",""min_samples_leaf"":1,""n_estimators"":200,""n_jobs"":2,""random_state"":42}",sigmoid,0.706965268708048,0.882268504887801,0.5,0.5791065989200652,0.23587676490709863,1,1,1,relevant,0.9171712895508788,1,1,1
900,q_00320,3,g0899,1,relevant,Language change,b,rf_11,"{""class_weight"":""balanced"",""max_depth"":8,""max_features"":0.1,""min_samples_leaf"":1,""n_estimators"":200,""n_jobs"":2,""random_state"":42}",sigmoid,0.7810563997184683,0.9313061475249164,0.5,0.5676273080285626,0.16747729019059301,1,1,1,relevant,0.9898885146000576,1,1,1
901,q_00130,2,g0900,0,irrelevant,Acknowledgment,b,rf_09,"{""class_weight"":""balanced"",""max_depth"":8,""max_features"":""sqrt"",""min_samples_leaf"":1,""n_estimators"":200,""n_jobs"":2,""random_state"":42}",sigmoid,0.16625738533617987,0.021834122711425142,0.5,0.5791065989200652,0.23587676490709863,0,0,0,irrelevant,0.0289603792695919,0,0,0
902,q_00051,2,g0901,0,irrelevant,Greeting,b,rf_09,"{""class_weight"":""balanced"",""max_depth"":8,""max_features"":""sqrt"",""min_samples_leaf"":1,""n_estimators"":200,""n_jobs"":2,""random_state"":42}",sigmoid,0.4959725317819331,0.43646527290366616,0.5,0.5791065989200652,0.23587676490709863,0,0,1,irrelevant,0.5647218635979376,1,0,1
