selection_scope,threshold,accuracy,macro_f1,precision,relevant_recall,specificity,tp,tn,fp,fn,medical_fn,medical_n,medical_recall,referral_fraction,referrals,feasible_recall_first,selected_default_0_5,selected_balanced_macro_f1,selected_recall_first
final_all_training,0.0,0.6168327796234773,0.3815068493150685,0.6168327796234773,1.0,0.0,557,0,346,0,0,334,1.0,1.0,903,True,False,False,False
final_all_training,0.004345862132206963,0.6168327796234773,0.3815068493150685,0.6168327796234773,1.0,0.0,557,0,346,0,0,334,1.0,1.0,903,True,False,False,False
final_all_training,0.004349041394918431,0.6179401993355482,0.3846501788560717,0.6175166297117517,1.0,0.002890173410404624,557,1,345,0,0,334,1.0,0.9988925802879292,902,True,False,False,False
final_all_training,0.004352627723628873,0.6190476190476191,0.3877773047632562,0.6182019977802442,1.0,0.005780346820809248,557,2,344,0,0,334,1.0,0.9977851605758582,901,True,False,False,False
final_all_training,0.00435281540868332,0.6201550387596899,0.3908883701447217,0.6188888888888889,1.0,0.008670520231213872,557,3,343,0,0,334,1.0,0.9966777408637874,900,True,False,False,False
final_all_training,0.004573490510218701,0.6212624584717608,0.3939835164835165,0.6195773081201335,1.0,0.011560693641618497,557,4,342,0,0,334,1.0,0.9955703211517165,899,True,False,False,False
final_all_training,0.004714104535445445,0.6223698781838317,0.3970628836608218,0.6202672605790646,1.0,0.014450867052023121,557,5,341,0,0,334,1.0,0.9944629014396457,898,True,False,False,False
final_all_training,0.004784648356060772,0.6234772978959026,0.400126609978742,0.620958751393534,1.0,0.017341040462427744,557,6,340,0,0,334,1.0,0.9933554817275747,897,True,False,False,False
final_all_training,0.0048110452370705315,0.6245847176079734,0.4031748321827069,0.6216517857142857,1.0,0.02023121387283237,557,7,339,0,0,334,1.0,0.9922480620155039,896,True,False,False,False
final_all_training,0.00483463334041265,0.6256921373200443,0.40620768548349445,0.6223463687150838,1.0,0.023121387283236993,557,8,338,0,0,334,1.0,0.991140642303433,895,True,False,False,False
final_all_training,0.004846077343950348,0.6267995570321152,0.409225303578882,0.6230425055928411,1.0,0.02601156069364162,557,9,337,0,0,334,1.0,0.9900332225913622,894,True,False,False,False
final_all_training,0.004893774653075511,0.627906976744186,0.4122278186749322,0.6237402015677491,1.0,0.028901734104046242,557,10,336,0,0,334,1.0,0.9889258028792912,893,True,False,False,False
final_all_training,0.005015056408010612,0.6290143964562569,0.4152153615069216,0.624439461883408,1.0,0.031791907514450865,557,11,335,0,0,334,1.0,0.9878183831672204,892,True,False,False,False
final_all_training,0.005027825569415767,0.6301218161683277,0.41818806135991854,0.6251402918069585,1.0,0.03468208092485549,557,12,334,0,0,334,1.0,0.9867109634551495,891,True,False,False,False
final_all_training,0.0050447942136749154,0.6312292358803987,0.4211460460890171,0.6258426966292134,1.0,0.03757225433526012,557,13,333,0,0,334,1.0,0.9856035437430787,890,True,False,False,False
final_all_training,0.005162608429948946,0.6323366555924695,0.4240894421392347,0.6265466816647919,1.0,0.04046242774566474,557,14,332,0,0,334,1.0,0.9844961240310077,889,True,False,False,False
final_all_training,0.005257105724959333,0.6334440753045404,0.4270183745650778,0.6272522522522522,1.0,0.04335260115606936,557,15,331,0,0,334,1.0,0.9833887043189369,888,True,False,False,False
final_all_training,0.005350449185431437,0.6345514950166113,0.42993296704978495,0.6279594137542277,1.0,0.046242774566473986,557,16,330,0,0,334,1.0,0.982281284606866,887,True,False,False,False
final_all_training,0.005375764406563726,0.6356589147286822,0.43283334192425105,0.628668171557562,1.0,0.049132947976878616,557,17,329,0,0,334,1.0,0.9811738648947951,886,True,False,False,False
final_all_training,0.005425195925057391,0.636766334440753,0.4357196201856396,0.6293785310734463,1.0,0.05202312138728324,557,18,328,0,0,334,1.0,0.9800664451827242,885,True,False,False,False
final_all_training,0.005654076878492557,0.6378737541528239,0.4385919215156902,0.6300904977375565,1.0,0.05491329479768786,557,19,327,0,0,334,1.0,0.9789590254706534,884,True,False,False,False
final_all_training,0.0056635081457132655,0.6389811738648948,0.441450364298725,0.6308040770101925,1.0,0.057803468208092484,557,20,326,0,0,334,1.0,0.9778516057585825,883,True,False,False,False
final_all_training,0.005920168781831755,0.6400885935769657,0.4442950656393613,0.6315192743764172,1.0,0.06069364161849711,557,21,325,0,0,334,1.0,0.9767441860465116,882,True,False,False,False
final_all_training,0.006185553027746817,0.6411960132890365,0.4471261413799359,0.6322360953461975,1.0,0.06358381502890173,557,22,324,0,0,334,1.0,0.9756367663344407,881,True,False,False,False
final_all_training,0.0063618724299833425,0.6423034330011074,0.4499437061176457,0.6329545454545454,1.0,0.06647398843930635,557,23,323,0,0,334,1.0,0.9745293466223699,880,True,False,False,False
final_all_training,0.006416640029235525,0.6434108527131783,0.45274787322141086,0.6336746302616609,1.0,0.06936416184971098,557,24,322,0,0,334,1.0,0.973421926910299,879,True,False,False,False
final_all_training,0.006452437219110635,0.6445182724252492,0.45553875484846496,0.6343963553530751,1.0,0.07225433526011561,557,25,321,0,0,334,1.0,0.9723145071982281,878,True,False,False,False
final_all_training,0.006508423037258687,0.64562569213732,0.45831646196067843,0.6351197263397947,1.0,0.07514450867052024,557,26,320,0,0,334,1.0,0.9712070874861573,877,True,False,False,False
final_all_training,0.006555139330109117,0.646733111849391,0.46108110434061916,0.6358447488584474,1.0,0.07803468208092486,557,27,319,0,0,334,1.0,0.9700996677740864,876,True,False,False,False
final_all_training,0.006613883923816135,0.64562569213732,0.460460669793565,0.6354285714285715,0.9982046678635548,0.07803468208092486,556,27,319,1,0,334,1.0,0.9689922480620154,875,True,False,False,False
final_all_training,0.007016117352963497,0.646733111849391,0.46320614954577216,0.6361556064073226,0.9982046678635548,0.08092485549132948,556,28,318,1,0,334,1.0,0.9678848283499446,874,True,False,False,False
final_all_training,0.007155443734280089,0.6478405315614618,0.4659388483856569,0.6368843069873997,0.9982046678635548,0.0838150289017341,556,29,317,1,0,334,1.0,0.9667774086378738,873,True,False,False,False
final_all_training,0.007315208424575254,0.6489479512735327,0.46865887183447086,0.6376146788990825,0.9982046678635548,0.08670520231213873,556,30,316,1,0,334,1.0,0.9656699889258029,872,True,False,False,False
final_all_training,0.007333252044130967,0.6500553709856035,0.4713663243075008,0.6383467278989667,0.9982046678635548,0.08959537572254335,556,31,315,1,0,334,1.0,0.964562569213732,871,True,False,False,False
final_all_training,0.007340976160916675,0.6511627906976745,0.47406130912869593,0.639080459770115,0.9982046678635548,0.09248554913294797,556,32,314,1,0,334,1.0,0.9634551495016611,870,True,False,False,False
final_all_training,0.007570827358811293,0.6522702104097453,0.4767439285450653,0.6398158803222095,0.9982046678635548,0.0953757225433526,556,33,313,1,0,334,1.0,0.9623477297895903,869,True,False,False,False
final_all_training,0.0077068346372018235,0.6533776301218162,0.47941428374084816,0.6405529953917051,0.9982046678635548,0.09826589595375723,556,34,312,1,0,334,1.0,0.9612403100775194,868,True,False,False,False
final_all_training,0.007899758092587257,0.654485049833887,0.4820724748514619,0.6412918108419838,0.9982046678635548,0.10115606936416185,556,35,311,1,0,334,1.0,0.9601328903654485,867,True,False,False,False
final_all_training,0.008122352660778697,0.655592469545958,0.4847186009772315,0.6420323325635104,0.9982046678635548,0.10404624277456648,556,36,310,1,0,334,1.0,0.9590254706533776,866,True,False,False,False
final_all_training,0.008318618184085778,0.6566998892580288,0.48735276019690577,0.6427745664739885,0.9982046678635548,0.1069364161849711,556,37,309,1,0,334,1.0,0.9579180509413068,865,True,False,False,False
final_all_training,0.008327371713363401,0.6578073089700996,0.48997504958096094,0.6435185185185185,0.9982046678635548,0.10982658959537572,556,38,308,1,0,334,1.0,0.9568106312292359,864,True,False,False,False
final_all_training,0.008503783724371598,0.6589147286821705,0.49258556520469965,0.6442641946697567,0.9982046678635548,0.11271676300578035,556,39,307,1,0,334,1.0,0.955703211517165,863,True,False,False,False
final_all_training,0.008755995076341182,0.6600221483942414,0.49518440216114634,0.6450116009280742,0.9982046678635548,0.11560693641618497,556,40,306,1,0,334,1.0,0.9545957918050941,862,True,False,False,False
final_all_training,0.009116575837289887,0.6611295681063123,0.4977716545737426,0.645760743321719,0.9982046678635548,0.11849710982658959,556,41,305,1,0,334,1.0,0.9534883720930233,861,True,False,False,False
final_all_training,0.009132288474497588,0.6622369878183831,0.5003474156088481,0.6465116279069767,0.9982046678635548,0.12138728323699421,556,42,304,1,0,334,1.0,0.9523809523809523,860,True,False,False,False
final_all_training,0.009144628656631364,0.6633444075304541,0.5029117774880487,0.6472642607683353,0.9982046678635548,0.12427745664739884,556,43,303,1,0,334,1.0,0.9512735326688815,859,True,False,False,False
final_all_training,0.009157136731038563,0.6644518272425249,0.5054648315002757,0.6480186480186481,0.9982046678635548,0.12716763005780346,556,44,302,1,0,334,1.0,0.9501661129568106,858,True,False,False,False
final_all_training,0.009188926350384838,0.6655592469545958,0.5080066680137402,0.6487747957992999,0.9982046678635548,0.13005780346820808,556,45,301,1,0,334,1.0,0.9490586932447398,857,True,False,False,False
final_all_training,0.009513818564165128,0.6666666666666666,0.5105373764876853,0.6495327102803738,0.9982046678635548,0.1329479768786127,556,46,300,1,0,334,1.0,0.9479512735326688,856,True,False,False,False
final_all_training,0.009600314159522411,0.6677740863787376,0.5130570454839591,0.6502923976608187,0.9982046678635548,0.13583815028901733,556,47,299,1,0,334,1.0,0.946843853820598,855,True,False,False,False
final_all_training,0.009667294660283541,0.6688815060908084,0.5155657626784128,0.6510538641686182,0.9982046678635548,0.13872832369942195,556,48,298,1,0,334,1.0,0.9457364341085271,854,True,False,False,False
final_all_training,0.00979971402161787,0.6699889258028793,0.5180636148721255,0.6518171160609613,0.9982046678635548,0.1416184971098266,556,49,297,1,0,334,1.0,0.9446290143964563,853,True,False,False,False
final_all_training,0.010184443627225303,0.6710963455149501,0.52055068800246,0.6525821596244131,0.9982046678635548,0.14450867052023122,556,50,296,1,0,334,1.0,0.9435215946843853,852,True,False,False,False
final_all_training,0.010251356786019234,0.6722037652270211,0.5230270671539516,0.6533490011750881,0.9982046678635548,0.14739884393063585,556,51,295,1,0,334,1.0,0.9424141749723145,851,True,False,False,False
final_all_training,0.010589463337612228,0.6733111849390919,0.5254928365690346,0.6541176470588236,0.9982046678635548,0.15028901734104047,556,52,294,1,0,334,1.0,0.9413067552602437,850,True,False,False,False
final_all_training,0.010646665901976445,0.6744186046511628,0.527948079658606,0.6548881036513545,0.9982046678635548,0.1531791907514451,556,53,293,1,0,334,1.0,0.9401993355481728,849,True,False,False,False
final_all_training,0.010775267816333903,0.6755260243632336,0.5303928790124333,0.6556603773584906,0.9982046678635548,0.15606936416184972,556,54,292,1,0,334,1.0,0.9390919158361019,848,True,False,False,False
final_all_training,0.010942243655992279,0.6766334440753046,0.532827316409406,0.6564344746162928,0.9982046678635548,0.15895953757225434,556,55,291,1,0,334,1.0,0.937984496124031,847,True,False,False,False
final_all_training,0.011119604911637038,0.6777408637873754,0.5352514728276345,0.6572104018912529,0.9982046678635548,0.16184971098265896,556,56,290,1,0,334,1.0,0.9368770764119602,846,True,False,False,False
final_all_training,0.011654827016844163,0.6788482834994463,0.5376654284544004,0.6579881656804734,0.9982046678635548,0.16473988439306358,556,57,289,1,0,334,1.0,0.9357696566998892,845,True,False,False,False
final_all_training,0.011656035480421911,0.6799557032115172,0.5400692626959579,0.6587677725118484,0.9982046678635548,0.1676300578034682,556,58,288,1,0,334,1.0,0.9346622369878184,844,True,False,False,False
final_all_training,0.01168624108394942,0.6810631229235881,0.5424630541871921,0.6595492289442467,0.9982046678635548,0.17052023121387283,556,59,287,1,0,334,1.0,0.9335548172757475,843,True,False,False,False
final_all_training,0.011746355502760954,0.6821705426356589,0.5448468808011339,0.6603325415676959,0.9982046678635548,0.17341040462427745,556,60,286,1,0,334,1.0,0.9324473975636767,842,True,False,False,False
final_all_training,0.01184579187877079,0.6832779623477298,0.5472208196583355,0.6611177170035671,0.9982046678635548,0.17630057803468208,556,61,285,1,0,334,1.0,0.9313399778516057,841,True,False,False,False
final_all_training,0.012140552844161842,0.6843853820598007,0.549584947136109,0.6619047619047619,0.9982046678635548,0.1791907514450867,556,62,284,1,0,334,1.0,0.9302325581395349,840,True,False,False,False
final_all_training,0.01216586146147975,0.6854928017718716,0.5519393388776295,0.6626936829558999,0.9982046678635548,0.18208092485549132,556,63,283,1,0,334,1.0,0.929125138427464,839,True,False,False,False
final_all_training,0.012225600066848932,0.6866002214839424,0.5542840698009052,0.6634844868735084,0.9982046678635548,0.18497109826589594,556,64,282,1,0,334,1.0,0.9280177187153932,838,True,False,False,False
final_all_training,0.013434805591816847,0.6854928017718716,0.5534746695268209,0.6630824372759857,0.9964093357271095,0.18497109826589594,555,64,282,2,0,334,1.0,0.9269102990033222,837,True,False,False,False
final_all_training,0.013527945971938156,0.6866002214839424,0.5558056626960468,0.6638755980861244,0.9964093357271095,0.18786127167630057,555,65,281,2,0,334,1.0,0.9258028792912514,836,True,False,False,False
final_all_training,0.013609362134723173,0.6877076411960132,0.5581271864067966,0.6646706586826348,0.9964093357271095,0.1907514450867052,555,66,280,2,0,334,1.0,0.9246954595791805,835,True,False,False,False
final_all_training,0.013635675099462419,0.6888150609080842,0.5604393129671814,0.6654676258992805,0.9964093357271095,0.1936416184971098,555,67,279,2,0,334,1.0,0.9235880398671097,834,True,False,False,False
final_all_training,0.013683952397769544,0.689922480620155,0.5627421140011069,0.6662665066026411,0.9964093357271095,0.19653179190751446,555,68,278,2,0,334,1.0,0.9224806201550387,833,True,False,False,False
final_all_training,0.013704601308849654,0.6910299003322259,0.565035660456516,0.6670673076923077,0.9964093357271095,0.1994219653179191,555,69,277,2,0,334,1.0,0.9213732004429679,832,True,False,False,False
final_all_training,0.013856054542099868,0.6921373200442967,0.5673200226135158,0.6678700361010831,0.9964093357271095,0.2023121387283237,555,70,276,2,0,334,1.0,0.920265780730897,831,True,False,False,False
final_all_training,0.014065305606767794,0.6932447397563677,0.5695952700923853,0.6686746987951807,0.9964093357271095,0.20520231213872833,555,71,275,2,0,334,1.0,0.9191583610188261,830,True,False,False,False
final_all_training,0.014172328681627802,0.6943521594684385,0.5718614718614718,0.669481302774427,0.9964093357271095,0.20809248554913296,555,72,274,2,0,334,1.0,0.9180509413067552,829,True,False,False,False
final_all_training,0.01418737391317066,0.6954595791805094,0.5741186962449728,0.6702898550724637,0.9964093357271095,0.21098265895953758,555,73,273,2,0,334,1.0,0.9169435215946844,828,True,False,False,False
final_all_training,0.014723577018142638,0.6965669988925803,0.5763670109306085,0.6711003627569528,0.9964093357271095,0.2138728323699422,555,74,272,2,0,334,1.0,0.9158361018826136,827,True,False,False,False
final_all_training,0.015059974538744691,0.6976744186046512,0.578606482977185,0.6719128329297821,0.9964093357271095,0.21676300578034682,555,75,271,2,0,334,1.0,0.9147286821705426,826,True,False,False,False
final_all_training,0.015210187452062162,0.698781838316722,0.5808371788220517,0.6727272727272727,0.9964093357271095,0.21965317919075145,555,76,270,2,0,334,1.0,0.9136212624584718,825,True,False,False,False
final_all_training,0.015224052811832691,0.6998892580287929,0.5830591642884525,0.6735436893203883,0.9964093357271095,0.22254335260115607,555,77,269,2,0,334,1.0,0.9125138427464009,824,True,False,False,False
final_all_training,0.015487844859490401,0.7009966777408638,0.585272504592774,0.6743620899149453,0.9964093357271095,0.2254335260115607,555,78,268,2,0,334,1.0,0.9114064230343301,823,True,False,False,False
final_all_training,0.015702389790379905,0.7021040974529347,0.5874772643516922,0.6751824817518248,0.9964093357271095,0.22832369942196531,555,79,267,2,0,334,1.0,0.9102990033222591,822,True,False,False,False
final_all_training,0.01594732738836029,0.7032115171650055,0.5896735075892191,0.6760048721071864,0.9964093357271095,0.23121387283236994,555,80,266,2,0,334,1.0,0.9091915836101883,821,True,False,False,False
final_all_training,0.01598747982059752,0.7043189368770764,0.5918612977436506,0.676829268292683,0.9964093357271095,0.23410404624277456,555,81,265,2,0,334,1.0,0.9080841638981174,820,True,False,False,False
final_all_training,0.016016008864334918,0.7054263565891473,0.5940406976744186,0.6776556776556777,0.9964093357271095,0.23699421965317918,555,82,264,2,0,334,1.0,0.9069767441860465,819,True,False,False,False
final_all_training,0.01654745970397894,0.7065337763012182,0.5962117696688463,0.6784841075794621,0.9964093357271095,0.2398843930635838,555,83,263,2,0,334,1.0,0.9058693244739756,818,True,False,False,False
final_all_training,0.01687474370797787,0.707641196013289,0.5983745754488112,0.6793145654834761,0.9964093357271095,0.24277456647398843,555,84,262,2,0,334,1.0,0.9047619047619048,817,True,False,False,False
final_all_training,0.017243266274132765,0.70874861572536,0.6005291761773162,0.6801470588235294,0.9964093357271095,0.24566473988439305,555,85,261,2,0,334,1.0,0.9036544850498339,816,True,False,False,False
final_all_training,0.017343223708123995,0.7098560354374308,0.6026756324649676,0.6809815950920245,0.9964093357271095,0.24855491329479767,555,86,260,2,0,334,1.0,0.902547065337763,815,True,False,False,False
final_all_training,0.018057097878348975,0.7109634551495017,0.6048140043763677,0.6818181818181818,0.9964093357271095,0.2514450867052023,555,87,259,2,0,334,1.0,0.9014396456256921,814,True,False,False,False
final_all_training,0.01838093297532551,0.7120708748615725,0.606944351436416,0.6826568265682657,0.9964093357271095,0.2543352601156069,555,88,258,2,0,334,1.0,0.9003322259136213,813,True,False,False,False
final_all_training,0.018401490876233273,0.7131782945736435,0.6090667326365267,0.6834975369458128,0.9964093357271095,0.25722543352601157,555,89,257,2,0,334,1.0,0.8992248062015504,812,True,False,False,False
final_all_training,0.018564442396434597,0.7142857142857143,0.6111812064407594,0.6843403205918619,0.9964093357271095,0.26011560693641617,555,90,256,2,0,334,1.0,0.8981173864894795,811,True,False,False,False
final_all_training,0.018628205555921973,0.7153931339977851,0.6132878307918675,0.6851851851851852,0.9964093357271095,0.2630057803468208,555,91,255,2,0,334,1.0,0.8970099667774086,810,True,False,False,False
final_all_training,0.018915057004411515,0.716500553709856,0.6153866631172634,0.6860321384425216,0.9964093357271095,0.2658959537572254,555,92,254,2,0,334,1.0,0.8959025470653378,809,True,False,False,False
final_all_training,0.01892336312264389,0.717607973421927,0.6174777603349032,0.6868811881188119,0.9964093357271095,0.26878612716763006,555,93,253,2,0,334,1.0,0.8947951273532669,808,True,False,False,False
final_all_training,0.019240509420750007,0.7187153931339978,0.6195611788590916,0.6877323420074349,0.9964093357271095,0.27167630057803466,555,94,252,2,0,334,1.0,0.893687707641196,807,True,False,False,False
final_all_training,0.019329246277726416,0.7198228128460686,0.6216369746062083,0.6885856079404467,0.9964093357271095,0.2745664739884393,555,95,251,2,0,334,1.0,0.8925802879291251,806,True,False,False,False
final_all_training,0.01935102046278001,0.7209302325581395,0.6237052030003571,0.6894409937888198,0.9964093357271095,0.2774566473988439,555,96,250,2,0,334,1.0,0.8914728682170543,805,True,False,False,False
final_all_training,0.019568079438102657,0.7220376522702104,0.6257659189789397,0.6902985074626866,0.9964093357271095,0.28034682080924855,555,97,249,2,0,334,1.0,0.8903654485049833,804,True,False,False,False
final_all_training,0.02009403067581938,0.7231450719822813,0.6278191769981535,0.6911581569115816,0.9964093357271095,0.2832369942196532,555,98,248,2,0,334,1.0,0.8892580287929125,803,True,False,False,False
final_all_training,0.021079436885941424,0.7242524916943521,0.6298650310384165,0.6920199501246883,0.9964093357271095,0.2861271676300578,555,99,247,2,0,334,1.0,0.8881506090808416,802,True,False,False,False
final_all_training,0.02152429672170866,0.7253599114064231,0.6319035346097202,0.6928838951310862,0.9964093357271095,0.28901734104046245,555,100,246,2,0,334,1.0,0.8870431893687708,801,True,False,False,False
final_all_training,0.0220035576027634,0.7264673311184939,0.63393474075691,0.69375,0.9964093357271095,0.29190751445086704,555,101,245,2,0,334,1.0,0.8859357696566998,800,True,False,False,False
final_all_training,0.0220081880032003,0.7275747508305648,0.6359587020648968,0.6946182728410513,0.9964093357271095,0.2947976878612717,555,102,244,2,0,334,1.0,0.884828349944629,799,True,False,False,False
final_all_training,0.022017533536255195,0.7286821705426356,0.6379754706637976,0.6954887218045113,0.9964093357271095,0.2976878612716763,555,103,243,2,0,334,1.0,0.8837209302325582,798,True,False,False,False
final_all_training,0.022106578333142436,0.7297895902547066,0.6399850982340101,0.6963613550815558,0.9964093357271095,0.30057803468208094,555,104,242,2,0,334,1.0,0.8826135105204873,797,True,False,False,False
final_all_training,0.02247052385081981,0.7308970099667774,0.6419876360112187,0.6972361809045227,0.9964093357271095,0.30346820809248554,555,105,241,2,0,334,1.0,0.8815060908084164,796,True,False,False,False
final_all_training,0.02262528847382806,0.7320044296788483,0.6439831347913354,0.6981132075471698,0.9964093357271095,0.3063583815028902,555,106,240,2,0,334,1.0,0.8803986710963455,795,True,False,False,False
final_all_training,0.022982327270187838,0.7331118493909191,0.6459716449353755,0.698992443324937,0.9964093357271095,0.3092485549132948,555,107,239,2,0,334,1.0,0.8792912513842747,794,True,False,False,False
final_all_training,0.02313681256949903,0.7342192691029901,0.647953216374269,0.699873896595208,0.9964093357271095,0.31213872832369943,555,108,238,2,0,334,1.0,0.8781838316722038,793,True,False,False,False
final_all_training,0.023568225046519602,0.7353266888150609,0.6499278986136096,0.7007575757575758,0.9964093357271095,0.315028901734104,555,109,237,2,0,334,1.0,0.8770764119601329,792,True,False,False,False
final_all_training,0.024508079904055863,0.7364341085271318,0.6518957407383411,0.7016434892541087,0.9964093357271095,0.3179190751445087,555,110,236,2,0,334,1.0,0.875968992248062,791,True,False,False,False
final_all_training,0.025062959075388216,0.7375415282392026,0.6538567914173836,0.7025316455696202,0.9964093357271095,0.3208092485549133,555,111,235,2,0,334,1.0,0.8748615725359912,790,True,False,False,False
final_all_training,0.025302718430061547,0.7386489479512736,0.6558110989081982,0.7034220532319392,0.9964093357271095,0.3236994219653179,555,112,234,2,0,334,1.0,0.8737541528239202,789,True,False,False,False
final_all_training,0.025656431542013282,0.7397563676633444,0.6577587110612939,0.7043147208121827,0.9964093357271095,0.3265895953757225,555,113,233,2,0,334,1.0,0.8726467331118494,788,True,False,False,False
final_all_training,0.025789583401911714,0.7408637873754153,0.6596996753246753,0.7052096569250318,0.9964093357271095,0.32947976878612717,555,114,232,2,0,334,1.0,0.8715393133997785,787,True,False,False,False
final_all_training,0.026591947384079332,0.7419712070874862,0.661634038748233,0.7061068702290076,0.9964093357271095,0.33236994219653176,555,115,231,2,0,334,1.0,0.8704318936877077,786,True,False,False,False
final_all_training,0.027060706522406948,0.743078626799557,0.6635618479880775,0.7070063694267515,0.9964093357271095,0.3352601156069364,555,116,230,2,0,334,1.0,0.8693244739756367,785,True,False,False,False
final_all_training,0.02709868946510562,0.7441860465116279,0.6654831493108175,0.7079081632653061,0.9964093357271095,0.33815028901734107,555,117,229,2,0,334,1.0,0.8682170542635659,784,True,False,False,False
final_all_training,0.027945389925994442,0.7452934662236987,0.6673979885977837,0.7088122605363985,0.9964093357271095,0.34104046242774566,555,118,228,2,0,334,1.0,0.867109634551495,783,True,False,False,False
final_all_training,0.028776245021554975,0.7464008859357697,0.6693064113491963,0.7097186700767263,0.9964093357271095,0.3439306358381503,555,119,227,2,0,334,1.0,0.8660022148394242,782,True,False,False,False
final_all_training,0.0297679023667863,0.7475083056478405,0.6712084626882833,0.7106274007682458,0.9964093357271095,0.3468208092485549,555,120,226,2,0,334,1.0,0.8648947951273532,781,True,False,False,False
final_all_training,0.02994760952662116,0.7486157253599114,0.6731041873653423,0.7115384615384616,0.9964093357271095,0.34971098265895956,555,121,225,2,0,334,1.0,0.8637873754152824,780,True,False,False,False
final_all_training,0.03017150664151354,0.7497231450719822,0.6749936297617531,0.7124518613607189,0.9964093357271095,0.35260115606936415,555,122,224,2,0,334,1.0,0.8626799557032115,779,True,False,False,False
final_all_training,0.031157700895548104,0.7508305647840532,0.6768768338939384,0.7133676092544987,0.9964093357271095,0.3554913294797688,555,123,223,2,0,334,1.0,0.8615725359911407,778,True,False,False,False
final_all_training,0.03257454676182928,0.751937984496124,0.6787538434172744,0.7142857142857143,0.9964093357271095,0.3583815028901734,555,124,222,2,0,334,1.0,0.8604651162790697,777,True,False,False,False
final_all_training,0.032904635900763646,0.7530454042081949,0.6806247016299529,0.7152061855670103,0.9964093357271095,0.36127167630057805,555,125,221,2,0,334,1.0,0.8593576965669989,776,True,False,False,False
final_all_training,0.03300451543695868,0.7541528239202658,0.6824894514767932,0.7161290322580646,0.9964093357271095,0.36416184971098264,555,126,220,2,0,334,1.0,0.858250276854928,775,True,False,False,False
final_all_training,0.03345644365381812,0.7530454042081949,0.6814915575942109,0.7157622739018088,0.9946140035906643,0.36416184971098264,554,126,220,3,0,334,1.0,0.8571428571428571,774,True,False,False,False
final_all_training,0.034520909173814604,0.7541528239202658,0.6833480760725343,0.7166882276843467,0.9946140035906643,0.3670520231213873,554,127,219,3,0,334,1.0,0.8560354374307863,773,True,False,False,False
final_all_training,0.03456881097298928,0.7552602436323367,0.6851985935422198,0.7176165803108808,0.9946140035906643,0.3699421965317919,554,128,218,3,0,334,1.0,0.8549280177187154,772,True,False,False,False
final_all_training,0.03494529694775532,0.7563676633444075,0.687043151686243,0.7185473411154345,0.9946140035906643,0.37283236994219654,554,129,217,3,0,334,1.0,0.8538205980066446,771,True,False,False,False
final_all_training,0.03675526033789643,0.7574750830564784,0.6888817918515873,0.7194805194805195,0.9946140035906643,0.37572254335260113,554,130,216,3,0,334,1.0,0.8527131782945736,770,True,False,False,False
final_all_training,0.03763084282855965,0.7585825027685493,0.6907145550527903,0.7204161248374512,0.9946140035906643,0.3786127167630058,554,131,215,3,0,334,1.0,0.8516057585825028,769,True,False,False,False
final_all_training,0.037917154333775335,0.7596899224806202,0.6925414819754443,0.7213541666666666,0.9946140035906643,0.3815028901734104,554,132,214,3,0,334,1.0,0.8504983388704319,768,True,False,False,False
final_all_training,0.03908822420056342,0.760797342192691,0.6943626129796543,0.7222946544980443,0.9946140035906643,0.38439306358381503,554,133,213,3,0,334,1.0,0.8493909191583611,767,True,False,False,False
final_all_training,0.040133550070795956,0.7619047619047619,0.696177988103454,0.7232375979112271,0.9946140035906643,0.3872832369942196,554,134,212,3,0,334,1.0,0.8482834994462901,766,True,False,False,False
final_all_training,0.04036577446651909,0.7630121816168328,0.6979876470661782,0.7241830065359477,0.9946140035906643,0.3901734104046243,554,135,211,3,0,334,1.0,0.8471760797342193,765,True,False,False,False
final_all_training,0.04054709640400665,0.7641196013289037,0.6997916292717951,0.725130890052356,0.9946140035906643,0.3930635838150289,554,136,210,3,0,334,1.0,0.8460686600221484,764,True,False,False,False
final_all_training,0.04110767831416387,0.7652270210409745,0.701589973812196,0.7260812581913499,0.9946140035906643,0.3959537572254335,554,137,209,3,0,334,1.0,0.8449612403100775,763,True,False,False,False
final_all_training,0.04186700351652901,0.7663344407530454,0.703382719470447,0.7270341207349081,0.9946140035906643,0.3988439306358382,554,138,208,3,0,334,1.0,0.8438538205980066,762,True,False,False,False
final_all_training,0.04212608804977797,0.7674418604651163,0.7051699047239981,0.7279894875164258,0.9946140035906643,0.40173410404624277,554,139,207,3,0,334,1.0,0.8427464008859358,761,True,False,False,False
final_all_training,0.043158637261281,0.7685492801771872,0.706951567747856,0.7289473684210527,0.9946140035906643,0.4046242774566474,554,140,206,3,0,334,1.0,0.8416389811738649,760,True,False,False,False
final_all_training,0.04490904303703858,0.769656699889258,0.708727746417716,0.7299077733860343,0.9946140035906643,0.407514450867052,554,141,205,3,0,334,1.0,0.840531561461794,759,True,False,False,False
final_all_training,0.04608444514637106,0.770764119601329,0.710498478313057,0.7308707124010554,0.9946140035906643,0.41040462427745666,554,142,204,3,0,334,1.0,0.8394241417497231,758,True,False,False,False
final_all_training,0.04662124414665973,0.769656699889258,0.7094702453873853,0.7305151915455746,0.992818671454219,0.41040462427745666,553,142,204,4,0,334,1.0,0.8383167220376523,757,True,False,False,False
final_all_training,0.04711362585777942,0.770764119601329,0.7112337384463989,0.7314814814814815,0.992818671454219,0.41329479768786126,553,143,203,4,0,334,1.0,0.8372093023255814,756,True,False,False,False
final_all_training,0.04780283670929747,0.7718715393133998,0.7129918781475264,0.7324503311258278,0.992818671454219,0.4161849710982659,553,144,202,4,0,334,1.0,0.8361018826135105,755,True,False,False,False
final_all_training,0.047888860827797454,0.7729789590254706,0.7147447010147239,0.73342175066313,0.992818671454219,0.4190751445086705,553,145,201,4,0,334,1.0,0.8349944629014396,754,True,False,False,False
final_all_training,0.04864565413968197,0.7740863787375415,0.7164922432898302,0.7343957503320053,0.992818671454219,0.42196531791907516,553,146,200,4,0,334,1.0,0.8338870431893688,753,True,False,False,False
final_all_training,0.05088686077283416,0.7751937984496124,0.7182345409354522,0.7353723404255319,0.992818671454219,0.42485549132947975,553,147,199,4,0,334,1.0,0.832779623477298,752,True,False,False,False
final_all_training,0.053022939923195185,0.7763012181616833,0.7199716296378174,0.7363515312916112,0.992818671454219,0.4277456647398844,553,148,198,4,0,334,1.0,0.831672203765227,751,True,False,False,False
final_all_training,0.0533200072957161,0.7774086378737541,0.7217035448095885,0.7373333333333333,0.992818671454219,0.430635838150289,553,149,197,4,0,334,1.0,0.8305647840531561,750,True,False,False,False
final_all_training,0.05353208832484719,0.778516057585825,0.7234303215926493,0.7383177570093458,0.992818671454219,0.43352601156069365,553,150,196,4,0,334,1.0,0.8294573643410853,749,True,False,False,False
final_all_training,0.054562211005189196,0.7796234772978959,0.725151994860853,0.7393048128342246,0.992818671454219,0.43641618497109824,553,151,195,4,0,334,1.0,0.8283499446290143,748,True,False,False,False
final_all_training,0.05595897252834001,0.7807308970099668,0.7268685992227409,0.7402945113788487,0.992818671454219,0.4393063583815029,553,152,194,4,0,334,1.0,0.8272425249169435,747,True,False,False,False
final_all_training,0.05618888695214741,0.7818383167220376,0.7285801690242276,0.7412868632707775,0.992818671454219,0.4421965317919075,553,153,193,4,0,334,1.0,0.8261351052048727,746,True,False,False,False
final_all_training,0.05697057012001641,0.7829457364341085,0.7302867383512546,0.7422818791946308,0.992818671454219,0.44508670520231214,553,154,192,4,0,334,1.0,0.8250276854928018,745,True,False,False,False
final_all_training,0.05747441046192931,0.7840531561461794,0.7319883410324122,0.7432795698924731,0.992818671454219,0.4479768786127168,553,155,191,4,0,334,1.0,0.8239202657807309,744,True,False,False,False
final_all_training,0.05767687210028766,0.7851605758582503,0.7336850106415324,0.7442799461641992,0.992818671454219,0.4508670520231214,553,156,190,4,0,334,1.0,0.82281284606866,743,True,False,False,False
final_all_training,0.05880636790517653,0.7862679955703211,0.7353767805002482,0.7452830188679245,0.992818671454219,0.45375722543352603,553,157,189,4,0,334,1.0,0.8217054263565892,742,True,False,False,False
final_all_training,0.05981299118788581,0.7873754152823921,0.737063683680526,0.7462887989203779,0.992818671454219,0.45664739884393063,553,158,188,4,0,334,1.0,0.8205980066445183,741,True,False,False,False
final_all_training,0.060700530229071445,0.7884828349944629,0.7387457530071664,0.7472972972972973,0.992818671454219,0.4595375722543353,553,159,187,4,0,334,1.0,0.8194905869324474,740,True,False,False,False
final_all_training,0.06144734963885198,0.7895902547065338,0.740423021060276,0.7483085250338295,0.992818671454219,0.4624277456647399,553,160,186,4,0,334,1.0,0.8183831672203765,739,True,False,False,False
final_all_training,0.06282192685186891,0.7906976744186046,0.742095520177712,0.7493224932249323,0.992818671454219,0.4653179190751445,553,161,185,4,0,334,1.0,0.8172757475083057,738,True,False,False,False
final_all_training,0.06380364602227534,0.7918050941306756,0.7437632824574961,0.7503392130257802,0.992818671454219,0.4682080924855491,553,162,184,4,0,334,1.0,0.8161683277962348,737,True,False,False,False
final_all_training,0.06399105008864818,0.7929125138427464,0.7454263397602022,0.751358695652174,0.992818671454219,0.47109826589595377,553,163,183,4,0,334,1.0,0.8150609080841639,736,True,False,False,False
final_all_training,0.06407016566525955,0.7940199335548173,0.7470847237113154,0.7523809523809524,0.992818671454219,0.47398843930635837,553,164,182,4,0,334,1.0,0.813953488372093,735,True,False,False,False
final_all_training,0.06657632999491947,0.7951273532668881,0.7487384657035638,0.7534059945504087,0.992818671454219,0.476878612716763,553,165,181,4,0,334,1.0,0.8128460686600222,734,True,False,False,False
final_all_training,0.06683579529453501,0.7962347729789591,0.7503875968992249,0.7544338335607094,0.992818671454219,0.4797687861271676,553,166,180,4,0,334,1.0,0.8117386489479512,733,True,False,False,False
final_all_training,0.06687472753980192,0.7973421926910299,0.7520321482324024,0.755464480874317,0.992818671454219,0.48265895953757226,553,167,179,4,0,334,1.0,0.8106312292358804,732,True,False,False,False
final_all_training,0.0671811831672533,0.7984496124031008,0.7536721504112809,0.7564979480164159,0.992818671454219,0.48554913294797686,553,168,178,4,0,334,1.0,0.8095238095238095,731,True,False,False,False
final_all_training,0.07152526601617025,0.7995570321151716,0.7553076339203507,0.7575342465753425,0.992818671454219,0.4884393063583815,553,169,177,4,0,334,1.0,0.8084163898117387,730,True,False,False,False
final_all_training,0.07247498363278511,0.8006644518272426,0.7569386290226103,0.7585733882030178,0.992818671454219,0.4913294797687861,553,170,176,4,0,334,1.0,0.8073089700996677,729,True,False,False,False
final_all_training,0.07325066272398002,0.8017718715393134,0.7585651657617423,0.7596153846153846,0.992818671454219,0.49421965317919075,553,171,175,4,0,334,1.0,0.8062015503875969,728,True,False,False,False
final_all_training,0.07459495290703858,0.8028792912513842,0.760187273964264,0.7606602475928473,0.992818671454219,0.49710982658959535,553,172,174,4,0,334,1.0,0.805094130675526,727,True,False,False,False
final_all_training,0.07847549772580398,0.8039867109634552,0.7618049832416555,0.7617079889807162,0.992818671454219,0.5,553,173,173,4,0,334,1.0,0.8039867109634552,726,True,False,False,False
final_all_training,0.079340294807737,0.805094130675526,0.7634183229924617,0.7627586206896552,0.992818671454219,0.5028901734104047,553,174,172,4,0,334,1.0,0.8028792912513842,725,True,False,False,False
final_all_training,0.08009100034534265,0.8062015503875969,0.7650273224043715,0.7638121546961326,0.992818671454219,0.5057803468208093,553,175,171,4,0,334,1.0,0.8017718715393134,724,True,False,False,False
final_all_training,0.08252859279277376,0.8073089700996677,0.7666320104562737,0.7648686030428768,0.992818671454219,0.5086705202312138,553,176,170,4,0,334,1.0,0.8006644518272426,723,True,False,False,False
final_all_training,0.0836168527969436,0.8084163898117387,0.7682324159202888,0.7659279778393352,0.992818671454219,0.5115606936416185,553,177,169,4,0,334,1.0,0.7995570321151716,722,True,False,False,False
final_all_training,0.08442454927421837,0.8095238095238095,0.7698285673637786,0.7669902912621359,0.992818671454219,0.5144508670520231,553,178,168,4,0,334,1.0,0.7984496124031008,721,True,False,False,False
final_all_training,0.08479743816446794,0.8106312292358804,0.7714204931513338,0.7680555555555556,0.992818671454219,0.5173410404624278,553,179,167,4,0,334,1.0,0.7973421926910299,720,True,False,False,False
final_all_training,0.08672692687490724,0.8117386489479512,0.773008221446738,0.7691237830319889,0.992818671454219,0.5202312138728323,553,180,166,4,0,334,1.0,0.7962347729789591,719,True,False,False,False
final_all_training,0.08867530082217615,0.8128460686600222,0.7745917802149108,0.7701949860724234,0.992818671454219,0.523121387283237,553,181,165,4,0,334,1.0,0.7951273532668881,718,True,False,False,False
final_all_training,0.09034116777118568,0.8117386489479512,0.7735065686193505,0.7698744769874477,0.9910233393177738,0.523121387283237,552,181,165,5,1,334,0.9970059880239521,0.7940199335548173,717,True,False,False,False
final_all_training,0.09056027793020202,0.8128460686600222,0.7750847814841071,0.770949720670391,0.9910233393177738,0.5260115606936416,552,182,164,5,1,334,0.9970059880239521,0.7929125138427464,716,True,False,False,False
final_all_training,0.09223323085467545,0.813953488372093,0.7766588933644265,0.772027972027972,0.9910233393177738,0.5289017341040463,552,183,163,5,1,334,0.9970059880239521,0.7918050941306756,715,True,False,False,False
final_all_training,0.09565871159209834,0.8128460686600222,0.7755729905806745,0.7717086834733894,0.9892280071813285,0.5289017341040463,551,183,163,6,1,334,0.9970059880239521,0.7906976744186046,714,True,False,False,False
final_all_training,0.09573561988998912,0.8117386489479512,0.7744887765894934,0.7713884992987378,0.9874326750448833,0.5289017341040463,550,183,163,7,1,334,0.9970059880239521,0.7895902547065338,713,True,False,False,False
final_all_training,0.09598840873472422,0.8128460686600222,0.7760564558377467,0.7724719101123596,0.9874326750448833,0.5317919075144508,550,184,162,7,1,334,0.9970059880239521,0.7884828349944629,712,True,False,False,False
final_all_training,0.10381558480028755,0.813953488372093,0.7776201142213831,0.7735583684950773,0.9874326750448833,0.5346820809248555,550,185,161,7,1,334,0.9970059880239521,0.7873754152823921,711,True,False,False,False
final_all_training,0.1084188169169889,0.8150609080841639,0.7791797783905124,0.7746478873239436,0.9874326750448833,0.5375722543352601,550,186,160,7,1,334,0.9970059880239521,0.7862679955703211,710,True,False,False,False
final_all_training,0.11141301910815381,0.8161683277962348,0.7807354748113042,0.7757404795486601,0.9874326750448833,0.5404624277456648,550,187,159,7,1,334,0.9970059880239521,0.7851605758582503,709,True,False,False,False
final_all_training,0.1138074662257136,0.8172757475083057,0.7822872297677409,0.7768361581920904,0.9874326750448833,0.5433526011560693,550,188,158,7,1,334,0.9970059880239521,0.7840531561461794,708,True,False,False,False
final_all_training,0.11414282143019049,0.8183831672203765,0.7838350693633518,0.7779349363507779,0.9874326750448833,0.546242774566474,550,189,157,7,1,334,0.9970059880239521,0.7829457364341085,707,True,False,False,False
final_all_training,0.11546788751012477,0.8194905869324474,0.7853790195229284,0.7790368271954674,0.9874326750448833,0.5491329479768786,550,190,156,7,1,334,0.9970059880239521,0.7818383167220376,706,True,False,False,False
final_all_training,0.12379777629018394,0.8205980066445183,0.7869191059942202,0.7801418439716312,0.9874326750448833,0.5520231213872833,550,191,155,7,1,334,0.9970059880239521,0.7807308970099668,705,True,False,False,False
final_all_training,0.12418752312209473,0.8217054263565892,0.7884553543496133,0.78125,0.9874326750448833,0.5549132947976878,550,192,154,7,1,334,0.9970059880239521,0.7796234772978959,704,True,False,False,False
final_all_training,0.1262200255088804,0.82281284606866,0.7899877899877901,0.7823613086770982,0.9874326750448833,0.5578034682080925,550,193,153,7,1,334,0.9970059880239521,0.778516057585825,703,True,False,False,False
final_all_training,0.12638869579938886,0.8217054263565892,0.7888940033949349,0.782051282051282,0.9856373429084381,0.5578034682080925,549,193,153,8,1,334,0.9970059880239521,0.7774086378737541,702,True,False,False,False
final_all_training,0.127912215699913,0.82281284606866,0.7904215937706707,0.7831669044222539,0.9856373429084381,0.5606936416184971,549,194,152,8,1,334,0.9970059880239521,0.7763012181616833,701,True,False,False,False
final_all_training,0.12958435772442106,0.8239202657807309,0.7919454334415796,0.7842857142857143,0.9856373429084381,0.5635838150289018,549,195,151,8,1,334,0.9970059880239521,0.7751937984496124,700,True,False,False,False
final_all_training,0.13149202635826793,0.8250276854928018,0.7934655471916618,0.7854077253218884,0.9856373429084381,0.5664739884393064,549,196,150,8,1,334,0.9970059880239521,0.7740863787375415,699,True,False,False,False
final_all_training,0.1333438663636682,0.8261351052048727,0.7949819596387588,0.7865329512893983,0.9856373429084381,0.569364161849711,549,197,149,8,1,334,0.9970059880239521,0.7729789590254706,698,True,False,False,False
final_all_training,0.13833511652321773,0.8272425249169435,0.796494695236114,0.787661406025825,0.9856373429084381,0.5722543352601156,549,198,148,8,1,334,0.9970059880239521,0.7718715393133998,697,True,False,False,False
final_all_training,0.14081495260715035,0.8283499446290143,0.7980037782739148,0.7887931034482759,0.9856373429084381,0.5751445086705202,549,199,147,8,1,334,0.9970059880239521,0.770764119601329,696,True,False,False,False
final_all_training,0.14154292137765243,0.8272425249169435,0.7969054566844673,0.7884892086330936,0.9838420107719928,0.5751445086705202,548,199,147,9,1,334,0.9970059880239521,0.769656699889258,695,True,False,False,False
final_all_training,0.14243062813306753,0.8283499446290143,0.798409920712079,0.7896253602305475,0.9838420107719928,0.5780346820809249,548,200,146,9,1,334,0.9970059880239521,0.7685492801771872,694,True,False,False,False
final_all_training,0.14435466370259006,0.8294573643410853,0.7999107913669065,0.7907647907647908,0.9838420107719928,0.5809248554913294,548,201,145,9,1,334,0.9970059880239521,0.7674418604651163,693,True,False,False,False
final_all_training,0.14514820341395185,0.8305647840531561,0.8014080923625795,0.791907514450867,0.9838420107719928,0.5838150289017341,548,202,144,9,1,334,0.9970059880239521,0.7663344407530454,692,True,False,False,False
final_all_training,0.14633776278238883,0.831672203765227,0.802901847256686,0.7930535455861071,0.9838420107719928,0.5867052023121387,548,203,143,9,1,334,0.9970059880239521,0.7652270210409745,691,True,False,False,False
final_all_training,0.14645579943777717,0.8305647840531561,0.801801246067485,0.7927536231884058,0.9820466786355476,0.5867052023121387,547,203,143,10,1,334,0.9970059880239521,0.7641196013289037,690,True,False,False,False
final_all_training,0.1523400314631328,0.831672203765227,0.8032905296950241,0.7939042089985486,0.9820466786355476,0.5895953757225434,547,204,142,10,1,334,0.9970059880239521,0.7630121816168328,689,True,False,False,False
final_all_training,0.15308970256652943,0.832779623477298,0.804776324549535,0.7950581395348837,0.9820466786355476,0.5924855491329479,547,205,141,10,1,334,0.9970059880239521,0.7619047619047619,688,True,False,False,False
final_all_training,0.15309679864530484,0.8338870431893688,0.8062586536371021,0.7962154294032023,0.9820466786355476,0.5953757225433526,547,206,140,10,1,334,0.9970059880239521,0.760797342192691,687,True,False,False,False
final_all_training,0.15975355593377288,0.8349944629014396,0.8077375398144351,0.7973760932944607,0.9820466786355476,0.5982658959537572,547,207,139,10,1,334,0.9970059880239521,0.7596899224806202,686,True,False,False,False
final_all_training,0.16136750123143714,0.8361018826135105,0.8092130057902491,0.7985401459854015,0.9820466786355476,0.6011560693641619,547,208,138,10,1,334,0.9970059880239521,0.7585825027685493,685,True,False,False,False
final_all_training,0.16459178426991872,0.8372093023255814,0.810685074126632,0.7997076023391813,0.9820466786355476,0.6040462427745664,547,209,137,10,1,334,0.9970059880239521,0.7574750830564784,684,True,False,False,False
final_all_training,0.1647023264689137,0.8383167220376523,0.8121537672403967,0.8008784773060029,0.9820466786355476,0.6069364161849711,547,210,136,10,1,334,0.9970059880239521,0.7563676633444075,683,True,False,False,False
final_all_training,0.16658727388199088,0.8394241417497231,0.8136191074044181,0.8020527859237536,0.9820466786355476,0.6098265895953757,547,211,135,10,1,334,0.9970059880239521,0.7552602436323367,682,True,False,False,False
final_all_training,0.16829884557415947,0.840531561461794,0.815081116748959,0.8032305433186491,0.9820466786355476,0.6127167630057804,547,212,134,10,1,334,0.9970059880239521,0.7541528239202658,681,True,False,False,False
final_all_training,0.1712512909555199,0.8416389811738649,0.8165398172629796,0.8044117647058824,0.9820466786355476,0.615606936416185,547,213,133,10,1,334,0.9970059880239521,0.7530454042081949,680,True,False,False,False
final_all_training,0.17346910574815724,0.8427464008859358,0.8179952307954352,0.8055964653902798,0.9820466786355476,0.6184971098265896,547,214,132,10,1,334,0.9970059880239521,0.751937984496124,679,True,False,False,False
final_all_training,0.17427596102849977,0.8438538205980066,0.8194473790565597,0.8067846607669616,0.9820466786355476,0.6213872832369942,547,215,131,10,1,334,0.9970059880239521,0.7508305647840532,678,True,False,False,False
final_all_training,0.1760757196921238,0.8449612403100775,0.8208962836191361,0.8079763663220089,0.9820466786355476,0.6242774566473989,547,216,130,10,1,334,0.9970059880239521,0.7497231450719822,677,True,False,False,False
final_all_training,0.1765263319560329,0.8460686600221484,0.8223419659197547,0.8091715976331361,0.9820466786355476,0.6271676300578035,547,217,129,10,1,334,0.9970059880239521,0.7486157253599114,676,True,False,False,False
final_all_training,0.18067006957193038,0.8471760797342193,0.8237844472600571,0.8103703703703704,0.9820466786355476,0.630057803468208,547,218,128,10,1,334,0.9970059880239521,0.7475083056478405,675,True,False,False,False
final_all_training,0.18946848056552323,0.8482834994462901,0.8252237488079681,0.8115727002967359,0.9820466786355476,0.6329479768786127,547,219,127,10,1,334,0.9970059880239521,0.7464008859357697,674,True,False,False,False
final_all_training,0.19276358516949865,0.8493909191583611,0.826659891598916,0.812778603268945,0.9820466786355476,0.6358381502890174,547,220,126,10,1,334,0.9970059880239521,0.7452934662236987,673,True,False,False,False
final_all_training,0.19292484671513668,0.8504983388704319,0.8280928965370389,0.8139880952380952,0.9820466786355476,0.638728323699422,547,221,125,10,1,334,0.9970059880239521,0.7441860465116279,672,True,False,False,False
final_all_training,0.19707773969124515,0.8493909191583611,0.8269783483425943,0.8137108792846498,0.9802513464991023,0.638728323699422,546,221,125,11,1,334,0.9970059880239521,0.743078626799557,671,True,False,False,False
final_all_training,0.1975426178678489,0.8504983388704319,0.8284074641802956,0.8149253731343283,0.9802513464991023,0.6416184971098265,546,222,124,11,1,334,0.9970059880239521,0.7419712070874862,670,True,False,False,False
final_all_training,0.19835069181537593,0.8516057585825028,0.8298334927153063,0.8161434977578476,0.9802513464991023,0.6445086705202312,546,223,123,11,1,334,0.9970059880239521,0.7408637873754153,669,True,False,False,False
final_all_training,0.20164066224445257,0.8527131782945736,0.8312564543889845,0.8173652694610778,0.9802513464991023,0.6473988439306358,546,224,122,11,1,334,0.9970059880239521,0.7397563676633444,668,True,False,False,False
final_all_training,0.2036020486208014,0.8538205980066446,0.832676369516879,0.8185907046476761,0.9802513464991023,0.6502890173410405,546,225,121,11,1,334,0.9970059880239521,0.7386489479512736,667,True,False,False,False
final_all_training,0.20768702143082823,0.8549280177187154,0.8340932582898672,0.8198198198198198,0.9802513464991023,0.653179190751445,546,226,120,11,1,334,0.9970059880239521,0.7375415282392026,666,True,False,False,True
final_all_training,0.2120588850536505,0.8538205980066446,0.8329764814025962,0.8195488721804511,0.9784560143626571,0.653179190751445,545,226,120,12,1,334,0.9970059880239521,0.7364341085271318,665,False,False,False,False
final_all_training,0.21367636805947127,0.8549280177187154,0.8343896343896344,0.8207831325301205,0.9784560143626571,0.6560693641618497,545,227,119,12,1,334,0.9970059880239521,0.7353266888150609,664,False,False,False,False
final_all_training,0.22470171370864778,0.8560354374307863,0.8357998097689252,0.8220211161387632,0.9784560143626571,0.6589595375722543,545,228,118,12,1,334,0.9970059880239521,0.7342192691029901,663,False,False,False,False
final_all_training,0.23263368400284815,0.8549280177187154,0.8346831052346926,0.8217522658610272,0.9766606822262118,0.6589595375722543,544,228,118,13,1,334,0.9970059880239521,0.7331118493909191,662,False,False,False,False
final_all_training,0.23348065303065405,0.8560354374307863,0.8360896082570959,0.8229954614220878,0.9766606822262118,0.661849710982659,544,229,117,13,1,334,0.9970059880239521,0.7320044296788483,661,False,False,False,False
final_all_training,0.23512822699670397,0.8571428571428571,0.8374931816247753,0.8242424242424242,0.9766606822262118,0.6647398843930635,544,230,116,13,1,334,0.9970059880239521,0.7308970099667774,660,False,False,False,False
final_all_training,0.23961845802192608,0.858250276854928,0.8388938447814451,0.8254931714719271,0.9766606822262118,0.6676300578034682,544,231,115,13,1,334,0.9970059880239521,0.7297895902547066,659,False,False,False,False
final_all_training,0.2435748035312435,0.8571428571428571,0.8377765244093501,0.8252279635258358,0.9748653500897666,0.6676300578034682,543,231,115,14,1,334,0.9970059880239521,0.7286821705426356,658,False,False,False,False
final_all_training,0.2470084871758861,0.8560354374307863,0.836660692818024,0.8249619482496194,0.9730700179533214,0.6676300578034682,542,231,115,15,1,334,0.9970059880239521,0.7275747508305648,657,False,False,False,False
final_all_training,0.2528320140793618,0.8571428571428571,0.8380570797807341,0.8262195121951219,0.9730700179533214,0.6705202312138728,542,232,114,15,1,334,0.9970059880239521,0.7264673311184939,656,False,False,False,False
final_all_training,0.2548177155604387,0.858250276854928,0.8394506117278395,0.8274809160305343,0.9730700179533214,0.6734104046242775,542,233,113,15,1,334,0.9970059880239521,0.7253599114064231,655,False,False,False,False
final_all_training,0.2553074875868967,0.8593576965669989,0.8408413076213144,0.8287461773700305,0.9730700179533214,0.6763005780346821,542,234,112,15,1,334,0.9970059880239521,0.7242524916943521,654,False,False,False,False
final_all_training,0.2554397691411434,0.8604651162790697,0.8422291863109435,0.8300153139356815,0.9730700179533214,0.6791907514450867,542,235,111,15,1,334,0.9970059880239521,0.7231450719822813,653,False,False,False,False
final_all_training,0.2585181806683359,0.8593576965669989,0.8411120947998887,0.8297546012269938,0.9712746858168761,0.6791907514450867,541,235,111,16,2,334,0.9940119760479041,0.7220376522702104,652,False,False,False,False
final_all_training,0.2592702364840089,0.858250276854928,0.8399964561784314,0.8294930875576036,0.9694793536804309,0.6791907514450867,540,235,111,17,2,334,0.9940119760479041,0.7209302325581395,651,False,False,False,False
final_all_training,0.2603532639676206,0.8571428571428571,0.8388822575045678,0.8292307692307692,0.9676840215439856,0.6791907514450867,539,235,111,18,2,334,0.9940119760479041,0.7198228128460686,650,False,False,False,False
final_all_training,0.26074552672631,0.8560354374307863,0.8377694859038143,0.8289676425269645,0.9658886894075404,0.6791907514450867,538,235,111,19,2,334,0.9940119760479041,0.7187153931339978,649,False,False,False,False
final_all_training,0.2693700863597064,0.8571428571428571,0.8391518975980559,0.8302469135802469,0.9658886894075404,0.6820809248554913,538,236,110,19,2,334,0.9940119760479041,0.717607973421927,648,False,False,False,False
final_all_training,0.2732616265878661,0.858250276854928,0.8405315614617941,0.8315301391035549,0.9658886894075404,0.684971098265896,538,237,109,19,2,334,0.9940119760479041,0.716500553709856,647,False,False,False,False
final_all_training,0.2765946039837315,0.8593576965669989,0.8419084957589442,0.8328173374613003,0.9658886894075404,0.6878612716763006,538,238,108,19,2,334,0.9940119760479041,0.7153931339977851,646,False,False,False,False
final_all_training,0.2814993875540666,0.8604651162790697,0.8432827186477284,0.834108527131783,0.9658886894075404,0.6907514450867052,538,239,107,19,2,334,0.9940119760479041,0.7142857142857143,645,False,False,False,False
final_all_training,0.2893698764342527,0.8593576965669989,0.8421687161525175,0.8338509316770186,0.9640933572710951,0.6907514450867052,537,239,107,20,2,334,0.9940119760479041,0.7131782945736435,644,False,False,False,False
final_all_training,0.29867832512431963,0.8604651162790697,0.8435396039603961,0.8351477449455676,0.9640933572710951,0.6936416184971098,537,240,106,20,2,334,0.9940119760479041,0.7120708748615725,643,False,False,False,False
final_all_training,0.30464514973745566,0.8593576965669989,0.8424263492504049,0.8348909657320872,0.9622980251346499,0.6936416184971098,536,240,106,21,2,334,0.9940119760479041,0.7109634551495017,642,False,False,False,False
final_all_training,0.30703645070474633,0.8604651162790697,0.8437939328705737,0.8361934477379095,0.9622980251346499,0.6965317919075145,536,241,105,21,2,334,0.9940119760479041,0.7098560354374308,641,False,False,False,False
final_all_training,0.31407795435875846,0.8615725359911407,0.8451588741969867,0.8375,0.9622980251346499,0.6994219653179191,536,242,104,21,2,334,0.9940119760479041,0.70874861572536,640,False,False,False,False
final_all_training,0.31459466081214543,0.8604651162790697,0.8440457261911289,0.837245696400626,0.9605026929982047,0.6994219653179191,535,242,104,22,2,334,0.9940119760479041,0.707641196013289,639,False,False,False,False
final_all_training,0.31587528377347984,0.8593576965669989,0.8429339377794822,0.8369905956112853,0.9587073608617595,0.6994219653179191,534,242,104,23,2,334,0.9940119760479041,0.7065337763012182,638,False,False,False,False
final_all_training,0.3164980824020217,0.858250276854928,0.8418234965678064,0.8367346938775511,0.9569120287253142,0.6994219653179191,533,242,104,24,2,334,0.9940119760479041,0.7054263565891473,637,False,False,False,False
final_all_training,0.33613780188954606,0.8593576965669989,0.8431839345611774,0.8380503144654088,0.9569120287253142,0.7023121387283237,533,243,103,24,2,334,0.9940119760479041,0.7043189368770764,636,False,False,False,False
final_all_training,0.33759352030271916,0.8604651162790697,0.8445417878145289,0.8393700787401575,0.9569120287253142,0.7052023121387283,533,244,102,24,2,334,0.9940119760479041,0.7032115171650055,635,False,False,False,False
final_all_training,0.33842030967665904,0.8615725359911407,0.8458970735803075,0.8406940063091483,0.9569120287253142,0.708092485549133,533,245,101,24,2,334,0.9940119760479041,0.7021040974529347,634,False,False,False,False
final_all_training,0.3442980260040055,0.8604651162790697,0.8447860962566844,0.8404423380726699,0.9551166965888689,0.708092485549133,532,245,101,25,3,334,0.9910179640718563,0.7009966777408638,633,False,False,False,False
final_all_training,0.3458530761792956,0.8593576965669989,0.8436764343052808,0.8401898734177216,0.9533213644524237,0.708092485549133,531,245,101,26,3,334,0.9910179640718563,0.6998892580287929,632,False,False,False,False
final_all_training,0.3466048519512045,0.8604651162790697,0.8450279493968814,0.8415213946117274,0.9533213644524237,0.7109826589595376,531,246,100,26,3,334,0.9910179640718563,0.698781838316722,631,False,False,False,False
final_all_training,0.3557040980566454,0.8615725359911407,0.8463769457218957,0.8428571428571429,0.9533213644524237,0.7138728323699421,531,247,99,26,3,334,0.9910179640718563,0.6976744186046512,630,False,False,False,False
final_all_training,0.35974606567929185,0.8604651162790697,0.8452673665886961,0.8426073131955485,0.9515260323159784,0.7138728323699421,530,247,99,27,3,334,0.9910179640718563,0.6965669988925803,629,False,False,False,False
final_all_training,0.3634014055485718,0.8615725359911407,0.8466132615829919,0.8439490445859873,0.9515260323159784,0.7167630057803468,530,248,98,27,3,334,0.9910179640718563,0.6954595791805094,628,False,False,False,False
final_all_training,0.37270961696576305,0.8626799557032115,0.8479566785434953,0.8452950558213717,0.9515260323159784,0.7196531791907514,530,249,97,27,3,334,0.9910179640718563,0.6943521594684385,627,False,False,False,False
final_all_training,0.3840224777814072,0.8615725359911407,0.8468471891116662,0.8450479233226837,0.9497307001795332,0.7196531791907514,529,249,97,28,4,334,0.9880239520958084,0.6932447397563677,626,False,False,False,False
final_all_training,0.38519268120368777,0.8604651162790697,0.8457389691526748,0.8448,0.947935368043088,0.7196531791907514,528,249,97,29,5,334,0.9850299401197605,0.6921373200442967,625,False,False,False,False
final_all_training,0.38639022313354066,0.8593576965669989,0.8446320067739204,0.844551282051282,0.9461400359066428,0.7196531791907514,527,249,97,30,5,334,0.9850299401197605,0.6910299003322259,624,False,False,False,False
final_all_training,0.38916483637186544,0.8604651162790697,0.8459711918557427,0.8459069020866774,0.9461400359066428,0.7225433526011561,527,250,96,30,5,334,0.9850299401197605,0.689922480620155,623,False,False,False,False
final_all_training,0.3933164853539437,0.8615725359911407,0.8473079529728786,0.8472668810289389,0.9461400359066428,0.7254335260115607,527,251,95,30,5,334,0.9850299401197605,0.6888150609080842,622,False,False,False,False
final_all_training,0.39842571580322783,0.8626799557032115,0.84864230640295,0.8486312399355878,0.9461400359066428,0.7283236994219653,527,252,94,30,5,334,0.9850299401197605,0.6877076411960132,621,False,False,False,False
final_all_training,0.41216075437359095,0.8637873754152824,0.8499742683360056,0.85,0.9461400359066428,0.7312138728323699,527,253,93,30,5,334,0.9850299401197605,0.6866002214839424,620,False,False,False,False
final_all_training,0.41308692973719785,0.8626799557032115,0.8488662131519275,0.8497576736672051,0.9443447037701975,0.7312138728323699,526,253,93,31,5,334,0.9850299401197605,0.6854928017718716,619,False,False,False,False
final_all_training,0.4143765314389365,0.8615725359911407,0.8477593822706275,0.8495145631067961,0.9425493716337523,0.7312138728323699,525,253,93,32,5,334,0.9850299401197605,0.6843853820598007,618,False,False,False,False
final_all_training,0.4158129967404087,0.8604651162790697,0.8466537640437324,0.8492706645056726,0.940754039497307,0.7312138728323699,524,253,93,33,6,334,0.9820359281437125,0.6832779623477298,617,False,False,False,False
final_all_training,0.4270640797229731,0.8615725359911407,0.8479816406265783,0.8506493506493507,0.940754039497307,0.7341040462427746,524,254,92,33,6,334,0.9820359281437125,0.6821705426356589,616,False,False,False,False
final_all_training,0.4318752584789566,0.8626799557032115,0.8493071780019594,0.8520325203252033,0.940754039497307,0.7369942196531792,524,255,91,33,6,334,0.9820359281437125,0.6810631229235881,615,False,False,False,False
final_all_training,0.4325043774320711,0.8637873754152824,0.8506303919525005,0.8534201954397395,0.940754039497307,0.7398843930635838,524,256,90,33,6,334,0.9820359281437125,0.6799557032115172,614,False,False,False,False
final_all_training,0.4344883067316376,0.8648947951273532,0.8519512981777133,0.8548123980424144,0.940754039497307,0.7427745664739884,524,257,89,33,6,334,0.9820359281437125,0.6788482834994463,613,False,False,False,False
final_all_training,0.4415055387986204,0.8637873754152824,0.8508446215888474,0.8545751633986928,0.9389587073608617,0.7427745664739884,523,257,89,34,6,334,0.9820359281437125,0.6777408637873754,612,False,False,False,False
final_all_training,0.4419258922313076,0.8648947951273532,0.852162687336282,0.855973813420622,0.9389587073608617,0.7456647398843931,523,258,88,34,6,334,0.9820359281437125,0.6766334440753046,611,False,False,False,False
final_all_training,0.4485319880846508,0.8660022148394242,0.8534784830088789,0.8573770491803279,0.9389587073608617,0.7485549132947977,523,259,87,34,6,334,0.9820359281437125,0.6755260243632336,610,False,False,False,False
final_all_training,0.4501385999979102,0.867109634551495,0.8547920240137221,0.8587848932676518,0.9389587073608617,0.7514450867052023,523,260,86,34,6,334,0.9820359281437125,0.6744186046511628,609,False,False,False,False
final_all_training,0.45428974154527224,0.8660022148394242,0.8536848941768829,0.8585526315789473,0.9371633752244165,0.7514450867052023,522,260,86,35,6,334,0.9820359281437125,0.6733111849390919,608,False,False,False,False
final_all_training,0.4546803318017806,0.867109634551495,0.854995664322189,0.8599670510708401,0.9371633752244165,0.7543352601156069,522,261,85,35,6,334,0.9820359281437125,0.6722037652270211,607,False,False,False,False
final_all_training,0.4636873812185441,0.8682170542635659,0.8563042167184401,0.8613861386138614,0.9371633752244165,0.7572254335260116,522,262,84,35,6,334,0.9820359281437125,0.6710963455149501,606,False,False,False,False
final_all_training,0.46503559627454044,0.8693244739756367,0.8576105664895608,0.8628099173553719,0.9371633752244165,0.7601156069364162,522,263,83,35,6,334,0.9820359281437125,0.6699889258028793,605,False,False,False,False
final_all_training,0.4652139793121876,0.8704318936877077,0.8589147286821706,0.8642384105960265,0.9371633752244165,0.7630057803468208,522,264,82,35,6,334,0.9820359281437125,0.6688815060908084,604,False,False,False,False
final_all_training,0.4708541473824635,0.8693244739756367,0.8578066616846376,0.8640132669983416,0.9353680430879713,0.7630057803468208,521,264,82,36,6,334,0.9820359281437125,0.6677740863787376,603,False,False,False,False
final_all_training,0.47423236479916586,0.8704318936877077,0.8591081423120981,0.8654485049833887,0.9353680430879713,0.7658959537572254,521,265,81,36,6,334,0.9820359281437125,0.6666666666666666,602,False,False,False,False
final_all_training,0.47774106026881846,0.8693244739756367,0.8580007036397365,0.8652246256239601,0.933572710951526,0.7658959537572254,520,265,81,37,6,334,0.9820359281437125,0.6655592469545958,601,False,False,False,False
final_all_training,0.47810154903411123,0.8704318936877077,0.8592995273627534,0.8666666666666667,0.933572710951526,0.7687861271676301,520,266,80,37,6,334,0.9820359281437125,0.6644518272425249,600,False,False,False,False
final_all_training,0.47945641760154667,0.8715393133997785,0.860596220388608,0.8681135225375626,0.933572710951526,0.7716763005780347,520,267,79,37,6,334,0.9820359281437125,0.6633444075304541,599,False,False,False,False
final_all_training,0.4918737288161593,0.8726467331118494,0.8618907973746683,0.8695652173913043,0.933572710951526,0.7745664739884393,520,268,78,37,6,334,0.9820359281437125,0.6622369878183831,598,False,False,False,False
final_all_training,0.4993789059625204,0.8737541528239202,0.8631832729051259,0.8710217755443886,0.933572710951526,0.7774566473988439,520,269,77,37,6,334,0.9820359281437125,0.6611295681063123,597,False,False,False,False
final_all_training,0.5,0.8748615725359912,0.8644736614916277,0.87248322147651,0.933572710951526,0.7803468208092486,520,270,76,37,6,334,0.9820359281437125,0.6600221483942414,596,False,True,False,False
final_all_training,0.5004307596656722,0.8748615725359912,0.8644736614916277,0.87248322147651,0.933572710951526,0.7803468208092486,520,270,76,37,6,334,0.9820359281437125,0.6600221483942414,596,False,False,False,False
final_all_training,0.5025897798364704,0.875968992248062,0.8657619775739042,0.8739495798319328,0.933572710951526,0.7832369942196532,520,271,75,37,6,334,0.9820359281437125,0.6589147286821705,595,False,False,False,False
final_all_training,0.5041125859006569,0.8770764119601329,0.8670482355203906,0.8754208754208754,0.933572710951526,0.7861271676300579,520,272,74,37,6,334,0.9820359281437125,0.6578073089700996,594,False,False,False,False
final_all_training,0.5096259140929603,0.8781838316722038,0.868332449628844,0.8768971332209107,0.933572710951526,0.7890173410404624,520,273,73,37,6,334,0.9820359281437125,0.6566998892580288,593,False,False,False,False
final_all_training,0.5098455765160013,0.8770764119601329,0.8672222420925879,0.8766891891891891,0.9317773788150808,0.7890173410404624,519,273,73,38,6,334,0.9820359281437125,0.655592469545958,592,False,False,False,False
final_all_training,0.5140485369218704,0.8781838316722038,0.8685039661946772,0.8781725888324873,0.9317773788150808,0.791907514450867,519,274,72,38,6,334,0.9820359281437125,0.654485049833887,591,False,False,False,False
final_all_training,0.5181901796434883,0.8792912513842747,0.8697836805918454,0.8796610169491526,0.9317773788150808,0.7947976878612717,519,275,71,38,6,334,0.9820359281437125,0.6533776301218162,590,False,False,False,False
final_all_training,0.5292434960557696,0.8781838316722038,0.868673647469459,0.8794567062818336,0.9299820466786356,0.7947976878612717,518,275,71,39,6,334,0.9820359281437125,0.6522702104097453,589,False,False,False,False
final_all_training,0.5301044809221667,0.8770764119601329,0.867564692902774,0.8792517006802721,0.9281867145421903,0.7947976878612717,517,275,71,40,6,334,0.9820359281437125,0.6511627906976745,588,False,False,False,False
final_all_training,0.5341631360961585,0.875968992248062,0.8664568060338453,0.879045996592845,0.926391382405745,0.7947976878612717,516,275,71,41,6,334,0.9820359281437125,0.6500553709856035,587,False,False,False,False
final_all_training,0.5352407923191125,0.8770764119601329,0.8677331623139868,0.8805460750853242,0.926391382405745,0.7976878612716763,516,276,70,41,6,334,0.9820359281437125,0.6489479512735327,586,False,False,False,False
final_all_training,0.5357293991717509,0.875968992248062,0.8666258730192222,0.8803418803418803,0.9245960502692998,0.7976878612716763,515,276,70,42,6,334,0.9820359281437125,0.6478405315614618,585,False,False,False,False
final_all_training,0.5451188442781417,0.8748615725359912,0.8655196272890816,0.8801369863013698,0.9228007181328546,0.7976878612716763,514,276,70,43,6,334,0.9820359281437125,0.646733111849391,584,False,False,False,False
final_all_training,0.5474234752173458,0.8737541528239202,0.8644144144144144,0.8799313893653516,0.9210053859964094,0.7976878612716763,513,276,70,44,6,334,0.9820359281437125,0.64562569213732,583,False,False,False,False
final_all_training,0.5475021561386192,0.8748615725359912,0.8656874372295853,0.8814432989690721,0.9210053859964094,0.8005780346820809,513,277,69,44,6,334,0.9820359281437125,0.6445182724252492,582,False,False,False,False
final_all_training,0.5490958000048243,0.8737541528239202,0.8645827852204203,0.8812392426850258,0.9192100538599641,0.8005780346820809,512,277,69,45,6,334,0.9820359281437125,0.6434108527131783,581,False,False,False,False
final_all_training,0.5496460443339379,0.8726467331118494,0.8634791422632921,0.8810344827586207,0.9174147217235189,0.8005780346820809,511,277,69,46,6,334,0.9820359281437125,0.6423034330011074,580,False,False,False,False
final_all_training,0.5500135584434009,0.8715393133997785,0.8623764977927265,0.8808290155440415,0.9156193895870736,0.8005780346820809,510,277,69,47,7,334,0.9790419161676647,0.6411960132890365,579,False,False,False,False
final_all_training,0.5512602911165854,0.8726467331118494,0.863646211519397,0.8823529411764706,0.9156193895870736,0.8034682080924855,510,278,68,47,7,334,0.9790419161676647,0.6400885935769657,578,False,False,False,False
final_all_training,0.5531860283379123,0.8737541528239202,0.8649140211640212,0.8838821490467937,0.9156193895870736,0.8063583815028902,510,279,67,47,7,334,0.9790419161676647,0.6389811738648948,577,False,False,False,False
final_all_training,0.5660637176940551,0.8726467331118494,0.8638114435370599,0.8836805555555556,0.9138240574506283,0.8063583815028902,509,279,67,48,7,334,0.9790419161676647,0.6378737541528239,576,False,False,False,False
final_all_training,0.5678664140604908,0.8737541528239202,0.8650769101718552,0.8852173913043478,0.9138240574506283,0.8092485549132948,509,280,66,48,7,334,0.9790419161676647,0.636766334440753,575,False,False,False,False
final_all_training,0.5678876030651747,0.8748615725359912,0.8663405049611945,0.8867595818815331,0.9138240574506283,0.8121387283236994,509,281,65,48,7,334,0.9790419161676647,0.6356589147286822,574,False,False,False,False
final_all_training,0.5681616842092164,0.8737541528239202,0.8652379954966749,0.8865619546247818,0.9120287253141831,0.8121387283236994,508,281,65,49,7,334,0.9790419161676647,0.6345514950166113,573,False,False,False,False
final_all_training,0.5707085248766649,0.8748615725359912,0.8664992876141682,0.8881118881118881,0.9120287253141831,0.815028901734104,508,282,64,49,7,334,0.9790419161676647,0.6334440753045404,572,False,False,False,False
final_all_training,0.5717883381630376,0.875968992248062,0.8677587397225883,0.8896672504378283,0.9120287253141831,0.8179190751445087,508,283,63,49,7,334,0.9790419161676647,0.6323366555924695,571,False,False,False,False
final_all_training,0.5777339538016769,0.8770764119601329,0.8690163649502831,0.8912280701754386,0.9120287253141831,0.8208092485549133,508,284,62,49,7,334,0.9790419161676647,0.6312292358803987,570,False,False,False,False
final_all_training,0.5848000215102328,0.8781838316722038,0.8702721763661059,0.8927943760984183,0.9120287253141831,0.8236994219653179,508,285,61,49,7,334,0.9790419161676647,0.6301218161683277,569,False,False,False,False
final_all_training,0.5886626656626762,0.8792912513842747,0.8715261869799314,0.8943661971830986,0.9120287253141831,0.8265895953757225,508,286,60,49,7,334,0.9790419161676647,0.6290143964562569,568,False,False,False,False
final_all_training,0.5897713556407852,0.8803986710963455,0.872778409743167,0.8959435626102292,0.9120287253141831,0.8294797687861272,508,287,59,49,7,334,0.9790419161676647,0.627906976744186,567,False,False,False,False
final_all_training,0.5925972622048044,0.8815060908084164,0.8740288575492595,0.8975265017667845,0.9120287253141831,0.8323699421965318,508,288,58,49,7,334,0.9790419161676647,0.6267995570321152,566,False,False,False,False
final_all_training,0.59397765178803,0.8826135105204873,0.8752775432341996,0.8991150442477877,0.9120287253141831,0.8352601156069365,508,289,57,49,7,334,0.9790419161676647,0.6256921373200443,565,False,False,True,False
final_all_training,0.5966152988189058,0.8815060908084164,0.8741725649022966,0.898936170212766,0.9102333931777379,0.8352601156069365,507,289,57,50,8,334,0.9760479041916168,0.6245847176079734,564,False,False,False,False
final_all_training,0.604449114912551,0.8803986710963455,0.8730685131195335,0.8987566607460036,0.9084380610412927,0.8352601156069365,506,289,57,51,8,334,0.9760479041916168,0.6234772978959026,563,False,False,False,False
final_all_training,0.6045868285615984,0.8792912513842747,0.8719653776960871,0.8985765124555161,0.9066427289048474,0.8352601156069365,505,289,57,52,9,334,0.9730538922155688,0.6223698781838317,562,False,False,False,False
final_all_training,0.6123382071258892,0.8803986710963455,0.8732110912343471,0.9001782531194296,0.9066427289048474,0.838150289017341,505,290,56,52,9,334,0.9730538922155688,0.6212624584717608,561,False,False,False,False
final_all_training,0.6166754549714982,0.8815060908084164,0.8744550832691236,0.9017857142857143,0.9066427289048474,0.8410404624277457,505,291,55,52,9,334,0.9730538922155688,0.6201550387596899,560,False,False,False,False
final_all_training,0.6174203773386979,0.8803986710963455,0.8733520336605891,0.9016100178890877,0.9048473967684022,0.8410404624277457,504,291,55,53,9,334,0.9730538922155688,0.6190476190476191,559,False,False,False,False
final_all_training,0.6177187260113508,0.8815060908084164,0.8745939140648828,0.9032258064516129,0.9048473967684022,0.8439306358381503,504,292,54,53,9,334,0.9730538922155688,0.6179401993355482,558,False,False,False,False
final_all_training,0.622647630652776,0.8803986710963455,0.8734913502350536,0.9030520646319569,0.9030520646319569,0.8439306358381503,503,292,54,54,10,334,0.9700598802395209,0.6168327796234773,557,False,False,False,False
final_all_training,0.6278100563811748,0.8792912513842747,0.872389664842495,0.9028776978417267,0.9012567324955116,0.8439306358381503,502,292,54,55,10,334,0.9700598802395209,0.6157253599114064,556,False,False,False,False
final_all_training,0.6296745200861453,0.8781838316722038,0.8712888478842287,0.9027027027027027,0.8994614003590664,0.8439306358381503,501,292,54,56,10,334,0.9700598802395209,0.6146179401993356,555,False,False,False,False
final_all_training,0.6337623764764447,0.8770764119601329,0.8701888893925364,0.9025270758122743,0.8976660682226212,0.8439306358381503,500,292,54,57,10,334,0.9700598802395209,0.6135105204872646,554,False,False,False,False
final_all_training,0.6348598890546435,0.875968992248062,0.8690897794346071,0.9023508137432188,0.895870736086176,0.8439306358381503,499,292,54,58,11,334,0.9670658682634731,0.6124031007751938,553,False,False,False,False
final_all_training,0.6361161049821057,0.8748615725359912,0.8679915081121851,0.9021739130434783,0.8940754039497307,0.8439306358381503,498,292,54,59,11,334,0.9670658682634731,0.6112956810631229,552,False,False,False,False
final_all_training,0.6364717233651033,0.8737541528239202,0.8668940655612218,0.9019963702359347,0.8922800718132855,0.8439306358381503,497,292,54,60,11,334,0.9670658682634731,0.6101882613510521,551,False,False,False,False
final_all_training,0.6446246402587301,0.8748615725359912,0.8681313994828075,0.9036363636363637,0.8922800718132855,0.846820809248555,497,293,53,60,11,334,0.9670658682634731,0.6090808416389811,550,False,False,False,False
final_all_training,0.6452529162896071,0.8737541528239202,0.8670343580470163,0.9034608378870674,0.8904847396768402,0.846820809248555,496,293,53,61,11,334,0.9670658682634731,0.6079734219269103,549,False,False,False,False
final_all_training,0.6516148623068793,0.8748615725359912,0.8682696342006571,0.9051094890510949,0.8904847396768402,0.8497109826589595,496,294,52,61,11,334,0.9670658682634731,0.6068660022148394,548,False,False,False,False
final_all_training,0.6542105757266724,0.875968992248062,0.8695032825467608,0.906764168190128,0.8904847396768402,0.8526011560693642,496,295,51,61,11,334,0.9670658682634731,0.6057585825027686,547,False,False,False,False
final_all_training,0.6605133086430258,0.8748615725359912,0.8684062217487803,0.9065934065934066,0.8886894075403949,0.8526011560693642,495,295,51,62,11,334,0.9670658682634731,0.6046511627906976,546,False,False,False,False
final_all_training,0.6635924940903738,0.875968992248062,0.8696378485398449,0.908256880733945,0.8886894075403949,0.8554913294797688,495,296,50,62,11,334,0.9670658682634731,0.6035437430786268,545,False,False,False,False
final_all_training,0.6666583457521871,0.8748615725359912,0.8685411714688774,0.9080882352941176,0.8868940754039497,0.8554913294797688,494,296,50,63,11,334,0.9670658682634731,0.602436323366556,544,False,False,False,False
final_all_training,0.6668188428385663,0.8737541528239202,0.8674452742724698,0.9079189686924494,0.8850987432675045,0.8554913294797688,493,296,50,64,11,334,0.9670658682634731,0.6013289036544851,543,False,False,False,False
final_all_training,0.6683216665777103,0.8748615725359912,0.8686744925629961,0.9095940959409594,0.8850987432675045,0.8583815028901735,493,297,49,64,11,334,0.9670658682634731,0.6002214839424141,542,False,False,False,False
final_all_training,0.6722497938065212,0.8737541528239202,0.8675789571177179,0.9094269870609981,0.8833034111310593,0.8583815028901735,492,297,49,65,11,334,0.9670658682634731,0.5991140642303433,541,False,False,False,False
final_all_training,0.6725085575316796,0.8748615725359912,0.8688061940951923,0.9111111111111111,0.8833034111310593,0.861271676300578,492,298,48,65,11,334,0.9670658682634731,0.5980066445182725,540,False,False,False,False
final_all_training,0.6766476838059101,0.8737541528239202,0.867711010589082,0.9109461966604824,0.881508078994614,0.861271676300578,491,298,48,66,12,334,0.9640718562874252,0.5968992248062015,539,False,False,False,False
final_all_training,0.6774298468238502,0.8748615725359912,0.8689362849931603,0.912639405204461,0.881508078994614,0.8641618497109826,491,299,47,66,12,334,0.9640718562874252,0.5957918050941307,538,False,False,False,False
final_all_training,0.6786862610759008,0.875968992248062,0.870160014789557,0.9143389199255121,0.881508078994614,0.8670520231213873,491,300,46,66,12,334,0.9640718562874252,0.5946843853820598,537,False,False,False,False
final_all_training,0.6845160255757485,0.8748615725359912,0.8690647740498313,0.914179104477612,0.8797127468581688,0.8670520231213873,490,300,46,67,13,334,0.9610778443113772,0.593576965669989,536,False,False,False,False
final_all_training,0.6858813934995798,0.875968992248062,0.8702865761689291,0.9158878504672897,0.8797127468581688,0.869942196531792,490,301,45,67,13,334,0.9610778443113772,0.592469545957918,535,False,False,False,False
final_all_training,0.692311438523339,0.8748615725359912,0.8691916699249421,0.9157303370786517,0.8779174147217235,0.869942196531792,489,301,45,68,14,334,0.9580838323353293,0.5913621262458472,534,False,False,False,False
final_all_training,0.6926444637512014,0.8737541528239202,0.8680974834708626,0.9155722326454033,0.8761220825852782,0.869942196531792,488,301,45,69,15,334,0.9550898203592815,0.5902547065337763,533,False,False,False,False
final_all_training,0.6933724366632177,0.8726467331118494,0.8670040073615577,0.9154135338345865,0.874326750448833,0.869942196531792,487,301,45,70,15,334,0.9550898203592815,0.5891472868217055,532,False,False,False,False
final_all_training,0.6972283885937652,0.8737541528239202,0.8682231074881206,0.9171374764595104,0.874326750448833,0.8728323699421965,487,302,44,70,15,334,0.9550898203592815,0.5880398671096345,531,False,False,False,False
final_all_training,0.6976855493767582,0.8726467331118494,0.8671299323270463,0.9169811320754717,0.8725314183123878,0.8728323699421965,486,302,44,71,16,334,0.9520958083832335,0.5869324473975637,530,False,False,False,False
final_all_training,0.7027481911000206,0.8715393133997785,0.8660374462860652,0.9168241965973535,0.8707360861759426,0.8728323699421965,485,302,44,72,17,334,0.9491017964071856,0.5858250276854928,529,False,False,False,False
final_all_training,0.7030882973901349,0.8704318936877077,0.8649456400161066,0.9166666666666666,0.8689407540394973,0.8728323699421965,484,302,44,73,17,334,0.9491017964071856,0.584717607973422,528,False,False,False,False
final_all_training,0.7047231336362428,0.8693244739756367,0.8638545041960115,0.9165085388994307,0.8671454219030521,0.8728323699421965,483,302,44,74,17,334,0.9491017964071856,0.583610188261351,527,False,False,False,False
final_all_training,0.7094557091355974,0.8704318936877077,0.8650705164308456,0.9182509505703422,0.8671454219030521,0.8757225433526011,483,303,43,74,17,334,0.9491017964071856,0.5825027685492802,526,False,False,False,False
final_all_training,0.7159934609550569,0.8693244739756367,0.8639796366458676,0.9180952380952381,0.8653500897666068,0.8757225433526011,482,303,43,75,18,334,0.9461077844311377,0.5813953488372093,525,False,False,False,False
final_all_training,0.7163776418518402,0.8682170542635659,0.8628894063606495,0.9179389312977099,0.8635547576301615,0.8757225433526011,481,303,43,76,18,334,0.9461077844311377,0.5802879291251384,524,False,False,False,False
final_all_training,0.7192063193563102,0.867109634551495,0.8617998163452709,0.9177820267686424,0.8617594254937163,0.8757225433526011,480,303,43,77,19,334,0.9431137724550899,0.5791805094130675,523,False,False,False,False
final_all_training,0.7222677116150106,0.8660022148394242,0.8607108573963614,0.9176245210727969,0.8599640933572711,0.8757225433526011,479,303,43,78,19,334,0.9431137724550899,0.5780730897009967,522,False,False,False,False
final_all_training,0.7254758223990452,0.8648947951273532,0.8596225203368061,0.9174664107485605,0.8581687612208259,0.8757225433526011,478,303,43,79,19,334,0.9431137724550899,0.5769656699889258,521,False,False,False,False
final_all_training,0.7270617278633885,0.8660022148394242,0.8608350432347132,0.9192307692307692,0.8581687612208259,0.8786127167630058,478,304,42,79,19,334,0.9431137724550899,0.5758582502768549,520,False,False,False,False
final_all_training,0.7298202915770624,0.8648947951273532,0.8597469063502572,0.9190751445086706,0.8563734290843806,0.8786127167630058,477,304,42,80,19,334,0.9431137724550899,0.574750830564784,519,False,False,False,False
final_all_training,0.7364262552859131,0.8660022148394242,0.8609575923392613,0.9208494208494209,0.8563734290843806,0.8815028901734104,477,305,41,80,19,334,0.9431137724550899,0.5736434108527132,518,False,False,False,False
final_all_training,0.7386076653859466,0.8648947951273532,0.8598696461824953,0.9206963249516441,0.8545780969479354,0.8815028901734104,476,305,41,81,19,334,0.9431137724550899,0.5725359911406424,517,False,False,False,False
final_all_training,0.7400637590927647,0.8637873754152824,0.8587822898402944,0.9205426356589147,0.8527827648114902,0.8815028901734104,475,305,41,82,20,334,0.9401197604790419,0.5714285714285714,516,False,False,False,False
final_all_training,0.741071389117596,0.8648947951273532,0.8599907478954003,0.9223300970873787,0.8527827648114902,0.884393063583815,475,306,40,82,20,334,0.9401197604790419,0.5703211517165006,515,False,False,False,False
final_all_training,0.7412203356405483,0.8637873754152824,0.8589035614245698,0.9221789883268483,0.8509874326750448,0.884393063583815,474,306,40,83,20,334,0.9401197604790419,0.5692137320044297,514,False,False,False,False
final_all_training,0.7440883705472557,0.8626799557032115,0.8578169443315726,0.9220272904483431,0.8491921005385996,0.884393063583815,473,306,40,84,20,334,0.9401197604790419,0.5681063122923588,513,False,False,False,False
final_all_training,0.7457565807174573,0.8637873754152824,0.8590231934129844,0.923828125,0.8491921005385996,0.8872832369942196,473,307,39,84,20,334,0.9401197604790419,0.5669988925802879,512,False,False,False,False
final_all_training,0.746040759645196,0.8648947951273532,0.8602280685728205,0.9256360078277887,0.8491921005385996,0.8901734104046243,473,308,38,84,20,334,0.9401197604790419,0.5658914728682171,511,False,False,False,False
final_all_training,0.7464323325277079,0.8660022148394242,0.8614315807095128,0.9274509803921569,0.8491921005385996,0.8930635838150289,473,309,37,84,20,334,0.9401197604790419,0.5647840531561462,510,False,False,False,False
final_all_training,0.7468093604784206,0.8648947951273532,0.8603443030272299,0.9273084479371316,0.8473967684021544,0.8930635838150289,472,309,37,85,20,334,0.9401197604790419,0.5636766334440753,509,False,False,False,False
final_all_training,0.7474669642996014,0.8637873754152824,0.8592575697097565,0.9271653543307087,0.8456014362657092,0.8930635838150289,471,309,37,86,20,334,0.9401197604790419,0.5625692137320044,508,False,False,False,False
final_all_training,0.7486820352676792,0.8626799557032115,0.8581713718257908,0.9270216962524654,0.8438061041292639,0.8930635838150289,470,309,37,87,21,334,0.937125748502994,0.5614617940199336,507,False,False,False,False
final_all_training,0.7489014161743061,0.8615725359911407,0.8570857004668218,0.9268774703557312,0.8420107719928187,0.8930635838150289,469,309,37,88,22,334,0.9341317365269461,0.5603543743078627,506,False,False,False,False
final_all_training,0.7498216515606422,0.8626799557032115,0.858286252354049,0.9287128712871288,0.8420107719928187,0.8959537572254336,469,310,36,88,22,334,0.9341317365269461,0.5592469545957918,505,False,False,False,False
final_all_training,0.756910032885609,0.8615725359911407,0.857200690750147,0.9285714285714286,0.8402154398563735,0.8959537572254336,468,310,36,89,23,334,0.9311377245508982,0.5581395348837209,504,False,False,False,False
final_all_training,0.7590695865748389,0.8604651162790697,0.856115635591077,0.9284294234592445,0.8384201077199281,0.8959537572254336,467,310,36,90,23,334,0.9311377245508982,0.5570321151716501,503,False,False,False,False
final_all_training,0.7616185980652467,0.8593576965669989,0.8550310780421023,0.9282868525896414,0.8366247755834829,0.8959537572254336,466,310,36,91,23,334,0.9311377245508982,0.5559246954595792,502,False,False,False,False
final_all_training,0.7630482703949255,0.8604651162790697,0.8562290872698968,0.9301397205588823,0.8366247755834829,0.8988439306358381,466,311,35,91,23,334,0.9311377245508982,0.5548172757475083,501,False,False,False,False
final_all_training,0.7634641792432094,0.8593576965669989,0.8551446078214662,0.93,0.8348294434470377,0.8988439306358381,465,311,35,92,23,334,0.9311377245508982,0.5537098560354374,500,False,False,False,False
final_all_training,0.7670157621892778,0.858250276854928,0.8540606060606061,0.9298597194388778,0.8330341113105925,0.8988439306358381,464,311,35,93,24,334,0.9281437125748503,0.5526024363233666,499,False,False,False,False
final_all_training,0.7672345744434567,0.8593576965669989,0.8552564984444122,0.9317269076305221,0.8330341113105925,0.9017341040462428,464,312,34,93,24,334,0.9281437125748503,0.5514950166112956,498,False,False,False,False
final_all_training,0.7687924734279049,0.858250276854928,0.8541725544026808,0.93158953722334,0.8312387791741472,0.9017341040462428,463,312,34,94,24,334,0.9281437125748503,0.5503875968992248,497,False,False,False,False
final_all_training,0.77012810831824,0.8593576965669989,0.8553667570931847,0.9334677419354839,0.8312387791741472,0.9046242774566474,463,313,33,94,24,334,0.9281437125748503,0.5492801771871539,496,False,False,False,False
final_all_training,0.7701330344518575,0.8604651162790697,0.8565596917832397,0.9353535353535354,0.8312387791741472,0.9075144508670521,463,314,32,94,24,334,0.9281437125748503,0.5481727574750831,495,False,False,False,False
final_all_training,0.7709750166625223,0.8593576965669989,0.8554753908292954,0.9352226720647774,0.829443447037702,0.9075144508670521,462,314,32,95,24,334,0.9281437125748503,0.5470653377630121,494,False,False,False,False
final_all_training,0.7715789999822936,0.8604651162790697,0.8566666666666667,0.9371196754563894,0.829443447037702,0.9104046242774566,462,315,31,95,24,334,0.9281437125748503,0.5459579180509413,493,False,False,False,False
final_all_training,0.7727175033884691,0.8593576965669989,0.8555824065946935,0.9369918699186992,0.8276481149012568,0.9104046242774566,461,315,31,96,24,334,0.9281437125748503,0.5448504983388704,492,False,False,False,False
final_all_training,0.772819165277461,0.858250276854928,0.8544985800318234,0.9368635437881874,0.8258527827648114,0.9104046242774566,460,315,31,97,24,334,0.9281437125748503,0.5437430786267996,491,False,False,False,False
final_all_training,0.7733035049279755,0.8571428571428571,0.8534151783186292,0.936734693877551,0.8240574506283662,0.9104046242774566,459,315,31,98,25,334,0.9251497005988024,0.5426356589147286,490,False,False,False,False
final_all_training,0.7737231977320205,0.8560354374307863,0.8523321928147328,0.9366053169734151,0.822262118491921,0.9104046242774566,458,315,31,99,25,334,0.9251497005988024,0.5415282392026578,489,False,False,False,False
final_all_training,0.7787084626734229,0.8549280177187154,0.8512496148985533,0.9364754098360656,0.8204667863554758,0.9104046242774566,457,315,31,100,26,334,0.9221556886227545,0.540420819490587,488,False,False,False,False
final_all_training,0.7832718946683538,0.8560354374307863,0.8524376263311914,0.9383983572895277,0.8204667863554758,0.9132947976878613,457,316,30,100,26,334,0.9221556886227545,0.5393133997785161,487,False,False,False,False
final_all_training,0.7833661370546912,0.8549280177187154,0.851355036195871,0.9382716049382716,0.8186714542190305,0.9132947976878613,456,316,30,101,26,334,0.9221556886227545,0.5382059800664452,486,False,False,False,False
final_all_training,0.7843904725898414,0.8538205980066446,0.8502728341590378,0.9381443298969072,0.8168761220825853,0.9132947976878613,455,316,30,102,26,334,0.9221556886227545,0.5370985603543743,485,False,False,False,False
final_all_training,0.7845746307420661,0.8527131782945736,0.8491910116592266,0.9380165289256198,0.8150807899461401,0.9132947976878613,454,316,30,103,26,334,0.9221556886227545,0.5359911406423035,484,False,False,False,False
final_all_training,0.7862252168176868,0.8516057585825028,0.8481095601526412,0.937888198757764,0.8132854578096947,0.9132947976878613,453,316,30,104,27,334,0.9191616766467066,0.5348837209302325,483,False,False,False,False
final_all_training,0.7876853040714299,0.8504983388704319,0.847028471112907,0.9377593360995851,0.8114901256732495,0.9132947976878613,452,316,30,105,27,334,0.9191616766467066,0.5337763012181617,482,False,False,False,False
final_all_training,0.7892926208713026,0.8493909191583611,0.8459477360308285,0.9376299376299376,0.8096947935368043,0.9132947976878613,451,316,30,106,28,334,0.9161676646706587,0.5326688815060908,481,False,False,False,False
final_all_training,0.7893374304269921,0.8504983388704319,0.8471320566854723,0.9395833333333333,0.8096947935368043,0.9161849710982659,451,317,29,106,28,334,0.9161676646706587,0.53156146179402,480,False,False,False,False
final_all_training,0.7911069437405538,0.8516057585825028,0.8483151983151984,0.941544885177453,0.8096947935368043,0.9190751445086706,451,318,28,106,28,334,0.9161676646706587,0.530454042081949,479,False,False,False,False
final_all_training,0.7926633819623012,0.8504983388704319,0.8472339705633565,0.9414225941422594,0.8078994614003591,0.9190751445086706,450,318,28,107,29,334,0.9131736526946108,0.5293466223698782,478,False,False,False,False
final_all_training,0.7928518312451329,0.8516057585825028,0.8484155300107235,0.9433962264150944,0.8078994614003591,0.9219653179190751,450,319,27,107,29,334,0.9131736526946108,0.5282392026578073,477,False,False,False,False
final_all_training,0.793876870233695,0.8504983388704319,0.8473342191509425,0.9432773109243697,0.8061041292639138,0.9219653179190751,449,319,27,108,30,334,0.9101796407185628,0.5271317829457365,476,False,False,False,False
final_all_training,0.7948305147502912,0.8516057585825028,0.8485142118863049,0.9452631578947368,0.8061041292639138,0.9248554913294798,449,320,26,108,30,334,0.9101796407185628,0.5260243632336655,475,False,False,False,False
final_all_training,0.796330305358076,0.8527131782945736,0.8496930634210444,0.9472573839662447,0.8061041292639138,0.9277456647398844,449,321,25,108,30,334,0.9101796407185628,0.5249169435215947,474,False,False,False,False
final_all_training,0.7974463038820102,0.8516057585825028,0.8486112501251126,0.9471458773784355,0.8043087971274686,0.9277456647398844,448,321,25,109,31,334,0.907185628742515,0.5238095238095238,473,False,False,False,False
final_all_training,0.7988176047417607,0.8504983388704319,0.8475297454889292,0.9470338983050848,0.8025134649910234,0.9277456647398844,447,321,25,110,32,334,0.9041916167664671,0.5227021040974529,472,False,False,False,False
final_all_training,0.8023808625756853,0.8493909191583611,0.8464485411060987,0.9469214437367304,0.800718132854578,0.9277456647398844,446,321,25,111,33,334,0.9011976047904192,0.521594684385382,471,False,False,False,False
final_all_training,0.802526749257219,0.8504983388704319,0.847625035467287,0.948936170212766,0.800718132854578,0.930635838150289,446,322,24,111,33,334,0.9011976047904192,0.5204872646733112,470,False,False,False,False
final_all_training,0.8032841866403628,0.8493909191583611,0.8465437097016044,0.9488272921108742,0.7989228007181328,0.930635838150289,445,322,24,112,34,334,0.8982035928143712,0.5193798449612403,469,False,False,False,False
final_all_training,0.8043396846151969,0.8504983388704319,0.8477186846132225,0.9508547008547008,0.7989228007181328,0.9335260115606936,445,323,23,112,34,334,0.8982035928143712,0.5182724252491694,468,False,False,False,False
final_all_training,0.8068640167191307,0.8516057585825028,0.8488925631393862,0.9528907922912205,0.7989228007181328,0.9364161849710982,445,324,22,112,34,334,0.8982035928143712,0.5171650055370985,467,False,False,False,False
final_all_training,0.8076999648932334,0.8527131782945736,0.8500653550709167,0.9549356223175965,0.7989228007181328,0.9393063583815029,445,325,21,112,34,334,0.8982035928143712,0.5160575858250277,466,False,False,False,False
final_all_training,0.808355933376815,0.8516057585825028,0.848983086385239,0.9548387096774194,0.7971274685816876,0.9393063583815029,444,325,21,113,34,334,0.8982035928143712,0.5149501661129569,465,False,False,False,False
final_all_training,0.8101145494018144,0.8504983388704319,0.8479010836135423,0.9547413793103449,0.7953321364452424,0.9393063583815029,443,325,21,114,35,334,0.8952095808383234,0.5138427464008859,464,False,False,False,False
final_all_training,0.8103895927349549,0.8493909191583611,0.8468193384223919,0.9546436285097192,0.7935368043087971,0.9393063583815029,442,325,21,115,35,334,0.8952095808383234,0.512735326688815,463,False,False,False,False
final_all_training,0.8105577468243904,0.8482834994462901,0.8457378424920163,0.9545454545454546,0.7917414721723519,0.9393063583815029,441,325,21,116,35,334,0.8952095808383234,0.5116279069767442,462,False,False,False,False
final_all_training,0.8115702281490278,0.8471760797342193,0.8446565875160811,0.9544468546637744,0.7899461400359067,0.9393063583815029,440,325,21,117,36,334,0.8922155688622755,0.5105204872646734,461,False,False,False,False
final_all_training,0.8131519593644656,0.8460686600221484,0.8435755652014612,0.9543478260869566,0.7881508078994613,0.9393063583815029,439,325,21,118,37,334,0.8892215568862275,0.5094130675526024,460,False,False,False,False
final_all_training,0.813588215094443,0.8449612403100775,0.8424947672680156,0.954248366013072,0.7863554757630161,0.9393063583815029,438,325,21,119,38,334,0.8862275449101796,0.5083056478405316,459,False,False,False,False
final_all_training,0.8168062842908802,0.8438538205980066,0.841414185448363,0.9541484716157205,0.7845601436265709,0.9393063583815029,437,325,21,120,38,334,0.8862275449101796,0.5071982281284607,458,False,False,False,False
final_all_training,0.8171582733115897,0.8416389811738649,0.8392536371433658,0.9539473684210527,0.7809694793536804,0.9393063583815029,435,325,21,122,38,334,0.8862275449101796,0.5049833887043189,456,False,False,False,False
final_all_training,0.81739654852798,0.840531561461794,0.838173654185044,0.9538461538461539,0.7791741472172352,0.9393063583815029,434,325,21,123,38,334,0.8862275449101796,0.5038759689922481,455,False,False,False,False
final_all_training,0.8175965384222433,0.8394241417497231,0.8370938543941175,0.9537444933920705,0.77737881508079,0.9393063583815029,433,325,21,124,39,334,0.8832335329341318,0.5027685492801772,454,False,False,False,False
final_all_training,0.8178535363379041,0.8383167220376523,0.8360142295636599,0.9536423841059603,0.7755834829443446,0.9393063583815029,432,325,21,125,39,334,0.8832335329341318,0.5016611295681063,453,False,False,False,False
final_all_training,0.8183234302039775,0.8372093023255814,0.8349347714981727,0.9535398230088495,0.7737881508078994,0.9393063583815029,431,325,21,126,39,334,0.8832335329341318,0.5005537098560354,452,False,False,False,False
final_all_training,0.8204310320777515,0.8361018826135105,0.8338554720133667,0.9534368070953437,0.7719928186714542,0.9393063583815029,430,325,21,127,39,334,0.8832335329341318,0.4994462901439646,451,False,False,False,False
final_all_training,0.8215813828208391,0.8349944629014396,0.832776322935944,0.9533333333333334,0.770197486535009,0.9393063583815029,429,325,21,128,39,334,0.8832335329341318,0.4983388704318937,450,False,False,False,False
final_all_training,0.8225823804527254,0.8338870431893688,0.8316973161033797,0.9532293986636972,0.7684021543985637,0.9393063583815029,428,325,21,129,39,334,0.8832335329341318,0.49723145071982283,449,False,False,False,False
final_all_training,0.8242878010352586,0.832779623477298,0.8306184433637058,0.953125,0.7666068222621185,0.9393063583815029,427,325,21,130,39,334,0.8832335329341318,0.49612403100775193,448,False,False,False,False
final_all_training,0.8243044863373608,0.831672203765227,0.8295396965752948,0.9530201342281879,0.7648114901256733,0.9393063583815029,426,325,21,131,39,334,0.8832335329341318,0.4950166112956811,447,False,False,False,False
final_all_training,0.8247440398220272,0.8305647840531561,0.8284610676066446,0.952914798206278,0.7630161579892281,0.9393063583815029,425,325,21,132,40,334,0.8802395209580839,0.4939091915836102,446,False,False,False,False
final_all_training,0.8250164798757322,0.8294573643410853,0.8273825483361635,0.952808988764045,0.7612208258527827,0.9393063583815029,424,325,21,133,41,334,0.8772455089820359,0.49280177187153934,445,False,False,False,False
final_all_training,0.8259596804779544,0.8283499446290143,0.8263041306519567,0.9527027027027027,0.7594254937163375,0.9393063583815029,423,325,21,134,41,334,0.8772455089820359,0.49169435215946844,444,False,False,False,False
final_all_training,0.8259750817971715,0.8294573643410853,0.8274665012406948,0.9548532731376975,0.7594254937163375,0.9421965317919075,423,326,20,134,41,334,0.8772455089820359,0.49058693244739754,443,False,False,False,False
final_all_training,0.8286203616958088,0.8283499446290143,0.8263877260159789,0.9547511312217195,0.7576301615798923,0.9421965317919075,422,326,20,135,42,334,0.874251497005988,0.4894795127353267,442,False,False,False,False
final_all_training,0.8290908231189948,0.8272425249169435,0.8253090339094029,0.9546485260770975,0.755834829443447,0.9421965317919075,421,326,20,136,42,334,0.874251497005988,0.4883720930232558,441,False,False,False,False
final_all_training,0.829092537806821,0.8261351052048727,0.8242304168376575,0.9545454545454546,0.7540394973070018,0.9421965317919075,420,326,20,137,42,334,0.874251497005988,0.48726467331118495,440,False,False,False,False
final_all_training,0.8291423690837126,0.8250276854928018,0.8231518667261639,0.9544419134396356,0.7522441651705566,0.9421965317919075,419,326,20,138,42,334,0.874251497005988,0.48615725359911405,439,False,False,False,False
final_all_training,0.8298516863992941,0.8239202657807309,0.8220733755088636,0.954337899543379,0.7504488330341114,0.9421965317919075,418,326,20,139,42,334,0.874251497005988,0.4850498338870432,438,False,False,False,False
final_all_training,0.8312292997168843,0.82281284606866,0.8209949351280095,0.954233409610984,0.748653500897666,0.9421965317919075,417,326,20,140,43,334,0.8712574850299402,0.4839424141749723,437,False,False,False,False
final_all_training,0.8327336527444992,0.8217054263565892,0.8199165375339554,0.9541284403669725,0.7468581687612208,0.9421965317919075,416,326,20,141,43,334,0.8712574850299402,0.48283499446290146,436,False,False,False,False
final_all_training,0.8331144934227304,0.8205980066445183,0.8188381746849489,0.9540229885057471,0.7450628366247756,0.9421965317919075,415,326,20,142,43,334,0.8712574850299402,0.48172757475083056,435,False,False,False,False
final_all_training,0.8332095739074271,0.8194905869324474,0.8177598385469222,0.9539170506912442,0.7432675044883303,0.9421965317919075,414,326,20,143,44,334,0.8682634730538922,0.4806201550387597,434,False,False,False,False
final_all_training,0.834949323607623,0.8183831672203765,0.8166815210932858,0.953810623556582,0.7414721723518851,0.9421965317919075,413,326,20,144,44,334,0.8682634730538922,0.4795127353266888,433,False,False,False,False
final_all_training,0.8354433908387048,0.8172757475083057,0.8156032143047203,0.9537037037037037,0.7396768402154399,0.9421965317919075,412,326,20,145,44,334,0.8682634730538922,0.47840531561461797,432,False,False,False,False
final_all_training,0.8356952126713468,0.8161683277962348,0.8145249101689714,0.9535962877030162,0.7378815080789947,0.9421965317919075,411,326,20,146,44,334,0.8682634730538922,0.47729789590254706,431,False,False,False,False
final_all_training,0.8358874191758344,0.8150609080841639,0.8134466006806432,0.9534883720930233,0.7360861759425493,0.9421965317919075,410,326,20,147,44,334,0.8682634730538922,0.47619047619047616,430,False,False,False,False
final_all_training,0.8360312884454149,0.813953488372093,0.8123682778409934,0.9533799533799534,0.7342908438061041,0.9421965317919075,409,326,20,148,44,334,0.8682634730538922,0.4750830564784053,429,False,False,False,False
final_all_training,0.8374272562148939,0.8128460686600222,0.8112899336577283,0.9532710280373832,0.7324955116696589,0.9421965317919075,408,326,20,149,45,334,0.8652694610778443,0.4739756367663344,428,False,False,False,False
final_all_training,0.8396916391415388,0.8117386489479512,0.8102115601447986,0.9531615925058547,0.7307001795332136,0.9421965317919075,407,326,20,150,46,334,0.8622754491017964,0.4728682170542636,427,False,False,False,False
final_all_training,0.8397760723998489,0.8106312292358804,0.8091331493221954,0.9530516431924883,0.7289048473967684,0.9421965317919075,406,326,20,151,47,334,0.8592814371257484,0.4717607973421927,426,False,False,False,False
final_all_training,0.8397835641864568,0.8095238095238095,0.8080546932157475,0.9529411764705882,0.7271095152603232,0.9421965317919075,405,326,20,152,48,334,0.8562874251497006,0.4706533776301218,425,False,False,False,False
final_all_training,0.8411617361972421,0.8084163898117387,0.8069761838569178,0.9528301886792453,0.725314183123878,0.9421965317919075,404,326,20,153,48,334,0.8562874251497006,0.4695459579180509,424,False,False,False,False
final_all_training,0.841180836435033,0.8073089700996677,0.8058976132826012,0.9527186761229315,0.7235188509874326,0.9421965317919075,403,326,20,154,49,334,0.8532934131736527,0.4684385382059801,423,False,False,False,False
final_all_training,0.8426456410810486,0.8062015503875969,0.8048189735349227,0.95260663507109,0.7217235188509874,0.9421965317919075,402,326,20,155,50,334,0.8502994011976048,0.4673311184939092,422,False,False,False,False
final_all_training,0.8429588824355404,0.8073089700996677,0.8059704810171602,0.9548693586698337,0.7217235188509874,0.9450867052023122,402,327,19,155,50,334,0.8502994011976048,0.46622369878183834,421,False,False,False,False
final_all_training,0.8441929348710058,0.8062015503875969,0.8048912687839611,0.9547619047619048,0.7199281867145422,0.9450867052023122,401,327,19,156,50,334,0.8502994011976048,0.46511627906976744,420,False,False,False,False
final_all_training,0.8444214416657357,0.805094130675526,0.8038119691882284,0.954653937947494,0.718132854578097,0.9450867052023122,400,327,19,157,50,334,0.8502994011976048,0.4640088593576966,419,False,False,False,False
final_all_training,0.8444638764723638,0.8039867109634552,0.8027325742849208,0.9545454545454546,0.7163375224416517,0.9450867052023122,399,327,19,158,51,334,0.8473053892215568,0.4629014396456257,418,False,False,False,False
final_all_training,0.8450543199323332,0.8028792912513842,0.8016530761333123,0.9544364508393285,0.7145421903052065,0.9450867052023122,398,327,19,159,52,334,0.844311377245509,0.46179401993355484,417,False,False,False,False
final_all_training,0.8467958726729711,0.8017718715393134,0.8005734667967906,0.9543269230769231,0.7127468581687613,0.9450867052023122,397,327,19,160,53,334,0.8413173652694611,0.46068660022148394,416,False,False,False,False
final_all_training,0.8473912030490248,0.8006644518272426,0.7994937383426592,0.9542168674698795,0.7109515260323159,0.9450867052023122,396,327,19,161,54,334,0.8383233532934131,0.45957918050941304,415,False,False,False,False
final_all_training,0.8475235451695533,0.7995570321151716,0.7984138828419372,0.9541062801932367,0.7091561938958707,0.9450867052023122,395,327,19,162,55,334,0.8353293413173652,0.4584717607973422,414,False,False,False,False
final_all_training,0.8499961700017045,0.8006644518272426,0.7995609924530163,0.9564164648910412,0.7091561938958707,0.9479768786127167,395,328,18,162,55,334,0.8353293413173652,0.4573643410852713,413,False,False,False,False
final_all_training,0.8506552856434328,0.7995570321151716,0.7984804938764791,0.9563106796116505,0.7073608617594255,0.9479768786127167,394,328,18,163,56,334,0.8323353293413174,0.45625692137320045,412,False,False,False,False
final_all_training,0.8506683569448175,0.7984496124031008,0.7973998500956627,0.9562043795620438,0.7055655296229802,0.9479768786127167,393,328,18,164,57,334,0.8293413173652695,0.45514950166112955,411,False,False,False,False
final_all_training,0.8517296862609882,0.7973421926910299,0.7963190531890898,0.9560975609756097,0.703770197486535,0.9479768786127167,392,328,18,165,57,334,0.8293413173652695,0.4540420819490587,410,False,False,False,False
final_all_training,0.8545486852624591,0.7962347729789591,0.7952380952380953,0.9559902200488998,0.7019748653500898,0.9479768786127167,391,328,18,166,57,334,0.8293413173652695,0.4529346622369878,409,False,False,False,False
final_all_training,0.8550272889299724,0.7951273532668881,0.7941569683266282,0.9558823529411765,0.7001795332136446,0.9479768786127167,390,328,18,167,57,334,0.8293413173652695,0.45182724252491696,408,False,False,False,False
final_all_training,0.8566568247082195,0.7962347729789591,0.7953006573954524,0.9582309582309583,0.7001795332136446,0.9508670520231214,390,329,17,167,57,334,0.8293413173652695,0.45071982281284606,407,False,False,False,False
final_all_training,0.8585883050207688,0.7951273532668881,0.794218837189536,0.958128078817734,0.6983842010771992,0.9508670520231214,389,329,17,168,58,334,0.8263473053892215,0.4496124031007752,406,False,False,False,False
final_all_training,0.8604131596362052,0.7962347729789591,0.7953611650294115,0.9604938271604938,0.6983842010771992,0.953757225433526,389,330,16,168,58,334,0.8263473053892215,0.4485049833887043,405,False,False,False,False
final_all_training,0.8605084093939834,0.7951273532668881,0.7942786421934744,0.9603960396039604,0.696588868940754,0.953757225433526,388,330,16,169,58,334,0.8263473053892215,0.44739756367663347,404,False,False,False,False
final_all_training,0.8626859005451137,0.7940199335548173,0.7931959219858156,0.9602977667493796,0.6947935368043088,0.953757225433526,387,330,16,170,59,334,0.8233532934131736,0.44629014396456257,403,False,False,False,False
final_all_training,0.8626993817516232,0.7929125138427464,0.7921129964925586,0.9601990049751243,0.6929982046678635,0.953757225433526,386,330,16,171,59,334,0.8233532934131736,0.44518272425249167,402,False,False,False,False
final_all_training,0.8647009007753133,0.7918050941306756,0.7910298578012369,0.9600997506234414,0.6912028725314183,0.953757225433526,385,330,16,172,60,334,0.8203592814371258,0.4440753045404208,401,False,False,False,False
final_all_training,0.8657992826304537,0.7929125138427464,0.7921692863815442,0.9625,0.6912028725314183,0.9566473988439307,385,331,15,172,60,334,0.8203592814371258,0.4429678848283499,400,False,False,False,False
final_all_training,0.8659466763829318,0.7918050941306756,0.7910854048732463,0.9624060150375939,0.6894075403949731,0.9566473988439307,384,331,15,173,61,334,0.8173652694610778,0.4418604651162791,399,False,False,False,False
final_all_training,0.8689359572028786,0.7906976744186046,0.7900012919817154,0.9623115577889447,0.6876122082585279,0.9566473988439307,383,331,15,174,62,334,0.8143712574850299,0.4407530454042082,398,False,False,False,False
final_all_training,0.8702920558349833,0.7895902547065338,0.7889169397938997,0.9622166246851386,0.6858168761220825,0.9566473988439307,382,331,15,175,62,334,0.8143712574850299,0.43964562569213733,397,False,False,False,False
final_all_training,0.870813152412857,0.7884828349944629,0.7878323403972647,0.9621212121212122,0.6840215439856373,0.9566473988439307,381,331,15,176,63,334,0.811377245508982,0.43853820598006643,396,False,False,False,False
final_all_training,0.8734859036298284,0.7873754152823921,0.7867474858795978,0.9620253164556962,0.6822262118491921,0.9566473988439307,380,331,15,177,64,334,0.8083832335329342,0.4374307862679956,395,False,False,False,False
final_all_training,0.8738838861246195,0.7862679955703211,0.7856623683288136,0.9619289340101523,0.6804308797127468,0.9566473988439307,379,331,15,178,65,334,0.8053892215568862,0.4363233665559247,394,False,False,False,False
final_all_training,0.8750284341687138,0.7851605758582503,0.7845769798327594,0.9618320610687023,0.6786355475763016,0.9566473988439307,378,331,15,179,66,334,0.8023952095808383,0.43521594684385384,393,False,False,False,False
final_all_training,0.8759031970560367,0.7840531561461794,0.7834913124790204,0.9617346938775511,0.6768402154398564,0.9566473988439307,377,331,15,180,67,334,0.7994011976047904,0.43410852713178294,392,False,False,False,False
final_all_training,0.8760193750489441,0.7829457364341085,0.7824053583547255,0.9616368286445013,0.6750448833034112,0.9566473988439307,376,331,15,181,68,334,0.7964071856287425,0.4330011074197121,391,False,False,False,False
final_all_training,0.8760692971760676,0.7818383167220376,0.7813191095463525,0.9615384615384616,0.6732495511669659,0.9566473988439307,375,331,15,182,68,334,0.7964071856287425,0.4318936877076412,390,False,False,False,False
final_all_training,0.8762595045937199,0.7807308970099668,0.7802325581395348,0.961439588688946,0.6714542190305206,0.9566473988439307,374,331,15,183,68,334,0.7964071856287425,0.43078626799557035,389,False,False,False,False
final_all_training,0.8765555515829756,0.7796234772978959,0.779145696218867,0.961340206185567,0.6696588868940754,0.9566473988439307,373,331,15,184,69,334,0.7934131736526946,0.42967884828349945,388,False,False,False,False
final_all_training,0.8771100421841582,0.778516057585825,0.77805851586771,0.9612403100775194,0.6678635547576302,0.9566473988439307,372,331,15,185,70,334,0.7904191616766467,0.42857142857142855,387,False,False,False,False
final_all_training,0.8781451945080966,0.7774086378737541,0.7769710091679989,0.961139896373057,0.6660682226211849,0.9566473988439307,371,331,15,186,71,334,0.7874251497005988,0.4274640088593577,386,False,False,False,False
final_all_training,0.8795342440974225,0.7763012181616833,0.7758831682000472,0.961038961038961,0.6642728904847397,0.9566473988439307,370,331,15,187,72,334,0.7844311377245509,0.4263565891472868,385,False,False,False,False
final_all_training,0.8797371981716263,0.7751937984496124,0.7747949850423543,0.9609375,0.6624775583482945,0.9566473988439307,369,331,15,188,72,334,0.7844311377245509,0.42524916943521596,384,False,False,False,False
final_all_training,0.8799425624177939,0.7740863787375415,0.7737064517714117,0.9608355091383812,0.6606822262118492,0.9566473988439307,368,331,15,189,72,334,0.7844311377245509,0.42414174972314506,383,False,False,False,False
final_all_training,0.88015356470464,0.7729789590254706,0.7726175604615084,0.9607329842931938,0.6588868940754039,0.9566473988439307,367,331,15,190,72,334,0.7844311377245509,0.4230343300110742,382,False,False,False,False
final_all_training,0.8814368785734076,0.7718715393133998,0.7715283031845381,0.9606299212598425,0.6570915619389587,0.9566473988439307,366,331,15,191,73,334,0.781437125748503,0.4219269102990033,381,False,False,False,False
final_all_training,0.8830553913101787,0.7729789590254706,0.7726566558551212,0.9631578947368421,0.6570915619389587,0.9595375722543352,366,332,14,191,73,334,0.781437125748503,0.42081949058693247,380,False,False,False,False
final_all_training,0.8850321327044852,0.7718715393133998,0.7715664603595638,0.9630606860158312,0.6552962298025135,0.9595375722543352,365,332,14,192,74,334,0.7784431137724551,0.41971207087486156,379,False,False,False,False
final_all_training,0.8857302959069271,0.770764119601329,0.7704758805724565,0.9629629629629629,0.6535008976660682,0.9595375722543352,364,332,14,193,74,334,0.7784431137724551,0.4186046511627907,378,False,False,False,False
final_all_training,0.886364915827922,0.769656699889258,0.7693849085515588,0.9628647214854111,0.651705565529623,0.9595375722543352,363,332,14,194,74,334,0.7784431137724551,0.4174972314507198,377,False,False,False,False
final_all_training,0.8868010514477708,0.7685492801771872,0.7682935363513479,0.9627659574468085,0.6499102333931778,0.9595375722543352,362,332,14,195,74,334,0.7784431137724551,0.416389811738649,376,False,False,False,False
final_all_training,0.8871220515440843,0.7674418604651163,0.7672017560228244,0.9626666666666667,0.6481149012567325,0.9595375722543352,361,332,14,196,74,334,0.7784431137724551,0.4152823920265781,375,False,False,False,False
final_all_training,0.8875709981069185,0.7663344407530454,0.7661095596133191,0.9625668449197861,0.6463195691202872,0.9595375722543352,360,332,14,197,75,334,0.7754491017964071,0.4141749723145072,374,False,False,False,False
final_all_training,0.8879319260542413,0.7652270210409745,0.7650169391662984,0.9624664879356568,0.644524236983842,0.9595375722543352,359,332,14,198,76,334,0.7724550898203593,0.4130675526024363,373,False,False,False,False
final_all_training,0.888840824904777,0.7663344407530454,0.7661405638411602,0.9650537634408602,0.644524236983842,0.9624277456647399,359,333,13,198,76,334,0.7724550898203593,0.4119601328903654,372,False,False,False,False
final_all_training,0.8895031473073357,0.7652270210409745,0.7650469326839997,0.9649595687331537,0.6427289048473968,0.9624277456647399,358,333,13,199,77,334,0.7694610778443114,0.4108527131782946,371,False,False,False,False
final_all_training,0.8898188404403626,0.7641196013289037,0.7639528590521002,0.9648648648648649,0.6409335727109515,0.9624277456647399,357,333,13,200,77,334,0.7694610778443114,0.4097452934662237,370,False,False,False,False
final_all_training,0.8900969138868867,0.7630121816168328,0.7628583349695661,0.964769647696477,0.6391382405745063,0.9624277456647399,356,333,13,201,77,334,0.7694610778443114,0.40863787375415284,369,False,False,False,False
final_all_training,0.8911832472540405,0.7641196013289037,0.7639795073166242,0.967391304347826,0.6391382405745063,0.9653179190751445,356,334,12,201,77,334,0.7694610778443114,0.40753045404208194,368,False,False,False,False
final_all_training,0.8914031554833141,0.7652270210409745,0.7650999793856936,0.9700272479564033,0.6391382405745063,0.9682080924855492,356,335,11,201,77,334,0.7694610778443114,0.4064230343300111,367,False,False,False,False
final_all_training,0.8924159308725461,0.7641196013289037,0.7640038330865058,0.9699453551912568,0.6373429084380611,0.9682080924855492,355,335,11,202,77,334,0.7694610778443114,0.4053156146179402,366,False,False,False,False
final_all_training,0.8930115259392031,0.7630121816168328,0.7629072152805725,0.9698630136986301,0.6355475763016158,0.9682080924855492,354,335,11,203,78,334,0.7664670658682635,0.40420819490586934,365,False,False,False,False
final_all_training,0.8933114418252861,0.7641196013289037,0.764025837796058,0.9725274725274725,0.6355475763016158,0.9710982658959537,354,336,10,203,78,334,0.7664670658682635,0.40310077519379844,364,False,False,False,False
final_all_training,0.8934436368268226,0.7630121816168328,0.762928157817254,0.9724517906336089,0.6337522441651705,0.9710982658959537,353,336,10,204,78,334,0.7664670658682635,0.4019933554817276,363,False,False,False,False
final_all_training,0.8936774165618139,0.7619047619047619,0.761829987744632,0.9723756906077348,0.6319569120287253,0.9710982658959537,352,336,10,205,78,334,0.7664670658682635,0.4008859357696567,362,False,False,False,False
final_all_training,0.8950077754005161,0.760797342192691,0.760731319554849,0.9722991689750693,0.63016157989228,0.9710982658959537,351,336,10,206,79,334,0.7634730538922155,0.3997785160575858,361,False,False,False,False
final_all_training,0.8952662738636606,0.7596899224806202,0.7596321452184889,0.9722222222222222,0.6283662477558348,0.9710982658959537,350,336,10,207,80,334,0.7604790419161677,0.39867109634551495,360,False,False,False,False
final_all_training,0.8957118503346378,0.7585825027685493,0.7585324566998675,0.9721448467966574,0.6265709156193896,0.9710982658959537,349,336,10,208,81,334,0.7574850299401198,0.39756367663344405,359,False,False,False,False
final_all_training,0.8958490951165865,0.7596899224806202,0.7596474765873673,0.9748603351955307,0.6265709156193896,0.9739884393063584,349,337,9,208,81,334,0.7574850299401198,0.3964562569213732,358,False,False,False,False
final_all_training,0.8971172302115731,0.7585825027685493,0.7585466730774892,0.9747899159663865,0.6247755834829444,0.9739884393063584,348,337,9,209,81,334,0.7574850299401198,0.3953488372093023,357,False,False,False,False
final_all_training,0.8978051891239808,0.7574750830564784,0.7574453366760332,0.9747191011235955,0.6229802513464991,0.9739884393063584,347,337,9,210,82,334,0.7544910179640718,0.39424141749723146,356,False,False,False,False
final_all_training,0.9000087742978896,0.7563676633444075,0.7563434593194396,0.9746478873239437,0.6211849192100538,0.9739884393063584,346,337,9,211,82,334,0.7544910179640718,0.39313399778516056,355,False,False,False,False
final_all_training,0.9000093694329864,0.7552602436323367,0.7552410329369776,0.9745762711864406,0.6193895870736086,0.9739884393063584,345,337,9,212,83,334,0.7514970059880239,0.3920265780730897,354,False,False,False,False
final_all_training,0.9002130800273715,0.7541528239202658,0.7541380494505494,0.9745042492917847,0.6175942549371634,0.9739884393063584,344,337,9,213,84,334,0.7485029940119761,0.3909191583610188,353,False,False,False,False
final_all_training,0.9007137476859085,0.7552602436323367,0.755249437987277,0.9772727272727273,0.6175942549371634,0.976878612716763,344,338,8,213,84,334,0.7485029940119761,0.38981173864894797,352,False,False,False,False
final_all_training,0.9014964840803783,0.7541528239202658,0.7541452861473857,0.9772079772079773,0.6157989228007181,0.976878612716763,343,338,8,214,85,334,0.7455089820359282,0.38870431893687707,351,False,False,False,False
final_all_training,0.9027621727045876,0.7530454042081949,0.7530405583565225,0.9771428571428571,0.6140035906642729,0.976878612716763,342,338,8,215,86,334,0.7425149700598802,0.3875968992248062,350,False,False,False,False
final_all_training,0.9028078372373146,0.7541528239202658,0.7541501103752759,0.9799426934097422,0.6140035906642729,0.9797687861271677,342,339,7,215,86,334,0.7425149700598802,0.3864894795127353,349,False,False,False,False
final_all_training,0.9028241461690308,0.7530454042081949,0.7530441927631055,0.9798850574712644,0.6122082585278277,0.9797687861271677,341,339,7,216,86,334,0.7425149700598802,0.3853820598006645,348,False,False,False,False
final_all_training,0.903179340097684,0.751937984496124,0.7519376802778486,0.9798270893371758,0.6104129263913824,0.9797687861271677,340,339,7,217,87,334,0.7395209580838323,0.3842746400885936,347,False,False,False,False
final_all_training,0.903920233468648,0.7508305647840532,0.7508305647840532,0.9797687861271677,0.6086175942549371,0.9797687861271677,339,339,7,218,88,334,0.7365269461077845,0.3831672203765227,346,False,False,False,False
final_all_training,0.9041849740463439,0.7497231450719822,0.7497228381374723,0.9797101449275363,0.6068222621184919,0.9797687861271677,338,339,7,219,88,334,0.7365269461077845,0.38205980066445183,345,False,False,False,False
final_all_training,0.9042320333327656,0.7486157253599114,0.7486144921848652,0.9796511627906976,0.6050269299820467,0.9797687861271677,337,339,7,220,88,334,0.7365269461077845,0.38095238095238093,344,False,False,False,False
final_all_training,0.9049626083728087,0.7497231450719822,0.74972038263429,0.9825072886297376,0.6050269299820467,0.9826589595375722,337,340,6,220,88,334,0.7365269461077845,0.3798449612403101,343,False,False,False,False
final_all_training,0.9061394849607699,0.7486157253599114,0.7486107925871328,0.9824561403508771,0.6032315978456014,0.9826589595375722,336,340,6,221,88,334,0.7365269461077845,0.3787375415282392,342,False,False,False,False
final_all_training,0.9069199266790487,0.7475083056478405,0.7475005641513692,0.9824046920821115,0.6014362657091562,0.9826589595375722,335,340,6,222,88,334,0.7365269461077845,0.37763012181616834,341,False,False,False,False
final_all_training,0.9069671309483488,0.7464008859357697,0.7463896891361377,0.9823529411764705,0.599640933572711,0.9826589595375722,334,340,6,223,89,334,0.7335329341317365,0.37652270210409744,340,False,False,False,False
final_all_training,0.9075834714440988,0.7475083056478405,0.7474931318681319,0.9852507374631269,0.599640933572711,0.9855491329479769,334,341,5,223,89,334,0.7335329341317365,0.3754152823920266,339,False,False,False,False
final_all_training,0.9076771865112472,0.7464008859357697,0.7463809798306238,0.985207100591716,0.5978456014362658,0.9855491329479769,333,341,5,224,89,334,0.7335329341317365,0.3743078626799557,338,False,False,False,False
final_all_training,0.9082361136135803,0.7452934662236987,0.7452681620157777,0.9851632047477745,0.5960502692998204,0.9855491329479769,332,341,5,225,89,334,0.7335329341317365,0.37320044296788485,337,False,False,False,False
final_all_training,0.9092769884462256,0.7441860465116279,0.7441546701925282,0.9851190476190477,0.5942549371633752,0.9855491329479769,331,341,5,226,89,334,0.7335329341317365,0.37209302325581395,336,False,False,False,False
final_all_training,0.9094589383203516,0.743078626799557,0.7430404961191628,0.9850746268656716,0.59245960502693,0.9855491329479769,330,341,5,227,90,334,0.7305389221556886,0.3709856035437431,335,False,False,False,False
final_all_training,0.9096444683968761,0.7419712070874862,0.7419256315431179,0.9850299401197605,0.5906642728904847,0.9855491329479769,329,341,5,228,91,334,0.7275449101796407,0.3698781838316722,334,False,False,False,False
final_all_training,0.9096820997141692,0.7408637873754153,0.7408100682007752,0.984984984984985,0.5888689407540395,0.9855491329479769,328,341,5,229,92,334,0.7245508982035929,0.3687707641196013,333,False,False,False,False
final_all_training,0.9097288930365592,0.7397563676633444,0.7396937978172575,0.9849397590361446,0.5870736086175943,0.9855491329479769,327,341,5,230,93,334,0.7215568862275449,0.36766334440753046,332,False,False,False,False
final_all_training,0.9101090936234244,0.7386489479512736,0.738576812106224,0.9848942598187311,0.585278276481149,0.9855491329479769,326,341,5,231,94,334,0.718562874251497,0.36655592469545956,331,False,False,False,False
final_all_training,0.9106486742492125,0.7375415282392026,0.7374591027696641,0.9848484848484849,0.5834829443447038,0.9855491329479769,325,341,5,232,94,334,0.718562874251497,0.3654485049833887,330,False,False,False,False
final_all_training,0.911283365559568,0.7364341085271318,0.7363406614976936,0.9848024316109423,0.5816876122082585,0.9855491329479769,324,341,5,233,95,334,0.7155688622754491,0.3643410852713178,329,False,False,False,False
final_all_training,0.9121415648966475,0.7353266888150609,0.7352214799683469,0.9847560975609756,0.5798922800718133,0.9855491329479769,323,341,5,234,95,334,0.7155688622754491,0.36323366555924697,328,False,False,False,False
final_all_training,0.9123545391747433,0.7342192691029901,0.7341015498473709,0.9847094801223242,0.578096947935368,0.9855491329479769,322,341,5,235,96,334,0.7125748502994012,0.36212624584717606,327,False,False,False,False
final_all_training,0.9124994749726083,0.7331118493909191,0.7329808627880183,0.9846625766871165,0.5763016157989228,0.9855491329479769,321,341,5,236,97,334,0.7095808383233533,0.3610188261351052,326,False,False,False,False
final_all_training,0.9127142521986102,0.7320044296788483,0.731859410430839,0.9846153846153847,0.5745062836624776,0.9855491329479769,320,341,5,237,97,334,0.7095808383233533,0.3599114064230343,325,False,False,False,False
final_all_training,0.9127965321473405,0.7308970099667774,0.7307371844034727,0.9845679012345679,0.5727109515260324,0.9855491329479769,319,341,5,238,97,334,0.7095808383233533,0.3588039867109635,324,False,False,False,False
final_all_training,0.9134495603683044,0.7297895902547066,0.7296141763204398,0.9845201238390093,0.5709156193895871,0.9855491329479769,318,341,5,239,98,334,0.7065868263473054,0.3576965669988926,323,False,False,False,False
final_all_training,0.9138153866116956,0.7286821705426356,0.7284903777829321,0.984472049689441,0.5691202872531418,0.9855491329479769,317,341,5,240,98,334,0.7065868263473054,0.35658914728682173,322,False,False,False,False
final_all_training,0.9138317102298478,0.7275747508305648,0.7273657803786033,0.9844236760124611,0.5673249551166966,0.9855491329479769,316,341,5,241,99,334,0.7035928143712575,0.3554817275747508,321,False,False,False,False
final_all_training,0.9143422381088876,0.7264673311184939,0.7262403756813582,0.984375,0.5655296229802513,0.9855491329479769,315,341,5,242,100,334,0.7005988023952096,0.35437430786268,320,False,False,False,False
final_all_training,0.9154136653797926,0.7253599114064231,0.7251141552511415,0.9843260188087775,0.5637342908438061,0.9855491329479769,314,341,5,243,101,334,0.6976047904191617,0.3532668881506091,319,False,False,False,False
final_all_training,0.9155402349992994,0.7242524916943521,0.7239871106337272,0.9842767295597484,0.5619389587073609,0.9855491329479769,313,341,5,244,102,334,0.6946107784431138,0.3521594684385382,318,False,False,False,False
final_all_training,0.9161078088370812,0.7231450719822813,0.7228592333605053,0.9842271293375394,0.5601436265709157,0.9855491329479769,312,341,5,245,103,334,0.6916167664670658,0.35105204872646734,317,False,False,False,False
final_all_training,0.9162881080250889,0.7242524916943521,0.7239478016817493,0.9873417721518988,0.5601436265709157,0.9884393063583815,312,342,4,245,103,334,0.6916167664670658,0.34994462901439644,316,False,False,False,False
final_all_training,0.916378136883064,0.7231450719822813,0.7228183997013928,0.9873015873015873,0.5583482944344704,0.9884393063583815,311,342,4,246,104,334,0.688622754491018,0.3488372093023256,315,False,False,False,False
final_all_training,0.9165664171999389,0.7220376522702104,0.7216881450419642,0.9872611464968153,0.5565529622980251,0.9884393063583815,310,342,4,247,104,334,0.688622754491018,0.3477297895902547,314,False,False,False,False
final_all_training,0.9175873711333007,0.7209302325581395,0.7205570291777188,0.987220447284345,0.5547576301615799,0.9884393063583815,309,342,4,248,104,334,0.688622754491018,0.34662236987818384,313,False,False,False,False
final_all_training,0.9180171350254681,0.7220376522702104,0.7216430274128557,0.9903846153846154,0.5547576301615799,0.9913294797687862,309,343,3,248,104,334,0.688622754491018,0.34551495016611294,312,False,False,False,False
final_all_training,0.9181139294803432,0.7209302325581395,0.7205103514684641,0.9903536977491961,0.5529622980251346,0.9913294797687862,308,343,3,249,105,334,0.6856287425149701,0.3444075304540421,311,False,False,False,False
final_all_training,0.9208560189013599,0.7198228128460686,0.7193767941305446,0.9903225806451613,0.5511669658886894,0.9913294797687862,307,343,3,250,105,334,0.6856287425149701,0.3433001107419712,310,False,False,False,False
final_all_training,0.9209710038212411,0.7187153931339978,0.7182423468134245,0.9902912621359223,0.5493716337522442,0.9913294797687862,306,343,3,251,105,334,0.6856287425149701,0.34219269102990035,309,False,False,False,False
final_all_training,0.9211242040158636,0.717607973421927,0.7171070009152727,0.9902597402597403,0.547576301615799,0.9913294797687862,305,343,3,252,105,334,0.6856287425149701,0.34108527131782945,308,False,False,False,False
final_all_training,0.9211545896896828,0.7187153931339978,0.7181897263505543,0.993485342019544,0.547576301615799,0.9942196531791907,305,344,2,252,105,334,0.6856287425149701,0.3399778516057586,307,False,False,False,False
final_all_training,0.9213007291153382,0.717607973421927,0.7170527728250732,0.9934640522875817,0.5457809694793537,0.9942196531791907,304,344,2,253,106,334,0.6826347305389222,0.3388704318936877,306,False,False,False,False
final_all_training,0.9219713892479846,0.716500553709856,0.7159149003106688,0.9934426229508196,0.5439856373429084,0.9942196531791907,303,344,2,254,107,334,0.6796407185628742,0.3377630121816168,305,False,False,False,False
final_all_training,0.9221972667891819,0.7153931339977851,0.7147761001419538,0.993421052631579,0.5421903052064632,0.9942196531791907,302,344,2,255,107,334,0.6796407185628742,0.33665559246954596,304,False,False,False,False
final_all_training,0.9224871722420719,0.7142857142857143,0.7136363636363636,0.9933993399339934,0.5403949730700179,0.9942196531791907,301,344,2,256,108,334,0.6766467065868264,0.33554817275747506,303,False,False,False,False
final_all_training,0.9233714190180637,0.7131782945736435,0.7124956820939354,0.9933774834437086,0.5385996409335727,0.9942196531791907,300,344,2,257,108,334,0.6766467065868264,0.3344407530454042,302,False,False,False,False
final_all_training,0.9235041991805806,0.7120708748615725,0.7113540467970848,0.9933554817275747,0.5368043087971275,0.9942196531791907,299,344,2,258,108,334,0.6766467065868264,0.3333333333333333,301,False,False,False,False
final_all_training,0.9237064212723518,0.7109634551495017,0.7102114490103812,0.9933333333333333,0.5350089766606823,0.9942196531791907,298,344,2,259,109,334,0.6736526946107785,0.33222591362126247,300,False,False,False,False
final_all_training,0.9242788346704912,0.7098560354374308,0.7090678799803247,0.9933110367892977,0.533213644524237,0.9942196531791907,297,344,2,260,110,334,0.6706586826347305,0.33111849390919157,299,False,False,False,False
final_all_training,0.9254990869742921,0.70874861572536,0.7079233309351192,0.9932885906040269,0.5314183123877917,0.9942196531791907,296,344,2,261,111,334,0.6676646706586826,0.3300110741971207,298,False,False,False,False
final_all_training,0.9255127676467289,0.707641196013289,0.7067777930844469,0.9932659932659933,0.5296229802513465,0.9942196531791907,295,344,2,262,111,334,0.6676646706586826,0.3289036544850498,297,False,False,False,False
final_all_training,0.9268341556379114,0.7065337763012182,0.7056312576192415,0.9932432432432432,0.5278276481149012,0.9942196531791907,294,344,2,263,111,334,0.6676646706586826,0.327796234772979,296,False,False,False,False
final_all_training,0.9269962312337483,0.7054263565891473,0.7044837157114596,0.9932203389830508,0.526032315978456,0.9942196531791907,293,344,2,264,112,334,0.6646706586826348,0.3266888150609081,295,False,False,False,False
final_all_training,0.927073601701486,0.7043189368770764,0.7033351585138519,0.9931972789115646,0.5242369838420108,0.9942196531791907,292,344,2,265,113,334,0.6616766467065869,0.32558139534883723,294,False,False,False,False
final_all_training,0.927531733262925,0.7054263565891473,0.7044080728525719,0.9965870307167235,0.5242369838420108,0.9971098265895953,292,345,1,265,113,334,0.6616766467065869,0.32447397563676633,293,False,False,False,False
final_all_training,0.9280092314861708,0.7043189368770764,0.7032577511437021,0.9965753424657534,0.5224416517055656,0.9971098265895953,291,345,1,266,114,334,0.6586826347305389,0.3233665559246955,292,False,False,False,False
final_all_training,0.9280415527402545,0.7032115171650055,0.7021063930358058,0.9965635738831615,0.5206463195691203,0.9971098265895953,290,345,1,267,115,334,0.655688622754491,0.3222591362126246,291,False,False,False,False
final_all_training,0.9280633331248096,0.7021040974529347,0.7009539896069426,0.996551724137931,0.518850987432675,0.9971098265895953,289,345,1,268,115,334,0.655688622754491,0.3211517165005537,290,False,False,False,False
final_all_training,0.9282237750380844,0.7009966777408638,0.6998005319148937,0.9965397923875432,0.5170556552962298,0.9971098265895953,288,345,1,269,115,334,0.655688622754491,0.32004429678848284,289,False,False,False,False
final_all_training,0.9282575347320572,0.6998892580287929,0.6986460109969275,0.9965277777777778,0.5152603231597845,0.9971098265895953,287,345,1,270,116,334,0.6526946107784432,0.31893687707641194,288,False,False,False,False
final_all_training,0.928274895237138,0.698781838316722,0.6974904178695648,0.9965156794425087,0.5134649910233393,0.9971098265895953,286,345,1,271,117,334,0.6497005988023952,0.3178294573643411,287,False,False,False,False
final_all_training,0.928417636832443,0.6976744186046512,0.6963337435283423,0.9965034965034965,0.5116696588868941,0.9971098265895953,285,345,1,272,117,334,0.6497005988023952,0.3167220376522702,286,False,False,False,False
final_all_training,0.9293856562230589,0.6965669988925803,0.695175978947576,0.9964912280701754,0.5098743267504489,0.9971098265895953,284,345,1,273,117,334,0.6497005988023952,0.31561461794019935,285,False,False,False,False
final_all_training,0.9300860037070899,0.6954595791805094,0.694017115080123,0.9964788732394366,0.5080789946140036,0.9971098265895953,283,345,1,274,117,334,0.6497005988023952,0.31450719822812845,284,False,False,False,False
final_all_training,0.9301238455815088,0.6943521594684385,0.6928571428571428,0.9964664310954063,0.5062836624775583,0.9971098265895953,282,345,1,275,118,334,0.6467065868263473,0.3133997785160576,283,False,False,False,False
final_all_training,0.9303275515136873,0.6932447397563677,0.6916960531878572,0.9964539007092199,0.5044883303411131,0.9971098265895953,281,345,1,276,118,334,0.6467065868263473,0.3122923588039867,282,False,False,False,False
final_all_training,0.930423252209723,0.6921373200442967,0.6905338369593088,0.99644128113879,0.5026929982046678,0.9971098265895953,280,345,1,277,118,334,0.6467065868263473,0.31118493909191586,281,False,False,False,False
final_all_training,0.9305449954087074,0.6910299003322259,0.6893704850361198,0.9964285714285714,0.5008976660682226,0.9971098265895953,279,345,1,278,119,334,0.6437125748502994,0.31007751937984496,280,False,False,False,False
final_all_training,0.9306534492100917,0.689922480620155,0.6882059882602476,0.996415770609319,0.4991023339317774,0.9971098265895953,278,345,1,279,120,334,0.6407185628742516,0.3089700996677741,279,False,False,False,False
final_all_training,0.9308643600314414,0.6888150609080842,0.6870403374507421,0.9964028776978417,0.49730700179533216,0.9971098265895953,277,345,1,280,120,334,0.6407185628742516,0.3078626799557032,278,False,False,False,False
final_all_training,0.931476509873832,0.6877076411960132,0.6858735234034994,0.9963898916967509,0.4955116696588869,0.9971098265895953,276,345,1,281,121,334,0.6377245508982036,0.3067552602436323,277,False,False,False,False
final_all_training,0.9321439200428167,0.6866002214839424,0.6847055368910153,0.9963768115942029,0.49371633752244165,0.9971098265895953,275,345,1,282,122,334,0.6347305389221557,0.30564784053156147,276,False,False,False,False
final_all_training,0.9324327145054194,0.6854928017718716,0.6835363686621387,0.9963636363636363,0.4919210053859964,0.9971098265895953,274,345,1,283,122,334,0.6347305389221557,0.30454042081949056,275,False,False,False,False
final_all_training,0.9324700998952683,0.6843853820598007,0.6823660094418218,0.9963503649635036,0.49012567324955114,0.9971098265895953,273,345,1,284,122,334,0.6347305389221557,0.3034330011074197,274,False,False,False,False
final_all_training,0.9335967230100053,0.6832779623477298,0.6811944499308711,0.9963369963369964,0.4883303411131059,0.9971098265895953,272,345,1,285,122,334,0.6347305389221557,0.3023255813953488,273,False,False,False,False
final_all_training,0.9337362404254704,0.6821705426356589,0.6800216808056962,0.9963235294117647,0.4865350089766607,0.9971098265895953,271,345,1,286,123,334,0.6317365269461078,0.301218161683278,272,False,False,False,False
final_all_training,0.9339137127492299,0.6810631229235881,0.6788476927180582,0.996309963099631,0.48473967684021546,0.9971098265895953,270,345,1,287,124,334,0.6287425149700598,0.3001107419712071,271,False,False,False,False
final_all_training,0.9340101212611613,0.6799557032115172,0.677672476294815,0.9962962962962963,0.4829443447037702,0.9971098265895953,269,345,1,288,125,334,0.625748502994012,0.29900332225913623,270,False,False,False,False
final_all_training,0.9341043769833597,0.6788482834994463,0.6764960221376686,0.9962825278810409,0.48114901256732495,0.9971098265895953,268,345,1,289,126,334,0.6227544910179641,0.2978959025470653,269,False,False,False,False
final_all_training,0.9345617934466972,0.6777408637873754,0.6753183208229079,0.996268656716418,0.4793536804308797,0.9971098265895953,267,345,1,290,127,334,0.6197604790419161,0.2967884828349945,268,False,False,False,False
final_all_training,0.9346751186733583,0.6766334440753046,0.6741393629011528,0.9962546816479401,0.47755834829443444,0.9971098265895953,266,345,1,291,128,334,0.6167664670658682,0.2956810631229236,267,False,False,False,False
final_all_training,0.9347264935390719,0.6755260243632336,0.672959138897095,0.9962406015037594,0.4757630161579892,0.9971098265895953,265,345,1,292,129,334,0.6137724550898204,0.29457364341085274,266,False,False,False,False
final_all_training,0.9349981169856314,0.6744186046511628,0.6717776393092398,0.9962264150943396,0.473967684021544,0.9971098265895953,264,345,1,293,130,334,0.6107784431137725,0.29346622369878184,265,False,False,False,False
final_all_training,0.9350027343236478,0.6733111849390919,0.6705948546096441,0.9962121212121212,0.47217235188509876,0.9971098265895953,263,345,1,294,131,334,0.6077844311377245,0.292358803986711,264,False,False,False,False
final_all_training,0.9356705235414755,0.6722037652270211,0.6694107752436551,0.9961977186311787,0.4703770197486535,0.9971098265895953,262,345,1,295,132,334,0.6047904191616766,0.2912513842746401,263,False,False,False,False
final_all_training,0.9357548588111321,0.6710963455149501,0.668225391629647,0.9961832061068703,0.46858168761220825,0.9971098265895953,261,345,1,296,132,334,0.6047904191616766,0.2901439645625692,262,False,False,False,False
final_all_training,0.9363970337749546,0.6699889258028793,0.6670386941587559,0.9961685823754789,0.466786355475763,0.9971098265895953,260,345,1,297,133,334,0.6017964071856288,0.28903654485049834,261,False,False,False,False
final_all_training,0.9366023340407778,0.6688815060908084,0.6658506731946144,0.9961538461538462,0.4649910233393178,0.9971098265895953,259,345,1,298,134,334,0.5988023952095808,0.28792912513842744,260,False,False,False,False
final_all_training,0.9366886351644182,0.6677740863787376,0.6646613190730838,0.9961389961389961,0.4631956912028725,0.9971098265895953,258,345,1,299,134,334,0.5988023952095808,0.2868217054263566,259,False,False,False,False
final_all_training,0.9370224560909692,0.6666666666666666,0.6634706221019854,0.9961240310077519,0.4614003590664273,0.9971098265895953,257,345,1,300,134,334,0.5988023952095808,0.2857142857142857,258,False,False,False,False
final_all_training,0.9370671270372719,0.6655592469545958,0.6622785725608307,0.9961089494163424,0.45960502692998206,0.9971098265895953,256,345,1,301,135,334,0.5958083832335329,0.28460686600221485,257,False,False,False,False
final_all_training,0.9372302495865826,0.6644518272425249,0.6610851607005497,0.99609375,0.4578096947935368,0.9971098265895953,255,345,1,302,135,334,0.5958083832335329,0.28349944629014395,256,False,False,False,False
final_all_training,0.9373135533430375,0.6633444075304541,0.6598903767432179,0.996078431372549,0.45601436265709155,0.9971098265895953,254,345,1,303,136,334,0.592814371257485,0.2823920265780731,255,False,False,False,False
final_all_training,0.93767136396905,0.6622369878183831,0.6586942108817826,0.9960629921259843,0.4542190305206463,0.9971098265895953,253,345,1,304,137,334,0.5898203592814372,0.2812846068660022,254,False,False,False,False
final_all_training,0.9380910473772013,0.6611295681063123,0.6574966532797858,0.9960474308300395,0.4524236983842011,0.9971098265895953,252,345,1,305,138,334,0.5868263473053892,0.28017718715393136,253,False,False,False,False
final_all_training,0.9382663123179048,0.6600221483942414,0.6562976940710885,0.996031746031746,0.4506283662477558,0.9971098265895953,251,345,1,306,138,334,0.5868263473053892,0.27906976744186046,252,False,False,False,False
final_all_training,0.9386872370364322,0.6589147286821705,0.6550973233595905,0.9960159362549801,0.4488330341113106,0.9971098265895953,250,345,1,307,138,334,0.5868263473053892,0.2779623477297896,251,False,False,False,False
final_all_training,0.9393207189142725,0.6578073089700996,0.6538955312189513,0.996,0.44703770197486536,0.9971098265895953,249,345,1,308,139,334,0.5838323353293413,0.2768549280177187,250,False,False,False,False
final_all_training,0.9404349577802489,0.6566998892580288,0.6526923076923077,0.9959839357429718,0.4452423698384201,0.9971098265895953,248,345,1,309,139,334,0.5838323353293413,0.2757475083056478,249,False,False,False,False
final_all_training,0.9410396020976289,0.655592469545958,0.6514876427919907,0.9959677419354839,0.44344703770197486,0.9971098265895953,247,345,1,310,139,334,0.5838323353293413,0.27464008859357697,248,False,False,False,False
final_all_training,0.941103303160649,0.654485049833887,0.6502815264992403,0.9959514170040485,0.44165170556552963,0.9971098265895953,246,345,1,311,140,334,0.5808383233532934,0.27353266888150607,247,False,False,False,False
final_all_training,0.9411824593819627,0.655592469545958,0.651316287749454,1.0,0.44165170556552963,1.0,246,346,0,311,140,334,0.5808383233532934,0.2724252491694352,246,False,False,False,False
final_all_training,0.941564217881455,0.654485049833887,0.6501077982335,1.0,0.4398563734290844,1.0,245,346,0,312,140,334,0.5808383233532934,0.2713178294573643,245,False,False,False,False
final_all_training,0.9416038074613682,0.6533776301218162,0.6488978329327147,1.0,0.4380610412926391,1.0,244,346,0,313,141,334,0.5778443113772455,0.2702104097452935,244,False,False,False,False
final_all_training,0.9417721040784948,0.6522702104097453,0.6476863817097416,1.0,0.4362657091561939,1.0,243,346,0,314,142,334,0.5748502994011976,0.2691029900332226,243,False,False,False,False
final_all_training,0.9418524399267528,0.6511627906976745,0.646473434394781,1.0,0.43447037701974867,1.0,242,346,0,315,142,334,0.5748502994011976,0.26799557032115173,242,False,False,False,False
final_all_training,0.9418647785849611,0.6500553709856035,0.6452589807852966,1.0,0.4326750448833034,1.0,241,346,0,316,142,334,0.5748502994011976,0.26688815060908083,241,False,False,False,False
final_all_training,0.9433563952841382,0.6489479512735327,0.6440430106457192,1.0,0.43087971274685816,1.0,240,346,0,317,143,334,0.5718562874251497,0.26578073089701,240,False,False,False,False
final_all_training,0.9435398756692668,0.6478405315614618,0.6428255137071497,1.0,0.42908438061041293,1.0,239,346,0,318,144,334,0.5688622754491018,0.2646733111849391,239,False,False,False,False
final_all_training,0.9435992341869235,0.646733111849391,0.6416064796670586,1.0,0.4272890484739677,1.0,238,346,0,319,145,334,0.5658682634730539,0.26356589147286824,238,False,False,False,False
final_all_training,0.9438568537655462,0.64562569213732,0.6403858981889866,1.0,0.4254937163375224,1.0,237,346,0,320,146,334,0.562874251497006,0.26245847176079734,237,False,False,False,False
final_all_training,0.9438918005589835,0.6445182724252492,0.6391637589022406,1.0,0.4236983842010772,1.0,236,346,0,321,146,334,0.562874251497006,0.26135105204872644,236,False,False,False,False
final_all_training,0.9439647127657846,0.6434108527131783,0.6379400514015898,1.0,0.42190305206463197,1.0,235,346,0,322,147,334,0.5598802395209581,0.2602436323366556,235,False,False,False,False
final_all_training,0.9442684169772458,0.6423034330011074,0.6367147652469594,1.0,0.42010771992818674,1.0,234,346,0,323,148,334,0.5568862275449101,0.2591362126245847,234,False,False,False,False
final_all_training,0.9445543378014201,0.6411960132890365,0.6354878899631218,1.0,0.41831238779174146,1.0,233,346,0,324,149,334,0.5538922155688623,0.25802879291251385,233,False,False,False,False
final_all_training,0.9453550358877596,0.6400885935769657,0.6342594150393874,1.0,0.41651705565529623,1.0,232,346,0,325,150,334,0.5508982035928144,0.25692137320044295,232,False,False,False,False
final_all_training,0.9456704854695048,0.6389811738648948,0.6330293299292931,1.0,0.414721723518851,1.0,231,346,0,326,151,334,0.5479041916167665,0.2558139534883721,231,False,False,False,False
final_all_training,0.9461143543087035,0.6378737541528239,0.6317976240502872,1.0,0.4129263913824057,1.0,230,346,0,327,152,334,0.5449101796407185,0.2547065337763012,230,False,False,False,False
final_all_training,0.9461929832969461,0.636766334440753,0.6305642867834157,1.0,0.4111310592459605,1.0,229,346,0,328,153,334,0.5419161676646707,0.25359911406423036,229,False,False,False,False
final_all_training,0.946215963979789,0.6356589147286822,0.6293293074730033,1.0,0.40933572710951527,1.0,228,346,0,329,154,334,0.5389221556886228,0.25249169435215946,228,False,False,False,False
final_all_training,0.9463047169786043,0.6345514950166113,0.628092675426335,1.0,0.40754039497307004,1.0,227,346,0,330,155,334,0.5359281437125748,0.2513842746400886,227,False,False,False,False
final_all_training,0.9468676258602244,0.6334440753045404,0.6268543799133343,1.0,0.40574506283662476,1.0,226,346,0,331,156,334,0.5329341317365269,0.2502768549280177,226,False,False,False,False
final_all_training,0.9470367685772135,0.6323366555924695,0.6256144101662404,1.0,0.40394973070017953,1.0,225,346,0,332,157,334,0.5299401197604791,0.24916943521594684,225,False,False,False,False
final_all_training,0.9473121269625533,0.6312292358803987,0.6243727553792824,1.0,0.4021543985637343,1.0,224,346,0,333,158,334,0.5269461077844312,0.24806201550387597,224,False,False,False,False
final_all_training,0.9475899894415059,0.6301218161683277,0.623129404708352,1.0,0.400359066427289,1.0,223,346,0,334,159,334,0.5239520958083832,0.2469545957918051,223,False,False,False,False
final_all_training,0.9484235308942812,0.6290143964562569,0.6218843472706751,1.0,0.3985637342908438,1.0,222,346,0,335,160,334,0.5209580838323353,0.24584717607973422,222,False,False,False,False
final_all_training,0.948901849070991,0.627906976744186,0.620637572144479,1.0,0.39676840215439857,1.0,221,346,0,336,161,334,0.5179640718562875,0.24473975636766335,221,False,False,False,False
final_all_training,0.9492314343148993,0.6267995570321152,0.6193890683686603,1.0,0.39497307001795334,1.0,220,346,0,337,162,334,0.5149700598802395,0.24363233665559247,220,False,False,False,False
final_all_training,0.9493160333731423,0.6256921373200443,0.6181388249424482,1.0,0.39317773788150806,1.0,219,346,0,338,162,334,0.5149700598802395,0.2425249169435216,219,False,False,False,False
final_all_training,0.9500431567545458,0.6245847176079734,0.6168868308250681,1.0,0.39138240574506283,1.0,218,346,0,339,162,334,0.5149700598802395,0.24141749723145073,218,False,False,False,False
final_all_training,0.9500475829908039,0.6234772978959026,0.6156330749354004,1.0,0.3895870736086176,1.0,217,346,0,340,163,334,0.5119760479041916,0.24031007751937986,217,False,False,False,False
final_all_training,0.9503027000061808,0.6223698781838317,0.6143775461516401,1.0,0.3877917414721723,1.0,216,346,0,341,163,334,0.5119760479041916,0.23920265780730898,216,False,False,False,False
final_all_training,0.9505144217884859,0.6212624584717608,0.6131202333109509,1.0,0.3859964093357271,1.0,215,346,0,342,164,334,0.5089820359281437,0.23809523809523808,215,False,False,False,False
final_all_training,0.9509920863320611,0.6201550387596899,0.6118611252091205,1.0,0.38420107719928187,1.0,214,346,0,343,164,334,0.5089820359281437,0.2369878183831672,214,False,False,False,False
final_all_training,0.9510285801089263,0.6190476190476191,0.6106002106002106,1.0,0.38240574506283664,1.0,213,346,0,344,164,334,0.5089820359281437,0.23588039867109634,213,False,False,False,False
final_all_training,0.9511633295537614,0.6179401993355482,0.6093374781962071,1.0,0.38061041292639136,1.0,212,346,0,345,165,334,0.5059880239520959,0.23477297895902546,212,False,False,False,False
final_all_training,0.9516397764046632,0.6168327796234773,0.6080729166666666,1.0,0.37881508078994613,1.0,211,346,0,346,165,334,0.5059880239520959,0.2336655592469546,211,False,False,False,False
final_all_training,0.9518415286147025,0.6157253599114064,0.6068065146383608,1.0,0.3770197486535009,1.0,210,346,0,347,166,334,0.5029940119760479,0.23255813953488372,210,False,False,False,False
final_all_training,0.952112757516654,0.6146179401993356,0.6055382606949187,1.0,0.3752244165170557,1.0,209,346,0,348,167,334,0.5,0.23145071982281284,209,False,False,False,False
final_all_training,0.952773379852371,0.6135105204872646,0.6042681433764667,1.0,0.3734290843806104,1.0,208,346,0,349,168,334,0.49700598802395207,0.23034330011074197,208,False,False,False,False
final_all_training,0.9534157017161585,0.6124031007751938,0.6029961511792666,1.0,0.37163375224416517,1.0,207,346,0,350,168,334,0.49700598802395207,0.2292358803986711,207,False,False,False,False
final_all_training,0.9536852087791842,0.6112956810631229,0.6017222725553493,1.0,0.36983842010771995,1.0,206,346,0,351,168,334,0.49700598802395207,0.22812846068660023,206,False,False,False,False
final_all_training,0.9538344010808888,0.6101882613510521,0.6004464959121489,1.0,0.36804308797127466,1.0,205,346,0,352,169,334,0.4940119760479042,0.22702104097452935,205,False,False,False,False
final_all_training,0.954163243757942,0.6090808416389811,0.5991688096121321,1.0,0.36624775583482944,1.0,204,346,0,353,169,334,0.4940119760479042,0.22591362126245848,204,False,False,False,False
final_all_training,0.9541944282297631,0.6079734219269103,0.5978892019724262,1.0,0.3644524236983842,1.0,203,346,0,354,169,334,0.4940119760479042,0.2248062015503876,203,False,False,False,False
final_all_training,0.9542648173913975,0.6068660022148394,0.5966076612644446,1.0,0.362657091561939,1.0,202,346,0,355,170,334,0.49101796407185627,0.22369878183831673,202,False,False,False,False
final_all_training,0.9545382812905181,0.6057585825027686,0.5953241757135088,1.0,0.3608617594254937,1.0,201,346,0,356,171,334,0.4880239520958084,0.22259136212624583,201,False,False,False,False
final_all_training,0.9547987718606948,0.6046511627906976,0.5940387334984694,1.0,0.3590664272890485,1.0,200,346,0,357,172,334,0.48502994011976047,0.22148394241417496,200,False,False,False,False
final_all_training,0.9550707222813511,0.6035437430786268,0.5927513227513228,1.0,0.35727109515260325,1.0,199,346,0,358,173,334,0.4820359281437126,0.2203765227021041,199,False,False,False,False
final_all_training,0.9553597355294604,0.602436323366556,0.591461931556827,1.0,0.35547576301615796,1.0,198,346,0,359,174,334,0.47904191616766467,0.21926910299003322,198,False,False,False,False
final_all_training,0.9553871539093204,0.6013289036544851,0.5901705479521134,1.0,0.35368043087971274,1.0,197,346,0,360,174,334,0.47904191616766467,0.21816168327796234,197,False,False,False,False
final_all_training,0.9561611664695896,0.6002214839424141,0.5888771599262967,1.0,0.3518850987432675,1.0,196,346,0,361,175,334,0.47604790419161674,0.21705426356589147,196,False,False,False,False
final_all_training,0.9562410465619421,0.5991140642303433,0.5875817554200815,1.0,0.3500897666068223,1.0,195,346,0,362,176,334,0.47305389221556887,0.2159468438538206,195,False,False,False,False
final_all_training,0.9564552738815392,0.5980066445182725,0.5862843223253671,1.0,0.348294434470377,1.0,194,346,0,363,176,334,0.47305389221556887,0.21483942414174972,194,False,False,False,False
final_all_training,0.9565829564835534,0.5968992248062015,0.5849848484848486,1.0,0.3464991023339318,1.0,193,346,0,364,177,334,0.47005988023952094,0.21373200442967885,193,False,False,False,False
final_all_training,0.9570817374022967,0.5957918050941307,0.5836833216916153,1.0,0.34470377019748655,1.0,192,346,0,365,178,334,0.46706586826347307,0.21262458471760798,192,False,False,False,False
final_all_training,0.9574755941124057,0.5946843853820598,0.5823797296887478,1.0,0.34290843806104127,1.0,191,346,0,366,178,334,0.46706586826347307,0.2115171650055371,191,False,False,False,False
final_all_training,0.9575955920595716,0.593576965669989,0.5810740601689098,1.0,0.34111310592459604,1.0,190,346,0,367,179,334,0.46407185628742514,0.21040974529346623,190,False,False,False,False
final_all_training,0.9576722805108276,0.592469545957918,0.579766300773939,1.0,0.3393177737881508,1.0,189,346,0,368,180,334,0.46107784431137727,0.20930232558139536,189,False,False,False,False
final_all_training,0.9581343344365794,0.5913621262458472,0.5784564390944342,1.0,0.3375224416517056,1.0,188,346,0,369,181,334,0.45808383233532934,0.2081949058693245,188,False,False,False,False
final_all_training,0.9583263951566985,0.5902547065337763,0.5771444626693396,1.0,0.3357271095152603,1.0,187,346,0,370,182,334,0.4550898203592814,0.2070874861572536,187,False,False,False,False
final_all_training,0.958350028529258,0.5891472868217055,0.5758303589855269,1.0,0.3339317773788151,1.0,186,346,0,371,183,334,0.45209580838323354,0.2059800664451827,186,False,False,False,False
final_all_training,0.958595309979703,0.5880398671096345,0.5745141154773726,1.0,0.33213644524236985,1.0,185,346,0,372,184,334,0.4491017964071856,0.20487264673311184,185,False,False,False,False
final_all_training,0.9591876454006347,0.5869324473975637,0.5731957195263349,1.0,0.3303411131059246,1.0,184,346,0,373,185,334,0.44610778443113774,0.20376522702104097,184,False,False,False,False
final_all_training,0.9592861561765832,0.5858250276854928,0.5718751584605243,1.0,0.32854578096947934,1.0,183,346,0,374,186,334,0.4431137724550898,0.2026578073089701,183,False,False,False,False
final_all_training,0.9596412587742346,0.584717607973422,0.5705524195542749,1.0,0.3267504488330341,1.0,182,346,0,375,187,334,0.44011976047904194,0.20155038759689922,182,False,False,False,False
final_all_training,0.9606893031662442,0.583610188261351,0.5692274900277092,1.0,0.3249551166965889,1.0,181,346,0,376,188,334,0.437125748502994,0.20044296788482835,181,False,False,False,False
final_all_training,0.960800904314457,0.5825027685492802,0.5679003570463017,1.0,0.3231597845601436,1.0,180,346,0,377,188,334,0.437125748502994,0.19933554817275748,180,False,False,False,False
final_all_training,0.9608260823964648,0.5813953488372093,0.5665710077204389,1.0,0.3213644524236984,1.0,179,346,0,378,189,334,0.4341317365269461,0.1982281284606866,179,False,False,False,False
final_all_training,0.9612264258830044,0.5802879291251384,0.5652394291049754,1.0,0.31956912028725315,1.0,178,346,0,379,189,334,0.4341317365269461,0.19712070874861573,178,False,False,False,False
final_all_training,0.9613998762068426,0.5791805094130675,0.5639056081987881,1.0,0.3177737881508079,1.0,177,346,0,380,190,334,0.4311377245508982,0.19601328903654486,177,False,False,False,False
final_all_training,0.9615657485341226,0.5780730897009967,0.5625695319443261,1.0,0.31597845601436264,1.0,176,346,0,381,191,334,0.4281437125748503,0.19490586932447398,176,False,False,False,False
final_all_training,0.9619353536102753,0.5769656699889258,0.5612311872271576,1.0,0.3141831238779174,1.0,175,346,0,382,191,334,0.4281437125748503,0.1937984496124031,175,False,False,False,False
final_all_training,0.9620992668884834,0.5758582502768549,0.559890560875513,1.0,0.3123877917414722,1.0,174,346,0,383,191,334,0.4281437125748503,0.19269102990033224,174,False,False,False,False
final_all_training,0.9621888475518257,0.574750830564784,0.5585476396598258,1.0,0.3105924596050269,1.0,173,346,0,384,191,334,0.4281437125748503,0.19158361018826134,173,False,False,False,False
final_all_training,0.962346406566676,0.5736434108527132,0.557202410292269,1.0,0.3087971274685817,1.0,172,346,0,385,192,334,0.4251497005988024,0.19047619047619047,172,False,False,False,False
final_all_training,0.9626914318026938,0.5725359911406424,0.555854859426288,1.0,0.30700179533213645,1.0,171,346,0,386,193,334,0.4221556886227545,0.1893687707641196,171,False,False,False,False
final_all_training,0.96289257452496,0.5714285714285714,0.5545049736561313,1.0,0.3052064631956912,1.0,170,346,0,387,193,334,0.4221556886227545,0.18826135105204872,170,False,False,False,False
final_all_training,0.9631561502084978,0.5703211517165006,0.5531527395163759,1.0,0.30341113105924594,1.0,169,346,0,388,194,334,0.41916167664670656,0.18715393133997785,169,False,False,False,False
final_all_training,0.9634218408689057,0.5692137320044297,0.5517981434814507,1.0,0.3016157989228007,1.0,168,346,0,389,195,334,0.4161676646706587,0.18604651162790697,168,False,False,False,False
final_all_training,0.9636878841680178,0.5681063122923588,0.5504411719651556,1.0,0.2998204667863555,1.0,167,346,0,390,196,334,0.41317365269461076,0.1849390919158361,167,False,False,False,False
final_all_training,0.9639730266580626,0.5669988925802879,0.5490818113201764,1.0,0.2980251346499102,1.0,166,346,0,391,197,334,0.4101796407185629,0.18383167220376523,166,False,False,False,False
final_all_training,0.9641680598767159,0.5658914728682171,0.5477200478375975,1.0,0.296229802513465,1.0,165,346,0,392,197,334,0.4101796407185629,0.18272425249169436,165,False,False,False,False
final_all_training,0.9643702415083699,0.5647840531561462,0.5463558677464095,1.0,0.29443447037701975,1.0,164,346,0,393,197,334,0.4101796407185629,0.18161683277962348,164,False,False,False,False
final_all_training,0.9644417009986112,0.5636766334440753,0.5449892572130142,1.0,0.2926391382405745,1.0,163,346,0,394,198,334,0.40718562874251496,0.1805094130675526,163,False,False,False,False
final_all_training,0.9644836536521842,0.5625692137320044,0.5436202023407242,1.0,0.29084380610412924,1.0,162,346,0,395,199,334,0.4041916167664671,0.17940199335548174,162,False,False,False,False
final_all_training,0.9645203681897645,0.5614617940199336,0.5422486891692611,1.0,0.289048473967684,1.0,161,346,0,396,199,334,0.4041916167664671,0.17829457364341086,161,False,False,False,False
final_all_training,0.9646110360252697,0.5603543743078627,0.5408747036742473,1.0,0.2872531418312388,1.0,160,346,0,397,200,334,0.40119760479041916,0.17718715393134,160,False,False,False,False
final_all_training,0.964800353409204,0.5592469545957918,0.5394982317666958,1.0,0.28545780969479356,1.0,159,346,0,398,201,334,0.39820359281437123,0.1760797342192691,159,False,False,False,False
final_all_training,0.9648717535120394,0.5581395348837209,0.5381192592924948,1.0,0.2836624775583483,1.0,158,346,0,399,202,334,0.39520958083832336,0.17497231450719822,158,False,False,False,False
final_all_training,0.965154258784072,0.5570321151716501,0.5367377720318897,1.0,0.28186714542190305,1.0,157,346,0,400,203,334,0.39221556886227543,0.17386489479512734,157,False,False,False,False
final_all_training,0.9653677370283931,0.5559246954595792,0.5353537556989589,1.0,0.2800718132854578,1.0,156,346,0,401,203,334,0.39221556886227543,0.17275747508305647,156,False,False,False,False
final_all_training,0.9653798573566488,0.5548172757475083,0.5339671959410883,1.0,0.27827648114901254,1.0,155,346,0,402,203,334,0.39221556886227543,0.1716500553709856,155,False,False,False,False
final_all_training,0.9658900913999653,0.5537098560354374,0.5325780783384391,1.0,0.2764811490125673,1.0,154,346,0,403,204,334,0.38922155688622756,0.17054263565891473,154,False,False,False,False
final_all_training,0.9659725398411778,0.5526024363233666,0.5311863884034131,1.0,0.2746858168761221,1.0,153,346,0,404,205,334,0.38622754491017963,0.16943521594684385,153,False,False,False,False
final_all_training,0.9660141011337132,0.5514950166112956,0.529792111580114,1.0,0.27289048473967686,1.0,152,346,0,405,206,334,0.38323353293413176,0.16832779623477298,152,False,False,False,False
final_all_training,0.9664795827240007,0.5503875968992248,0.5283952332438022,1.0,0.2710951526032316,1.0,151,346,0,406,206,334,0.38323353293413176,0.1672203765227021,151,False,False,False,False
final_all_training,0.9667668320595142,0.5492801771871539,0.5269957387003487,1.0,0.26929982046678635,1.0,150,346,0,407,206,334,0.38323353293413176,0.16611295681063123,150,False,False,False,False
final_all_training,0.9668699045070409,0.5481727574750831,0.5255936131856812,1.0,0.26750448833034113,1.0,149,346,0,408,207,334,0.38023952095808383,0.16500553709856036,149,False,False,False,False
final_all_training,0.9669778455686023,0.5470653377630121,0.5241888418652288,1.0,0.26570915619389585,1.0,148,346,0,409,208,334,0.3772455089820359,0.1638981173864895,148,False,False,False,False
final_all_training,0.9670606279821553,0.5459579180509413,0.5227814098333607,1.0,0.2639138240574506,1.0,147,346,0,410,209,334,0.37425149700598803,0.16279069767441862,147,False,False,False,False
final_all_training,0.9675763026324754,0.5448504983388704,0.5213713021128205,1.0,0.2621184919210054,1.0,146,346,0,411,210,334,0.3712574850299401,0.16168327796234774,146,False,False,False,False
final_all_training,0.9677115738524471,0.5437430786267996,0.5199585036541559,1.0,0.26032315978456017,1.0,145,346,0,412,211,334,0.36826347305389223,0.16057585825027684,145,False,False,False,False
final_all_training,0.967760246615676,0.5426356589147286,0.518542999335145,1.0,0.2585278276481149,1.0,144,346,0,413,212,334,0.3652694610778443,0.15946843853820597,144,False,False,False,False
final_all_training,0.9682721084183574,0.5415282392026578,0.5171247739602169,1.0,0.25673249551166966,1.0,143,346,0,414,213,334,0.36227544910179643,0.1583610188261351,143,False,False,False,False
final_all_training,0.9683605726294332,0.540420819490587,0.5157038122598679,1.0,0.25493716337522443,1.0,142,346,0,415,213,334,0.36227544910179643,0.15725359911406422,142,False,False,False,False
final_all_training,0.9685711145238303,0.5393133997785161,0.5142800988900728,1.0,0.25314183123877915,1.0,141,346,0,416,214,334,0.3592814371257485,0.15614617940199335,141,False,False,False,False
final_all_training,0.9686199847771859,0.5382059800664452,0.5128536184316916,1.0,0.2513464991023339,1.0,140,346,0,417,215,334,0.3562874251497006,0.15503875968992248,140,False,False,False,False
final_all_training,0.9688411758356337,0.5370985603543743,0.5114243553898726,1.0,0.2495511669658887,1.0,139,346,0,418,216,334,0.3532934131736527,0.1539313399778516,139,False,False,False,False
final_all_training,0.9688727534481165,0.5359911406423035,0.509992294193448,1.0,0.24775583482944344,1.0,138,346,0,419,217,334,0.3502994011976048,0.15282392026578073,138,False,False,False,False
final_all_training,0.9690150206080965,0.5348837209302325,0.5085574191943275,1.0,0.2459605026929982,1.0,137,346,0,420,218,334,0.3473053892215569,0.15171650055370986,137,False,False,False,False
final_all_training,0.9690732196108057,0.5337763012181617,0.5071197146668844,1.0,0.24416517055655296,1.0,136,346,0,421,219,334,0.344311377245509,0.150609080841639,136,False,False,False,False
final_all_training,0.9691921274079409,0.5326688815060908,0.5056791648073391,1.0,0.24236983842010773,1.0,135,346,0,422,220,334,0.3413173652694611,0.14950166112956811,135,False,False,False,False
final_all_training,0.9695381062750299,0.53156146179402,0.5042357537331352,1.0,0.24057450628366248,1.0,134,346,0,423,220,334,0.3413173652694611,0.14839424141749724,134,False,False,False,False
final_all_training,0.9695947122051305,0.530454042081949,0.5027894654823126,1.0,0.23877917414721722,1.0,133,346,0,424,221,334,0.3383233532934132,0.14728682170542637,133,False,False,False,False
final_all_training,0.9696822774566111,0.5293466223698782,0.501340284012874,1.0,0.236983842010772,1.0,132,346,0,425,221,334,0.3383233532934132,0.1461794019933555,132,False,False,False,False
final_all_training,0.9696913256729733,0.5282392026578073,0.49988819320214667,1.0,0.23518850987432674,1.0,131,346,0,426,221,334,0.3383233532934132,0.1450719822812846,131,False,False,False,False
final_all_training,0.9697159511969969,0.5271317829457365,0.4984331768461392,1.0,0.2333931777378815,1.0,130,346,0,427,222,334,0.33532934131736525,0.14396456256921372,130,False,False,False,False
final_all_training,0.9701010561745992,0.5260243632336655,0.49697521865889216,1.0,0.23159784560143626,1.0,129,346,0,428,223,334,0.3323353293413174,0.14285714285714285,129,False,False,False,False
final_all_training,0.9704268400837136,0.5249169435215947,0.4955143022718246,1.0,0.22980251346499103,1.0,128,346,0,429,223,334,0.3323353293413174,0.14174972314507198,128,False,False,False,False
final_all_training,0.9704575149200994,0.5238095238095238,0.49405041123307375,1.0,0.22800718132854578,1.0,127,346,0,430,224,334,0.32934131736526945,0.1406423034330011,127,False,False,False,False
final_all_training,0.9705606214233231,0.5227021040974529,0.49258352900683045,1.0,0.22621184919210055,1.0,126,346,0,431,224,334,0.32934131736526945,0.13953488372093023,126,False,False,False,False
final_all_training,0.9708451213941125,0.521594684385382,0.4911136389726678,1.0,0.2244165170556553,1.0,125,346,0,432,225,334,0.3263473053892216,0.13842746400885936,125,False,False,False,False
final_all_training,0.9709192217679361,0.5204872646733112,0.4896407244248654,1.0,0.22262118491921004,1.0,124,346,0,433,226,334,0.32335329341317365,0.13732004429678848,124,False,False,False,False
final_all_training,0.9713004359590245,0.5193798449612403,0.4881647685717271,1.0,0.22082585278276481,1.0,123,346,0,434,226,334,0.32335329341317365,0.1362126245847176,123,False,False,False,False
final_all_training,0.9715544248102833,0.5182724252491694,0.48668575453489327,1.0,0.21903052064631956,1.0,122,346,0,435,227,334,0.3203592814371258,0.13510520487264674,122,False,False,False,False
final_all_training,0.9719658449106428,0.5171650055370985,0.48520366534864745,1.0,0.21723518850987433,1.0,121,346,0,436,227,334,0.3203592814371258,0.13399778516057587,121,False,False,False,False
final_all_training,0.9720568836139805,0.5160575858250277,0.4837184839592167,1.0,0.21543985637342908,1.0,120,346,0,437,228,334,0.31736526946107785,0.132890365448505,120,False,False,False,False
final_all_training,0.9724687367827847,0.5149501661129569,0.48223019322406663,1.0,0.21364452423698385,1.0,119,346,0,438,229,334,0.3143712574850299,0.13178294573643412,119,False,False,False,False
final_all_training,0.9728737737242411,0.5138427464008859,0.4807387759111897,1.0,0.2118491921005386,1.0,118,346,0,439,230,334,0.31137724550898205,0.13067552602436322,118,False,False,False,False
final_all_training,0.9729108651513615,0.512735326688815,0.4792442146983884,1.0,0.21005385996409337,1.0,117,346,0,440,231,334,0.3083832335329341,0.12956810631229235,117,False,False,False,False
final_all_training,0.9729237782636498,0.5116279069767442,0.4777464921725514,1.0,0.20825852782764812,1.0,116,346,0,441,231,334,0.3083832335329341,0.12846068660022147,116,False,False,False,False
final_all_training,0.9732750086462978,0.5105204872646734,0.47624559082892415,1.0,0.20646319569120286,1.0,115,346,0,442,232,334,0.30538922155688625,0.1273532668881506,115,False,False,False,False
final_all_training,0.9734233481204957,0.5094130675526024,0.474741493070373,1.0,0.20466786355475763,1.0,114,346,0,443,232,334,0.30538922155688625,0.12624584717607973,114,False,False,False,False
final_all_training,0.9736058653299415,0.5083056478405316,0.47323418120664285,1.0,0.20287253141831238,1.0,113,346,0,444,233,334,0.3023952095808383,0.12513842746400886,113,False,False,False,False
final_all_training,0.9737928142443537,0.5071982281284607,0.47172363745360896,1.0,0.20107719928186715,1.0,112,346,0,445,234,334,0.2994011976047904,0.12403100775193798,112,False,False,False,False
final_all_training,0.9738176244321525,0.5060908084163898,0.47020984393252163,1.0,0.1992818671454219,1.0,111,346,0,446,235,334,0.2964071856287425,0.12292358803986711,111,False,False,False,False
final_all_training,0.9739845050475282,0.5049833887043189,0.46869278266924486,1.0,0.19748653500897667,1.0,110,346,0,447,236,334,0.2934131736526946,0.12181616832779624,110,False,False,False,False
final_all_training,0.974074860482191,0.5038759689922481,0.4671724355934882,1.0,0.19569120287253142,1.0,109,346,0,448,236,334,0.2934131736526946,0.12070874861572536,109,False,False,False,False
final_all_training,0.9740802312029209,0.5027685492801772,0.4656487845380322,1.0,0.19389587073608616,1.0,108,346,0,449,237,334,0.2904191616766467,0.11960132890365449,108,False,False,False,False
final_all_training,0.9741011092707689,0.5016611295681063,0.46412181123794655,1.0,0.19210053859964094,1.0,107,346,0,450,238,334,0.2874251497005988,0.1184939091915836,107,False,False,False,False
final_all_training,0.9746152305450931,0.5005537098560354,0.4625914973298021,1.0,0.19030520646319568,1.0,106,346,0,451,239,334,0.2844311377245509,0.11738648947951273,106,False,False,False,False
final_all_training,0.9747972355522845,0.4994462901439646,0.4610578243508757,1.0,0.18850987432675045,1.0,105,346,0,452,239,334,0.2844311377245509,0.11627906976744186,105,False,False,False,False
final_all_training,0.975185222566064,0.4983388704318937,0.459520773738348,1.0,0.1867145421903052,1.0,104,346,0,453,240,334,0.281437125748503,0.11517165005537099,104,False,False,False,False
final_all_training,0.9753061941163425,0.49723145071982283,0.4579803268284944,1.0,0.18491921005385997,1.0,103,346,0,454,241,334,0.27844311377245506,0.11406423034330011,103,False,False,False,False
final_all_training,0.975335767535129,0.49612403100775193,0.45643646485586864,1.0,0.18312387791741472,1.0,102,346,0,455,241,334,0.27844311377245506,0.11295681063122924,102,False,False,False,False
final_all_training,0.9753393859072288,0.4950166112956811,0.4548891689524798,1.0,0.1813285457809695,1.0,101,346,0,456,242,334,0.2754491017964072,0.11184939091915837,101,False,False,False,False
final_all_training,0.9754401629358948,0.4939091915836102,0.45333842014696124,1.0,0.17953321364452424,1.0,100,346,0,457,243,334,0.27245508982035926,0.11074197120708748,100,False,False,False,False
final_all_training,0.9756030364689098,0.49280177187153934,0.4517841993637327,1.0,0.17773788150807898,1.0,99,346,0,458,243,334,0.27245508982035926,0.10963455149501661,99,False,False,False,False
final_all_training,0.9757753375020083,0.49169435215946844,0.4502264874221553,1.0,0.17594254937163376,1.0,98,346,0,459,244,334,0.2694610778443114,0.10852713178294573,98,False,False,False,False
final_all_training,0.975980583206625,0.49058693244739754,0.44866526503567783,1.0,0.1741472172351885,1.0,97,346,0,460,245,334,0.26646706586826346,0.10741971207087486,97,False,False,False,False
final_all_training,0.9762121030647414,0.4894795127353267,0.4471005128109772,1.0,0.17235188509874327,1.0,96,346,0,461,246,334,0.2634730538922156,0.10631229235880399,96,False,False,False,False
final_all_training,0.9762692318499437,0.4883720930232558,0.44553221124708936,1.0,0.17055655296229802,1.0,95,346,0,462,247,334,0.26047904191616766,0.10520487264673312,95,False,False,False,False
final_all_training,0.9763263608696433,0.48726467331118495,0.4439603407345343,1.0,0.1687612208258528,1.0,94,346,0,463,248,334,0.25748502994011974,0.10409745293466224,94,False,False,False,False
final_all_training,0.9764279014655398,0.48615725359911405,0.4423848815544317,1.0,0.16696588868940754,1.0,93,346,0,464,249,334,0.25449101796407186,0.10299003322259136,93,False,False,False,False
final_all_training,0.9767357179617597,0.4850498338870432,0.44080581387760975,1.0,0.1651705565529623,1.0,92,346,0,465,250,334,0.25149700598802394,0.10188261351052048,92,False,False,False,False
final_all_training,0.9768864915347782,0.4839424141749723,0.439223117763705,1.0,0.16337522441651706,1.0,91,346,0,466,251,334,0.24850299401197604,0.10077519379844961,91,False,False,False,False
final_all_training,0.9770130778681904,0.48283499446290146,0.4376367731602551,1.0,0.1615798922800718,1.0,90,346,0,467,252,334,0.24550898203592814,0.09966777408637874,90,False,False,False,False
final_all_training,0.9770328817102151,0.48172757475083056,0.4360467599017829,1.0,0.15978456014362658,1.0,89,346,0,468,253,334,0.24251497005988024,0.09856035437430787,89,False,False,False,False
final_all_training,0.9774076111984055,0.4806201550387597,0.43445305770887166,1.0,0.15798922800718132,1.0,88,346,0,469,254,334,0.23952095808383234,0.09745293466223699,88,False,False,False,False
final_all_training,0.9774291306628476,0.4795127353266888,0.43285564618723343,1.0,0.1561938958707361,1.0,87,346,0,470,255,334,0.23652694610778444,0.09634551495016612,87,False,False,False,False
final_all_training,0.9775027973221925,0.47840531561461797,0.4312545048267673,1.0,0.15439856373429084,1.0,86,346,0,471,256,334,0.23353293413173654,0.09523809523809523,86,False,False,False,False
final_all_training,0.9776663885915935,0.47729789590254706,0.4296496130006102,1.0,0.1526032315978456,1.0,85,346,0,472,257,334,0.23053892215568864,0.09413067552602436,85,False,False,False,False
final_all_training,0.9779308753245701,0.47619047619047616,0.42804094996417885,1.0,0.15080789946140036,1.0,84,346,0,473,258,334,0.2275449101796407,0.09302325581395349,84,False,False,False,False
final_all_training,0.9779388298307214,0.4750830564784053,0.4264284948542024,1.0,0.1490125673249551,1.0,83,346,0,474,258,334,0.2275449101796407,0.09191583610188261,83,False,False,False,False
final_all_training,0.978043291369524,0.4739756367663344,0.4248122266877472,1.0,0.14721723518850988,1.0,82,346,0,475,259,334,0.2245508982035928,0.09080841638981174,82,False,False,False,False
final_all_training,0.9781068410955617,0.4728682170542636,0.4231921243612316,1.0,0.14542190305206462,1.0,81,346,0,476,260,334,0.2215568862275449,0.08970099667774087,81,False,False,False,False
final_all_training,0.9782109946868232,0.4717607973421927,0.4215681666494327,1.0,0.1436265709156194,1.0,80,346,0,477,261,334,0.218562874251497,0.08859357696567,80,False,False,False,False
final_all_training,0.9783428457150609,0.4706533776301218,0.4199403322044831,1.0,0.14183123877917414,1.0,79,346,0,478,262,334,0.2155688622754491,0.08748615725359911,79,False,False,False,False
final_all_training,0.9783767537731128,0.4695459579180509,0.4183085995548592,1.0,0.1400359066427289,1.0,78,346,0,479,263,334,0.2125748502994012,0.08637873754152824,78,False,False,False,False
final_all_training,0.978512023930552,0.4684385382059801,0.4166729471043593,1.0,0.13824057450628366,1.0,77,346,0,480,264,334,0.20958083832335328,0.08527131782945736,77,False,False,False,False
final_all_training,0.97869345349488,0.4673311184939092,0.41503335313107315,1.0,0.13644524236983843,1.0,76,346,0,481,265,334,0.20658682634730538,0.08416389811738649,76,False,False,False,False
final_all_training,0.9789402064405349,0.46622369878183834,0.41338979578634116,1.0,0.13464991023339318,1.0,75,346,0,482,266,334,0.20359281437125748,0.08305647840531562,75,False,False,False,False
final_all_training,0.9789863957371093,0.46511627906976744,0.4117422530937047,1.0,0.13285457809694792,1.0,74,346,0,483,267,334,0.20059880239520958,0.08194905869324474,74,False,False,False,False
final_all_training,0.9790191433386054,0.4640088593576966,0.4100907029478458,1.0,0.1310592459605027,1.0,73,346,0,484,268,334,0.19760479041916168,0.08084163898117387,73,False,False,False,False
final_all_training,0.9792797085801818,0.4629014396456257,0.4084351231135179,1.0,0.12926391382405744,1.0,72,346,0,485,268,334,0.19760479041916168,0.07973421926910298,72,False,False,False,False
final_all_training,0.9792849685919072,0.46179401993355484,0.40677549122446555,1.0,0.12746858168761221,1.0,71,346,0,486,269,334,0.19461077844311378,0.07862679955703211,71,False,False,False,False
final_all_training,0.9793283883336301,0.46068660022148394,0.4051117847823352,1.0,0.12567324955116696,1.0,70,346,0,487,270,334,0.19161676646706588,0.07751937984496124,70,False,False,False,False
final_all_training,0.9799485474456123,0.45957918050941304,0.4034439811555748,1.0,0.12387791741472172,1.0,69,346,0,488,271,334,0.18862275449101795,0.07641196013289037,69,False,False,False,False
final_all_training,0.980048252764232,0.4584717607973422,0.40177205757832346,1.0,0.12208258527827648,1.0,68,346,0,489,272,334,0.18562874251497005,0.0753045404208195,68,False,False,False,False
final_all_training,0.9800742449838242,0.4573643410852713,0.4000959911492907,1.0,0.12028725314183124,1.0,67,346,0,490,273,334,0.18263473053892215,0.07419712070874862,67,False,False,False,False
final_all_training,0.9801396444261002,0.45625692137320045,0.39841575883062486,1.0,0.118491921005386,1.0,66,346,0,491,274,334,0.17964071856287425,0.07308970099667775,66,False,False,False,False
final_all_training,0.980186988362145,0.45514950166112955,0.3967313374467715,1.0,0.11669658886894076,1.0,65,346,0,492,275,334,0.17664670658682635,0.07198228128460686,65,False,False,False,False
final_all_training,0.9806122357508258,0.4540420819490587,0.3950427036833201,1.0,0.11490125673249552,1.0,64,346,0,493,275,334,0.17664670658682635,0.07087486157253599,64,False,False,False,False
final_all_training,0.9807863898541335,0.4529346622369878,0.3933498340858402,1.0,0.11310592459605028,1.0,63,346,0,494,275,334,0.17664670658682635,0.06976744186046512,63,False,False,False,False
final_all_training,0.9808316262742067,0.45182724252491696,0.3916527050587068,1.0,0.11131059245960502,1.0,62,346,0,495,276,334,0.17365269461077845,0.06866002214839424,62,False,False,False,False
final_all_training,0.9808539597447068,0.45071982281284606,0.3899512928639142,1.0,0.10951526032315978,1.0,61,346,0,496,277,334,0.17065868263473055,0.06755260243632337,61,False,False,False,False
final_all_training,0.9808640725779826,0.4496124031007752,0.3882455736198786,1.0,0.10771992818671454,1.0,60,346,0,497,278,334,0.16766467065868262,0.0664451827242525,60,False,False,False,False
final_all_training,0.9809586510777307,0.4485049833887043,0.3865355233002292,1.0,0.1059245960502693,1.0,59,346,0,498,279,334,0.16467065868263472,0.06533776301218161,59,False,False,False,False
final_all_training,0.9809862805559768,0.44739756367663347,0.38482111773258787,1.0,0.10412926391382406,1.0,58,346,0,499,280,334,0.16167664670658682,0.06423034330011074,58,False,False,False,False
final_all_training,0.9810615559969835,0.44629014396456257,0.3831023325973373,1.0,0.10233393177737882,1.0,57,346,0,500,281,334,0.15868263473053892,0.06312292358803986,57,False,False,False,False
final_all_training,0.981094902694986,0.44518272425249167,0.3813791434263766,1.0,0.10053859964093358,1.0,56,346,0,501,281,334,0.15868263473053892,0.06201550387596899,56,False,False,False,False
final_all_training,0.9812147633294785,0.4440753045404208,0.37965152560186555,1.0,0.09874326750448834,1.0,55,346,0,502,282,334,0.15568862275449102,0.06090808416389812,55,False,False,False,False
final_all_training,0.9820226219240519,0.4429678848283499,0.3779194543549569,1.0,0.09694793536804308,1.0,54,346,0,503,283,334,0.15269461077844312,0.059800664451827246,54,False,False,False,False
final_all_training,0.9820336733515743,0.4418604651162791,0.37618290476451555,1.0,0.09515260323159784,1.0,53,346,0,504,283,334,0.15269461077844312,0.058693244739756366,53,False,False,False,False
final_all_training,0.9821318266306451,0.4407530454042082,0.37444185175582634,1.0,0.0933572710951526,1.0,52,346,0,505,283,334,0.15269461077844312,0.05758582502768549,52,False,False,False,False
final_all_training,0.9821426049851893,0.43964562569213733,0.3726962700992883,1.0,0.09156193895870736,1.0,51,346,0,506,284,334,0.1497005988023952,0.05647840531561462,51,False,False,False,False
final_all_training,0.9822387086689011,0.43853820598006643,0.3709461344090971,1.0,0.08976660682226212,1.0,50,346,0,507,285,334,0.1467065868263473,0.05537098560354374,50,False,False,False,False
final_all_training,0.9825436058844397,0.4374307862679956,0.36919141914191417,1.0,0.08797127468581688,1.0,49,346,0,508,286,334,0.1437125748502994,0.05426356589147287,49,False,False,False,False
final_all_training,0.9826806757131945,0.4363233665559247,0.367432098595523,1.0,0.08617594254937164,1.0,48,346,0,509,287,334,0.1407185628742515,0.053156146179401995,48,False,False,False,False
final_all_training,0.9827955566238299,0.43521594684385384,0.3656681469074721,1.0,0.0843806104129264,1.0,47,346,0,510,288,334,0.1377245508982036,0.05204872646733112,47,False,False,False,False
final_all_training,0.9829325002070863,0.43410852713178294,0.36389953805370484,1.0,0.08258527827648116,1.0,46,346,0,511,289,334,0.1347305389221557,0.05094130675526024,46,False,False,False,False
final_all_training,0.9829476664505805,0.4330011074197121,0.36212624584717606,1.0,0.0807899461400359,1.0,45,346,0,512,290,334,0.1317365269461078,0.04983388704318937,45,False,False,False,False
final_all_training,0.9831679151980918,0.4318936877076412,0.3603482439364544,1.0,0.07899461400359066,1.0,44,346,0,513,291,334,0.12874251497005987,0.048726467331118496,44,False,False,False,False
final_all_training,0.9832249454574871,0.43078626799557035,0.3585655058043118,1.0,0.07719928186714542,1.0,43,346,0,514,292,334,0.12574850299401197,0.047619047619047616,43,False,False,False,False
final_all_training,0.9832277333416896,0.42967884828349945,0.3567780047662979,1.0,0.07540394973070018,1.0,42,346,0,515,293,334,0.12275449101796407,0.046511627906976744,42,False,False,False,False
final_all_training,0.9832288882602721,0.42857142857142855,0.3549857139693017,1.0,0.07360861759425494,1.0,41,346,0,516,294,334,0.11976047904191617,0.04540420819490587,41,False,False,False,False
final_all_training,0.9836497617106646,0.4274640088593577,0.3531886063900977,1.0,0.0718132854578097,1.0,40,346,0,517,295,334,0.11676646706586827,0.044296788482835,40,False,False,False,False
final_all_training,0.9839232213287749,0.4263565891472868,0.35138665483387876,1.0,0.07001795332136446,1.0,39,346,0,518,296,334,0.11377245508982035,0.04318936877076412,39,False,False,False,False
final_all_training,0.9839301176742805,0.42524916943521596,0.3495798319327731,1.0,0.06822262118491922,1.0,38,346,0,519,297,334,0.11077844311377245,0.042081949058693245,38,False,False,False,False
final_all_training,0.9839423152972482,0.42414174972314506,0.3477681101443478,1.0,0.06642728904847396,1.0,37,346,0,520,298,334,0.10778443113772455,0.04097452934662237,37,False,False,False,False
final_all_training,0.9842871856183759,0.4230343300110742,0.3459514617500963,1.0,0.06463195691202872,1.0,36,346,0,521,299,334,0.10479041916167664,0.03986710963455149,36,False,False,False,False
final_all_training,0.9843592973420644,0.4219269102990033,0.34412985885391156,1.0,0.06283662477558348,1.0,35,346,0,522,300,334,0.10179640718562874,0.03875968992248062,35,False,False,False,False
final_all_training,0.9843771610745934,0.42081949058693247,0.34230327338054356,1.0,0.06104129263913824,1.0,34,346,0,523,301,334,0.09880239520958084,0.03765227021040975,34,False,False,False,False
final_all_training,0.9846012120175129,0.41971207087486156,0.340471677074041,1.0,0.059245960502693,1.0,33,346,0,524,302,334,0.09580838323353294,0.036544850498338874,33,False,False,False,False
final_all_training,0.9846670849842676,0.4186046511627907,0.33863504149617824,1.0,0.05745062836624776,1.0,32,346,0,525,303,334,0.09281437125748503,0.035437430786267994,32,False,False,False,False
final_all_training,0.9850194578153404,0.4174972314507198,0.3367933380248651,1.0,0.05565529622980251,1.0,31,346,0,526,303,334,0.09281437125748503,0.03433001107419712,31,False,False,False,False
final_all_training,0.9853840959564019,0.416389811738649,0.334946537852542,1.0,0.05385996409335727,1.0,30,346,0,527,304,334,0.08982035928143713,0.03322259136212625,30,False,False,False,False
final_all_training,0.985502903496307,0.4152823920265781,0.33309461198455775,1.0,0.05206463195691203,1.0,29,346,0,528,305,334,0.08682634730538923,0.03211517165005537,29,False,False,False,False
final_all_training,0.9855089448517448,0.4141749723145072,0.33123753123753125,1.0,0.05026929982046679,1.0,28,346,0,529,306,334,0.08383233532934131,0.031007751937984496,28,False,False,False,False
final_all_training,0.9855850705553681,0.4130675526024363,0.32937526623769703,1.0,0.04847396768402154,1.0,27,346,0,530,307,334,0.08083832335329341,0.029900332225913623,27,False,False,False,False
final_all_training,0.9857165829133576,0.4119601328903654,0.32750778741923314,1.0,0.0466786355475763,1.0,26,346,0,531,308,334,0.07784431137724551,0.028792912513842746,26,False,False,False,False
final_all_training,0.9858032658680573,0.4108527131782946,0.3256350650225726,1.0,0.04488330341113106,1.0,25,346,0,532,309,334,0.0748502994011976,0.02768549280177187,25,False,False,False,False
final_all_training,0.9858048377618155,0.4097452934662237,0.3237570690926973,1.0,0.04308797127468582,1.0,24,346,0,533,310,334,0.0718562874251497,0.026578073089700997,24,False,False,False,False
final_all_training,0.9861122186655105,0.40863787375415284,0.32187376947741464,1.0,0.04129263913824058,1.0,23,346,0,534,311,334,0.0688622754491018,0.02547065337763012,23,False,False,False,False
final_all_training,0.9861557096735334,0.40753045404208194,0.3199851358256162,1.0,0.03949730700179533,1.0,22,346,0,535,312,334,0.0658682634730539,0.024363233665559248,22,False,False,False,False
final_all_training,0.9862633743971049,0.4064230343300111,0.318091137585519,1.0,0.03770197486535009,1.0,21,346,0,536,313,334,0.06287425149700598,0.023255813953488372,21,False,False,False,False
final_all_training,0.9862675743066456,0.4053156146179402,0.316191744002888,1.0,0.03590664272890485,1.0,20,346,0,537,314,334,0.059880239520958084,0.0221483942414175,20,False,False,False,False
final_all_training,0.9863570731488472,0.40420819490586934,0.3142869241192412,1.0,0.03411131059245961,1.0,19,346,0,538,315,334,0.05688622754491018,0.021040974529346623,19,False,False,False,False
final_all_training,0.9865270919307028,0.40310077519379844,0.31237664677003496,1.0,0.03231597845601436,1.0,18,346,0,539,316,334,0.05389221556886228,0.019933554817275746,18,False,False,False,False
final_all_training,0.9869741286543464,0.4019933554817276,0.3104608805828318,1.0,0.03052064631956912,1.0,17,346,0,540,317,334,0.05089820359281437,0.018826135105204873,17,False,False,False,False
final_all_training,0.9871802911729685,0.4008859357696567,0.30853959397544833,1.0,0.02872531418312388,1.0,16,346,0,541,318,334,0.04790419161676647,0.017718715393133997,16,False,False,False,False
final_all_training,0.9880516277165343,0.3997785160575858,0.30661275515408415,1.0,0.026929982046678635,1.0,15,346,0,542,319,334,0.04491017964071856,0.016611295681063124,15,False,False,False,False
final_all_training,0.9880901540362417,0.39867109634551495,0.30468033211143175,1.0,0.025134649910233394,1.0,14,346,0,543,320,334,0.041916167664670656,0.015503875968992248,14,False,False,False,False
final_all_training,0.9881271851967187,0.39756367663344405,0.3027422926247658,1.0,0.02333931777378815,1.0,13,346,0,544,321,334,0.038922155688622756,0.014396456256921373,13,False,False,False,False
final_all_training,0.9881530708021184,0.3964562569213732,0.3007986042540133,1.0,0.02154398563734291,1.0,12,346,0,545,322,334,0.03592814371257485,0.013289036544850499,12,False,False,False,False
final_all_training,0.9882947187344249,0.3953488372093023,0.2988492343398029,1.0,0.019748653500897665,1.0,11,346,0,546,323,334,0.03293413173652695,0.012181616832779624,11,False,False,False,False
final_all_training,0.9886113858263657,0.39424141749723146,0.2968941500014946,1.0,0.017953321364452424,1.0,10,346,0,547,324,334,0.029940119760479042,0.01107419712070875,10,False,False,False,False
final_all_training,0.9886136197822325,0.39313399778516056,0.2949333181351875,1.0,0.01615798922800718,1.0,9,346,0,548,325,334,0.02694610778443114,0.009966777408637873,9,False,False,False,False
final_all_training,0.9886540534492225,0.3920265780730897,0.29296670541170766,1.0,0.01436265709156194,1.0,8,346,0,549,326,334,0.023952095808383235,0.008859357696566999,8,False,False,False,False
final_all_training,0.9888090937059939,0.3909191583610188,0.2909942782745743,1.0,0.012567324955116697,1.0,7,346,0,550,327,334,0.020958083832335328,0.007751937984496124,7,False,False,False,False
final_all_training,0.988848216191924,0.38981173864894797,0.2890160029379445,1.0,0.010771992818671455,1.0,6,346,0,551,328,334,0.017964071856287425,0.006644518272425249,6,False,False,False,False
final_all_training,0.9890453793900049,0.38870431893687707,0.2870318453845362,1.0,0.008976660682226212,1.0,5,346,0,552,329,334,0.014970059880239521,0.005537098560354375,5,False,False,False,False
final_all_training,0.9893825606779922,0.3875968992248062,0.285041771363529,1.0,0.00718132854578097,1.0,4,346,0,553,330,334,0.011976047904191617,0.004429678848283499,4,False,False,False,False
final_all_training,0.9897455349894866,0.3864894795127353,0.283045746388443,1.0,0.005385996409335727,1.0,3,346,0,554,331,334,0.008982035928143712,0.0033222591362126247,3,False,False,False,False
final_all_training,0.9900246266790066,0.3853820598006645,0.2810437357349948,1.0,0.003590664272890485,1.0,2,346,0,555,332,334,0.005988023952095809,0.0022148394241417496,2,False,False,False,False
final_all_training,0.9908924477684288,0.3842746400885936,0.2790357044389303,1.0,0.0017953321364452424,1.0,1,346,0,556,333,334,0.0029940119760479044,0.0011074197120708748,1,False,False,False,False
final_all_training,1.0,0.3831672203765227,0.27702161729383507,0.0,0.0,1.0,0,346,0,557,334,334,0.0,0.0,0,False,False,False,False
