threshold,accuracy,macro_f1,precision,relevant_recall,specificity,tp,tn,fp,fn,medical_fn,medical_n,medical_recall,referral_fraction,referrals,feasible_recall_first,selected_default_0_5,selected_balanced_macro_f1,selected_recall_first
0.0,0.6168327796234773,0.3815068493150685,0.6168327796234773,1.0,0.0,557,0,346,0,0,334,1.0,1.0,903,True,False,False,False
8.728019906811824e-07,0.6168327796234773,0.3815068493150685,0.6168327796234773,1.0,0.0,557,0,346,0,0,334,1.0,1.0,903,True,False,False,False
1.0319556622562231e-06,0.6179401993355482,0.3846501788560717,0.6175166297117517,1.0,0.002890173410404624,557,1,345,0,0,334,1.0,0.9988925802879292,902,True,False,False,False
1.0811368156282697e-06,0.6190476190476191,0.3877773047632562,0.6182019977802442,1.0,0.005780346820809248,557,2,344,0,0,334,1.0,0.9977851605758582,901,True,False,False,False
1.677005570854817e-06,0.6201550387596899,0.3908883701447217,0.6188888888888889,1.0,0.008670520231213872,557,3,343,0,0,334,1.0,0.9966777408637874,900,True,False,False,False
4.681703103415202e-06,0.6212624584717608,0.3939835164835165,0.6195773081201335,1.0,0.011560693641618497,557,4,342,0,0,334,1.0,0.9955703211517165,899,True,False,False,False
4.8536026042711455e-06,0.6223698781838317,0.3970628836608218,0.6202672605790646,1.0,0.014450867052023121,557,5,341,0,0,334,1.0,0.9944629014396457,898,True,False,False,False
5.491494448506273e-06,0.6234772978959026,0.400126609978742,0.620958751393534,1.0,0.017341040462427744,557,6,340,0,0,334,1.0,0.9933554817275747,897,True,False,False,False
6.085445875214646e-06,0.6245847176079734,0.4031748321827069,0.6216517857142857,1.0,0.02023121387283237,557,7,339,0,0,334,1.0,0.9922480620155039,896,True,False,False,False
6.403416136890883e-06,0.6256921373200443,0.40620768548349445,0.6223463687150838,1.0,0.023121387283236993,557,8,338,0,0,334,1.0,0.991140642303433,895,True,False,False,False
6.823598141636467e-06,0.6267995570321152,0.409225303578882,0.6230425055928411,1.0,0.02601156069364162,557,9,337,0,0,334,1.0,0.9900332225913622,894,True,False,False,False
6.963166470086435e-06,0.627906976744186,0.4122278186749322,0.6237402015677491,1.0,0.028901734104046242,557,10,336,0,0,334,1.0,0.9889258028792912,893,True,False,False,False
7.1576782829652075e-06,0.6290143964562569,0.4152153615069216,0.624439461883408,1.0,0.031791907514450865,557,11,335,0,0,334,1.0,0.9878183831672204,892,True,False,False,False
7.345818175963359e-06,0.6301218161683277,0.41818806135991854,0.6251402918069585,1.0,0.03468208092485549,557,12,334,0,0,334,1.0,0.9867109634551495,891,True,False,False,False
7.888826075941324e-06,0.6312292358803987,0.4211460460890171,0.6258426966292134,1.0,0.03757225433526012,557,13,333,0,0,334,1.0,0.9856035437430787,890,True,False,False,False
7.94829520600615e-06,0.6323366555924695,0.4240894421392347,0.6265466816647919,1.0,0.04046242774566474,557,14,332,0,0,334,1.0,0.9844961240310077,889,True,False,False,False
8.730869922146667e-06,0.6334440753045404,0.4270183745650778,0.6272522522522522,1.0,0.04335260115606936,557,15,331,0,0,334,1.0,0.9833887043189369,888,True,False,False,False
9.708587640488986e-06,0.6345514950166113,0.42993296704978495,0.6279594137542277,1.0,0.046242774566473986,557,16,330,0,0,334,1.0,0.982281284606866,887,True,False,False,False
1.0360132364439778e-05,0.6356589147286822,0.43283334192425105,0.628668171557562,1.0,0.049132947976878616,557,17,329,0,0,334,1.0,0.9811738648947951,886,True,False,False,False
1.2262642485438846e-05,0.636766334440753,0.4357196201856396,0.6293785310734463,1.0,0.05202312138728324,557,18,328,0,0,334,1.0,0.9800664451827242,885,True,False,False,False
1.2441193575796206e-05,0.6378737541528239,0.4385919215156902,0.6300904977375565,1.0,0.05491329479768786,557,19,327,0,0,334,1.0,0.9789590254706534,884,True,False,False,False
1.2705022527370602e-05,0.6389811738648948,0.441450364298725,0.6308040770101925,1.0,0.057803468208092484,557,20,326,0,0,334,1.0,0.9778516057585825,883,True,False,False,False
1.324405093328096e-05,0.6400885935769657,0.4442950656393613,0.6315192743764172,1.0,0.06069364161849711,557,21,325,0,0,334,1.0,0.9767441860465116,882,True,False,False,False
1.3322679478733335e-05,0.6411960132890365,0.4471261413799359,0.6322360953461975,1.0,0.06358381502890173,557,22,324,0,0,334,1.0,0.9756367663344407,881,True,False,False,False
1.53016753756674e-05,0.6423034330011074,0.4499437061176457,0.6329545454545454,1.0,0.06647398843930635,557,23,323,0,0,334,1.0,0.9745293466223699,880,True,False,False,False
1.5748537407489493e-05,0.6434108527131783,0.45274787322141086,0.6336746302616609,1.0,0.06936416184971098,557,24,322,0,0,334,1.0,0.973421926910299,879,True,False,False,False
1.757640711730346e-05,0.6445182724252492,0.45553875484846496,0.6343963553530751,1.0,0.07225433526011561,557,25,321,0,0,334,1.0,0.9723145071982281,878,True,False,False,False
1.836296905821655e-05,0.64562569213732,0.45831646196067843,0.6351197263397947,1.0,0.07514450867052024,557,26,320,0,0,334,1.0,0.9712070874861573,877,True,False,False,False
1.8760154489427805e-05,0.646733111849391,0.46108110434061916,0.6358447488584474,1.0,0.07803468208092486,557,27,319,0,0,334,1.0,0.9700996677740864,876,True,False,False,False
1.9066665117861703e-05,0.6478405315614618,0.46383279060735516,0.6365714285714286,1.0,0.08092485549132948,557,28,318,0,0,334,1.0,0.9689922480620154,875,True,False,False,False
1.951049307535868e-05,0.6489479512735327,0.4665716282320056,0.6372997711670481,1.0,0.0838150289017341,557,29,317,0,0,334,1.0,0.9678848283499446,874,True,False,False,False
2.008601040870417e-05,0.6500553709856035,0.46929772355304267,0.6380297823596792,1.0,0.08670520231213873,557,30,316,0,0,334,1.0,0.9667774086378738,873,True,False,False,False
2.1854561055079103e-05,0.6511627906976745,0.47201118179135115,0.6387614678899083,1.0,0.08959537572254335,557,31,315,0,0,334,1.0,0.9656699889258029,872,True,False,False,False
2.2263096980168484e-05,0.6522702104097453,0.47471210706504824,0.6394948335246843,1.0,0.09248554913294797,557,32,314,0,0,334,1.0,0.964562569213732,871,True,False,False,False
2.358298297622241e-05,0.6533776301218162,0.4774006024040693,0.6402298850574712,1.0,0.0953757225433526,557,33,313,0,0,334,1.0,0.9634551495016611,870,True,False,False,False
2.5300250854343176e-05,0.654485049833887,0.4800767697645235,0.6409666283084005,1.0,0.09826589595375723,557,34,312,0,0,334,1.0,0.9623477297895903,869,True,False,False,False
2.561524888733402e-05,0.655592469545958,0.4827407100428236,0.6417050691244239,1.0,0.10115606936416185,557,35,311,0,0,334,1.0,0.9612403100775194,868,True,False,False,False
3.0587721994379535e-05,0.6566998892580288,0.4853925230895935,0.6424452133794695,1.0,0.10404624277456648,557,36,310,0,0,334,1.0,0.9601328903654485,867,True,False,False,False
3.504530468489975e-05,0.6578073089700996,0.4880323077233587,0.6431870669745958,1.0,0.1069364161849711,557,37,309,0,0,334,1.0,0.9590254706533776,866,True,False,False,False
3.529052992234938e-05,0.6589147286821705,0.4906601617440225,0.6439306358381502,1.0,0.10982658959537572,557,38,308,0,0,334,1.0,0.9579180509413068,865,True,False,False,False
3.750141695491038e-05,0.6600221483942414,0.49327618194613265,0.6446759259259259,1.0,0.11271676300578035,557,39,307,0,0,334,1.0,0.9568106312292359,864,True,False,False,False
3.8939539081184193e-05,0.6611295681063123,0.49588046413194187,0.645422943221321,1.0,0.11560693641618497,557,40,306,0,0,334,1.0,0.955703211517165,863,True,False,False,False
4.0144543163478374e-05,0.6622369878183831,0.4984731031242659,0.6461716937354989,1.0,0.11849710982658959,557,41,305,0,0,334,1.0,0.9545957918050941,862,True,False,False,False
4.1553957998985425e-05,0.6633444075304541,0.501054192779143,0.6469221835075494,1.0,0.12138728323699421,557,42,304,0,0,334,1.0,0.9534883720930233,861,True,False,False,False
4.160003300057724e-05,0.6644518272425249,0.5036238259982984,0.6476744186046511,1.0,0.12427745664739884,557,43,303,0,0,334,1.0,0.9523809523809523,860,True,False,False,False
4.338109283708036e-05,0.6655592469545958,0.5061820947414168,0.6484284051222352,1.0,0.12716763005780346,557,44,302,0,0,334,1.0,0.9512735326688815,859,True,False,False,False
4.602256012731232e-05,0.6666666666666666,0.5087290900382276,0.6491841491841492,1.0,0.13005780346820808,557,45,301,0,0,334,1.0,0.9501661129568106,858,True,False,False,False
4.618223465513438e-05,0.6677740863787376,0.5112649020004041,0.6499416569428238,1.0,0.1329479768786127,557,46,300,0,0,334,1.0,0.9490586932447398,857,True,False,False,False
4.639168400899507e-05,0.6688815060908084,0.513789619833282,0.6507009345794392,1.0,0.13583815028901733,557,47,299,0,0,334,1.0,0.9479512735326688,856,True,False,False,False
4.729219654109329e-05,0.6699889258028793,0.5163033318473994,0.6514619883040935,1.0,0.13872832369942195,557,48,298,0,0,334,1.0,0.946843853820598,855,True,False,False,False
5.205457637202926e-05,0.6710963455149501,0.5188061254698615,0.6522248243559718,1.0,0.1416184971098266,557,49,297,0,0,334,1.0,0.9457364341085271,854,True,False,False,False
5.4760606872150674e-05,0.6722037652270211,0.5212980872555341,0.652989449003517,1.0,0.14450867052023122,557,50,296,0,0,334,1.0,0.9446290143964563,853,True,False,False,False
5.498656173585914e-05,0.6733111849390919,0.5237793028980662,0.653755868544601,1.0,0.14739884393063585,557,51,295,0,0,334,1.0,0.9435215946843853,852,True,False,False,False
5.559029887081124e-05,0.6744186046511628,0.5262498572407492,0.654524089306698,1.0,0.15028901734104047,557,52,294,0,0,334,1.0,0.9424141749723145,851,True,False,False,False
6.166724051581696e-05,0.6755260243632336,0.5287098342872105,0.6552941176470588,1.0,0.1531791907514451,557,53,293,0,0,334,1.0,0.9413067552602437,850,True,False,False,False
6.478133582277223e-05,0.6766334440753046,0.5311593172119489,0.6560659599528857,1.0,0.15606936416184972,557,54,292,0,0,334,1.0,0.9401993355481728,849,True,False,False,False
6.589498661924154e-05,0.6777408637873754,0.5335983883707103,0.6568396226415094,1.0,0.15895953757225434,557,55,291,0,0,334,1.0,0.9390919158361019,848,True,False,False,False
6.815242522861809e-05,0.6788482834994463,0.5360271293107114,0.6576151121605667,1.0,0.16184971098265896,557,56,290,0,0,334,1.0,0.937984496124031,847,True,False,False,False
6.883090827614069e-05,0.6799557032115172,0.5384456207807091,0.6583924349881797,1.0,0.16473988439306358,557,57,289,0,0,334,1.0,0.9368770764119602,846,True,False,False,False
7.06536156940274e-05,0.6810631229235881,0.5408539427409217,0.659171597633136,1.0,0.1676300578034682,557,58,288,0,0,334,1.0,0.9357696566998892,845,True,False,False,False
7.07790459273383e-05,0.6821705426356589,0.5432521743728025,0.659952606635071,1.0,0.17052023121387283,557,59,287,0,0,334,1.0,0.9346622369878184,844,True,False,False,False
7.108898716978729e-05,0.6832779623477298,0.5456403940886699,0.66073546856465,1.0,0.17341040462427745,557,60,286,0,0,334,1.0,0.9335548172757475,843,True,False,False,False
7.150098826969042e-05,0.6843853820598007,0.5480186795411957,0.661520190023753,1.0,0.17630057803468208,557,61,285,0,0,334,1.0,0.9324473975636767,842,True,False,False,False
7.506272959290072e-05,0.6854928017718716,0.5503871076327527,0.6623067776456599,1.0,0.1791907514450867,557,62,284,0,0,334,1.0,0.9313399778516057,841,True,False,False,False
7.571304740849882e-05,0.6866002214839424,0.5527457545246275,0.6630952380952381,1.0,0.18208092485549132,557,63,283,0,0,334,1.0,0.9302325581395349,840,True,False,False,False
9.516784484731033e-05,0.6877076411960132,0.5550946956460968,0.66388557806913,1.0,0.18497109826589594,557,64,282,0,0,334,1.0,0.929125138427464,839,True,False,False,False
9.90603948594071e-05,0.6888150609080842,0.5574340057033723,0.6646778042959427,1.0,0.18786127167630057,557,65,281,0,0,334,1.0,0.9280177187153932,838,True,False,False,False
0.00010119080980075523,0.689922480620155,0.559763758688415,0.6654719235364397,1.0,0.1907514450867052,557,66,280,0,0,334,1.0,0.9269102990033222,837,True,False,False,False
0.00010566417768131942,0.6910299003322259,0.5620840278876221,0.666267942583732,1.0,0.1936416184971098,557,67,279,0,0,334,1.0,0.9258028792912514,836,True,False,False,False
0.00010814336565090343,0.6921373200442967,0.5643948858903882,0.667065868263473,1.0,0.19653179190751446,557,68,278,0,0,334,1.0,0.9246954595791805,835,True,False,False,False
0.00010938386549241841,0.6932447397563677,0.5666964045975419,0.6678657074340527,1.0,0.1994219653179191,557,69,277,0,0,334,1.0,0.9235880398671097,834,True,False,False,False
0.0001242206199094653,0.6943521594684385,0.5689886552296624,0.6686674669867947,1.0,0.2023121387283237,557,70,276,0,0,334,1.0,0.9224806201550387,833,True,False,False,False
0.00012735839118249714,0.6954595791805094,0.5712717083352756,0.6694711538461539,1.0,0.20520231213872833,557,71,275,0,0,334,1.0,0.9213732004429679,832,True,False,False,False
0.00013080122880637646,0.6965669988925803,0.5735456337989328,0.6702767749699158,1.0,0.20809248554913296,557,72,274,0,0,334,1.0,0.920265780730897,831,True,False,False,False
0.00013289079652167857,0.6976744186046512,0.575810500849174,0.6710843373493975,1.0,0.21098265895953758,557,73,273,0,0,334,1.0,0.9191583610188261,830,True,False,False,False
0.0001423588109901175,0.698781838316722,0.5780663780663781,0.6718938480096501,1.0,0.2138728323699422,557,74,272,0,0,334,1.0,0.9180509413067552,829,True,False,False,False
0.0001441948115825653,0.6998892580287929,0.5803133333905005,0.6727053140096618,1.0,0.21676300578034682,557,75,271,0,0,334,1.0,0.9169435215946844,828,True,False,False,False
0.0001605110737727955,0.7009966777408638,0.5825514341287017,0.6735187424425635,1.0,0.21965317919075145,557,76,270,0,0,334,1.0,0.9158361018826136,827,True,False,False,False
0.00016219637473113835,0.7021040974529347,0.5847807469628673,0.6743341404358354,1.0,0.22254335260115607,557,77,269,0,0,334,1.0,0.9147286821705426,826,True,False,False,False
0.00017523572023492306,0.7032115171650055,0.5870013379570216,0.6751515151515152,1.0,0.2254335260115607,557,78,268,0,0,334,1.0,0.9136212624584718,825,True,False,False,False
0.00018740908126346767,0.7043189368770764,0.5892132725646377,0.6759708737864077,1.0,0.22832369942196531,557,79,267,0,0,334,1.0,0.9125138427464009,824,True,False,False,False
0.00018762596300803125,0.7054263565891473,0.591416615635844,0.6767922235722965,1.0,0.23121387283236994,557,80,266,0,0,334,1.0,0.9114064230343301,823,True,False,False,False
0.00019290557247586548,0.7065337763012182,0.5936114314245295,0.6776155717761557,1.0,0.23410404624277456,557,81,265,0,0,334,1.0,0.9102990033222591,822,True,False,False,False
0.0001929123973241076,0.7054263565891473,0.5927356455922846,0.6772228989037758,0.9982046678635548,0.23410404624277456,556,81,265,1,0,334,1.0,0.9091915836101883,821,True,False,False,False
0.00020242182654328644,0.7065337763012182,0.5949185164871439,0.6780487804878049,0.9982046678635548,0.23699421965317918,556,82,264,1,0,334,1.0,0.9080841638981174,820,True,False,False,False
0.0002042831911239773,0.707641196013289,0.5970930232558139,0.6788766788766789,0.9982046678635548,0.2398843930635838,556,83,263,1,0,334,1.0,0.9069767441860465,819,True,False,False,False
0.00021965368068777025,0.70874861572536,0.5992592280109681,0.6797066014669927,0.9982046678635548,0.24277456647398843,556,84,262,1,0,334,1.0,0.9058693244739756,818,True,False,False,False
0.00022309088672045618,0.7098560354374308,0.6014171923014718,0.6805385556915544,0.9982046678635548,0.24566473988439305,556,85,261,1,0,334,1.0,0.9047619047619048,817,True,False,False,False
0.0002261754561914131,0.7109634551495017,0.6035669771189335,0.6813725490196079,0.9982046678635548,0.24855491329479767,556,86,260,1,0,334,1.0,0.9036544850498339,816,True,False,False,False
0.00024226633831858635,0.7120708748615725,0.6057086429041663,0.6822085889570552,0.9982046678635548,0.2514450867052023,556,87,259,1,0,334,1.0,0.902547065337763,815,True,False,False,False
0.00025030248798429966,0.7131782945736435,0.6078422495535603,0.683046683046683,0.9982046678635548,0.2543352601156069,556,88,258,1,0,334,1.0,0.9014396456256921,814,True,False,False,False
0.00025392143288627267,0.7142857142857143,0.6099678564253667,0.6838868388683886,0.9982046678635548,0.25722543352601157,556,89,257,1,0,334,1.0,0.9003322259136213,813,True,False,False,False
0.00026073798653669655,0.7153931339977851,0.6120855223458972,0.6847290640394089,0.9982046678635548,0.26011560693641617,556,90,256,1,0,334,1.0,0.8992248062015504,812,True,False,False,False
0.0002701987395994365,0.716500553709856,0.6141953056156373,0.6855733662145499,0.9982046678635548,0.2630057803468208,556,91,255,1,0,334,1.0,0.8981173864894795,811,True,False,False,False
0.00028010306414216757,0.717607973421927,0.6162972640152771,0.6864197530864198,0.9982046678635548,0.2658959537572254,556,92,254,1,0,334,1.0,0.8970099667774086,810,True,False,False,False
0.00028499087784439325,0.7187153931339978,0.6183914548116598,0.6872682323856613,0.9982046678635548,0.26878612716763006,556,93,253,1,0,334,1.0,0.8959025470653378,809,True,False,False,False
0.00029594582156278193,0.7198228128460686,0.6204779347636491,0.6881188118811881,0.9982046678635548,0.27167630057803466,556,94,252,1,0,334,1.0,0.8947951273532669,808,True,False,False,False
0.00030336042982526124,0.7209302325581395,0.6225567601279176,0.6889714993804213,0.9982046678635548,0.2745664739884393,556,95,251,1,0,334,1.0,0.893687707641196,807,True,False,False,False
0.00030680358759127557,0.7220376522702104,0.6246279866646571,0.6898263027295285,0.9982046678635548,0.2774566473988439,556,96,250,1,0,334,1.0,0.8925802879291251,806,True,False,False,False
0.0003175429883413017,0.7231450719822813,0.6266916696432114,0.6906832298136646,0.9982046678635548,0.28034682080924855,556,97,249,1,0,334,1.0,0.8914728682170543,805,True,False,False,False
0.0003191193100064993,0.7242524916943521,0.6287478638476335,0.6915422885572139,0.9982046678635548,0.2832369942196532,556,98,248,1,0,334,1.0,0.8903654485049833,804,True,False,False,False
0.000365567539120093,0.7253599114064231,0.6307966235821683,0.6924034869240349,0.9982046678635548,0.2861271676300578,556,99,247,1,0,334,1.0,0.8892580287929125,803,True,False,False,False
0.00036915173404850066,0.7264673311184939,0.6328380026766622,0.6932668329177057,0.9982046678635548,0.28901734104046245,556,100,246,1,0,334,1.0,0.8881506090808416,802,True,False,False,False
0.00040011131204664707,0.7275747508305648,0.6348720544918999,0.6941323345817728,0.9982046678635548,0.29190751445086704,556,101,245,1,0,334,1.0,0.8870431893687708,801,True,False,False,False
0.00041640453855507076,0.7286821705426356,0.6368988319248703,0.695,0.9982046678635548,0.2947976878612717,556,102,244,1,0,334,1.0,0.8859357696566998,800,True,False,False,False
0.00042247259989380836,0.7297895902547066,0.6389183874139627,0.6958698372966208,0.9982046678635548,0.2976878612716763,556,103,243,1,0,334,1.0,0.884828349944629,799,True,False,False,False
0.0004556839121505618,0.7308970099667774,0.6409307729440931,0.6967418546365914,0.9982046678635548,0.30057803468208094,556,104,242,1,0,334,1.0,0.8837209302325582,798,True,False,False,False
0.00047106502461247146,0.7320044296788483,0.6429360400517641,0.6976160602258469,0.9982046678635548,0.30346820809248554,556,105,241,1,0,334,1.0,0.8826135105204873,797,True,False,False,False
0.000472093524876982,0.7331118493909191,0.6449342398300564,0.6984924623115578,0.9982046678635548,0.3063583815028902,556,106,240,1,0,334,1.0,0.8815060908084164,796,True,False,False,False
0.0004968202556483448,0.7342192691029901,0.6469254229335557,0.6993710691823899,0.9982046678635548,0.3092485549132948,556,107,239,1,0,334,1.0,0.8803986710963455,795,True,False,False,False
0.0005103715229779482,0.7353266888150609,0.6489096395832147,0.7002518891687658,0.9982046678635548,0.31213872832369943,556,108,238,1,0,334,1.0,0.8792912513842747,794,True,False,False,False
0.0005253922427073121,0.7364341085271318,0.6508869395711501,0.7011349306431274,0.9982046678635548,0.315028901734104,556,109,237,1,0,334,1.0,0.8781838316722038,793,True,False,False,False
0.000529746524989605,0.7375415282392026,0.6528573722653785,0.702020202020202,0.9982046678635548,0.3179190751445087,556,110,236,1,0,334,1.0,0.8770764119601329,792,True,False,False,False
0.0005392205202952027,0.7386489479512736,0.6548209866144895,0.7029077117572693,0.9982046678635548,0.3208092485549133,556,111,235,1,0,334,1.0,0.875968992248062,791,True,False,False,False
0.0005405165138654411,0.7397563676633444,0.656777831152258,0.7037974683544304,0.9982046678635548,0.3236994219653179,556,112,234,1,0,334,1.0,0.8748615725359912,790,True,False,False,False
0.0005528763867914677,0.7408637873754153,0.6587279540021965,0.7046894803548795,0.9982046678635548,0.3265895953757225,556,113,233,1,0,334,1.0,0.8737541528239202,789,True,False,False,False
0.0005614412948489189,0.7419712070874862,0.6606714028820488,0.7055837563451777,0.9982046678635548,0.32947976878612717,556,114,232,1,0,334,1.0,0.8726467331118494,788,True,False,False,False
0.00057117739925161,0.743078626799557,0.662608225108225,0.7064803049555273,0.9982046678635548,0.33236994219653176,556,115,231,1,0,334,1.0,0.8715393133997785,787,True,False,False,False
0.0005713753052987158,0.7441860465116279,0.6645384676001794,0.7073791348600509,0.9982046678635548,0.3352601156069364,556,116,230,1,0,334,1.0,0.8704318936877077,786,True,False,False,False
0.000578845152631402,0.7452934662236987,0.666462176884732,0.70828025477707,0.9982046678635548,0.33815028901734107,556,117,229,1,0,334,1.0,0.8693244739756367,785,True,False,False,False
0.0006027257186360657,0.7464008859357697,0.6683793991003344,0.7091836734693877,0.9982046678635548,0.34104046242774566,556,118,228,1,0,334,1.0,0.8682170542635659,784,True,False,False,False
0.0006091034738346934,0.7475083056478405,0.6702901800012812,0.7100893997445722,0.9982046678635548,0.3439306358381503,556,119,227,1,0,334,1.0,0.867109634551495,783,True,False,False,False
0.0006111917900852859,0.7486157253599114,0.672194564961867,0.710997442455243,0.9982046678635548,0.3468208092485549,556,120,226,1,0,334,1.0,0.8660022148394242,782,True,False,False,False
0.0006424090242944658,0.7497231450719822,0.6740925989804913,0.7119078104993598,0.9982046678635548,0.34971098265895956,556,121,225,1,0,334,1.0,0.8648947951273532,781,True,False,False,False
0.0006557888118550181,0.7508305647840532,0.6759843266837093,0.7128205128205128,0.9982046678635548,0.35260115606936415,556,122,224,1,0,334,1.0,0.8637873754152824,780,True,False,False,False
0.0006709781591780484,0.751937984496124,0.6778697923302331,0.7137355584082157,0.9982046678635548,0.3554913294797688,556,123,223,1,0,334,1.0,0.8626799557032115,779,True,False,False,False
0.0006757169030606747,0.7530454042081949,0.6797490398148811,0.7146529562982005,0.9982046678635548,0.3583815028901734,556,124,222,1,0,334,1.0,0.8615725359911407,778,True,False,False,False
0.0006803111173212528,0.7541528239202658,0.6816221126724773,0.7155727155727156,0.9982046678635548,0.36127167630057805,556,125,221,1,0,334,1.0,0.8604651162790697,777,True,False,False,False
0.000713102868758142,0.7552602436323367,0.6834890540817022,0.7164948453608248,0.9982046678635548,0.36416184971098264,556,126,220,1,0,334,1.0,0.8593576965669989,776,True,False,False,False
0.0007480119238607585,0.7563676633444075,0.6853499068688942,0.7174193548387097,0.9982046678635548,0.3670520231213873,556,127,219,1,0,334,1.0,0.858250276854928,775,True,False,False,False
0.0007601716788485646,0.7574750830564784,0.6872047135118036,0.7183462532299741,0.9982046678635548,0.3699421965317919,556,128,218,1,0,334,1.0,0.8571428571428571,774,True,False,False,False
0.0007609410677105188,0.7585825027685493,0.6890535161432993,0.7192755498059509,0.9982046678635548,0.37283236994219654,556,129,217,1,0,334,1.0,0.8560354374307863,773,True,False,False,False
0.0008082310669124126,0.7596899224806202,0.6908963565550302,0.7202072538860104,0.9982046678635548,0.37572254335260113,556,130,216,1,0,334,1.0,0.8549280177187154,772,True,False,False,False
0.0008333061123266816,0.760797342192691,0.6927332762010385,0.7211413748378729,0.9982046678635548,0.3786127167630058,556,131,215,1,0,334,1.0,0.8538205980066446,771,True,False,False,False
0.0008581083384342492,0.7619047619047619,0.69456431620133,0.7220779220779221,0.9982046678635548,0.3815028901734104,556,132,214,1,0,334,1.0,0.8527131782945736,770,True,False,False,False
0.0009009237983264029,0.7630121816168328,0.6963895173453998,0.7230169050715215,0.9982046678635548,0.38439306358381503,556,133,213,1,0,334,1.0,0.8516057585825028,769,True,False,False,False
0.0009923800826072693,0.7641196013289037,0.6982089200957126,0.7239583333333334,0.9982046678635548,0.3872832369942196,556,134,212,1,0,334,1.0,0.8504983388704319,768,True,False,False,False
0.0010335092665627599,0.7652270210409745,0.7000225645911422,0.7249022164276402,0.9982046678635548,0.3901734104046243,556,135,211,1,0,334,1.0,0.8493909191583611,767,True,False,False,False
0.001105772564187646,0.7663344407530454,0.7018304906503665,0.7258485639686684,0.9982046678635548,0.3930635838150289,556,136,210,1,0,334,1.0,0.8482834994462901,766,True,False,False,False
0.0011785883689299226,0.7674418604651163,0.7036327377752216,0.726797385620915,0.9982046678635548,0.3959537572254335,556,137,209,1,0,334,1.0,0.8471760797342193,765,True,False,False,False
0.001245014602318406,0.7663344407530454,0.7026104872129049,0.7264397905759162,0.9964093357271095,0.3959537572254335,555,137,209,2,0,334,1.0,0.8460686600221484,764,True,False,False,False
0.001247770618647337,0.7674418604651163,0.7044051627384961,0.727391874180865,0.9964093357271095,0.3988439306358382,555,138,208,2,0,334,1.0,0.8449612403100775,763,True,False,False,False
0.0012568585807457566,0.7685492801771872,0.7061942576745186,0.7283464566929134,0.9964093357271095,0.40173410404624277,555,139,207,2,0,334,1.0,0.8438538205980066,762,True,False,False,False
0.0013110077707096934,0.769656699889258,0.7079778103932933,0.7293035479632063,0.9964093357271095,0.4046242774566474,555,140,206,2,0,334,1.0,0.8427464008859358,761,True,False,False,False
0.0013139283983036876,0.770764119601329,0.7097558589655799,0.7302631578947368,0.9964093357271095,0.407514450867052,555,141,205,2,0,334,1.0,0.8416389811738649,760,True,False,False,False
0.0013364581391215324,0.7718715393133998,0.7115284411636995,0.7312252964426877,0.9964093357271095,0.41040462427745666,555,142,204,2,0,334,1.0,0.840531561461794,759,True,False,False,False
0.0014239283045753837,0.7729789590254706,0.7132955944646218,0.7321899736147758,0.9964093357271095,0.41329479768786126,555,143,203,2,0,334,1.0,0.8394241417497231,758,True,False,False,False
0.0014284049393609166,0.7740863787375415,0.7150573560530126,0.7331571994715984,0.9964093357271095,0.4161849710982659,555,144,202,2,0,334,1.0,0.8383167220376523,757,True,False,False,False
0.001435538986697793,0.7751937984496124,0.7168137628242462,0.7341269841269841,0.9964093357271095,0.4190751445086705,555,145,201,2,0,334,1.0,0.8372093023255814,756,True,False,False,False
0.001444819150492549,0.7763012181616833,0.7185648513873804,0.7350993377483444,0.9964093357271095,0.42196531791907516,555,146,200,2,0,334,1.0,0.8361018826135105,755,True,False,False,False
0.0016946999821811914,0.7774086378737541,0.7203106580680951,0.7360742705570292,0.9964093357271095,0.42485549132947975,555,147,199,2,0,334,1.0,0.8349944629014396,754,True,False,False,False
0.0017366871470585465,0.778516057585825,0.7220512189115982,0.7370517928286853,0.9964093357271095,0.4277456647398844,555,148,198,2,0,334,1.0,0.8338870431893688,753,True,False,False,False
0.00219065067358315,0.7796234772978959,0.7237865696854926,0.738031914893617,0.9964093357271095,0.430635838150289,555,149,197,2,0,334,1.0,0.832779623477298,752,True,False,False,False
0.002193077467381954,0.7807308970099668,0.7255167458826131,0.7390146471371505,0.9964093357271095,0.43352601156069365,555,150,196,2,0,334,1.0,0.831672203765227,751,True,False,False,False
0.00222932081669569,0.7818383167220376,0.7272417827238256,0.74,0.9964093357271095,0.43641618497109824,555,151,195,2,0,334,1.0,0.8305647840531561,750,True,False,False,False
0.0022343783639371395,0.7829457364341085,0.7289617151607963,0.7409879839786382,0.9964093357271095,0.4393063583815029,555,152,194,2,0,334,1.0,0.8294573643410853,749,True,False,False,False
0.0024287134874612093,0.7840531561461794,0.7306765778787253,0.7419786096256684,0.9964093357271095,0.4421965317919075,555,153,193,2,0,334,1.0,0.8283499446290143,748,True,False,False,False
0.0025121946819126606,0.7851605758582503,0.7323864052990492,0.7429718875502008,0.9964093357271095,0.44508670520231214,555,154,192,2,0,334,1.0,0.8272425249169435,747,True,False,False,False
0.0025205526035279036,0.7862679955703211,0.7340912315821113,0.7439678284182306,0.9964093357271095,0.4479768786127168,555,155,191,2,0,334,1.0,0.8261351052048727,746,True,False,False,False
0.0025331780780106783,0.7873754152823921,0.7357910906298003,0.7449664429530202,0.9964093357271095,0.4508670520231214,555,156,190,2,0,334,1.0,0.8250276854928018,745,True,False,False,False
0.002581247827038169,0.7884828349944629,0.7374860160881576,0.7459677419354839,0.9964093357271095,0.45375722543352603,555,157,189,2,0,334,1.0,0.8239202657807309,744,True,False,False,False
0.0025822301395237446,0.7873754152823921,0.7364305259957433,0.7456258411843876,0.9946140035906643,0.45375722543352603,554,157,189,3,1,334,0.9970059880239521,0.82281284606866,743,True,False,False,False
0.002855256199836731,0.7884828349944629,0.738118990028743,0.7466307277628033,0.9946140035906643,0.45664739884393063,554,158,188,3,1,334,0.9970059880239521,0.8217054263565892,742,True,False,False,False
0.002877115271985531,0.7873754152823921,0.737063683680526,0.7462887989203779,0.992818671454219,0.45664739884393063,553,158,188,4,2,334,0.9940119760479041,0.8205980066445183,741,True,False,False,False
0.0029002674855291843,0.7884828349944629,0.7387457530071664,0.7472972972972973,0.992818671454219,0.4595375722543353,553,159,187,4,2,334,0.9940119760479041,0.8194905869324474,740,True,False,False,False
0.003092073602601886,0.7895902547065338,0.740423021060276,0.7483085250338295,0.992818671454219,0.4624277456647399,553,160,186,4,2,334,0.9940119760479041,0.8183831672203765,739,True,False,False,False
0.0034510199911892414,0.7906976744186046,0.742095520177712,0.7493224932249323,0.992818671454219,0.4653179190751445,553,161,185,4,2,334,0.9940119760479041,0.8172757475083057,738,True,False,False,False
0.0035951072350144386,0.7918050941306756,0.7437632824574961,0.7503392130257802,0.992818671454219,0.4682080924855491,553,162,184,4,2,334,0.9940119760479041,0.8161683277962348,737,True,False,False,False
0.003604830941185355,0.7929125138427464,0.7454263397602022,0.751358695652174,0.992818671454219,0.47109826589595377,553,163,183,4,2,334,0.9940119760479041,0.8150609080841639,736,True,False,False,False
0.003649394027888775,0.7918050941306756,0.7443652046114371,0.7510204081632653,0.9910233393177738,0.47109826589595377,552,163,183,5,2,334,0.9940119760479041,0.813953488372093,735,True,False,False,False
0.003817640943452716,0.7929125138427464,0.746022124792251,0.7520435967302452,0.9910233393177738,0.47398843930635837,552,164,182,5,2,334,0.9940119760479041,0.8128460686600222,734,True,False,False,False
0.004113623406738043,0.7940199335548173,0.7476744186046511,0.7530695770804912,0.9910233393177738,0.476878612716763,552,165,181,5,2,334,0.9940119760479041,0.8117386489479512,733,True,False,False,False
0.004237110260874033,0.7951273532668881,0.7493221170655435,0.7540983606557377,0.9910233393177738,0.4797687861271676,552,166,180,5,2,334,0.9940119760479041,0.8106312292358804,732,True,False,False,False
0.004393508657813072,0.7962347729789591,0.7509652509652509,0.7551299589603283,0.9910233393177738,0.48265895953757226,552,167,179,5,2,334,0.9940119760479041,0.8095238095238095,731,True,False,False,False
0.004397364798933268,0.7973421926910299,0.7526038508697468,0.7561643835616438,0.9910233393177738,0.48554913294797686,552,168,178,5,2,334,0.9940119760479041,0.8084163898117387,730,True,False,False,False
0.0046419561840593815,0.7984496124031008,0.7542379471228615,0.757201646090535,0.9910233393177738,0.4884393063583815,552,169,177,5,2,334,0.9940119760479041,0.8073089700996677,729,True,False,False,False
0.004686255007982254,0.7995570321151716,0.7558675698484656,0.7582417582417582,0.9910233393177738,0.4913294797687861,552,170,176,5,2,334,0.9940119760479041,0.8062015503875969,728,True,False,False,False
0.004739327821880579,0.8006644518272426,0.7574927489526264,0.7592847317744154,0.9910233393177738,0.49421965317919075,552,171,175,5,2,334,0.9940119760479041,0.805094130675526,727,True,False,False,False
0.0047960481606423855,0.8017718715393134,0.759113514125742,0.7603305785123967,0.9910233393177738,0.49710982658959535,552,172,174,5,2,334,0.9940119760479041,0.8039867109634552,726,True,False,False,False
0.0051317415200173855,0.8006644518272426,0.7580414666968358,0.76,0.9892280071813285,0.49710982658959535,551,172,174,6,3,334,0.9910179640718563,0.8028792912513842,725,True,False,False,False
0.005300791002810001,0.8017718715393134,0.7596565183450429,0.761049723756906,0.9892280071813285,0.5,551,173,173,6,3,334,0.9910179640718563,0.8017718715393134,724,True,False,False,False
0.005329173989593983,0.8028792912513842,0.7612672290874525,0.7621023513139695,0.9892280071813285,0.5028901734104047,551,174,172,6,3,334,0.9910179640718563,0.8006644518272426,723,True,False,False,False
0.00535773066803813,0.8039867109634552,0.7628736278490815,0.7631578947368421,0.9892280071813285,0.5057803468208093,551,175,171,6,3,334,0.9910179640718563,0.7995570321151716,722,True,False,False,False
0.00538227241486311,0.8028792912513842,0.7617993313415848,0.7628294036061026,0.9874326750448833,0.5057803468208093,550,175,171,7,3,334,0.9910179640718563,0.7984496124031008,721,True,False,False,False
0.005716592073440552,0.8039867109634552,0.7634001595776965,0.7638888888888888,0.9874326750448833,0.5086705202312138,550,176,170,7,3,334,0.9910179640718563,0.7973421926910299,720,True,False,False,False
0.005816530901938677,0.805094130675526,0.764996746909564,0.7649513212795549,0.9874326750448833,0.5115606936416185,550,177,169,7,3,334,0.9910179640718563,0.7962347729789591,719,True,False,False,False
0.0058969189412891865,0.8062015503875969,0.7665891215243159,0.766016713091922,0.9874326750448833,0.5144508670520231,550,178,168,7,3,334,0.9910179640718563,0.7951273532668881,718,True,False,False,True
0.006385176908224821,0.805094130675526,0.7655126828059159,0.7656903765690377,0.9856373429084381,0.5144508670520231,549,178,168,8,4,334,0.9880239520958084,0.7940199335548173,717,False,False,False,False
0.006413464434444904,0.8062015503875969,0.7670996257971523,0.7667597765363129,0.9856373429084381,0.5173410404624278,549,179,167,8,4,334,0.9880239520958084,0.7929125138427464,716,False,False,False,False
0.006773862522095442,0.8073089700996677,0.7686824252702988,0.7678321678321678,0.9856373429084381,0.5202312138728323,549,180,166,8,4,334,0.9880239520958084,0.7918050941306756,715,False,False,False,False
0.006909538526087999,0.8084163898117387,0.7702611087009272,0.7689075630252101,0.9856373429084381,0.523121387283237,549,181,165,8,4,334,0.9880239520958084,0.7906976744186046,714,False,False,False,False
0.0071119274944067,0.8095238095238095,0.7718357033728993,0.7699859747545582,0.9856373429084381,0.5260115606936416,549,182,164,8,4,334,0.9880239520958084,0.7895902547065338,713,False,False,False,False
0.0071348026394844055,0.8106312292358804,0.7734062363802052,0.7710674157303371,0.9856373429084381,0.5289017341040463,549,183,163,8,4,334,0.9880239520958084,0.7884828349944629,712,False,False,False,False
0.007326310966163874,0.8117386489479512,0.7749727346287805,0.7721518987341772,0.9856373429084381,0.5317919075144508,549,184,162,8,4,334,0.9880239520958084,0.7873754152823921,711,False,False,False,False
0.007326457183808088,0.8128460686600222,0.776535224838303,0.7732394366197183,0.9856373429084381,0.5346820809248555,549,185,161,8,4,334,0.9880239520958084,0.7862679955703211,710,False,False,False,False
0.0073941792361438274,0.813953488372093,0.7780937335439705,0.7743300423131171,0.9856373429084381,0.5375722543352601,549,186,160,8,4,334,0.9880239520958084,0.7851605758582503,709,False,False,False,False
0.007694023661315441,0.8150609080841639,0.779648287098259,0.7754237288135594,0.9856373429084381,0.5404624277456648,549,187,159,8,4,334,0.9880239520958084,0.7840531561461794,708,False,False,False,False
0.008291566744446754,0.8161683277962348,0.781198911672661,0.7765205091937766,0.9856373429084381,0.5433526011560693,549,188,158,8,4,334,0.9880239520958084,0.7829457364341085,707,False,False,False,False
0.008521287702023983,0.8172757475083057,0.782745633259406,0.7776203966005666,0.9856373429084381,0.546242774566474,549,189,157,8,4,334,0.9880239520958084,0.7818383167220376,706,False,False,False,False
0.008865822106599808,0.8183831672203765,0.7842884776731611,0.7787234042553192,0.9856373429084381,0.5491329479768786,549,190,156,8,4,334,0.9880239520958084,0.7807308970099668,705,False,False,False,False
0.009228412061929703,0.8194905869324474,0.7858274705527142,0.7798295454545454,0.9856373429084381,0.5520231213872833,549,191,155,8,4,334,0.9880239520958084,0.7796234772978959,704,False,False,False,False
0.009821134619414806,0.8183831672203765,0.7847374847374847,0.7795163584637269,0.9838420107719928,0.5520231213872833,548,191,155,9,4,334,0.9880239520958084,0.778516057585825,703,False,False,False,False
0.01005313266068697,0.8194905869324474,0.7862715686544992,0.7806267806267806,0.9838420107719928,0.5549132947976878,548,192,154,9,4,334,0.9880239520958084,0.7774086378737541,702,False,False,False,False
0.010337338782846928,0.8205980066445183,0.7878018636928039,0.7817403708987162,0.9838420107719928,0.5578034682080925,548,193,153,9,4,334,0.9880239520958084,0.7763012181616833,701,False,False,False,False
0.010484256781637669,0.8217054263565892,0.7893283948685177,0.7828571428571428,0.9838420107719928,0.5606936416184971,548,194,152,9,4,334,0.9880239520958084,0.7751937984496124,700,False,False,False,False
0.011428402736783028,0.82281284606866,0.7908511870295309,0.7839771101573677,0.9838420107719928,0.5635838150289018,548,195,151,9,4,334,0.9880239520958084,0.7740863787375415,699,False,False,False,False
0.011475090868771076,0.8239202657807309,0.7923702648570872,0.7851002865329513,0.9838420107719928,0.5664739884393064,548,196,150,9,4,334,0.9880239520958084,0.7729789590254706,698,False,False,False,False
0.011573286727070808,0.8250276854928018,0.7938856528673461,0.7862266857962698,0.9838420107719928,0.569364161849711,548,197,149,9,4,334,0.9880239520958084,0.7718715393133998,697,False,False,False,False
0.011622432619333267,0.8261351052048727,0.795397375412933,0.7873563218390804,0.9838420107719928,0.5722543352601156,548,198,148,9,4,334,0.9880239520958084,0.770764119601329,696,False,False,False,False
0.012205798178911209,0.8272425249169435,0.7969054566844673,0.7884892086330936,0.9838420107719928,0.5751445086705202,548,199,147,9,4,334,0.9880239520958084,0.769656699889258,695,False,False,False,False
0.012302640825510025,0.8283499446290143,0.798409920712079,0.7896253602305475,0.9838420107719928,0.5780346820809249,548,200,146,9,4,334,0.9880239520958084,0.7685492801771872,694,False,False,False,False
0.012514136731624603,0.8272425249169435,0.7973122302158273,0.7893217893217893,0.9820466786355476,0.5780346820809249,547,200,146,10,4,334,0.9880239520958084,0.7674418604651163,693,False,False,False,False
0.012605936266481876,0.8283499446290143,0.7988121197137243,0.7904624277456648,0.9820466786355476,0.5809248554913294,547,201,145,10,4,334,0.9880239520958084,0.7663344407530454,692,False,False,False,False
0.012776323594152927,0.8294573643410853,0.8003084505100634,0.7916063675832128,0.9820466786355476,0.5838150289017341,547,202,144,10,4,334,0.9880239520958084,0.7652270210409745,691,False,False,False,False
0.012830040417611599,0.8305647840531561,0.801801246067485,0.7927536231884058,0.9820466786355476,0.5867052023121387,547,203,143,10,4,334,0.9880239520958084,0.7641196013289037,690,False,False,False,False
0.014074626378715038,0.831672203765227,0.8032905296950241,0.7939042089985486,0.9820466786355476,0.5895953757225434,547,204,142,10,4,334,0.9880239520958084,0.7630121816168328,689,False,False,False,False
0.014583887532353401,0.832779623477298,0.804776324549535,0.7950581395348837,0.9820466786355476,0.5924855491329479,547,205,141,10,4,334,0.9880239520958084,0.7619047619047619,688,False,False,False,False
0.015020192600786686,0.8338870431893688,0.8062586536371021,0.7962154294032023,0.9820466786355476,0.5953757225433526,547,206,140,10,4,334,0.9880239520958084,0.760797342192691,687,False,False,False,False
0.015245599672198296,0.8349944629014396,0.8077375398144351,0.7973760932944607,0.9820466786355476,0.5982658959537572,547,207,139,10,4,334,0.9880239520958084,0.7596899224806202,686,False,False,False,False
0.015747690573334694,0.8361018826135105,0.8092130057902491,0.7985401459854015,0.9820466786355476,0.6011560693641619,547,208,138,10,4,334,0.9880239520958084,0.7585825027685493,685,False,False,False,False
0.015798626467585564,0.8349944629014396,0.8081093608494434,0.7982456140350878,0.9802513464991023,0.6011560693641619,546,208,138,11,4,334,0.9880239520958084,0.7574750830564784,684,False,False,False,False
0.015809515491127968,0.8338870431893688,0.8070072951099966,0.7979502196193266,0.9784560143626571,0.6011560693641619,545,208,138,12,4,334,0.9880239520958084,0.7563676633444075,683,False,False,False,False
0.01689961738884449,0.8349944629014396,0.8084775655397124,0.7991202346041055,0.9784560143626571,0.6040462427745664,545,209,137,12,4,334,0.9880239520958084,0.7552602436323367,682,False,False,False,False
0.01692592166364193,0.8361018826135105,0.8099444811030968,0.8002936857562408,0.9784560143626571,0.6069364161849711,545,210,136,12,4,334,0.9880239520958084,0.7541528239202658,681,False,False,False,False
0.017545118927955627,0.8372093023255814,0.8114080638997063,0.8014705882352942,0.9784560143626571,0.6098265895953757,545,211,135,12,4,334,0.9880239520958084,0.7530454042081949,680,False,False,False,False
0.017744317650794983,0.8383167220376523,0.8128683358882643,0.8026509572901326,0.9784560143626571,0.6127167630057804,545,212,134,12,4,334,0.9880239520958084,0.751937984496124,679,False,False,False,False
0.018007926642894745,0.8394241417497231,0.8143253188879513,0.803834808259587,0.9784560143626571,0.615606936416185,545,213,133,12,4,334,0.9880239520958084,0.7508305647840532,678,False,False,False,False
0.018150046467781067,0.840531561461794,0.8157790345796829,0.8050221565731167,0.9784560143626571,0.6184971098265896,545,214,132,12,4,334,0.9880239520958084,0.7497231450719822,677,False,False,False,False
0.01873365044593811,0.8416389811738649,0.8172295045073736,0.8062130177514792,0.9784560143626571,0.6213872832369942,545,215,131,12,4,334,0.9880239520958084,0.7486157253599114,676,False,False,False,False
0.019084250554442406,0.8427464008859358,0.8186767500791892,0.8074074074074075,0.9784560143626571,0.6242774566473989,545,216,130,12,4,334,0.9880239520958084,0.7475083056478405,675,False,False,False,False
0.02072550728917122,0.8438538205980066,0.8201207925687847,0.8086053412462908,0.9784560143626571,0.6271676300578035,545,217,129,12,4,334,0.9880239520958084,0.7464008859357697,674,False,False,False,False
0.021047474816441536,0.8449612403100775,0.8215616531165312,0.8098068350668648,0.9784560143626571,0.630057803468208,545,218,128,12,4,334,0.9880239520958084,0.7452934662236987,673,False,False,False,False
0.02227608859539032,0.8460686600221484,0.8229993527307289,0.8110119047619048,0.9784560143626571,0.6329479768786127,545,219,127,12,4,334,0.9880239520958084,0.7441860465116279,672,False,False,False,False
0.022697096690535545,0.8471760797342193,0.8244339122888089,0.812220566318927,0.9784560143626571,0.6358381502890174,545,220,126,12,4,334,0.9880239520958084,0.743078626799557,671,False,False,False,False
0.02367313764989376,0.8482834994462901,0.8258653525385222,0.8134328358208955,0.9784560143626571,0.638728323699422,545,221,125,12,4,334,0.9880239520958084,0.7419712070874862,670,False,False,False,False
0.02458207868039608,0.8493909191583611,0.8272936940991169,0.8146487294469357,0.9784560143626571,0.6416184971098265,545,222,124,12,4,334,0.9880239520958084,0.7408637873754153,669,False,False,False,False
0.024801388382911682,0.8504983388704319,0.8287189574625031,0.8158682634730539,0.9784560143626571,0.6445086705202312,545,223,123,12,4,334,0.9880239520958084,0.7397563676633444,668,False,False,False,False
0.026453528553247452,0.8493909191583611,0.8276059564719358,0.815592203898051,0.9766606822262118,0.6445086705202312,544,223,123,13,5,334,0.9850299401197605,0.7386489479512736,667,False,False,False,False
0.026457132771611214,0.8504983388704319,0.8290274035811609,0.8168168168168168,0.9766606822262118,0.6473988439306358,544,224,122,13,5,334,0.9850299401197605,0.7375415282392026,666,False,False,False,False
0.026862511411309242,0.8493909191583611,0.8279151626572203,0.8165413533834587,0.9748653500897666,0.6473988439306358,543,224,122,14,5,334,0.9850299401197605,0.7364341085271318,665,False,False,False,False
0.02708575129508972,0.8504983388704319,0.8293328293328294,0.8177710843373494,0.9748653500897666,0.6502890173410405,543,225,121,14,5,334,0.9850299401197605,0.7353266888150609,664,False,False,False,False
0.027182625606656075,0.8516057585825028,0.8307474962233536,0.8190045248868778,0.9748653500897666,0.653179190751445,543,226,120,14,5,334,0.9850299401197605,0.7342192691029901,663,False,False,False,False
0.027273358777165413,0.8504983388704319,0.8296352611197214,0.8187311178247734,0.9730700179533214,0.653179190751445,542,226,120,15,6,334,0.9820359281437125,0.7331118493909191,662,False,False,False,False
0.029202785342931747,0.8516057585825028,0.8310462115880834,0.8199697428139183,0.9730700179533214,0.6560693641618497,542,227,119,15,6,334,0.9820359281437125,0.7320044296788483,661,False,False,False,False
0.029288776218891144,0.8527131782945736,0.8324542105123651,0.8212121212121212,0.9730700179533214,0.6589595375722543,542,228,118,15,6,334,0.9820359281437125,0.7308970099667774,660,False,False,False,False
0.030336182564496994,0.8538205980066446,0.8338592774308653,0.8224582701062215,0.9730700179533214,0.661849710982659,542,229,117,15,6,334,0.9820359281437125,0.7297895902547066,659,False,False,False,False
0.0346091128885746,0.8549280177187154,0.8352614317645338,0.8237082066869301,0.9730700179533214,0.6647398843930635,542,230,116,15,6,334,0.9820359281437125,0.7286821705426356,658,False,False,False,False
0.035236846655607224,0.8560354374307863,0.836660692818024,0.8249619482496194,0.9730700179533214,0.6676300578034682,542,231,115,15,6,334,0.9820359281437125,0.7275747508305648,657,False,False,False,False
0.035908292979002,0.8549280177187154,0.8355463368315981,0.8246951219512195,0.9712746858168761,0.6676300578034682,541,231,115,16,6,334,0.9820359281437125,0.7264673311184939,656,False,False,False,False
0.037086039781570435,0.8538205980066446,0.8344334433443344,0.8244274809160306,0.9694793536804309,0.6676300578034682,540,231,115,17,7,334,0.9790419161676647,0.7253599114064231,655,False,False,False,False
0.03754524141550064,0.8549280177187154,0.835828435420411,0.8256880733944955,0.9694793536804309,0.6705202312138728,540,232,114,17,7,334,0.9790419161676647,0.7242524916943521,654,False,False,False,False
0.0388912670314312,0.8560354374307863,0.8372205890509734,0.8269525267993875,0.9694793536804309,0.6734104046242775,540,233,113,17,7,334,0.9790419161676647,0.7231450719822813,653,False,False,False,False
0.03983533754944801,0.8571428571428571,0.8386099230644537,0.8282208588957055,0.9694793536804309,0.6763005780346821,540,234,112,17,7,334,0.9790419161676647,0.7220376522702104,652,False,False,False,False
0.040100157260894775,0.8560354374307863,0.8374964008062193,0.8279569892473119,0.9676840215439856,0.6763005780346821,539,234,112,18,7,334,0.9790419161676647,0.7209302325581395,651,False,False,False,False
0.04028945416212082,0.8571428571428571,0.8388822575045678,0.8292307692307692,0.9676840215439856,0.6791907514450867,539,235,111,18,7,334,0.9790419161676647,0.7198228128460686,650,False,False,False,False
0.0405217707157135,0.858250276854928,0.8402653399668325,0.8305084745762712,0.9676840215439856,0.6820809248554913,539,236,110,18,7,334,0.9790419161676647,0.7187153931339978,649,False,False,False,False
0.04154573753476143,0.8593576965669989,0.8416456666275434,0.8317901234567902,0.9676840215439856,0.684971098265896,539,237,109,18,7,334,0.9790419161676647,0.717607973421927,648,False,False,False,False
0.04204925522208214,0.8604651162790697,0.8430232558139534,0.8330757341576507,0.9676840215439856,0.6878612716763006,539,238,108,18,7,334,0.9790419161676647,0.716500553709856,647,False,False,False,False
0.04995734617114067,0.8615725359911407,0.8443981257469924,0.8343653250773994,0.9676840215439856,0.6907514450867052,539,239,107,18,7,334,0.9790419161676647,0.7153931339977851,646,False,False,False,False
0.05342031270265579,0.8604651162790697,0.8432827186477284,0.834108527131783,0.9658886894075404,0.6907514450867052,538,239,107,19,7,334,0.9790419161676647,0.7142857142857143,645,False,False,False,False
0.056308403611183167,0.8615725359911407,0.8446542481816117,0.8354037267080745,0.9658886894075404,0.6936416184971098,538,240,106,19,7,334,0.9790419161676647,0.7131782945736435,644,False,False,False,False
0.05662496015429497,0.8604651162790697,0.8435396039603961,0.8351477449455676,0.9640933572710951,0.6936416184971098,537,240,106,20,7,334,0.9790419161676647,0.7120708748615725,643,False,False,False,False
0.05916902795433998,0.8615725359911407,0.8449078240653592,0.8364485981308412,0.9640933572710951,0.6965317919075145,537,241,105,20,7,334,0.9790419161676647,0.7109634551495017,642,False,False,False,False
0.059346556663513184,0.8626799557032115,0.8462733942535805,0.8377535101404057,0.9640933572710951,0.6994219653179191,537,242,104,20,7,334,0.9790419161676647,0.7098560354374308,641,False,False,False,False
0.062210388481616974,0.8637873754152824,0.8476363322098349,0.8390625,0.9640933572710951,0.7023121387283237,537,243,103,20,7,334,0.9790419161676647,0.70874861572536,640,False,False,False,False
0.06848938018083572,0.8648947951273532,0.8489966555183946,0.8403755868544601,0.9640933572710951,0.7052023121387283,537,244,102,20,7,334,0.9790419161676647,0.707641196013289,639,False,False,False,False
0.06919030845165253,0.8637873754152824,0.8478809003691048,0.8401253918495298,0.9622980251346499,0.7052023121387283,536,244,102,21,7,334,0.9790419161676647,0.7065337763012182,638,False,False,False,False
0.06975940614938736,0.8626799557032115,0.8467665123000625,0.8398744113029827,0.9605026929982047,0.7052023121387283,535,244,102,22,7,334,0.9790419161676647,0.7054263565891473,637,False,False,False,False
0.07851439714431763,0.8637873754152824,0.8481230232364159,0.8411949685534591,0.9605026929982047,0.708092485549133,535,245,101,22,7,334,0.9790419161676647,0.7043189368770764,636,False,False,False,False
0.07932344824075699,0.8626799557032115,0.8470093784841397,0.8409448818897638,0.9587073608617595,0.708092485549133,534,245,101,23,7,334,0.9790419161676647,0.7032115171650055,635,False,False,False,False
0.08069165050983429,0.8637873754152824,0.8483627204030226,0.8422712933753943,0.9587073608617595,0.7109826589595376,534,246,100,23,7,334,0.9790419161676647,0.7021040974529347,634,False,False,False,False
0.08294101804494858,0.8648947951273532,0.8497135217723453,0.8436018957345972,0.9587073608617595,0.7138728323699421,534,247,99,23,7,334,0.9790419161676647,0.7009966777408638,633,False,False,False,False
0.08685919642448425,0.8660022148394242,0.8510617996136928,0.8449367088607594,0.9587073608617595,0.7167630057803468,534,248,98,23,7,334,0.9790419161676647,0.6998892580287929,632,False,False,False,False
0.08764124661684036,0.8648947951273532,0.8499476970350757,0.8446909667194928,0.9569120287253142,0.7167630057803468,533,248,98,24,7,334,0.9790419161676647,0.698781838316722,631,False,False,False,False
0.08923594653606415,0.8637873754152824,0.8488349145903453,0.8444444444444444,0.9551166965888689,0.7167630057803468,532,248,98,25,8,334,0.9760479041916168,0.6976744186046512,630,False,False,False,False
0.0935576930642128,0.8626799557032115,0.8477234401349072,0.8441971383147854,0.9533213644524237,0.7167630057803468,531,248,98,26,8,334,0.9760479041916168,0.6965669988925803,629,False,False,False,False
0.1048090010881424,0.8637873754152824,0.849067449397664,0.8455414012738853,0.9533213644524237,0.7196531791907514,531,249,97,26,8,334,0.9760479041916168,0.6954595791805094,628,False,False,False,False
0.10640661418437958,0.8626799557032115,0.8479566785434953,0.8452950558213717,0.9515260323159784,0.7196531791907514,530,249,97,27,8,334,0.9760479041916168,0.6943521594684385,627,False,False,False,False
0.11558505147695541,0.8615725359911407,0.8468471891116662,0.8450479233226837,0.9497307001795332,0.7196531791907514,529,249,97,28,8,334,0.9760479041916168,0.6932447397563677,626,False,False,False,False
0.12048710137605667,0.8604651162790697,0.8457389691526748,0.8448,0.947935368043088,0.7196531791907514,528,249,97,29,8,334,0.9760479041916168,0.6921373200442967,625,False,False,False,False
0.12594686448574066,0.8615725359911407,0.8470787468247248,0.8461538461538461,0.947935368043088,0.7225433526011561,528,250,96,29,8,334,0.9760479041916168,0.6910299003322259,624,False,False,False,False
0.12749674916267395,0.8604651162790697,0.8459711918557427,0.8459069020866774,0.9461400359066428,0.7225433526011561,527,250,96,30,8,334,0.9760479041916168,0.689922480620155,623,False,False,False,False
0.1302192658185959,0.8593576965669989,0.8448648802204447,0.8456591639871383,0.9443447037701975,0.7225433526011561,526,250,96,31,8,334,0.9760479041916168,0.6888150609080842,622,False,False,False,False
0.1336064487695694,0.8604651162790697,0.846201053280417,0.8470209339774557,0.9443447037701975,0.7254335260115607,526,251,95,31,8,334,0.9760479041916168,0.6877076411960132,621,False,False,False,False
0.13453422486782074,0.8593576965669989,0.8450953827534367,0.8467741935483871,0.9425493716337523,0.7254335260115607,525,251,95,32,8,334,0.9760479041916168,0.6866002214839424,620,False,False,False,False
0.13848522305488586,0.8604651162790697,0.8464285714285715,0.8481421647819063,0.9425493716337523,0.7283236994219653,525,252,94,32,8,334,0.9760479041916168,0.6854928017718716,619,False,False,False,False
0.14630578458309174,0.8615725359911407,0.8477593822706275,0.8495145631067961,0.9425493716337523,0.7312138728323699,525,253,93,32,8,334,0.9760479041916168,0.6843853820598007,618,False,False,False,False
0.15042366087436676,0.8604651162790697,0.8466537640437324,0.8492706645056726,0.940754039497307,0.7312138728323699,524,253,93,33,8,334,0.9760479041916168,0.6832779623477298,617,False,False,False,False
0.15080811083316803,0.8615725359911407,0.8479816406265783,0.8506493506493507,0.940754039497307,0.7341040462427746,524,254,92,33,8,334,0.9760479041916168,0.6821705426356589,616,False,False,False,False
0.16257041692733765,0.8626799557032115,0.8493071780019594,0.8520325203252033,0.940754039497307,0.7369942196531792,524,255,91,33,8,334,0.9760479041916168,0.6810631229235881,615,False,False,False,False
0.16273681819438934,0.8637873754152824,0.8506303919525005,0.8534201954397395,0.940754039497307,0.7398843930635838,524,256,90,33,8,334,0.9760479041916168,0.6799557032115172,614,False,False,False,False
0.17121826112270355,0.8648947951273532,0.8519512981777133,0.8548123980424144,0.940754039497307,0.7427745664739884,524,257,89,33,8,334,0.9760479041916168,0.6788482834994463,613,False,False,False,False
0.175301656126976,0.8660022148394242,0.8532699122947198,0.8562091503267973,0.940754039497307,0.7456647398843931,524,258,88,33,8,334,0.9760479041916168,0.6777408637873754,612,False,False,False,False
0.17693625390529633,0.8648947951273532,0.852162687336282,0.855973813420622,0.9389587073608617,0.7456647398843931,523,258,88,34,8,334,0.9760479041916168,0.6766334440753046,611,False,False,False,False
0.18231312930583954,0.8660022148394242,0.8534784830088789,0.8573770491803279,0.9389587073608617,0.7485549132947977,523,259,87,34,8,334,0.9760479041916168,0.6755260243632336,610,False,False,False,False
0.1861361712217331,0.8648947951273532,0.8523718910806175,0.8571428571428571,0.9371633752244165,0.7485549132947977,522,259,87,35,8,334,0.9760479041916168,0.6744186046511628,609,False,False,False,False
0.18904070556163788,0.8637873754152824,0.8512664626756744,0.8569078947368421,0.9353680430879713,0.7485549132947977,521,259,87,36,8,334,0.9760479041916168,0.6733111849390919,608,False,False,False,False
0.19470655918121338,0.8626799557032115,0.8501621864662621,0.85667215815486,0.933572710951526,0.7485549132947977,520,259,87,37,8,334,0.9760479041916168,0.6722037652270211,607,False,False,False,False
0.1958378255367279,0.8637873754152824,0.8514741063560347,0.858085808580858,0.933572710951526,0.7514450867052023,520,260,86,37,8,334,0.9760479041916168,0.6710963455149501,606,False,False,False,False
0.1983119398355484,0.8648947951273532,0.8527838060315798,0.859504132231405,0.933572710951526,0.7543352601156069,520,261,85,37,8,334,0.9760479041916168,0.6699889258028793,605,False,False,False,False
0.2072407603263855,0.8660022148394242,0.8540913006029285,0.8609271523178808,0.933572710951526,0.7572254335260116,520,262,84,37,8,334,0.9760479041916168,0.6688815060908084,604,False,False,False,False
0.20825067162513733,0.8648947951273532,0.852986548521405,0.8606965174129353,0.9317773788150808,0.7572254335260116,519,262,84,38,8,334,0.9760479041916168,0.6677740863787376,603,False,False,False,False
0.22067463397979736,0.8660022148394242,0.8542913266646486,0.8621262458471761,0.9317773788150808,0.7601156069364162,519,263,83,38,8,334,0.9760479041916168,0.6666666666666666,602,False,False,False,False
0.22107206284999847,0.8648947951273532,0.853187168169897,0.8618968386023295,0.9299820466786356,0.7601156069364162,518,263,83,39,9,334,0.9730538922155688,0.6655592469545958,601,False,False,False,False
0.2215028703212738,0.8637873754152824,0.8520841185095613,0.8616666666666667,0.9281867145421903,0.7601156069364162,517,263,83,40,9,334,0.9730538922155688,0.6644518272425249,600,False,False,False,False
0.22286295890808105,0.8626799557032115,0.850982166622305,0.8614357262103506,0.926391382405745,0.7601156069364162,516,263,83,41,9,334,0.9730538922155688,0.6633444075304541,599,False,False,False,False
0.22994846105575562,0.8615725359911407,0.8498813014942047,0.8612040133779264,0.9245960502692998,0.7601156069364162,515,263,83,42,9,334,0.9730538922155688,0.6622369878183831,598,False,False,False,False
0.23066893219947815,0.8604651162790697,0.8487815121582971,0.8609715242881072,0.9228007181328546,0.7601156069364162,514,263,83,43,9,334,0.9730538922155688,0.6611295681063123,597,False,False,False,False
0.23886853456497192,0.8593576965669989,0.8476827876941304,0.860738255033557,0.9210053859964094,0.7601156069364162,513,263,83,44,10,334,0.9700598802395209,0.6600221483942414,596,False,False,False,False
0.2628413736820221,0.858250276854928,0.8465851172273191,0.8605042016806723,0.9192100538599641,0.7601156069364162,512,263,83,45,10,334,0.9700598802395209,0.6589147286821705,595,False,False,False,False
0.2668350040912628,0.8593576965669989,0.8478840172170233,0.8619528619528619,0.9192100538599641,0.7630057803468208,512,264,82,45,10,334,0.9700598802395209,0.6578073089700996,594,False,False,False,False
0.27379724383354187,0.8604651162790697,0.8491808059384942,0.863406408094435,0.9192100538599641,0.7658959537572254,512,265,81,45,10,334,0.9700598802395209,0.6566998892580288,593,False,False,False,False
0.2883663773536682,0.8615725359911407,0.8504754978520135,0.8648648648648649,0.9192100538599641,0.7687861271676301,512,266,80,45,10,334,0.9700598802395209,0.655592469545958,592,False,False,False,False
0.29402703046798706,0.8626799557032115,0.8517681073467269,0.8663282571912013,0.9192100538599641,0.7716763005780347,512,267,79,45,10,334,0.9700598802395209,0.654485049833887,591,False,False,False,False
0.2951565682888031,0.8637873754152824,0.8530586487412568,0.8677966101694915,0.9192100538599641,0.7745664739884393,512,268,78,45,10,334,0.9700598802395209,0.6533776301218162,590,False,False,False,False
0.30466341972351074,0.8626799557032115,0.8519593844201174,0.8675721561969439,0.9174147217235189,0.7745664739884393,511,268,78,46,10,334,0.9700598802395209,0.6522702104097453,589,False,False,False,False
0.32451075315475464,0.8615725359911407,0.850861140656277,0.8673469387755102,0.9156193895870736,0.7745664739884393,510,268,78,47,10,334,0.9700598802395209,0.6511627906976745,588,False,False,False,False
0.32735568284988403,0.8626799557032115,0.8521486066803288,0.868824531516184,0.9156193895870736,0.7774566473988439,510,269,77,47,10,334,0.9700598802395209,0.6500553709856035,587,False,False,False,False
0.3447312116622925,0.8637873754152824,0.8534340447263097,0.8703071672354948,0.9156193895870736,0.7803468208092486,510,270,76,47,10,334,0.9700598802395209,0.6489479512735327,586,False,False,False,False
0.3503967225551605,0.8626799557032115,0.8523357879855675,0.8700854700854701,0.9138240574506283,0.7803468208092486,509,270,76,48,10,334,0.9700598802395209,0.6478405315614618,585,False,False,False,False
0.36438438296318054,0.8615725359911407,0.8512385257622583,0.8698630136986302,0.9120287253141831,0.7803468208092486,508,270,76,49,11,334,0.9670658682634731,0.646733111849391,584,False,False,False,False
0.37767183780670166,0.8626799557032115,0.8525209419946262,0.8713550600343053,0.9120287253141831,0.7832369942196532,508,271,75,49,11,334,0.9670658682634731,0.64562569213732,583,False,False,False,False
0.3865309953689575,0.8637873754152824,0.8538013697277788,0.872852233676976,0.9120287253141831,0.7861271676300579,508,272,74,49,11,334,0.9670658682634731,0.6445182724252492,582,False,False,False,False
0.41282355785369873,0.8626799557032115,0.8527040821695799,0.8726333907056799,0.9102333931777379,0.7861271676300579,507,272,74,50,12,334,0.9640718562874252,0.6434108527131783,581,False,False,False,False
0.4167247712612152,0.8637873754152824,0.8539820391163908,0.8741379310344828,0.9102333931777379,0.7890173410404624,507,273,73,50,12,334,0.9640718562874252,0.6423034330011074,580,False,False,False,False
0.4230268895626068,0.8626799557032115,0.8528852217784317,0.8739205526770294,0.9084380610412927,0.7890173410404624,506,273,73,51,13,334,0.9610778443113772,0.6411960132890365,579,False,False,False,False
0.42797526717185974,0.8637873754152824,0.8541607305816159,0.8754325259515571,0.9084380610412927,0.791907514450867,506,274,72,51,13,334,0.9610778443113772,0.6400885935769657,578,False,False,False,False
0.4453793168067932,0.8626799557032115,0.8530643738977073,0.8752166377816292,0.9066427289048474,0.791907514450867,505,274,72,52,13,334,0.9610778443113772,0.6389811738648948,577,False,False,False,False
0.44766589999198914,0.8637873754152824,0.8543374570005076,0.8767361111111112,0.9066427289048474,0.7947976878612717,505,275,71,52,13,334,0.9610778443113772,0.6378737541528239,576,False,False,False,False
0.4677637815475464,0.8626799557032115,0.8532415514150004,0.8765217391304347,0.9048473967684022,0.7947976878612717,504,275,71,53,13,334,0.9610778443113772,0.636766334440753,575,False,False,False,False
0.469034880399704,0.8637873754152824,0.8545122310639552,0.8780487804878049,0.9048473967684022,0.7976878612716763,504,276,70,53,13,334,0.9610778443113772,0.6356589147286822,574,False,False,False,False
0.47497427463531494,0.8626799557032115,0.853416767031471,0.8778359511343804,0.9030520646319569,0.7976878612716763,503,276,70,54,13,334,0.9610778443113772,0.6345514950166113,573,False,False,False,False
0.49045461416244507,0.8615725359911407,0.8523222208121329,0.8776223776223776,0.9012567324955116,0.7976878612716763,502,276,70,55,13,334,0.9610778443113772,0.6334440753045404,572,False,False,False,False
0.4964486360549927,0.8604651162790697,0.851228582187912,0.8774080560420315,0.8994614003590664,0.7976878612716763,501,276,70,56,13,334,0.9610778443113772,0.6323366555924695,571,False,False,False,False
0.4984031915664673,0.8615725359911407,0.852495906475544,0.8789473684210526,0.8994614003590664,0.8005780346820809,501,277,69,56,13,334,0.9610778443113772,0.6312292358803987,570,False,False,False,False
0.5,0.8626799557032115,0.8537613624490649,0.8804920913884007,0.8994614003590664,0.8034682080924855,501,278,68,56,13,334,0.9610778443113772,0.6301218161683277,569,False,True,False,False
0.5065523386001587,0.8626799557032115,0.8537613624490649,0.8804920913884007,0.8994614003590664,0.8034682080924855,501,278,68,56,13,334,0.9610778443113772,0.6301218161683277,569,False,False,False,False
0.5234536528587341,0.8637873754152824,0.8550249632892806,0.8820422535211268,0.8994614003590664,0.8063583815028902,501,279,67,56,13,334,0.9610778443113772,0.6290143964562569,568,False,False,False,False
0.5259809494018555,0.8626799557032115,0.8539307667421547,0.8818342151675485,0.8976660682226212,0.8063583815028902,500,279,67,57,14,334,0.9580838323353293,0.627906976744186,567,False,False,False,False
0.5331867933273315,0.8615725359911407,0.8528374504080134,0.8816254416961131,0.895870736086176,0.8063583815028902,499,279,67,58,14,334,0.9580838323353293,0.6267995570321152,566,False,False,False,False
0.5356383323669434,0.8626799557032115,0.8540982581230259,0.8831858407079646,0.895870736086176,0.8092485549132948,499,280,66,58,14,334,0.9580838323353293,0.6256921373200443,565,False,False,False,False
0.5447281002998352,0.8637873754152824,0.8553572475045091,0.8847517730496454,0.895870736086176,0.8121387283236994,499,281,65,58,14,334,0.9580838323353293,0.6245847176079734,564,False,False,False,False
0.5537212491035461,0.8626799557032115,0.8542638483965015,0.8845470692717584,0.8940754039497307,0.8121387283236994,498,281,65,59,15,334,0.9550898203592815,0.6234772978959026,563,False,False,False,False
0.5540391206741333,0.8637873754152824,0.85552056382219,0.8861209964412812,0.8940754039497307,0.815028901734104,498,282,64,59,15,334,0.9550898203592815,0.6223698781838317,562,False,False,False,False
0.5567669868469238,0.8626799557032115,0.8544275491949911,0.8859180035650623,0.8922800718132855,0.815028901734104,497,282,64,60,16,334,0.9520958083832335,0.6212624584717608,561,False,False,False,False
0.5638643503189087,0.8615725359911407,0.8533353776508452,0.8857142857142857,0.8904847396768402,0.815028901734104,496,282,64,61,16,334,0.9520958083832335,0.6201550387596899,560,False,False,False,False
0.5746171474456787,0.8626799557032115,0.8545893719806763,0.8872987477638641,0.8904847396768402,0.8179190751445087,496,283,63,61,16,334,0.9520958083832335,0.6190476190476191,559,False,False,False,False
0.5814831852912903,0.8637873754152824,0.8558416021493513,0.8888888888888888,0.8904847396768402,0.8208092485549133,496,284,62,61,16,334,0.9520958083832335,0.6179401993355482,558,False,False,False,False
0.5977048873901367,0.8626799557032115,0.8547493280476541,0.8886894075403949,0.8886894075403949,0.8208092485549133,495,284,62,62,17,334,0.9491017964071856,0.6168327796234773,557,False,False,False,False
0.6069929003715515,0.8615725359911407,0.8536578725257971,0.8884892086330936,0.8868940754039497,0.8208092485549133,494,284,62,63,18,334,0.9461077844311377,0.6157253599114064,556,False,False,False,False
0.616524338722229,0.8626799557032115,0.8549074285240396,0.8900900900900901,0.8868940754039497,0.8236994219653179,494,285,61,63,18,334,0.9461077844311377,0.6146179401993356,555,False,False,False,False
0.6184753179550171,0.8637873754152824,0.8561552558133512,0.8916967509025271,0.8868940754039497,0.8265895953757225,494,286,60,63,18,334,0.9461077844311377,0.6135105204872646,554,False,False,False,False
0.6217690110206604,0.8626799557032115,0.8550636843740292,0.891500904159132,0.8850987432675045,0.8265895953757225,493,286,60,64,18,334,0.9461077844311377,0.6124031007751938,553,False,False,False,False
0.6246355175971985,0.8615725359911407,0.8539729072037445,0.8913043478260869,0.8833034111310593,0.8265895953757225,492,286,60,65,18,334,0.9461077844311377,0.6112956810631229,552,False,False,False,False
0.6478968858718872,0.8604651162790697,0.8528829145676663,0.8911070780399274,0.881508078994614,0.8265895953757225,491,286,60,66,19,334,0.9431137724550899,0.6101882613510521,551,False,False,False,False
0.657634973526001,0.8593576965669989,0.8517936967638632,0.8909090909090909,0.8797127468581688,0.8265895953757225,490,286,60,67,20,334,0.9401197604790419,0.6090808416389811,550,False,False,False,False
0.6584794521331787,0.8604651162790697,0.8530379746835443,0.8925318761384335,0.8797127468581688,0.8294797687861272,490,287,59,67,20,334,0.9401197604790419,0.6079734219269103,549,False,False,False,False
0.6632705330848694,0.8593576965669989,0.8519490579069332,0.8923357664233577,0.8779174147217235,0.8294797687861272,489,287,59,68,21,334,0.937125748502994,0.6068660022148394,548,False,False,False,False
0.6655913591384888,0.858250276854928,0.8508608943391552,0.8921389396709324,0.8761220825852782,0.8294797687861272,488,287,59,69,22,334,0.9341317365269461,0.6057585825027686,547,False,False,False,False
0.6673522591590881,0.8593576965669989,0.8521025678061513,0.8937728937728938,0.8761220825852782,0.8323699421965318,488,288,58,69,22,334,0.9341317365269461,0.6046511627906976,546,False,False,False,False
0.6723793148994446,0.8604651162790697,0.8533425796073255,0.8954128440366973,0.8761220825852782,0.8352601156069365,488,289,57,69,22,334,0.9341317365269461,0.6035437430786268,545,False,False,False,False
0.6726890206336975,0.8615725359911407,0.8545809418903512,0.8970588235294118,0.8761220825852782,0.838150289017341,488,290,56,69,22,334,0.9341317365269461,0.602436323366556,544,False,False,False,False
0.675380527973175,0.8604651162790697,0.8534921452485191,0.8968692449355433,0.874326750448833,0.838150289017341,487,290,56,70,23,334,0.9311377245508982,0.6013289036544851,543,False,False,False,False
0.6754347085952759,0.8593576965669989,0.8524040757123938,0.8966789667896679,0.8725314183123878,0.838150289017341,486,290,56,71,23,334,0.9311377245508982,0.6002214839424141,542,False,False,False,False
0.6816715002059937,0.8604651162790697,0.8536398999722146,0.8983364140480592,0.8725314183123878,0.8410404624277457,486,291,55,71,23,334,0.9311377245508982,0.5991140642303433,541,False,False,False,False
0.6872915625572205,0.8615725359911407,0.8548741085123809,0.9,0.8725314183123878,0.8439306358381503,486,292,54,71,23,334,0.9311377245508982,0.5980066445182725,540,False,False,False,False
0.6903723478317261,0.8626799557032115,0.8561067132723348,0.9016697588126159,0.8725314183123878,0.846820809248555,486,293,53,71,23,334,0.9311377245508982,0.5968992248062015,539,False,False,False,False
0.6915045976638794,0.8637873754152824,0.8573377261429975,0.9033457249070632,0.8725314183123878,0.8497109826589595,486,294,52,71,23,334,0.9311377245508982,0.5957918050941307,538,False,False,False,False
0.6961778402328491,0.8626799557032115,0.8562485878027237,0.9031657355679702,0.8707360861759426,0.8497109826589595,485,294,52,72,24,334,0.9281437125748503,0.5946843853820598,537,False,False,False,False
0.7043130397796631,0.8637873754152824,0.8574775859126482,0.9048507462686567,0.8707360861759426,0.8526011560693642,485,295,51,72,24,334,0.9281437125748503,0.593576965669989,536,False,False,False,False
0.7055721879005432,0.8626799557032115,0.8563887093298858,0.9046728971962616,0.8689407540394973,0.8526011560693642,484,295,51,73,25,334,0.9251497005988024,0.592469545957918,535,False,False,False,False
0.7105750441551208,0.8637873754152824,0.8576157115112202,0.9063670411985019,0.8689407540394973,0.8554913294797688,484,296,50,73,25,334,0.9251497005988024,0.5913621262458472,534,False,False,True,False
0.718731701374054,0.8626799557032115,0.8565270872840962,0.9061913696060038,0.8671454219030521,0.8554913294797688,483,296,50,74,25,334,0.9251497005988024,0.5902547065337763,533,False,False,False,False
0.7193489670753479,0.8615725359911407,0.8554391384364759,0.9060150375939849,0.8653500897666068,0.8554913294797688,482,296,50,75,25,334,0.9251497005988024,0.5891472868217055,532,False,False,False,False
0.7198705077171326,0.8626799557032115,0.8566637309519909,0.9077212806026366,0.8653500897666068,0.8583815028901735,482,297,49,75,25,334,0.9251497005988024,0.5880398671096345,531,False,False,False,False
0.7229574918746948,0.8615725359911407,0.8555760133989634,0.9075471698113208,0.8635547576301615,0.8583815028901735,481,297,49,76,25,334,0.9251497005988024,0.5869324473975637,530,False,False,False,False
0.7256664633750916,0.8604651162790697,0.854488950276243,0.9073724007561437,0.8617594254937163,0.8583815028901735,480,297,49,77,25,334,0.9251497005988024,0.5858250276854928,529,False,False,False,False
0.726556122303009,0.8593576965669989,0.8534025323251756,0.9071969696969697,0.8599640933572711,0.8583815028901735,479,297,49,78,26,334,0.9221556886227545,0.584717607973422,528,False,False,False,False
0.7300179600715637,0.858250276854928,0.8523167503143176,0.9070208728652751,0.8581687612208259,0.8583815028901735,478,297,49,79,27,334,0.9191616766467066,0.583610188261351,527,False,False,False,False
0.7303187251091003,0.8571428571428571,0.8512315950391375,0.9068441064638784,0.8563734290843806,0.8583815028901735,477,297,49,80,28,334,0.9161676646706587,0.5825027685492802,526,False,False,False,False
0.7315825819969177,0.858250276854928,0.8524524872090766,0.9085714285714286,0.8563734290843806,0.861271676300578,477,298,48,80,28,334,0.9161676646706587,0.5813953488372093,525,False,False,False,False
0.7331889867782593,0.8593576965669989,0.8536718874605251,0.9103053435114504,0.8563734290843806,0.8641618497109826,477,299,47,80,28,334,0.9161676646706587,0.5802879291251384,524,False,False,False,False
0.7419682741165161,0.858250276854928,0.852586470768289,0.9101338432122371,0.8545780969479354,0.8641618497109826,476,299,47,81,29,334,0.9131736526946108,0.5791805094130675,523,False,False,False,False
0.7451127767562866,0.8571428571428571,0.8515016578853771,0.9099616858237548,0.8527827648114902,0.8641618497109826,475,299,47,82,29,334,0.9131736526946108,0.5780730897009967,522,False,False,False,False
0.7454787492752075,0.858250276854928,0.852718709861567,0.9117082533589251,0.8527827648114902,0.8670520231213873,475,300,46,82,29,334,0.9131736526946108,0.5769656699889258,521,False,False,False,False
0.7591326236724854,0.8593576965669989,0.8539343015769303,0.9134615384615384,0.8527827648114902,0.869942196531792,475,301,45,82,29,334,0.9131736526946108,0.5758582502768549,520,False,False,False,False
0.7647410035133362,0.8604651162790697,0.8551484442633803,0.9152215799614644,0.8527827648114902,0.8728323699421965,475,302,44,82,29,334,0.9131736526946108,0.574750830564784,519,False,False,False,False
0.7657793164253235,0.8615725359911407,0.8563611491108072,0.916988416988417,0.8527827648114902,0.8757225433526011,475,303,43,82,29,334,0.9131736526946108,0.5736434108527132,518,False,False,False,False
0.7680836319923401,0.8626799557032115,0.8575724272674543,0.9187620889748549,0.8527827648114902,0.8786127167630058,475,304,42,82,29,334,0.9131736526946108,0.5725359911406424,517,False,False,False,False
0.7701438665390015,0.8615725359911407,0.8564860669108681,0.9186046511627907,0.8509874326750448,0.8786127167630058,474,304,42,83,29,334,0.9131736526946108,0.5714285714285714,516,False,False,False,False
0.7703996896743774,0.8604651162790697,0.8554002806132823,0.9184466019417475,0.8491921005385996,0.8786127167630058,473,304,42,84,29,334,0.9131736526946108,0.5703211517165006,515,False,False,False,False
0.7712519764900208,0.8593576965669989,0.8543150593570761,0.9182879377431906,0.8473967684021544,0.8786127167630058,472,304,42,85,29,334,0.9131736526946108,0.5692137320044297,514,False,False,False,False
0.7785530090332031,0.858250276854928,0.85323039414872,0.9181286549707602,0.8456014362657092,0.8786127167630058,471,304,42,86,30,334,0.9101796407185628,0.5681063122923588,513,False,False,False,False
0.7804381251335144,0.8593576965669989,0.8544385818166587,0.919921875,0.8456014362657092,0.8815028901734104,471,305,41,86,30,334,0.9101796407185628,0.5669988925802879,512,False,False,False,False
0.7865579128265381,0.858250276854928,0.8533540391583692,0.9197651663405088,0.8438061041292639,0.8815028901734104,470,305,41,87,31,334,0.907185628742515,0.5658914728682171,511,False,False,False,False
0.7886483669281006,0.8593576965669989,0.8545604194223811,0.9215686274509803,0.8438061041292639,0.884393063583815,470,306,40,87,31,334,0.907185628742515,0.5647840531561462,510,False,False,False,False
0.7991519570350647,0.858250276854928,0.8534759900613559,0.9214145383104125,0.8420107719928187,0.884393063583815,469,306,40,88,31,334,0.907185628742515,0.5636766334440753,509,False,False,False,False
0.7997302412986755,0.8571428571428571,0.8523920853053544,0.9212598425196851,0.8402154398563735,0.884393063583815,468,306,40,89,32,334,0.9041916167664671,0.5625692137320044,508,False,False,False,False
0.808438777923584,0.8560354374307863,0.8513086962689744,0.9211045364891519,0.8384201077199281,0.884393063583815,467,306,40,90,32,334,0.9041916167664671,0.5614617940199336,507,False,False,False,False
0.810592532157898,0.8549280177187154,0.8502258140892291,0.9209486166007905,0.8366247755834829,0.884393063583815,466,306,40,91,33,334,0.9011976047904192,0.5603543743078627,506,False,False,False,False
0.8125256299972534,0.8560354374307863,0.8514291355324708,0.9227722772277228,0.8366247755834829,0.8872832369942196,466,307,39,91,33,334,0.9011976047904192,0.5592469545957918,505,False,False,False,False
0.8172520995140076,0.8549280177187154,0.8503463239061542,0.9226190476190477,0.8348294434470377,0.8872832369942196,465,307,39,92,33,334,0.9011976047904192,0.5581395348837209,504,False,False,False,False
0.8173996210098267,0.8538205980066446,0.8492639991906521,0.9224652087475149,0.8330341113105925,0.8872832369942196,464,307,39,93,33,334,0.9011976047904192,0.5570321151716501,503,False,False,False,False
0.818416178226471,0.8527131782945736,0.8481821525952725,0.9223107569721115,0.8312387791741472,0.8872832369942196,463,307,39,94,34,334,0.8982035928143712,0.5559246954595792,502,False,False,False,False
0.832242488861084,0.8516057585825028,0.8471007753505251,0.9221556886227545,0.829443447037702,0.8872832369942196,462,307,39,95,35,334,0.8952095808383234,0.5548172757475083,501,False,False,False,False
0.8333062529563904,0.8504983388704319,0.8460198587078577,0.922,0.8276481149012568,0.8872832369942196,461,307,39,96,36,334,0.8922155688622755,0.5537098560354374,500,False,False,False,False
0.8340624570846558,0.8493909191583611,0.8449393939393939,0.9218436873747495,0.8258527827648114,0.8872832369942196,460,307,39,97,37,334,0.8892215568862275,0.5526024363233666,499,False,False,False,False
0.8406800031661987,0.8504983388704319,0.8461387975590209,0.9236947791164659,0.8258527827648114,0.8901734104046243,460,308,38,97,37,334,0.8892215568862275,0.5514950166112956,498,False,False,False,False
0.8453103303909302,0.8493909191583611,0.8450583390528483,0.9235412474849095,0.8240574506283662,0.8901734104046243,459,308,38,98,37,334,0.8892215568862275,0.5503875968992248,497,False,False,False,False
0.8455446362495422,0.8482834994462901,0.8439783127698135,0.9233870967741935,0.822262118491921,0.8901734104046243,458,308,38,99,38,334,0.8862275449101796,0.5492801771871539,496,False,False,False,False
0.850742757320404,0.8471760797342193,0.8428987100483102,0.9232323232323232,0.8204667863554758,0.8901734104046243,457,308,38,100,39,334,0.8832335329341318,0.5481727574750831,495,False,False,False,False
0.8523853421211243,0.8460686600221484,0.8418195222462366,0.9230769230769231,0.8186714542190305,0.8901734104046243,456,308,38,101,40,334,0.8802395209580839,0.5470653377630121,494,False,False,False,False
0.8550086617469788,0.8471760797342193,0.843015873015873,0.9249492900608519,0.8186714542190305,0.8930635838150289,456,309,37,101,40,334,0.8802395209580839,0.5459579180509413,493,False,False,False,False
0.8585190176963806,0.8482834994462901,0.8442109425470317,0.926829268292683,0.8186714542190305,0.8959537572254336,456,310,36,101,40,334,0.8802395209580839,0.5448504983388704,492,False,False,False,False
0.8588139414787292,0.8493909191583611,0.8454047412838124,0.9287169042769857,0.8186714542190305,0.8988439306358381,456,311,35,101,40,334,0.8802395209580839,0.5437430786267996,491,False,False,False,False
0.8624789118766785,0.8504983388704319,0.8465972796357748,0.9306122448979591,0.8186714542190305,0.9017341040462428,456,312,34,101,40,334,0.8802395209580839,0.5426356589147286,490,False,False,False,False
0.8636334538459778,0.8493909191583611,0.8455167555600283,0.9304703476482618,0.8168761220825853,0.9017341040462428,455,312,34,102,40,334,0.8802395209580839,0.5415282392026578,489,False,False,False,False
0.8653231859207153,0.8482834994462901,0.8444366201610825,0.930327868852459,0.8150807899461401,0.9017341040462428,454,312,34,103,40,334,0.8802395209580839,0.540420819490587,488,False,False,False,False
0.8682342171669006,0.8471760797342193,0.8433568648746492,0.9301848049281314,0.8132854578096947,0.9017341040462428,453,312,34,104,41,334,0.8772455089820359,0.5393133997785161,487,False,False,False,False
0.8689644932746887,0.8460686600221484,0.8422774811543976,0.9300411522633745,0.8114901256732495,0.9017341040462428,452,312,34,105,42,334,0.874251497005988,0.5382059800664452,486,False,False,False,False
0.8733730316162109,0.8449612403100775,0.8411984604717067,0.9298969072164949,0.8096947935368043,0.9017341040462428,451,312,34,106,42,334,0.874251497005988,0.5370985603543743,485,False,False,False,False
0.8740355968475342,0.8438538205980066,0.8401197943154206,0.9297520661157025,0.8078994614003591,0.9017341040462428,450,312,34,107,43,334,0.8712574850299402,0.5359911406423035,484,False,False,False,False
0.8754782676696777,0.8449612403100775,0.8413084956818638,0.9316770186335404,0.8078994614003591,0.9046242774566474,450,313,33,107,43,334,0.8712574850299402,0.5348837209302325,483,False,False,False,False
0.8767469525337219,0.8460686600221484,0.8424959813681042,0.9336099585062241,0.8078994614003591,0.9075144508670521,450,314,32,107,43,334,0.8712574850299402,0.5337763012181617,482,False,False,False,False
0.8771645426750183,0.8449612403100775,0.8414167870905588,0.9334719334719335,0.8061041292639138,0.9075144508670521,449,314,32,108,44,334,0.8682634730538922,0.5326688815060908,481,False,False,False,False
0.882421612739563,0.8460686600221484,0.8426026361428196,0.9354166666666667,0.8061041292639138,0.9104046242774566,449,315,31,108,44,334,0.8682634730538922,0.53156146179402,480,False,False,False,False
0.8856583833694458,0.8449612403100775,0.8415233415233416,0.9352818371607515,0.8043087971274686,0.9104046242774566,448,315,31,109,45,334,0.8652694610778443,0.530454042081949,479,False,False,False,False
0.8872581720352173,0.8460686600221484,0.8427075696911597,0.9372384937238494,0.8043087971274686,0.9132947976878613,448,316,30,109,45,334,0.8652694610778443,0.5293466223698782,478,False,False,False,False
0.8881694674491882,0.8449612403100775,0.8416281656828455,0.9371069182389937,0.8025134649910234,0.9132947976878613,447,316,30,110,45,334,0.8652694610778443,0.5282392026578073,477,False,False,False,False
0.8902888894081116,0.8438538205980066,0.8405490733354288,0.9369747899159664,0.800718132854578,0.9132947976878613,446,316,30,111,45,334,0.8652694610778443,0.5271317829457365,476,False,False,False,False
0.8912598490715027,0.8427464008859358,0.8394702842377261,0.9368421052631579,0.7989228007181328,0.9132947976878613,445,316,30,112,45,334,0.8652694610778443,0.5260243632336655,475,False,False,False,False
0.8943410515785217,0.8416389811738649,0.8383917899940552,0.9367088607594937,0.7971274685816876,0.9132947976878613,444,316,30,113,46,334,0.8622754491017964,0.5249169435215947,474,False,False,False,False
0.8962399363517761,0.8427464008859358,0.8395731158042238,0.9386892177589852,0.7971274685816876,0.9161849710982659,444,317,29,113,46,334,0.8622754491017964,0.5238095238095238,473,False,False,False,False
0.8982130885124207,0.8438538205980066,0.8407532897328815,0.940677966101695,0.7971274685816876,0.9190751445086706,444,318,28,113,46,334,0.8622754491017964,0.5227021040974529,472,False,False,False,False
0.8997642993927002,0.8449612403100775,0.8419323217268663,0.9426751592356688,0.7971274685816876,0.9219653179190751,444,319,27,113,46,334,0.8622754491017964,0.521594684385382,471,False,False,False,False
0.9012159109115601,0.8438538205980066,0.8408528148213886,0.9425531914893617,0.7953321364452424,0.9219653179190751,443,319,27,114,47,334,0.8592814371257484,0.5204872646733112,470,False,False,False,False
0.9012413024902344,0.8427464008859358,0.8397735792472634,0.9424307036247335,0.7935368043087971,0.9219653179190751,442,319,27,115,48,334,0.8562874251497006,0.5193798449612403,469,False,False,False,False
0.9015712141990662,0.8438538205980066,0.840950626151588,0.9444444444444444,0.7935368043087971,0.9248554913294798,442,320,26,115,48,334,0.8562874251497006,0.5182724252491694,468,False,False,False,False
0.9023593068122864,0.8449612403100775,0.8421265585038363,0.9464668094218416,0.7935368043087971,0.9277456647398844,442,321,25,115,48,334,0.8562874251497006,0.5171650055370985,467,False,False,False,False
0.9037248492240906,0.8460686600221484,0.8433013861267477,0.9484978540772532,0.7935368043087971,0.930635838150289,442,322,24,115,48,334,0.8562874251497006,0.5160575858250277,466,False,False,False,False
0.9063416719436646,0.8449612403100775,0.8422211350293543,0.9483870967741935,0.7917414721723519,0.930635838150289,441,322,24,116,49,334,0.8532934131736527,0.5149501661129569,465,False,False,False,False
0.9085026979446411,0.8460686600221484,0.8433944490539436,0.9504310344827587,0.7917414721723519,0.9335260115606936,441,323,23,116,49,334,0.8532934131736527,0.5138427464008859,464,False,False,False,False
0.9120746850967407,0.8449612403100775,0.8423140248465799,0.9503239740820735,0.7899461400359067,0.9335260115606936,440,323,23,117,50,334,0.8502994011976048,0.512735326688815,463,False,False,False,False
0.91414475440979,0.8438538205980066,0.8412338378932431,0.9502164502164502,0.7881508078994613,0.9335260115606936,439,323,23,118,50,334,0.8502994011976048,0.5116279069767442,462,False,False,False,False
0.9165847301483154,0.8427464008859358,0.8401538799078516,0.9501084598698482,0.7863554757630161,0.9335260115606936,438,323,23,119,50,334,0.8502994011976048,0.5105204872646734,461,False,False,False,False
0.9168668985366821,0.8416389811738649,0.8390741426173305,0.95,0.7845601436265709,0.9335260115606936,437,323,23,120,51,334,0.8473053892215568,0.5094130675526024,460,False,False,False,False
0.9174795150756836,0.840531561461794,0.8379946177613875,0.9498910675381264,0.7827648114901257,0.9335260115606936,436,323,23,121,52,334,0.844311377245509,0.5083056478405316,459,False,False,False,False
0.91926109790802,0.8394241417497231,0.8369152970922882,0.9497816593886463,0.7809694793536804,0.9335260115606936,435,323,23,122,52,334,0.844311377245509,0.5071982281284607,458,False,False,False,False
0.9240180253982544,0.8383167220376523,0.8358361723746339,0.949671772428884,0.7791741472172352,0.9335260115606936,434,323,23,123,52,334,0.844311377245509,0.5060908084163898,457,False,False,False,False
0.9248319864273071,0.8394241417497231,0.837005436264252,0.9517543859649122,0.7791741472172352,0.9364161849710982,434,324,22,123,52,334,0.844311377245509,0.5049833887043189,456,False,False,False,False
0.9307656288146973,0.8383167220376523,0.8359260660487251,0.9516483516483516,0.77737881508079,0.9364161849710982,433,324,22,124,53,334,0.8413173652694611,0.5038759689922481,455,False,False,False,False
0.9316117763519287,0.8372093023255814,0.8348468730754157,0.9515418502202643,0.7755834829443446,0.9364161849710982,432,324,22,125,53,334,0.8413173652694611,0.5027685492801772,454,False,False,False,False
0.9328862428665161,0.8361018826135105,0.8337678491467237,0.9514348785871964,0.7737881508078994,0.9364161849710982,431,324,22,126,54,334,0.8383233532934131,0.5016611295681063,453,False,False,False,False
0.9347832202911377,0.8349944629014396,0.8326889860763791,0.9513274336283186,0.7719928186714542,0.9364161849710982,430,324,22,127,54,334,0.8383233532934131,0.5005537098560354,452,False,False,False,False
0.9355502128601074,0.8338870431893688,0.831610275689223,0.9512195121951219,0.770197486535009,0.9364161849710982,429,324,22,128,54,334,0.8383233532934131,0.4994462901439646,451,False,False,False,False
0.9355860948562622,0.832779623477298,0.8305317098209903,0.9511111111111111,0.7684021543985637,0.9364161849710982,428,324,22,129,54,334,0.8383233532934131,0.4983388704318937,450,False,False,False,False
0.9368932843208313,0.831672203765227,0.8294532803180914,0.9510022271714922,0.7666068222621185,0.9364161849710982,427,324,22,130,54,334,0.8383233532934131,0.49723145071982283,449,False,False,False,False
0.9369944930076599,0.8305647840531561,0.8283749790373973,0.9508928571428571,0.7648114901256733,0.9364161849710982,426,324,22,131,54,334,0.8383233532934131,0.49612403100775193,448,False,False,False,False
0.9390303492546082,0.8294573643410853,0.8272967978460224,0.9507829977628636,0.7630161579892281,0.9364161849710982,425,324,22,132,54,334,0.8383233532934131,0.4950166112956811,447,False,False,False,False
0.9392896294593811,0.8283499446290143,0.8262187286211105,0.9506726457399103,0.7612208258527827,0.9364161849710982,424,324,22,133,55,334,0.8353293413173652,0.4939091915836102,446,False,False,False,False
0.9398244619369507,0.8272425249169435,0.8251407632496202,0.950561797752809,0.7594254937163375,0.9364161849710982,423,324,22,134,56,334,0.8323353293413174,0.49280177187153934,445,False,False,False,False
0.942744791507721,0.8261351052048727,0.824062893628111,0.9504504504504504,0.7576301615798923,0.9364161849710982,422,324,22,135,57,334,0.8293413173652695,0.49169435215946844,444,False,False,False,False
0.9439900517463684,0.8250276854928018,0.8229851116625311,0.9503386004514672,0.755834829443447,0.9364161849710982,421,324,22,136,58,334,0.8263473053892215,0.49058693244739754,443,False,False,False,False
0.9449920058250427,0.8239202657807309,0.8219074092680041,0.9502262443438914,0.7540394973070018,0.9364161849710982,420,324,22,137,59,334,0.8233532934131736,0.4894795127353267,442,False,False,False,False
0.9451770782470703,0.82281284606866,0.8208297783686185,0.9501133786848073,0.7522441651705566,0.9364161849710982,419,324,22,138,59,334,0.8233532934131736,0.4883720930232558,441,False,False,False,False
0.9459879994392395,0.8239202657807309,0.8219913138674366,0.9522727272727273,0.7522441651705566,0.9393063583815029,419,325,21,138,59,334,0.8233532934131736,0.48726467331118495,440,False,False,False,False
0.9470946788787842,0.82281284606866,0.8209132827606723,0.9521640091116174,0.7504488330341114,0.9393063583815029,418,325,21,139,59,334,0.8233532934131736,0.48615725359911405,439,False,False,False,False
0.9474722743034363,0.8217054263565892,0.8198353047605476,0.952054794520548,0.748653500897666,0.9393063583815029,417,325,21,140,60,334,0.8203592814371258,0.4850498338870432,438,False,False,False,False
0.9482552409172058,0.82281284606866,0.8209949351280095,0.954233409610984,0.748653500897666,0.9421965317919075,417,326,20,140,60,334,0.8203592814371258,0.4839424141749723,437,False,False,False,False
0.950107991695404,0.8217054263565892,0.8199165375339554,0.9541284403669725,0.7468581687612208,0.9421965317919075,416,326,20,141,61,334,0.8173652694610778,0.48283499446290146,436,False,False,False,False
0.9530016183853149,0.82281284606866,0.8210747404295792,0.9563218390804598,0.7468581687612208,0.9450867052023122,416,327,19,141,61,334,0.8173652694610778,0.48172757475083056,435,False,False,False,False
0.9530889987945557,0.8217054263565892,0.8199959141475736,0.956221198156682,0.7450628366247756,0.9450867052023122,415,327,19,142,61,334,0.8173652694610778,0.4806201550387597,434,False,False,False,False
0.9532690048217773,0.82281284606866,0.8211527035056447,0.9584295612009238,0.7450628366247756,0.9479768786127167,415,328,18,142,61,334,0.8173652694610778,0.4795127353266888,433,False,False,False,False
0.9537116289138794,0.8217054263565892,0.8200734394124847,0.9583333333333334,0.7432675044883303,0.9479768786127167,414,328,18,143,61,334,0.8173652694610778,0.47840531561461797,432,False,False,False,False
0.9539815783500671,0.8205980066445183,0.8189941894420083,0.9582366589327146,0.7414721723518851,0.9479768786127167,413,328,18,144,61,334,0.8173652694610778,0.47729789590254706,431,False,False,False,False
0.9556884765625,0.8194905869324474,0.81791494557452,0.958139534883721,0.7396768402154399,0.9479768786127167,412,328,18,145,61,334,0.8173652694610778,0.47619047619047616,430,False,False,False,False
0.9558598399162292,0.8183831672203765,0.8168356997971602,0.958041958041958,0.7378815080789947,0.9479768786127167,411,328,18,146,61,334,0.8173652694610778,0.4750830564784053,429,False,False,False,False
0.9566406607627869,0.8194905869324474,0.8179896993266846,0.9602803738317757,0.7378815080789947,0.9508670520231214,411,329,17,146,61,334,0.8173652694610778,0.4739756367663344,428,False,False,False,False
0.9566878080368042,0.8205980066445183,0.8191427808438668,0.9625292740046838,0.7378815080789947,0.953757225433526,411,330,16,146,61,334,0.8173652694610778,0.4728682170542636,427,False,False,False,False
0.9577165842056274,0.8194905869324474,0.8180625926287594,0.9624413145539906,0.7360861759425493,0.953757225433526,410,330,16,147,61,334,0.8173652694610778,0.4717607973421927,426,False,False,False,False
0.9583368301391602,0.8183831672203765,0.8169823819033872,0.9623529411764706,0.7342908438061041,0.953757225433526,409,330,16,148,62,334,0.8143712574850299,0.4706533776301218,425,False,False,False,False
0.9586986303329468,0.8172757475083057,0.8159021406727829,0.9622641509433962,0.7324955116696589,0.953757225433526,408,330,16,149,62,334,0.8143712574850299,0.4695459579180509,424,False,False,False,False
0.959304690361023,0.8161683277962348,0.8148218609477689,0.9621749408983451,0.7307001795332136,0.953757225433526,407,330,16,150,62,334,0.8143712574850299,0.4684385382059801,423,False,False,False,False
0.9600452780723572,0.8150609080841639,0.8137415347447547,0.9620853080568721,0.7289048473967684,0.953757225433526,406,330,16,151,63,334,0.811377245508982,0.4673311184939092,422,False,False,False,False
0.9602558612823486,0.813953488372093,0.812661154085534,0.9619952494061758,0.7271095152603232,0.953757225433526,405,330,16,152,64,334,0.8083832335329342,0.46622369878183834,421,False,False,False,False
0.9604958891868591,0.8128460686600222,0.8115807109970825,0.9619047619047619,0.725314183123878,0.953757225433526,404,330,16,153,64,334,0.8083832335329342,0.46511627906976744,420,False,False,False,False
0.9607582688331604,0.8117386489479512,0.8105001975113568,0.9618138424821002,0.7235188509874326,0.953757225433526,403,330,16,154,65,334,0.8053892215568862,0.4640088593576966,419,False,False,False,False
0.9609844088554382,0.8128460686600222,0.8116486161251504,0.9641148325358851,0.7235188509874326,0.9566473988439307,403,331,15,154,65,334,0.8053892215568862,0.4629014396456257,418,False,False,False,False
0.9612860679626465,0.8117386489479512,0.8105675446217027,0.9640287769784173,0.7217235188509874,0.9566473988439307,402,331,15,155,65,334,0.8053892215568862,0.46179401993355484,417,False,False,False,False
0.9615163207054138,0.8106312292358804,0.8094863844818503,0.9639423076923077,0.7199281867145422,0.9566473988439307,401,331,15,156,65,334,0.8053892215568862,0.46068660022148394,416,False,False,False,False
0.9618540406227112,0.8095238095238095,0.8084051277496521,0.963855421686747,0.718132854578097,0.9566473988439307,400,331,15,157,66,334,0.8023952095808383,0.45957918050941304,415,False,False,False,False
0.9635950922966003,0.8084163898117387,0.8073237664732327,0.9637681159420289,0.7163375224416517,0.9566473988439307,399,331,15,158,67,334,0.7994011976047904,0.4584717607973422,414,False,False,False,False
0.9656359553337097,0.8073089700996677,0.8062422927045825,0.9636803874092009,0.7145421903052065,0.9566473988439307,398,331,15,159,68,334,0.7964071856287425,0.4573643410852713,413,False,False,False,False
0.9659656286239624,0.8062015503875969,0.8051606984993582,0.9635922330097088,0.7127468581687613,0.9566473988439307,397,331,15,160,69,334,0.7934131736526946,0.45625692137320045,412,False,False,False,False
0.9662206768989563,0.805094130675526,0.8040789759166848,0.9635036496350365,0.7109515260323159,0.9566473988439307,396,331,15,161,70,334,0.7904191616766467,0.45514950166112955,411,False,False,False,False
0.9666275978088379,0.8039867109634552,0.8029971170189557,0.9634146341463414,0.7091561938958707,0.9566473988439307,395,331,15,162,71,334,0.7874251497005988,0.4540420819490587,410,False,False,False,False
0.9669432640075684,0.8028792912513842,0.8019151138716356,0.9633251833740831,0.7073608617594255,0.9566473988439307,394,331,15,163,71,334,0.7874251497005988,0.4529346622369878,409,False,False,False,False
0.9671242237091064,0.8017718715393134,0.8008329585430619,0.9632352941176471,0.7055655296229802,0.9566473988439307,393,331,15,164,71,334,0.7874251497005988,0.45182724252491696,408,False,False,False,False
0.9672998189926147,0.8006644518272426,0.7997506431042469,0.9631449631449631,0.703770197486535,0.9566473988439307,392,331,15,165,72,334,0.7844311377245509,0.45071982281284606,407,False,False,False,False
0.9679072499275208,0.7995570321151716,0.7986681596286811,0.9630541871921182,0.7019748653500898,0.9566473988439307,391,331,15,166,73,334,0.781437125748503,0.4496124031007752,406,False,False,False,False
0.9680637121200562,0.7984496124031008,0.7975855001921353,0.9629629629629629,0.7001795332136446,0.9566473988439307,390,331,15,167,74,334,0.7784431137724551,0.4485049833887043,405,False,False,False,False
0.9687271118164062,0.7973421926910299,0.796502656872464,0.9628712871287128,0.6983842010771992,0.9566473988439307,389,331,15,168,75,334,0.7754491017964071,0.44739756367663347,404,False,False,False,False
0.9689415693283081,0.7962347729789591,0.795419621749409,0.9627791563275434,0.696588868940754,0.9566473988439307,388,331,15,169,76,334,0.7724550898203593,0.44629014396456257,403,False,False,False,False
0.9693324565887451,0.7951273532668881,0.7943363869044029,0.9626865671641791,0.6947935368043088,0.9566473988439307,387,331,15,170,76,334,0.7724550898203593,0.44518272425249167,402,False,False,False,False
0.9693846702575684,0.7940199335548173,0.7932529444203726,0.9625935162094763,0.6929982046678635,0.9566473988439307,386,331,15,171,76,334,0.7724550898203593,0.4440753045404208,401,False,False,False,False
0.9698759317398071,0.7929125138427464,0.7921692863815442,0.9625,0.6912028725314183,0.9566473988439307,385,331,15,172,77,334,0.7694610778443114,0.4429678848283499,400,False,False,False,False
0.969913899898529,0.7918050941306756,0.7910854048732463,0.9624060150375939,0.6894075403949731,0.9566473988439307,384,331,15,173,78,334,0.7664670658682635,0.4418604651162791,399,False,False,False,False
0.9701491594314575,0.7906976744186046,0.7900012919817154,0.9623115577889447,0.6876122082585279,0.9566473988439307,383,331,15,174,79,334,0.7634730538922155,0.4407530454042082,398,False,False,False,False
0.971371054649353,0.7918050941306756,0.7911388667434376,0.964735516372796,0.6876122082585279,0.9595375722543352,383,332,14,174,79,334,0.7634730538922155,0.43964562569213733,397,False,False,False,False
0.9719960689544678,0.7906976744186046,0.7900539912831571,0.9646464646464646,0.6858168761220825,0.9595375722543352,382,332,14,175,80,334,0.7604790419161677,0.43853820598006643,396,False,False,False,False
0.9725438356399536,0.7895902547065338,0.7889688662350186,0.9645569620253165,0.6840215439856373,0.9595375722543352,381,332,14,176,80,334,0.7604790419161677,0.4374307862679956,395,False,False,False,False
0.9729105830192566,0.7884828349944629,0.7878834836829192,0.9644670050761421,0.6822262118491921,0.9595375722543352,380,332,14,177,81,334,0.7574850299401198,0.4363233665559247,394,False,False,False,False
0.9740166068077087,0.7873754152823921,0.7867978357107722,0.9643765903307888,0.6804308797127468,0.9595375722543352,379,332,14,178,82,334,0.7544910179640718,0.43521594684385384,393,False,False,False,False
0.9743538498878479,0.7862679955703211,0.7857119144023126,0.9642857142857143,0.6786355475763016,0.9595375722543352,378,332,14,179,82,334,0.7544910179640718,0.43410852713178294,392,False,False,False,False
0.974470317363739,0.7873754152823921,0.786846065327078,0.9667519181585678,0.6786355475763016,0.9624277456647399,378,333,13,179,82,334,0.7544910179640718,0.4330011074197121,391,False,False,False,False
0.9746907949447632,0.7862679955703211,0.785759330672315,0.9666666666666667,0.6768402154398564,0.9624277456647399,377,333,13,180,82,334,0.7544910179640718,0.4318936877076412,390,False,False,False,False
0.9747387766838074,0.7873754152823921,0.7868921775898521,0.9691516709511568,0.6768402154398564,0.9653179190751445,377,334,12,180,82,334,0.7544910179640718,0.43078626799557035,389,False,False,False,False
0.9749199748039246,0.7862679955703211,0.7858046199509614,0.9690721649484536,0.6750448833034112,0.9653179190751445,376,334,12,181,83,334,0.7514970059880239,0.42967884828349945,388,False,False,False,False
0.975357174873352,0.7873754152823921,0.7869361752330017,0.9715762273901809,0.6750448833034112,0.9682080924855492,376,335,11,181,83,334,0.7514970059880239,0.42857142857142855,387,False,False,False,False
0.9754214882850647,0.7862679955703211,0.7858477849225063,0.9715025906735751,0.6732495511669659,0.9682080924855492,375,335,11,182,83,334,0.7514970059880239,0.4274640088593577,386,False,False,False,False
0.9756339192390442,0.7851605758582503,0.7847590823307384,0.9714285714285714,0.6714542190305206,0.9682080924855492,374,335,11,183,83,334,0.7514970059880239,0.4263565891472868,385,False,False,False,False
0.9758418798446655,0.7840531561461794,0.7836700595234438,0.9713541666666666,0.6696588868940754,0.9682080924855492,373,335,11,184,84,334,0.7485029940119761,0.42524916943521596,384,False,False,False,False
0.9770603179931641,0.7829457364341085,0.7825807085646896,0.9712793733681462,0.6678635547576302,0.9682080924855492,372,335,11,185,84,334,0.7485029940119761,0.42414174972314506,383,False,False,False,False
0.9773002862930298,0.7818383167220376,0.781491021516669,0.9712041884816754,0.6660682226211849,0.9682080924855492,371,335,11,186,85,334,0.7455089820359282,0.4230343300110742,382,False,False,False,False
0.9778213500976562,0.7829457364341085,0.7826191622532499,0.973753280839895,0.6660682226211849,0.9710982658959537,371,336,10,186,85,334,0.7455089820359282,0.4219269102990033,381,False,False,False,False
0.9782218933105469,0.7818383167220376,0.7815285912363847,0.9736842105263158,0.6642728904847397,0.9710982658959537,370,336,10,187,85,334,0.7455089820359282,0.42081949058693247,380,False,False,False,False
0.9786039590835571,0.7807308970099668,0.7804376657824934,0.9736147757255936,0.6624775583482945,0.9710982658959537,369,336,10,188,85,334,0.7455089820359282,0.41971207087486156,379,False,False,False,False
0.979213297367096,0.7818383167220376,0.7815640022839321,0.9761904761904762,0.6624775583482945,0.9739884393063584,369,337,9,188,85,334,0.7455089820359282,0.4186046511627907,378,False,False,False,False
0.9793334603309631,0.7807308970099668,0.7804721725635031,0.9761273209549072,0.6606822262118492,0.9739884393063584,368,337,9,189,86,334,0.7425149700598802,0.4174972314507198,377,False,False,False,False
0.9798744320869446,0.7796234772978959,0.7793799700187475,0.976063829787234,0.6588868940754039,0.9739884393063584,367,337,9,190,86,334,0.7425149700598802,0.416389811738649,376,False,False,False,False
0.9800628423690796,0.778516057585825,0.7782873866884041,0.976,0.6570915619389587,0.9739884393063584,366,337,9,191,87,334,0.7395209580838323,0.4152823920265781,375,False,False,False,False
0.9802036285400391,0.7796234772978959,0.7794113856068743,0.9786096256684492,0.6570915619389587,0.976878612716763,366,338,8,191,87,334,0.7395209580838323,0.4141749723145072,374,False,False,False,False
0.9802871346473694,0.778516057585825,0.7783178671380173,0.9785522788203753,0.6552962298025135,0.976878612716763,365,338,8,192,88,334,0.7365269461077845,0.4130675526024363,373,False,False,False,False
0.9807440638542175,0.7774086378737541,0.7772239494411053,0.978494623655914,0.6535008976660682,0.976878612716763,364,338,8,193,89,334,0.7335329341317365,0.4119601328903654,372,False,False,False,False
0.9809580445289612,0.7763012181616833,0.7761296245385281,0.9784366576819407,0.651705565529623,0.976878612716763,363,338,8,194,90,334,0.7305389221556886,0.4108527131782946,371,False,False,False,False
0.9810491800308228,0.7751937984496124,0.7750348844487153,0.9783783783783784,0.6499102333931778,0.976878612716763,362,338,8,195,91,334,0.7275449101796407,0.4097452934662237,370,False,False,False,False
0.981493353843689,0.7740863787375415,0.7739397211859416,0.978319783197832,0.6481149012567325,0.976878612716763,361,338,8,196,91,334,0.7275449101796407,0.40863787375415284,369,False,False,False,False
0.982225775718689,0.7729789590254706,0.7728441267601314,0.9782608695652174,0.6463195691202872,0.976878612716763,360,338,8,197,91,334,0.7275449101796407,0.40753045404208194,368,False,False,False,False
0.9823986887931824,0.7718715393133998,0.7717480931766647,0.9782016348773842,0.644524236983842,0.976878612716763,359,338,8,198,92,334,0.7245508982035929,0.4064230343300111,367,False,False,False,False
0.9825881719589233,0.770764119601329,0.7706516124361817,0.9781420765027322,0.6427289048473968,0.976878612716763,358,338,8,199,92,334,0.7245508982035929,0.4053156146179402,366,False,False,False,False
0.9829755425453186,0.769656699889258,0.7695546765343881,0.9780821917808219,0.6409335727109515,0.976878612716763,357,338,8,200,92,334,0.7245508982035929,0.40420819490586934,365,False,False,False,False
0.983720064163208,0.7685492801771872,0.7684572774618599,0.978021978021978,0.6391382405745063,0.976878612716763,356,338,8,201,93,334,0.7215568862275449,0.40310077519379844,364,False,False,False,False
0.9837242364883423,0.7674418604651163,0.7673594072038472,0.977961432506887,0.6373429084380611,0.976878612716763,355,338,8,202,94,334,0.718562874251497,0.4019933554817276,363,False,False,False,False
0.9841769933700562,0.7663344407530454,0.7662610577400807,0.9779005524861878,0.6355475763016158,0.976878612716763,354,338,8,203,95,334,0.7155688622754491,0.4008859357696567,362,False,False,False,False
0.984229326248169,0.7652270210409745,0.765162221044574,0.9778393351800554,0.6337522441651705,0.976878612716763,353,338,8,204,96,334,0.7125748502994012,0.3997785160575858,361,False,False,False,False
0.9842801094055176,0.7641196013289037,0.7640628890854292,0.9777777777777777,0.6319569120287253,0.976878612716763,352,338,8,205,97,334,0.7095808383233533,0.39867109634551495,360,False,False,False,False
0.9845063090324402,0.7630121816168328,0.7629630538246406,0.9777158774373259,0.63016157989228,0.976878612716763,351,338,8,206,98,334,0.7065868263473054,0.39756367663344405,359,False,False,False,False
0.9850382208824158,0.7619047619047619,0.7618627072178985,0.9776536312849162,0.6283662477558348,0.976878612716763,350,338,8,207,98,334,0.7065868263473054,0.3964562569213732,358,False,False,False,False
0.9851073622703552,0.760797342192691,0.7607618412143929,0.9775910364145658,0.6265709156193896,0.976878612716763,349,338,8,208,98,334,0.7065868263473054,0.3953488372093023,357,False,False,False,False
0.9853257536888123,0.7596899224806202,0.7596604477566175,0.9775280898876404,0.6247755834829444,0.976878612716763,348,338,8,209,99,334,0.7035928143712575,0.39424141749723146,356,False,False,False,False
0.9857017993927002,0.7585825027685493,0.7585585187801719,0.9774647887323944,0.6229802513464991,0.976878612716763,347,338,8,210,99,334,0.7035928143712575,0.39313399778516056,355,False,False,False,False
0.9858257174491882,0.7574750830564784,0.757456046213566,0.9774011299435028,0.6211849192100538,0.976878612716763,346,338,8,211,100,334,0.7005988023952096,0.3920265780730897,354,False,False,False,False
0.9858617782592773,0.7563676633444075,0.7563530219780219,0.9773371104815864,0.6193895870736086,0.976878612716763,345,338,8,212,100,334,0.7005988023952096,0.3909191583610188,353,False,False,False,False
0.9860073924064636,0.7552602436323367,0.755249437987277,0.9772727272727273,0.6175942549371634,0.976878612716763,344,338,8,213,100,334,0.7005988023952096,0.38981173864894797,352,False,False,False,False
0.9863638281822205,0.7563676633444075,0.7563601934793913,0.98005698005698,0.6175942549371634,0.9797687861271677,344,339,7,213,100,334,0.7005988023952096,0.38870431893687707,351,False,False,False,False
0.9864699244499207,0.7552602436323367,0.7552554412412174,0.98,0.6157989228007181,0.9797687861271677,343,339,7,214,100,334,0.7005988023952096,0.3875968992248062,350,False,False,False,False
0.9864756464958191,0.7541528239202658,0.7541501103752759,0.9799426934097422,0.6140035906642729,0.9797687861271677,342,339,7,215,101,334,0.6976047904191617,0.3864894795127353,349,False,False,False,False
0.9866654276847839,0.7530454042081949,0.7530441927631055,0.9798850574712644,0.6122082585278277,0.9797687861271677,341,339,7,216,102,334,0.6946107784431138,0.3853820598006645,348,False,False,False,False
0.9869875907897949,0.751937984496124,0.7519376802778486,0.9798270893371758,0.6104129263913824,0.9797687861271677,340,339,7,217,102,334,0.6946107784431138,0.3842746400885936,347,False,False,False,False
0.9873880743980408,0.7508305647840532,0.7508305647840532,0.9797687861271677,0.6086175942549371,0.9797687861271677,339,339,7,218,103,334,0.6916167664670658,0.3831672203765227,346,False,False,False,False
0.987694263458252,0.7497231450719822,0.7497228381374723,0.9797101449275363,0.6068222621184919,0.9797687861271677,338,339,7,219,104,334,0.688622754491018,0.38205980066445183,345,False,False,False,False
0.987740695476532,0.7486157253599114,0.7486144921848652,0.9796511627906976,0.6050269299820467,0.9797687861271677,337,339,7,220,104,334,0.688622754491018,0.38095238095238093,344,False,False,False,False
0.9879209995269775,0.7475083056478405,0.7475055187637969,0.9795918367346939,0.6032315978456014,0.9797687861271677,336,339,7,221,105,334,0.6856287425149701,0.3798449612403101,343,False,False,False,False
0.9880109429359436,0.7464008859357697,0.746395909702438,0.97953216374269,0.6014362657091562,0.9797687861271677,335,339,7,222,105,334,0.6856287425149701,0.3787375415282392,342,False,False,False,False
0.9880214929580688,0.7475083056478405,0.7475005641513692,0.9824046920821115,0.6014362657091562,0.9826589595375722,335,340,6,222,105,334,0.6856287425149701,0.37763012181616834,341,False,False,False,False
0.9882100820541382,0.7464008859357697,0.7463896891361377,0.9823529411764705,0.599640933572711,0.9826589595375722,334,340,6,223,106,334,0.6826347305389222,0.37652270210409744,340,False,False,False,False
0.9887651205062866,0.7452934662236987,0.7452781593406593,0.9823008849557522,0.5978456014362658,0.9826589595375722,333,340,6,224,107,334,0.6796407185628742,0.3754152823920266,339,False,False,False,False
0.988869309425354,0.7441860465116279,0.7441659665540354,0.9822485207100592,0.5960502692998204,0.9826589595375722,332,340,6,225,108,334,0.6766467065868264,0.3743078626799557,338,False,False,False,False
0.9890279769897461,0.743078626799557,0.7430531025550453,0.9821958456973294,0.5942549371633752,0.9826589595375722,331,340,6,226,108,334,0.6766467065868264,0.37320044296788485,337,False,False,False,False
0.9890333414077759,0.7441860465116279,0.7441546701925282,0.9851190476190477,0.5942549371633752,0.9855491329479769,331,341,5,226,108,334,0.6766467065868264,0.37209302325581395,336,False,False,False,False
0.9892884492874146,0.743078626799557,0.7430404961191628,0.9850746268656716,0.59245960502693,0.9855491329479769,330,341,5,227,109,334,0.6736526946107785,0.3709856035437431,335,False,False,False,False
0.9893548488616943,0.7419712070874862,0.7419256315431179,0.9850299401197605,0.5906642728904847,0.9855491329479769,329,341,5,228,109,334,0.6736526946107785,0.3698781838316722,334,False,False,False,False
0.9894352555274963,0.743078626799557,0.7430253667631618,0.987987987987988,0.5906642728904847,0.9884393063583815,329,342,4,228,109,334,0.6736526946107785,0.3687707641196013,333,False,False,False,False
0.9895384311676025,0.7419712070874862,0.7419091697507277,0.9879518072289156,0.5888689407540395,0.9884393063583815,328,342,4,229,109,334,0.6736526946107785,0.36766334440753046,332,False,False,False,False
0.9895423650741577,0.7408637873754153,0.7407922628510863,0.9879154078549849,0.5870736086175943,0.9884393063583815,327,342,4,230,110,334,0.6706586826347305,0.36655592469545956,331,False,False,False,False
0.9896882176399231,0.7397563676633444,0.7396746377673884,0.9878787878787879,0.585278276481149,0.9884393063583815,326,342,4,231,111,334,0.6676646706586826,0.3654485049833887,330,False,False,False,False
0.9897664189338684,0.7386489479512736,0.7385562861909902,0.9878419452887538,0.5834829443447038,0.9884393063583815,325,342,4,232,112,334,0.6646706586826348,0.3643410852713178,329,False,False,False,False
0.9898200631141663,0.7375415282392026,0.7374371998012477,0.9878048780487805,0.5816876122082585,0.9884393063583815,324,342,4,233,113,334,0.6616766467065869,0.36323366555924697,328,False,False,False,False
0.9903209805488586,0.7364341085271318,0.7363173702653095,0.9877675840978594,0.5798922800718133,0.9884393063583815,323,342,4,234,114,334,0.6586826347305389,0.36212624584717606,327,False,False,False,False
0.9905688762664795,0.7353266888150609,0.7351967892379103,0.9877300613496932,0.578096947935368,0.9884393063583815,322,342,4,235,114,334,0.6586826347305389,0.3610188261351052,326,False,False,False,False
0.9913128018379211,0.7342192691029901,0.7340754483611627,0.9876923076923076,0.5763016157989228,0.9884393063583815,321,342,4,236,115,334,0.655688622754491,0.3599114064230343,325,False,False,False,False
0.9913211464881897,0.7331118493909191,0.7329533392643495,0.9876543209876543,0.5745062836624776,0.9884393063583815,320,342,4,237,116,334,0.6526946107784432,0.3588039867109635,324,False,False,False,False
0.9914841055870056,0.7320044296788483,0.7318304535637149,0.9876160990712074,0.5727109515260324,0.9884393063583815,319,342,4,238,117,334,0.6497005988023952,0.3576965669988926,323,False,False,False,False
0.9915026426315308,0.7308970099667774,0.7307067828622552,0.9875776397515528,0.5709156193895871,0.9884393063583815,318,342,4,239,118,334,0.6467065868263473,0.35658914728682173,322,False,False,False,False
0.991544246673584,0.7297895902547066,0.729582318749509,0.9875389408099688,0.5691202872531418,0.9884393063583815,317,342,4,240,118,334,0.6467065868263473,0.3554817275747508,321,False,False,False,False
0.9917940497398376,0.7286821705426356,0.7284570528013472,0.9875,0.5673249551166966,0.9884393063583815,316,342,4,241,119,334,0.6437125748502994,0.35437430786268,320,False,False,False,False
0.9919614195823669,0.7275747508305648,0.7273309765797613,0.987460815047022,0.5655296229802513,0.9884393063583815,315,342,4,242,119,334,0.6437125748502994,0.3532668881506091,319,False,False,False,False
0.9920088052749634,0.7264673311184939,0.7262040816326532,0.9874213836477987,0.5637342908438061,0.9884393063583815,314,342,4,243,119,334,0.6437125748502994,0.3521594684385382,318,False,False,False,False
0.992060661315918,0.7253599114064231,0.7250763594936211,0.9873817034700315,0.5619389587073609,0.9884393063583815,313,342,4,244,120,334,0.6407185628742516,0.35105204872646734,317,False,False,False,False
0.9921411275863647,0.7242524916943521,0.7239478016817493,0.9873417721518988,0.5601436265709157,0.9884393063583815,312,342,4,245,121,334,0.6377245508982036,0.34994462901439644,316,False,False,False,False
0.9924938678741455,0.7231450719822813,0.7228183997013928,0.9873015873015873,0.5583482944344704,0.9884393063583815,311,342,4,246,122,334,0.6347305389221557,0.3488372093023256,315,False,False,False,False
0.992512583732605,0.7220376522702104,0.7216881450419642,0.9872611464968153,0.5565529622980251,0.9884393063583815,310,342,4,247,123,334,0.6317365269461078,0.3477297895902547,314,False,False,False,False
0.9925203323364258,0.7231450719822813,0.7227748305334512,0.9904153354632588,0.5565529622980251,0.9913294797687862,310,343,3,247,123,334,0.6317365269461078,0.34662236987818384,313,False,False,False,False
0.9925491809844971,0.7220376522702104,0.7216430274128557,0.9903846153846154,0.5547576301615799,0.9913294797687862,309,343,3,248,124,334,0.6287425149700598,0.34551495016611294,312,False,False,False,False
0.9930707812309265,0.7209302325581395,0.7205103514684641,0.9903536977491961,0.5529622980251346,0.9913294797687862,308,343,3,249,125,334,0.625748502994012,0.3444075304540421,311,False,False,False,False
0.993123471736908,0.7198228128460686,0.7193767941305446,0.9903225806451613,0.5511669658886894,0.9913294797687862,307,343,3,250,126,334,0.6227544910179641,0.3433001107419712,310,False,False,False,False
0.9932467937469482,0.7187153931339978,0.7182423468134245,0.9902912621359223,0.5493716337522442,0.9913294797687862,306,343,3,251,127,334,0.6197604790419161,0.34219269102990035,309,False,False,False,False
0.9934119582176208,0.717607973421927,0.7171070009152727,0.9902597402597403,0.547576301615799,0.9913294797687862,305,343,3,252,127,334,0.6197604790419161,0.34108527131782945,308,False,False,False,False
0.9935494065284729,0.716500553709856,0.7159707478178816,0.990228013029316,0.5457809694793537,0.9913294797687862,304,343,3,253,128,334,0.6167664670658682,0.3399778516057586,307,False,False,False,False
0.9936906099319458,0.7153931339977851,0.7148335788864464,0.9901960784313726,0.5439856373429084,0.9913294797687862,303,343,3,254,129,334,0.6137724550898204,0.3388704318936877,306,False,False,False,False
0.9937043786048889,0.7142857142857143,0.713695485469346,0.9901639344262295,0.5421903052064632,0.9913294797687862,302,343,3,255,129,334,0.6137724550898204,0.3377630121816168,305,False,False,False,False
0.9937494993209839,0.7131782945736435,0.7125564588979223,0.9901315789473685,0.5403949730700179,0.9913294797687862,301,343,3,256,130,334,0.6107784431137725,0.33665559246954596,304,False,False,False,False
0.9937577247619629,0.7120708748615725,0.7114164904862579,0.9900990099009901,0.5385996409335727,0.9913294797687862,300,343,3,257,130,334,0.6107784431137725,0.33554817275747506,303,False,False,False,False
0.9938144683837891,0.7109634551495017,0.7102755715309543,0.9900662251655629,0.5368043087971275,0.9913294797687862,299,343,3,258,131,334,0.6077844311377245,0.3344407530454042,302,False,False,False,False
0.9942662119865417,0.7098560354374308,0.7091336933109085,0.9900332225913622,0.5350089766606823,0.9913294797687862,298,343,3,259,132,334,0.6047904191616766,0.3333333333333333,301,False,False,False,False
0.9942863583564758,0.70874861572536,0.7079908470870893,0.99,0.533213644524237,0.9913294797687862,297,343,3,260,133,334,0.6017964071856288,0.33222591362126247,300,False,False,False,False
0.9943118095397949,0.707641196013289,0.7068470241023118,0.9899665551839465,0.5314183123877917,0.9913294797687862,296,343,3,261,133,334,0.6017964071856288,0.33111849390919157,299,False,False,False,False
0.9946238994598389,0.70874861572536,0.7079233309351192,0.9932885906040269,0.5314183123877917,0.9942196531791907,296,344,2,261,133,334,0.6017964071856288,0.3300110741971207,298,False,False,False,False
0.9947482943534851,0.707641196013289,0.7067777930844469,0.9932659932659933,0.5296229802513465,0.9942196531791907,295,344,2,262,134,334,0.5988023952095808,0.3289036544850498,297,False,False,False,False
0.9948074221611023,0.7065337763012182,0.7056312576192415,0.9932432432432432,0.5278276481149012,0.9942196531791907,294,344,2,263,135,334,0.5958083832335329,0.327796234772979,296,False,False,False,False
0.9948510527610779,0.7054263565891473,0.7044837157114596,0.9932203389830508,0.526032315978456,0.9942196531791907,293,344,2,264,136,334,0.592814371257485,0.3266888150609081,295,False,False,False,False
0.9951044321060181,0.7043189368770764,0.7033351585138519,0.9931972789115646,0.5242369838420108,0.9942196531791907,292,344,2,265,136,334,0.592814371257485,0.32558139534883723,294,False,False,False,False
0.9952713847160339,0.7032115171650055,0.7021855771597342,0.9931740614334471,0.5224416517055656,0.9942196531791907,291,344,2,266,136,334,0.592814371257485,0.32447397563676633,293,False,False,False,False
0.9952840209007263,0.7021040974529347,0.7010349627627561,0.9931506849315068,0.5206463195691203,0.9942196531791907,290,344,2,267,136,334,0.592814371257485,0.3233665559246955,292,False,False,False,False
0.9953065514564514,0.7009966777408638,0.69988330641667,0.993127147766323,0.518850987432675,0.9942196531791907,289,344,2,268,136,334,0.592814371257485,0.3222591362126246,291,False,False,False,False
0.9953665733337402,0.6998892580287929,0.6987305991950983,0.993103448275862,0.5170556552962298,0.9942196531791907,288,344,2,269,137,334,0.5898203592814372,0.3211517165005537,290,False,False,False,False
0.9954656958580017,0.698781838316722,0.6975768321513003,0.9930795847750865,0.5152603231597845,0.9942196531791907,287,344,2,270,138,334,0.5868263473053892,0.32004429678848284,289,False,False,False,False
0.9955816864967346,0.6976744186046512,0.6964219963179381,0.9930555555555556,0.5134649910233393,0.9942196531791907,286,344,2,271,139,334,0.5838323353293413,0.31893687707641194,288,False,False,False,False
0.9955995082855225,0.6965669988925803,0.6952660827068411,0.9930313588850174,0.5116696588868941,0.9942196531791907,285,344,2,272,139,334,0.5838323353293413,0.3178294573643411,287,False,False,False,False
0.9956609606742859,0.6954595791805094,0.6941090823087697,0.993006993006993,0.5098743267504489,0.9942196531791907,284,344,2,273,139,334,0.5838323353293413,0.3167220376522702,286,False,False,False,False
0.99576735496521,0.6943521594684385,0.6929509860931786,0.9929824561403509,0.5080789946140036,0.9942196531791907,283,344,2,274,140,334,0.5808383233532934,0.31561461794019935,285,False,False,False,False
0.9957857728004456,0.6932447397563677,0.6917917850079784,0.9929577464788732,0.5062836624775583,0.9942196531791907,282,344,2,275,140,334,0.5808383233532934,0.31450719822812845,284,False,False,False,False
0.9957994818687439,0.6921373200442967,0.690631469979296,0.9929328621908127,0.5044883303411131,0.9942196531791907,281,344,2,276,141,334,0.5778443113772455,0.3133997785160576,283,False,False,False,False
0.9958219528198242,0.6932447397563677,0.6916960531878572,0.9964539007092199,0.5044883303411131,0.9971098265895953,281,345,1,276,141,334,0.5778443113772455,0.3122923588039867,282,False,False,False,False
0.9959540367126465,0.6921373200442967,0.6905338369593088,0.99644128113879,0.5026929982046678,0.9971098265895953,280,345,1,277,142,334,0.5748502994011976,0.31118493909191586,281,False,False,False,False
0.996056318283081,0.6910299003322259,0.6893704850361198,0.9964285714285714,0.5008976660682226,0.9971098265895953,279,345,1,278,143,334,0.5718562874251497,0.31007751937984496,280,False,False,False,False
0.9960806965827942,0.689922480620155,0.6882059882602476,0.996415770609319,0.4991023339317774,0.9971098265895953,278,345,1,279,143,334,0.5718562874251497,0.3089700996677741,279,False,False,False,False
0.9961802959442139,0.6888150609080842,0.6870403374507421,0.9964028776978417,0.49730700179533216,0.9971098265895953,277,345,1,280,143,334,0.5718562874251497,0.3078626799557032,278,False,False,False,False
0.9962608218193054,0.6877076411960132,0.6858735234034994,0.9963898916967509,0.4955116696588869,0.9971098265895953,276,345,1,281,144,334,0.5688622754491018,0.3067552602436323,277,False,False,False,False
0.9962863922119141,0.6866002214839424,0.6847055368910153,0.9963768115942029,0.49371633752244165,0.9971098265895953,275,345,1,282,144,334,0.5688622754491018,0.30564784053156147,276,False,False,False,False
0.996476948261261,0.6854928017718716,0.6835363686621387,0.9963636363636363,0.4919210053859964,0.9971098265895953,274,345,1,283,145,334,0.5658682634730539,0.30454042081949056,275,False,False,False,False
0.9965362548828125,0.6843853820598007,0.6823660094418218,0.9963503649635036,0.49012567324955114,0.9971098265895953,273,345,1,284,145,334,0.5658682634730539,0.3034330011074197,274,False,False,False,False
0.996636152267456,0.6832779623477298,0.6811944499308711,0.9963369963369964,0.4883303411131059,0.9971098265895953,272,345,1,285,146,334,0.562874251497006,0.3023255813953488,273,False,False,False,False
0.9966838955879211,0.6821705426356589,0.6800216808056962,0.9963235294117647,0.4865350089766607,0.9971098265895953,271,345,1,286,146,334,0.562874251497006,0.301218161683278,272,False,False,False,False
0.9967004656791687,0.6810631229235881,0.6788476927180582,0.996309963099631,0.48473967684021546,0.9971098265895953,270,345,1,287,147,334,0.5598802395209581,0.3001107419712071,271,False,False,False,False
0.9967074394226074,0.6799557032115172,0.677672476294815,0.9962962962962963,0.4829443447037702,0.9971098265895953,269,345,1,288,147,334,0.5598802395209581,0.29900332225913623,270,False,False,False,False
0.9967166781425476,0.6788482834994463,0.6764960221376686,0.9962825278810409,0.48114901256732495,0.9971098265895953,268,345,1,289,148,334,0.5568862275449101,0.2978959025470653,269,False,False,False,False
0.9967303276062012,0.6777408637873754,0.6753183208229079,0.996268656716418,0.4793536804308797,0.9971098265895953,267,345,1,290,148,334,0.5568862275449101,0.2967884828349945,268,False,False,False,False
0.996758759021759,0.6788482834994463,0.6763712850730628,1.0,0.4793536804308797,1.0,267,346,0,290,148,334,0.5568862275449101,0.2956810631229236,267,False,False,False,False
0.9968183040618896,0.6777408637873754,0.675191499723736,1.0,0.47755834829443444,1.0,266,346,0,291,149,334,0.5538922155688623,0.29457364341085274,266,False,False,False,False
0.9968259334564209,0.6766334440753046,0.6740104444840069,1.0,0.4757630161579892,1.0,265,346,0,292,150,334,0.5508982035928144,0.29346622369878184,265,False,False,False,False
0.9968968629837036,0.6755260243632336,0.6728281098326295,1.0,0.473967684021544,1.0,264,346,0,293,150,334,0.5508982035928144,0.292358803986711,264,False,False,False,False
0.9970307350158691,0.6744186046511628,0.6716444862217386,1.0,0.47217235188509876,1.0,263,346,0,294,151,334,0.5479041916167665,0.2912513842746401,263,False,False,False,False
0.9970904588699341,0.6733111849390919,0.6704595640765854,1.0,0.4703770197486535,1.0,262,346,0,295,151,334,0.5479041916167665,0.2901439645625692,262,False,False,False,False
0.9971832633018494,0.6722037652270211,0.6692733337952743,1.0,0.46858168761220825,1.0,261,346,0,296,152,334,0.5449101796407185,0.28903654485049834,261,False,False,False,False
0.9972198009490967,0.6710963455149501,0.6680857857484966,1.0,0.466786355475763,1.0,260,346,0,297,152,334,0.5449101796407185,0.28792912513842744,260,False,False,False,False
0.9972612857818604,0.6699889258028793,0.6668969102792632,1.0,0.4649910233393178,1.0,259,346,0,298,153,334,0.5419161676646707,0.2868217054263566,259,False,False,False,False
0.9972621202468872,0.6688815060908084,0.6657066977026367,1.0,0.4631956912028725,1.0,258,346,0,299,154,334,0.5389221556886228,0.2857142857142857,258,False,False,False,False
0.9973425269126892,0.6677740863787376,0.6645151383054608,1.0,0.4614003590664273,1.0,257,346,0,300,155,334,0.5359281437125748,0.28460686600221485,257,False,False,False,False
0.9973487854003906,0.6666666666666666,0.6633222223460906,1.0,0.45960502692998206,1.0,256,346,0,301,156,334,0.5329341317365269,0.28349944629014395,256,False,False,False,False
0.9973819851875305,0.6655592469545958,0.6621279400541178,1.0,0.4578096947935368,1.0,255,346,0,302,157,334,0.5299401197604791,0.2823920265780731,255,False,False,False,False
0.9973844885826111,0.6644518272425249,0.6609322816300987,1.0,0.45601436265709155,1.0,254,346,0,303,158,334,0.5269461077844312,0.2812846068660022,254,False,False,False,False
0.9974362254142761,0.6633444075304541,0.6597352372452774,1.0,0.4542190305206463,1.0,253,346,0,304,159,334,0.5239520958083832,0.28017718715393136,253,False,False,False,False
0.9974578022956848,0.6622369878183831,0.6585367970413094,1.0,0.4524236983842011,1.0,252,346,0,305,160,334,0.5209580838323353,0.27906976744186046,252,False,False,False,False
0.9975143671035767,0.6611295681063123,0.6573369511299827,1.0,0.4506283662477558,1.0,251,346,0,306,161,334,0.5179640718562875,0.2779623477297896,251,False,False,False,False
0.9975538849830627,0.6600221483942414,0.6561356895929387,1.0,0.4488330341113106,1.0,250,346,0,307,161,334,0.5179640718562875,0.2768549280177187,250,False,False,False,False
0.9975711703300476,0.6589147286821705,0.6549330024813895,1.0,0.44703770197486536,1.0,249,346,0,308,161,334,0.5179640718562875,0.2757475083056478,249,False,False,False,False
0.9976580142974854,0.6578073089700996,0.6537288798158363,1.0,0.4452423698384201,1.0,248,346,0,309,162,334,0.5149700598802395,0.27464008859357697,248,False,False,False,False
0.9976674914360046,0.6566998892580288,0.6525233115857837,1.0,0.44344703770197486,1.0,247,346,0,310,163,334,0.5119760479041916,0.27353266888150607,247,False,False,False,False
0.9976816177368164,0.655592469545958,0.651316287749454,1.0,0.44165170556552963,1.0,246,346,0,311,164,334,0.5089820359281437,0.2724252491694352,246,False,False,False,False
0.997686505317688,0.654485049833887,0.6501077982335,1.0,0.4398563734290844,1.0,245,346,0,312,164,334,0.5089820359281437,0.2713178294573643,245,False,False,False,False
0.9976897239685059,0.6533776301218162,0.6488978329327147,1.0,0.4380610412926391,1.0,244,346,0,313,164,334,0.5089820359281437,0.2702104097452935,244,False,False,False,False
0.9977163076400757,0.6522702104097453,0.6476863817097416,1.0,0.4362657091561939,1.0,243,346,0,314,165,334,0.5059880239520959,0.2691029900332226,243,False,False,False,False
0.9977184534072876,0.6511627906976745,0.646473434394781,1.0,0.43447037701974867,1.0,242,346,0,315,166,334,0.5029940119760479,0.26799557032115173,242,False,False,False,False
0.9977432489395142,0.6500553709856035,0.6452589807852966,1.0,0.4326750448833034,1.0,241,346,0,316,166,334,0.5029940119760479,0.26688815060908083,241,False,False,False,False
0.9977983832359314,0.6489479512735327,0.6440430106457192,1.0,0.43087971274685816,1.0,240,346,0,317,166,334,0.5029940119760479,0.26578073089701,240,False,False,False,False
0.9978001713752747,0.6478405315614618,0.6428255137071497,1.0,0.42908438061041293,1.0,239,346,0,318,166,334,0.5029940119760479,0.2646733111849391,239,False,False,False,False
0.9978499412536621,0.646733111849391,0.6416064796670586,1.0,0.4272890484739677,1.0,238,346,0,319,166,334,0.5029940119760479,0.26356589147286824,238,False,False,False,False
0.9978638291358948,0.64562569213732,0.6403858981889866,1.0,0.4254937163375224,1.0,237,346,0,320,166,334,0.5029940119760479,0.26245847176079734,237,False,False,False,False
0.9979185461997986,0.6445182724252492,0.6391637589022406,1.0,0.4236983842010772,1.0,236,346,0,321,166,334,0.5029940119760479,0.26135105204872644,236,False,False,False,False
0.9979614019393921,0.6434108527131783,0.6379400514015898,1.0,0.42190305206463197,1.0,235,346,0,322,166,334,0.5029940119760479,0.2602436323366556,235,False,False,False,False
0.9979783892631531,0.6423034330011074,0.6367147652469594,1.0,0.42010771992818674,1.0,234,346,0,323,166,334,0.5029940119760479,0.2591362126245847,234,False,False,False,False
0.9980502128601074,0.6411960132890365,0.6354878899631218,1.0,0.41831238779174146,1.0,233,346,0,324,167,334,0.5,0.25802879291251385,233,False,False,False,False
0.9981162548065186,0.6400885935769657,0.6342594150393874,1.0,0.41651705565529623,1.0,232,346,0,325,168,334,0.49700598802395207,0.25692137320044295,232,False,False,False,False
0.9981523156166077,0.6389811738648948,0.6330293299292931,1.0,0.414721723518851,1.0,231,346,0,326,169,334,0.4940119760479042,0.2558139534883721,231,False,False,False,False
0.998160183429718,0.6378737541528239,0.6317976240502872,1.0,0.4129263913824057,1.0,230,346,0,327,170,334,0.49101796407185627,0.2547065337763012,230,False,False,False,False
0.99819415807724,0.636766334440753,0.6305642867834157,1.0,0.4111310592459605,1.0,229,346,0,328,171,334,0.4880239520958084,0.25359911406423036,229,False,False,False,False
0.9982049465179443,0.6356589147286822,0.6293293074730033,1.0,0.40933572710951527,1.0,228,346,0,329,172,334,0.48502994011976047,0.25249169435215946,228,False,False,False,False
0.9982351064682007,0.6345514950166113,0.628092675426335,1.0,0.40754039497307004,1.0,227,346,0,330,173,334,0.4820359281437126,0.2513842746400886,227,False,False,False,False
0.9982352256774902,0.6334440753045404,0.6268543799133343,1.0,0.40574506283662476,1.0,226,346,0,331,174,334,0.47904191616766467,0.2502768549280177,226,False,False,False,False
0.9982376098632812,0.6323366555924695,0.6256144101662404,1.0,0.40394973070017953,1.0,225,346,0,332,174,334,0.47904191616766467,0.24916943521594684,225,False,False,False,False
0.9982720613479614,0.6312292358803987,0.6243727553792824,1.0,0.4021543985637343,1.0,224,346,0,333,175,334,0.47604790419161674,0.24806201550387597,224,False,False,False,False
0.9982740879058838,0.6301218161683277,0.623129404708352,1.0,0.400359066427289,1.0,223,346,0,334,175,334,0.47604790419161674,0.2469545957918051,223,False,False,False,False
0.9983000159263611,0.6290143964562569,0.6218843472706751,1.0,0.3985637342908438,1.0,222,346,0,335,175,334,0.47604790419161674,0.24584717607973422,222,False,False,False,False
0.9983025789260864,0.627906976744186,0.620637572144479,1.0,0.39676840215439857,1.0,221,346,0,336,176,334,0.47305389221556887,0.24473975636766335,221,False,False,False,False
0.9983353018760681,0.6267995570321152,0.6193890683686603,1.0,0.39497307001795334,1.0,220,346,0,337,176,334,0.47305389221556887,0.24363233665559247,220,False,False,False,False
0.9983453750610352,0.6256921373200443,0.6181388249424482,1.0,0.39317773788150806,1.0,219,346,0,338,176,334,0.47305389221556887,0.2425249169435216,219,False,False,False,False
0.9983497858047485,0.6245847176079734,0.6168868308250681,1.0,0.39138240574506283,1.0,218,346,0,339,176,334,0.47305389221556887,0.24141749723145073,218,False,False,False,False
0.998353123664856,0.6234772978959026,0.6156330749354004,1.0,0.3895870736086176,1.0,217,346,0,340,176,334,0.47305389221556887,0.24031007751937986,217,False,False,False,False
0.9983578324317932,0.6223698781838317,0.6143775461516401,1.0,0.3877917414721723,1.0,216,346,0,341,177,334,0.47005988023952094,0.23920265780730898,216,False,False,False,False
0.9983580708503723,0.6212624584717608,0.6131202333109509,1.0,0.3859964093357271,1.0,215,346,0,342,178,334,0.46706586826347307,0.23809523809523808,215,False,False,False,False
0.9984018206596375,0.6201550387596899,0.6118611252091205,1.0,0.38420107719928187,1.0,214,346,0,343,179,334,0.46407185628742514,0.2369878183831672,214,False,False,False,False
0.9984094500541687,0.6190476190476191,0.6106002106002106,1.0,0.38240574506283664,1.0,213,346,0,344,180,334,0.46107784431137727,0.23588039867109634,213,False,False,False,False
0.9984220266342163,0.6179401993355482,0.6093374781962071,1.0,0.38061041292639136,1.0,212,346,0,345,180,334,0.46107784431137727,0.23477297895902546,212,False,False,False,False
0.9984257221221924,0.6168327796234773,0.6080729166666666,1.0,0.37881508078994613,1.0,211,346,0,346,181,334,0.45808383233532934,0.2336655592469546,211,False,False,False,False
0.9984574317932129,0.6157253599114064,0.6068065146383608,1.0,0.3770197486535009,1.0,210,346,0,347,182,334,0.4550898203592814,0.23255813953488372,210,False,False,False,False
0.998471200466156,0.6146179401993356,0.6055382606949187,1.0,0.3752244165170557,1.0,209,346,0,348,183,334,0.45209580838323354,0.23145071982281284,209,False,False,False,False
0.9985063672065735,0.6135105204872646,0.6042681433764667,1.0,0.3734290843806104,1.0,208,346,0,349,184,334,0.4491017964071856,0.23034330011074197,208,False,False,False,False
0.9985093474388123,0.6124031007751938,0.6029961511792666,1.0,0.37163375224416517,1.0,207,346,0,350,185,334,0.44610778443113774,0.2292358803986711,207,False,False,False,False
0.9985479712486267,0.6112956810631229,0.6017222725553493,1.0,0.36983842010771995,1.0,206,346,0,351,186,334,0.4431137724550898,0.22812846068660023,206,False,False,False,False
0.9985861778259277,0.6101882613510521,0.6004464959121489,1.0,0.36804308797127466,1.0,205,346,0,352,186,334,0.4431137724550898,0.22702104097452935,205,False,False,False,False
0.9985890984535217,0.6090808416389811,0.5991688096121321,1.0,0.36624775583482944,1.0,204,346,0,353,187,334,0.44011976047904194,0.22591362126245848,204,False,False,False,False
0.9985945820808411,0.6079734219269103,0.5978892019724262,1.0,0.3644524236983842,1.0,203,346,0,354,188,334,0.437125748502994,0.2248062015503876,203,False,False,False,False
0.9986016154289246,0.6068660022148394,0.5966076612644446,1.0,0.362657091561939,1.0,202,346,0,355,189,334,0.4341317365269461,0.22369878183831673,202,False,False,False,False
0.9986251592636108,0.6057585825027686,0.5953241757135088,1.0,0.3608617594254937,1.0,201,346,0,356,189,334,0.4341317365269461,0.22259136212624583,201,False,False,False,False
0.9986476302146912,0.6046511627906976,0.5940387334984694,1.0,0.3590664272890485,1.0,200,346,0,357,189,334,0.4341317365269461,0.22148394241417496,200,False,False,False,False
0.9986838698387146,0.6035437430786268,0.5927513227513228,1.0,0.35727109515260325,1.0,199,346,0,358,190,334,0.4311377245508982,0.2203765227021041,199,False,False,False,False
0.9987155199050903,0.602436323366556,0.591461931556827,1.0,0.35547576301615796,1.0,198,346,0,359,190,334,0.4311377245508982,0.21926910299003322,198,False,False,False,False
0.9987164735794067,0.6013289036544851,0.5901705479521134,1.0,0.35368043087971274,1.0,197,346,0,360,190,334,0.4311377245508982,0.21816168327796234,197,False,False,False,False
0.9987576007843018,0.6002214839424141,0.5888771599262967,1.0,0.3518850987432675,1.0,196,346,0,361,191,334,0.4281437125748503,0.21705426356589147,196,False,False,False,False
0.998760461807251,0.5991140642303433,0.5875817554200815,1.0,0.3500897666068223,1.0,195,346,0,362,191,334,0.4281437125748503,0.2159468438538206,195,False,False,False,False
0.9987949132919312,0.5980066445182725,0.5862843223253671,1.0,0.348294434470377,1.0,194,346,0,363,192,334,0.4251497005988024,0.21483942414174972,194,False,False,False,False
0.9987993240356445,0.5968992248062015,0.5849848484848486,1.0,0.3464991023339318,1.0,193,346,0,364,192,334,0.4251497005988024,0.21373200442967885,193,False,False,False,False
0.9988225102424622,0.5957918050941307,0.5836833216916153,1.0,0.34470377019748655,1.0,192,346,0,365,193,334,0.4221556886227545,0.21262458471760798,192,False,False,False,False
0.9988797307014465,0.5946843853820598,0.5823797296887478,1.0,0.34290843806104127,1.0,191,346,0,366,194,334,0.41916167664670656,0.2115171650055371,191,False,False,False,False
0.9988911747932434,0.593576965669989,0.5810740601689098,1.0,0.34111310592459604,1.0,190,346,0,367,195,334,0.4161676646706587,0.21040974529346623,190,False,False,False,False
0.9989123344421387,0.592469545957918,0.579766300773939,1.0,0.3393177737881508,1.0,189,346,0,368,196,334,0.41317365269461076,0.20930232558139536,189,False,False,False,False
0.9989249110221863,0.5913621262458472,0.5784564390944342,1.0,0.3375224416517056,1.0,188,346,0,369,197,334,0.4101796407185629,0.2081949058693245,188,False,False,False,False
0.9989625215530396,0.5902547065337763,0.5771444626693396,1.0,0.3357271095152603,1.0,187,346,0,370,198,334,0.40718562874251496,0.2070874861572536,187,False,False,False,False
0.998964786529541,0.5891472868217055,0.5758303589855269,1.0,0.3339317773788151,1.0,186,346,0,371,199,334,0.4041916167664671,0.2059800664451827,186,False,False,False,False
0.998977780342102,0.5880398671096345,0.5745141154773726,1.0,0.33213644524236985,1.0,185,346,0,372,199,334,0.4041916167664671,0.20487264673311184,185,False,False,False,False
0.9989814162254333,0.5869324473975637,0.5731957195263349,1.0,0.3303411131059246,1.0,184,346,0,373,200,334,0.40119760479041916,0.20376522702104097,184,False,False,False,False
0.9989920258522034,0.5858250276854928,0.5718751584605243,1.0,0.32854578096947934,1.0,183,346,0,374,200,334,0.40119760479041916,0.2026578073089701,183,False,False,False,False
0.998995840549469,0.584717607973422,0.5705524195542749,1.0,0.3267504488330341,1.0,182,346,0,375,201,334,0.39820359281437123,0.20155038759689922,182,False,False,False,False
0.9989963173866272,0.583610188261351,0.5692274900277092,1.0,0.3249551166965889,1.0,181,346,0,376,202,334,0.39520958083832336,0.20044296788482835,181,False,False,False,False
0.9990049004554749,0.5825027685492802,0.5679003570463017,1.0,0.3231597845601436,1.0,180,346,0,377,202,334,0.39520958083832336,0.19933554817275748,180,False,False,False,False
0.9990218877792358,0.5813953488372093,0.5665710077204389,1.0,0.3213644524236984,1.0,179,346,0,378,202,334,0.39520958083832336,0.1982281284606866,179,False,False,False,False
0.9990346431732178,0.5802879291251384,0.5652394291049754,1.0,0.31956912028725315,1.0,178,346,0,379,203,334,0.39221556886227543,0.19712070874861573,178,False,False,False,False
0.9990435242652893,0.5791805094130675,0.5639056081987881,1.0,0.3177737881508079,1.0,177,346,0,380,204,334,0.38922155688622756,0.19601328903654486,177,False,False,False,False
0.9990730285644531,0.5780730897009967,0.5625695319443261,1.0,0.31597845601436264,1.0,176,346,0,381,205,334,0.38622754491017963,0.19490586932447398,176,False,False,False,False
0.999077320098877,0.5769656699889258,0.5612311872271576,1.0,0.3141831238779174,1.0,175,346,0,382,205,334,0.38622754491017963,0.1937984496124031,175,False,False,False,False
0.9990928173065186,0.5758582502768549,0.559890560875513,1.0,0.3123877917414722,1.0,174,346,0,383,206,334,0.38323353293413176,0.19269102990033224,174,False,False,False,False
0.9990973472595215,0.574750830564784,0.5585476396598258,1.0,0.3105924596050269,1.0,173,346,0,384,207,334,0.38023952095808383,0.19158361018826134,173,False,False,False,False
0.9991293549537659,0.5736434108527132,0.557202410292269,1.0,0.3087971274685817,1.0,172,346,0,385,207,334,0.38023952095808383,0.19047619047619047,172,False,False,False,False
0.9991390705108643,0.5725359911406424,0.555854859426288,1.0,0.30700179533213645,1.0,171,346,0,386,207,334,0.38023952095808383,0.1893687707641196,171,False,False,False,False
0.9991602897644043,0.5714285714285714,0.5545049736561313,1.0,0.3052064631956912,1.0,170,346,0,387,207,334,0.38023952095808383,0.18826135105204872,170,False,False,False,False
0.9991711378097534,0.5703211517165006,0.5531527395163759,1.0,0.30341113105924594,1.0,169,346,0,388,208,334,0.3772455089820359,0.18715393133997785,169,False,False,False,False
0.9991745352745056,0.5692137320044297,0.5517981434814507,1.0,0.3016157989228007,1.0,168,346,0,389,209,334,0.37425149700598803,0.18604651162790697,168,False,False,False,False
0.9991769194602966,0.5681063122923588,0.5504411719651556,1.0,0.2998204667863555,1.0,167,346,0,390,210,334,0.3712574850299401,0.1849390919158361,167,False,False,False,False
0.9991948008537292,0.5669988925802879,0.5490818113201764,1.0,0.2980251346499102,1.0,166,346,0,391,211,334,0.36826347305389223,0.18383167220376523,166,False,False,False,False
0.9991989731788635,0.5658914728682171,0.5477200478375975,1.0,0.296229802513465,1.0,165,346,0,392,212,334,0.3652694610778443,0.18272425249169436,165,False,False,False,False
0.99920254945755,0.5647840531561462,0.5463558677464095,1.0,0.29443447037701975,1.0,164,346,0,393,212,334,0.3652694610778443,0.18161683277962348,164,False,False,False,False
0.9992467164993286,0.5636766334440753,0.5449892572130142,1.0,0.2926391382405745,1.0,163,346,0,394,213,334,0.36227544910179643,0.1805094130675526,163,False,False,False,False
0.9992503523826599,0.5625692137320044,0.5436202023407242,1.0,0.29084380610412924,1.0,162,346,0,395,214,334,0.3592814371257485,0.17940199335548174,162,False,False,False,False
0.9992753863334656,0.5614617940199336,0.5422486891692611,1.0,0.289048473967684,1.0,161,346,0,396,215,334,0.3562874251497006,0.17829457364341086,161,False,False,False,False
0.9992813467979431,0.5603543743078627,0.5408747036742473,1.0,0.2872531418312388,1.0,160,346,0,397,215,334,0.3562874251497006,0.17718715393134,160,False,False,False,False
0.9992818236351013,0.5592469545957918,0.5394982317666958,1.0,0.28545780969479356,1.0,159,346,0,398,216,334,0.3532934131736527,0.1760797342192691,159,False,False,False,False
0.9992846846580505,0.5581395348837209,0.5381192592924948,1.0,0.2836624775583483,1.0,158,346,0,399,217,334,0.3502994011976048,0.17497231450719822,158,False,False,False,False
0.9992871880531311,0.5570321151716501,0.5367377720318897,1.0,0.28186714542190305,1.0,157,346,0,400,218,334,0.3473053892215569,0.17386489479512734,157,False,False,False,False
0.9992972612380981,0.5559246954595792,0.5353537556989589,1.0,0.2800718132854578,1.0,156,346,0,401,219,334,0.344311377245509,0.17275747508305647,156,False,False,False,False
0.9993033409118652,0.5548172757475083,0.5339671959410883,1.0,0.27827648114901254,1.0,155,346,0,402,220,334,0.3413173652694611,0.1716500553709856,155,False,False,False,False
0.9993089437484741,0.5537098560354374,0.5325780783384391,1.0,0.2764811490125673,1.0,154,346,0,403,221,334,0.3383233532934132,0.17054263565891473,154,False,False,False,False
0.9993160963058472,0.5526024363233666,0.5311863884034131,1.0,0.2746858168761221,1.0,153,346,0,404,222,334,0.33532934131736525,0.16943521594684385,153,False,False,False,False
0.9993166923522949,0.5514950166112956,0.529792111580114,1.0,0.27289048473967686,1.0,152,346,0,405,223,334,0.3323353293413174,0.16832779623477298,152,False,False,False,False
0.999321460723877,0.5503875968992248,0.5283952332438022,1.0,0.2710951526032316,1.0,151,346,0,406,224,334,0.32934131736526945,0.1672203765227021,151,False,False,False,False
0.9993220567703247,0.5492801771871539,0.5269957387003487,1.0,0.26929982046678635,1.0,150,346,0,407,225,334,0.3263473053892216,0.16611295681063123,150,False,False,False,False
0.9993278980255127,0.5481727574750831,0.5255936131856812,1.0,0.26750448833034113,1.0,149,346,0,408,226,334,0.32335329341317365,0.16500553709856036,149,False,False,False,False
0.9993282556533813,0.5470653377630121,0.5241888418652288,1.0,0.26570915619389585,1.0,148,346,0,409,227,334,0.3203592814371258,0.1638981173864895,148,False,False,False,False
0.9993378520011902,0.5459579180509413,0.5227814098333607,1.0,0.2639138240574506,1.0,147,346,0,410,227,334,0.3203592814371258,0.16279069767441862,147,False,False,False,False
0.9993758797645569,0.5448504983388704,0.5213713021128205,1.0,0.2621184919210054,1.0,146,346,0,411,228,334,0.31736526946107785,0.16168327796234774,146,False,False,False,False
0.9993771910667419,0.5437430786267996,0.5199585036541559,1.0,0.26032315978456017,1.0,145,346,0,412,229,334,0.3143712574850299,0.16057585825027684,145,False,False,False,False
0.9993864297866821,0.5426356589147286,0.518542999335145,1.0,0.2585278276481149,1.0,144,346,0,413,229,334,0.3143712574850299,0.15946843853820597,144,False,False,False,False
0.9993946552276611,0.5415282392026578,0.5171247739602169,1.0,0.25673249551166966,1.0,143,346,0,414,230,334,0.31137724550898205,0.1583610188261351,143,False,False,False,False
0.9993951320648193,0.540420819490587,0.5157038122598679,1.0,0.25493716337522443,1.0,142,346,0,415,231,334,0.3083832335329341,0.15725359911406422,142,False,False,False,False
0.9994010925292969,0.5393133997785161,0.5142800988900728,1.0,0.25314183123877915,1.0,141,346,0,416,232,334,0.30538922155688625,0.15614617940199335,141,False,False,False,False
0.9994125366210938,0.5382059800664452,0.5128536184316916,1.0,0.2513464991023339,1.0,140,346,0,417,233,334,0.3023952095808383,0.15503875968992248,140,False,False,False,False
0.9994150400161743,0.5370985603543743,0.5114243553898726,1.0,0.2495511669658887,1.0,139,346,0,418,234,334,0.2994011976047904,0.1539313399778516,139,False,False,False,False
0.9994235038757324,0.5359911406423035,0.509992294193448,1.0,0.24775583482944344,1.0,138,346,0,419,235,334,0.2964071856287425,0.15282392026578073,138,False,False,False,False
0.9994254112243652,0.5348837209302325,0.5085574191943275,1.0,0.2459605026929982,1.0,137,346,0,420,235,334,0.2964071856287425,0.15171650055370986,137,False,False,False,False
0.9994344115257263,0.5337763012181617,0.5071197146668844,1.0,0.24416517055655296,1.0,136,346,0,421,236,334,0.2934131736526946,0.150609080841639,136,False,False,False,False
0.9994346499443054,0.5326688815060908,0.5056791648073391,1.0,0.24236983842010773,1.0,135,346,0,422,237,334,0.2904191616766467,0.14950166112956811,135,False,False,False,False
0.9994385838508606,0.53156146179402,0.5042357537331352,1.0,0.24057450628366248,1.0,134,346,0,423,238,334,0.2874251497005988,0.14839424141749724,134,False,False,False,False
0.9994553923606873,0.530454042081949,0.5027894654823126,1.0,0.23877917414721722,1.0,133,346,0,424,239,334,0.2844311377245509,0.14728682170542637,133,False,False,False,False
0.9994632601737976,0.5293466223698782,0.501340284012874,1.0,0.236983842010772,1.0,132,346,0,425,240,334,0.281437125748503,0.1461794019933555,132,False,False,False,False
0.9994677901268005,0.5282392026578073,0.49988819320214667,1.0,0.23518850987432674,1.0,131,346,0,426,241,334,0.27844311377245506,0.1450719822812846,131,False,False,False,False
0.9994685053825378,0.5271317829457365,0.4984331768461392,1.0,0.2333931777378815,1.0,130,346,0,427,242,334,0.2754491017964072,0.14396456256921372,130,False,False,False,False
0.9994717240333557,0.5260243632336655,0.49697521865889216,1.0,0.23159784560143626,1.0,129,346,0,428,243,334,0.27245508982035926,0.14285714285714285,129,False,False,False,False
0.9994720816612244,0.5249169435215947,0.4955143022718246,1.0,0.22980251346499103,1.0,128,346,0,429,243,334,0.27245508982035926,0.14174972314507198,128,False,False,False,False
0.9994856119155884,0.5238095238095238,0.49405041123307375,1.0,0.22800718132854578,1.0,127,346,0,430,244,334,0.2694610778443114,0.1406423034330011,127,False,False,False,False
0.9995111227035522,0.5227021040974529,0.49258352900683045,1.0,0.22621184919210055,1.0,126,346,0,431,245,334,0.26646706586826346,0.13953488372093023,126,False,False,False,False
0.9995145797729492,0.521594684385382,0.4911136389726678,1.0,0.2244165170556553,1.0,125,346,0,432,246,334,0.2634730538922156,0.13842746400885936,125,False,False,False,False
0.9995286464691162,0.5204872646733112,0.4896407244248654,1.0,0.22262118491921004,1.0,124,346,0,433,247,334,0.26047904191616766,0.13732004429678848,124,False,False,False,False
0.9995336532592773,0.5193798449612403,0.4881647685717271,1.0,0.22082585278276481,1.0,123,346,0,434,248,334,0.25748502994011974,0.1362126245847176,123,False,False,False,False
0.9995439648628235,0.5182724252491694,0.48668575453489327,1.0,0.21903052064631956,1.0,122,346,0,435,249,334,0.25449101796407186,0.13510520487264674,122,False,False,False,False
0.999545156955719,0.5171650055370985,0.48520366534864745,1.0,0.21723518850987433,1.0,121,346,0,436,249,334,0.25449101796407186,0.13399778516057587,121,False,False,False,False
0.9995514750480652,0.5160575858250277,0.4837184839592167,1.0,0.21543985637342908,1.0,120,346,0,437,250,334,0.25149700598802394,0.132890365448505,120,False,False,False,False
0.9995543360710144,0.5149501661129569,0.48223019322406663,1.0,0.21364452423698385,1.0,119,346,0,438,251,334,0.24850299401197604,0.13178294573643412,119,False,False,False,False
0.9995631575584412,0.5138427464008859,0.4807387759111897,1.0,0.2118491921005386,1.0,118,346,0,439,252,334,0.24550898203592814,0.13067552602436322,118,False,False,False,False
0.9995906949043274,0.512735326688815,0.4792442146983884,1.0,0.21005385996409337,1.0,117,346,0,440,253,334,0.24251497005988024,0.12956810631229235,117,False,False,False,False
0.9995971322059631,0.5116279069767442,0.4777464921725514,1.0,0.20825852782764812,1.0,116,346,0,441,254,334,0.23952095808383234,0.12846068660022147,116,False,False,False,False
0.9995999932289124,0.5105204872646734,0.47624559082892415,1.0,0.20646319569120286,1.0,115,346,0,442,255,334,0.23652694610778444,0.1273532668881506,115,False,False,False,False
0.9996080994606018,0.5094130675526024,0.474741493070373,1.0,0.20466786355475763,1.0,114,346,0,443,256,334,0.23353293413173654,0.12624584717607973,114,False,False,False,False
0.9996127486228943,0.5083056478405316,0.47323418120664285,1.0,0.20287253141831238,1.0,113,346,0,444,257,334,0.23053892215568864,0.12513842746400886,113,False,False,False,False
0.9996176958084106,0.5071982281284607,0.47172363745360896,1.0,0.20107719928186715,1.0,112,346,0,445,258,334,0.2275449101796407,0.12403100775193798,112,False,False,False,False
0.9996285438537598,0.5060908084163898,0.47020984393252163,1.0,0.1992818671454219,1.0,111,346,0,446,259,334,0.2245508982035928,0.12292358803986711,111,False,False,False,False
0.9996421337127686,0.5049833887043189,0.46869278266924486,1.0,0.19748653500897667,1.0,110,346,0,447,260,334,0.2215568862275449,0.12181616832779624,110,False,False,False,False
0.9996507167816162,0.5038759689922481,0.4671724355934882,1.0,0.19569120287253142,1.0,109,346,0,448,260,334,0.2215568862275449,0.12070874861572536,109,False,False,False,False
0.9996535778045654,0.5027685492801772,0.4656487845380322,1.0,0.19389587073608616,1.0,108,346,0,449,260,334,0.2215568862275449,0.11960132890365449,108,False,False,False,False
0.9996664524078369,0.5016611295681063,0.46412181123794655,1.0,0.19210053859964094,1.0,107,346,0,450,261,334,0.218562874251497,0.1184939091915836,107,False,False,False,False
0.9996744394302368,0.5005537098560354,0.4625914973298021,1.0,0.19030520646319568,1.0,106,346,0,451,261,334,0.218562874251497,0.11738648947951273,106,False,False,False,False
0.9996758699417114,0.4994462901439646,0.4610578243508757,1.0,0.18850987432675045,1.0,105,346,0,452,261,334,0.218562874251497,0.11627906976744186,105,False,False,False,False
0.9996881484985352,0.4983388704318937,0.459520773738348,1.0,0.1867145421903052,1.0,104,346,0,453,262,334,0.2155688622754491,0.11517165005537099,104,False,False,False,False
0.9996908903121948,0.49723145071982283,0.4579803268284944,1.0,0.18491921005385997,1.0,103,346,0,454,263,334,0.2125748502994012,0.11406423034330011,103,False,False,False,False
0.9996950626373291,0.49612403100775193,0.45643646485586864,1.0,0.18312387791741472,1.0,102,346,0,455,264,334,0.20958083832335328,0.11295681063122924,102,False,False,False,False
0.9996964931488037,0.4950166112956811,0.4548891689524798,1.0,0.1813285457809695,1.0,101,346,0,456,265,334,0.20658682634730538,0.11184939091915837,101,False,False,False,False
0.9997115731239319,0.4939091915836102,0.45333842014696124,1.0,0.17953321364452424,1.0,100,346,0,457,265,334,0.20658682634730538,0.11074197120708748,100,False,False,False,False
0.9997196793556213,0.49280177187153934,0.4517841993637327,1.0,0.17773788150807898,1.0,99,346,0,458,265,334,0.20658682634730538,0.10963455149501661,99,False,False,False,False
0.999727189540863,0.49169435215946844,0.4502264874221553,1.0,0.17594254937163376,1.0,98,346,0,459,265,334,0.20658682634730538,0.10852713178294573,98,False,False,False,False
0.9997316002845764,0.49058693244739754,0.44866526503567783,1.0,0.1741472172351885,1.0,97,346,0,460,266,334,0.20359281437125748,0.10741971207087486,97,False,False,False,False
0.9997379183769226,0.4894795127353267,0.4471005128109772,1.0,0.17235188509874327,1.0,96,346,0,461,267,334,0.20059880239520958,0.10631229235880399,96,False,False,False,False
0.99974125623703,0.4883720930232558,0.44553221124708936,1.0,0.17055655296229802,1.0,95,346,0,462,268,334,0.19760479041916168,0.10520487264673312,95,False,False,False,False
0.9997478127479553,0.48726467331118495,0.4439603407345343,1.0,0.1687612208258528,1.0,94,346,0,463,268,334,0.19760479041916168,0.10409745293466224,94,False,False,False,False
0.999754011631012,0.48615725359911405,0.4423848815544317,1.0,0.16696588868940754,1.0,93,346,0,464,268,334,0.19760479041916168,0.10299003322259136,93,False,False,False,False
0.9997541308403015,0.4850498338870432,0.44080581387760975,1.0,0.1651705565529623,1.0,92,346,0,465,269,334,0.19461077844311378,0.10188261351052048,92,False,False,False,False
0.9997884631156921,0.4839424141749723,0.439223117763705,1.0,0.16337522441651706,1.0,91,346,0,466,270,334,0.19161676646706588,0.10077519379844961,91,False,False,False,False
0.9998030066490173,0.48283499446290146,0.4376367731602551,1.0,0.1615798922800718,1.0,90,346,0,467,271,334,0.18862275449101795,0.09966777408637874,90,False,False,False,False
0.999804675579071,0.48172757475083056,0.4360467599017829,1.0,0.15978456014362658,1.0,89,346,0,468,272,334,0.18562874251497005,0.09856035437430787,89,False,False,False,False
0.9998077750205994,0.4806201550387597,0.43445305770887166,1.0,0.15798922800718132,1.0,88,346,0,469,273,334,0.18263473053892215,0.09745293466223699,88,False,False,False,False
0.9998086094856262,0.4795127353266888,0.43285564618723343,1.0,0.1561938958707361,1.0,87,346,0,470,273,334,0.18263473053892215,0.09634551495016612,87,False,False,False,False
0.9998093247413635,0.47840531561461797,0.4312545048267673,1.0,0.15439856373429084,1.0,86,346,0,471,274,334,0.17964071856287425,0.09523809523809523,86,False,False,False,False
0.9998143315315247,0.47729789590254706,0.4296496130006102,1.0,0.1526032315978456,1.0,85,346,0,472,274,334,0.17964071856287425,0.09413067552602436,85,False,False,False,False
0.9998225569725037,0.47619047619047616,0.42804094996417885,1.0,0.15080789946140036,1.0,84,346,0,473,274,334,0.17964071856287425,0.09302325581395349,84,False,False,False,False
0.9998243451118469,0.4750830564784053,0.4264284948542024,1.0,0.1490125673249551,1.0,83,346,0,474,274,334,0.17964071856287425,0.09191583610188261,83,False,False,False,False
0.9998249411582947,0.4739756367663344,0.4248122266877472,1.0,0.14721723518850988,1.0,82,346,0,475,275,334,0.17664670658682635,0.09080841638981174,82,False,False,False,False
0.9998266100883484,0.4728682170542636,0.4231921243612316,1.0,0.14542190305206462,1.0,81,346,0,476,276,334,0.17365269461077845,0.08970099667774087,81,False,False,False,False
0.9998341798782349,0.4717607973421927,0.4215681666494327,1.0,0.1436265709156194,1.0,80,346,0,477,276,334,0.17365269461077845,0.08859357696567,80,False,False,False,False
0.9998362064361572,0.4706533776301218,0.4199403322044831,1.0,0.14183123877917414,1.0,79,346,0,478,277,334,0.17065868263473055,0.08748615725359911,79,False,False,False,False
0.9998401403427124,0.4695459579180509,0.4183085995548592,1.0,0.1400359066427289,1.0,78,346,0,479,278,334,0.16766467065868262,0.08637873754152824,78,False,False,False,False
0.9998410940170288,0.4684385382059801,0.4166729471043593,1.0,0.13824057450628366,1.0,77,346,0,480,279,334,0.16467065868263472,0.08527131782945736,77,False,False,False,False
0.9998434782028198,0.4673311184939092,0.41503335313107315,1.0,0.13644524236983843,1.0,76,346,0,481,279,334,0.16467065868263472,0.08416389811738649,76,False,False,False,False
0.999845027923584,0.46622369878183834,0.41338979578634116,1.0,0.13464991023339318,1.0,75,346,0,482,279,334,0.16467065868263472,0.08305647840531562,75,False,False,False,False
0.9998461008071899,0.46511627906976744,0.4117422530937047,1.0,0.13285457809694792,1.0,74,346,0,483,280,334,0.16167664670658682,0.08194905869324474,74,False,False,False,False
0.9998617172241211,0.4640088593576966,0.4100907029478458,1.0,0.1310592459605027,1.0,73,346,0,484,281,334,0.15868263473053892,0.08084163898117387,73,False,False,False,False
0.999872088432312,0.4629014396456257,0.4084351231135179,1.0,0.12926391382405744,1.0,72,346,0,485,282,334,0.15568862275449102,0.07973421926910298,72,False,False,False,False
0.9998737573623657,0.46179401993355484,0.40677549122446555,1.0,0.12746858168761221,1.0,71,346,0,486,283,334,0.15269461077844312,0.07862679955703211,71,False,False,False,False
0.9998757839202881,0.46068660022148394,0.4051117847823352,1.0,0.12567324955116696,1.0,70,346,0,487,283,334,0.15269461077844312,0.07751937984496124,70,False,False,False,False
0.999885082244873,0.45957918050941304,0.4034439811555748,1.0,0.12387791741472172,1.0,69,346,0,488,283,334,0.15269461077844312,0.07641196013289037,69,False,False,False,False
0.9998863935470581,0.4584717607973422,0.40177205757832346,1.0,0.12208258527827648,1.0,68,346,0,489,284,334,0.1497005988023952,0.0753045404208195,68,False,False,False,False
0.9998871088027954,0.4573643410852713,0.4000959911492907,1.0,0.12028725314183124,1.0,67,346,0,490,285,334,0.1467065868263473,0.07419712070874862,67,False,False,False,False
0.9998874664306641,0.45625692137320045,0.39841575883062486,1.0,0.118491921005386,1.0,66,346,0,491,286,334,0.1437125748502994,0.07308970099667775,66,False,False,False,False
0.9998894929885864,0.45514950166112955,0.3967313374467715,1.0,0.11669658886894076,1.0,65,346,0,492,287,334,0.1407185628742515,0.07198228128460686,65,False,False,False,False
0.9998958110809326,0.4540420819490587,0.3950427036833201,1.0,0.11490125673249552,1.0,64,346,0,493,287,334,0.1407185628742515,0.07087486157253599,64,False,False,False,False
0.9998960494995117,0.4529346622369878,0.3933498340858402,1.0,0.11310592459605028,1.0,63,346,0,494,287,334,0.1407185628742515,0.06976744186046512,63,False,False,False,False
0.9999006986618042,0.45182724252491696,0.3916527050587068,1.0,0.11131059245960502,1.0,62,346,0,495,288,334,0.1377245508982036,0.06866002214839424,62,False,False,False,False
0.9999016523361206,0.45071982281284606,0.3899512928639142,1.0,0.10951526032315978,1.0,61,346,0,496,289,334,0.1347305389221557,0.06755260243632337,61,False,False,False,False
0.9999021291732788,0.4496124031007752,0.3882455736198786,1.0,0.10771992818671454,1.0,60,346,0,497,289,334,0.1347305389221557,0.0664451827242525,60,False,False,False,False
0.9999030828475952,0.4485049833887043,0.3865355233002292,1.0,0.1059245960502693,1.0,59,346,0,498,290,334,0.1317365269461078,0.06533776301218161,59,False,False,False,False
0.9999070167541504,0.44739756367663347,0.38482111773258787,1.0,0.10412926391382406,1.0,58,346,0,499,290,334,0.1317365269461078,0.06423034330011074,58,False,False,False,False
0.9999078512191772,0.44629014396456257,0.3831023325973373,1.0,0.10233393177737882,1.0,57,346,0,500,290,334,0.1317365269461078,0.06312292358803986,57,False,False,False,False
0.9999104738235474,0.44518272425249167,0.3813791434263766,1.0,0.10053859964093358,1.0,56,346,0,501,290,334,0.1317365269461078,0.06201550387596899,56,False,False,False,False
0.9999151229858398,0.4440753045404208,0.37965152560186555,1.0,0.09874326750448834,1.0,55,346,0,502,291,334,0.12874251497005987,0.06090808416389812,55,False,False,False,False
0.9999164342880249,0.4429678848283499,0.3779194543549569,1.0,0.09694793536804308,1.0,54,346,0,503,292,334,0.12574850299401197,0.059800664451827246,54,False,False,False,False
0.9999207258224487,0.4418604651162791,0.37618290476451555,1.0,0.09515260323159784,1.0,53,346,0,504,293,334,0.12275449101796407,0.058693244739756366,53,False,False,False,False
0.9999254941940308,0.4407530454042082,0.37444185175582634,1.0,0.0933572710951526,1.0,52,346,0,505,294,334,0.11976047904191617,0.05758582502768549,52,False,False,False,False
0.9999257326126099,0.43964562569213733,0.3726962700992883,1.0,0.09156193895870736,1.0,51,346,0,506,295,334,0.11676646706586827,0.05647840531561462,51,False,False,False,False
0.99992835521698,0.43853820598006643,0.3709461344090971,1.0,0.08976660682226212,1.0,50,346,0,507,295,334,0.11676646706586827,0.05537098560354374,50,False,False,False,False
0.9999302625656128,0.4374307862679956,0.36919141914191417,1.0,0.08797127468581688,1.0,49,346,0,508,295,334,0.11676646706586827,0.05426356589147287,49,False,False,False,False
0.9999338388442993,0.4363233665559247,0.367432098595523,1.0,0.08617594254937164,1.0,48,346,0,509,296,334,0.11377245508982035,0.053156146179401995,48,False,False,False,False
0.9999345541000366,0.43521594684385384,0.3656681469074721,1.0,0.0843806104129264,1.0,47,346,0,510,296,334,0.11377245508982035,0.05204872646733112,47,False,False,False,False
0.9999350309371948,0.43410852713178294,0.36389953805370484,1.0,0.08258527827648116,1.0,46,346,0,511,297,334,0.11077844311377245,0.05094130675526024,46,False,False,False,False
0.9999352693557739,0.4330011074197121,0.36212624584717606,1.0,0.0807899461400359,1.0,45,346,0,512,298,334,0.10778443113772455,0.04983388704318937,45,False,False,False,False
0.9999368190765381,0.4318936877076412,0.3603482439364544,1.0,0.07899461400359066,1.0,44,346,0,513,298,334,0.10778443113772455,0.048726467331118496,44,False,False,False,False
0.9999376535415649,0.43078626799557035,0.3585655058043118,1.0,0.07719928186714542,1.0,43,346,0,514,299,334,0.10479041916167664,0.047619047619047616,43,False,False,False,False
0.9999377727508545,0.42967884828349945,0.3567780047662979,1.0,0.07540394973070018,1.0,42,346,0,515,300,334,0.10179640718562874,0.046511627906976744,42,False,False,False,False
0.999937891960144,0.42857142857142855,0.3549857139693017,1.0,0.07360861759425494,1.0,41,346,0,516,301,334,0.09880239520958084,0.04540420819490587,41,False,False,False,False
0.9999402761459351,0.4274640088593577,0.3531886063900977,1.0,0.0718132854578097,1.0,40,346,0,517,302,334,0.09580838323353294,0.044296788482835,40,False,False,False,False
0.9999436140060425,0.4263565891472868,0.35138665483387876,1.0,0.07001795332136446,1.0,39,346,0,518,302,334,0.09580838323353294,0.04318936877076412,39,False,False,False,False
0.9999490976333618,0.42524916943521596,0.3495798319327731,1.0,0.06822262118491922,1.0,38,346,0,519,303,334,0.09281437125748503,0.042081949058693245,38,False,False,False,False
0.9999538660049438,0.42414174972314506,0.3477681101443478,1.0,0.06642728904847396,1.0,37,346,0,520,304,334,0.08982035928143713,0.04097452934662237,37,False,False,False,False
0.999955415725708,0.4230343300110742,0.3459514617500963,1.0,0.06463195691202872,1.0,36,346,0,521,304,334,0.08982035928143713,0.03986710963455149,36,False,False,False,False
0.9999560117721558,0.4219269102990033,0.34412985885391156,1.0,0.06283662477558348,1.0,35,346,0,522,304,334,0.08982035928143713,0.03875968992248062,35,False,False,False,False
0.9999570846557617,0.42081949058693247,0.34230327338054356,1.0,0.06104129263913824,1.0,34,346,0,523,305,334,0.08682634730538923,0.03765227021040975,34,False,False,False,False
0.9999585151672363,0.41971207087486156,0.340471677074041,1.0,0.059245960502693,1.0,33,346,0,524,306,334,0.08383233532934131,0.036544850498338874,33,False,False,False,False
0.9999594688415527,0.4186046511627907,0.33863504149617824,1.0,0.05745062836624776,1.0,32,346,0,525,307,334,0.08083832335329341,0.035437430786267994,32,False,False,False,False
0.9999605417251587,0.4174972314507198,0.3367933380248651,1.0,0.05565529622980251,1.0,31,346,0,526,308,334,0.07784431137724551,0.03433001107419712,31,False,False,False,False
0.9999631643295288,0.416389811738649,0.334946537852542,1.0,0.05385996409335727,1.0,30,346,0,527,309,334,0.0748502994011976,0.03322259136212625,30,False,False,False,False
0.9999648332595825,0.4152823920265781,0.33309461198455775,1.0,0.05206463195691203,1.0,29,346,0,528,310,334,0.0718562874251497,0.03211517165005537,29,False,False,False,False
0.9999657869338989,0.4141749723145072,0.33123753123753125,1.0,0.05026929982046679,1.0,28,346,0,529,310,334,0.0718562874251497,0.031007751937984496,28,False,False,False,False
0.9999668598175049,0.4130675526024363,0.32937526623769703,1.0,0.04847396768402154,1.0,27,346,0,530,311,334,0.0688622754491018,0.029900332225913623,27,False,False,False,False
0.9999692440032959,0.4119601328903654,0.32750778741923314,1.0,0.0466786355475763,1.0,26,346,0,531,311,334,0.0688622754491018,0.028792912513842746,26,False,False,False,False
0.9999711513519287,0.4108527131782946,0.3256350650225726,1.0,0.04488330341113106,1.0,25,346,0,532,312,334,0.0658682634730539,0.02768549280177187,25,False,False,False,False
0.9999743700027466,0.4097452934662237,0.3237570690926973,1.0,0.04308797127468582,1.0,24,346,0,533,313,334,0.06287425149700598,0.026578073089700997,24,False,False,False,False
0.9999760389328003,0.40863787375415284,0.32187376947741464,1.0,0.04129263913824058,1.0,23,346,0,534,314,334,0.059880239520958084,0.02547065337763012,23,False,False,False,False
0.9999772310256958,0.40753045404208194,0.3199851358256162,1.0,0.03949730700179533,1.0,22,346,0,535,315,334,0.05688622754491018,0.024363233665559248,22,False,False,False,False
0.9999781847000122,0.4064230343300111,0.318091137585519,1.0,0.03770197486535009,1.0,21,346,0,536,315,334,0.05688622754491018,0.023255813953488372,21,False,False,False,False
0.9999809265136719,0.4053156146179402,0.316191744002888,1.0,0.03590664272890485,1.0,20,346,0,537,316,334,0.05389221556886228,0.0221483942414175,20,False,False,False,False
0.9999839067459106,0.40420819490586934,0.3142869241192412,1.0,0.03411131059245961,1.0,19,346,0,538,317,334,0.05089820359281437,0.021040974529346623,19,False,False,False,False
0.9999843835830688,0.40310077519379844,0.31237664677003496,1.0,0.03231597845601436,1.0,18,346,0,539,318,334,0.04790419161676647,0.019933554817275746,18,False,False,False,False
0.9999873638153076,0.4019933554817276,0.3104608805828318,1.0,0.03052064631956912,1.0,17,346,0,540,319,334,0.04491017964071856,0.018826135105204873,17,False,False,False,False
0.9999886751174927,0.4008859357696567,0.30853959397544833,1.0,0.02872531418312388,1.0,16,346,0,541,320,334,0.041916167664670656,0.017718715393133997,16,False,False,False,False
0.9999905824661255,0.3997785160575858,0.30661275515408415,1.0,0.026929982046678635,1.0,15,346,0,542,321,334,0.038922155688622756,0.016611295681063124,15,False,False,False,False
0.9999912977218628,0.39867109634551495,0.30468033211143175,1.0,0.025134649910233394,1.0,14,346,0,543,322,334,0.03592814371257485,0.015503875968992248,14,False,False,False,False
0.9999918937683105,0.39756367663344405,0.3027422926247658,1.0,0.02333931777378815,1.0,13,346,0,544,323,334,0.03293413173652695,0.014396456256921373,13,False,False,False,False
0.9999922513961792,0.3953488372093023,0.2988492343398029,1.0,0.019748653500897665,1.0,11,346,0,546,324,334,0.029940119760479042,0.012181616832779624,11,False,False,False,False
0.9999926090240479,0.39424141749723146,0.2968941500014946,1.0,0.017953321364452424,1.0,10,346,0,547,325,334,0.02694610778443114,0.01107419712070875,10,False,False,False,False
0.9999935626983643,0.39313399778516056,0.2949333181351875,1.0,0.01615798922800718,1.0,9,346,0,548,326,334,0.023952095808383235,0.009966777408637873,9,False,False,False,False
0.9999948740005493,0.3920265780730897,0.29296670541170766,1.0,0.01436265709156194,1.0,8,346,0,549,327,334,0.020958083832335328,0.008859357696566999,8,False,False,False,False
0.9999954700469971,0.3909191583610188,0.2909942782745743,1.0,0.012567324955116697,1.0,7,346,0,550,327,334,0.020958083832335328,0.007751937984496124,7,False,False,False,False
0.9999961853027344,0.38981173864894797,0.2890160029379445,1.0,0.010771992818671455,1.0,6,346,0,551,328,334,0.017964071856287425,0.006644518272425249,6,False,False,False,False
0.999996542930603,0.38870431893687707,0.2870318453845362,1.0,0.008976660682226212,1.0,5,346,0,552,329,334,0.014970059880239521,0.005537098560354375,5,False,False,False,False
0.9999966621398926,0.3875968992248062,0.285041771363529,1.0,0.00718132854578097,1.0,4,346,0,553,330,334,0.011976047904191617,0.004429678848283499,4,False,False,False,False
0.9999991655349731,0.3864894795127353,0.283045746388443,1.0,0.005385996409335727,1.0,3,346,0,554,331,334,0.008982035928143712,0.0033222591362126247,3,False,False,False,False
0.9999992847442627,0.3853820598006645,0.2810437357349948,1.0,0.003590664272890485,1.0,2,346,0,555,332,334,0.005988023952095809,0.0022148394241417496,2,False,False,False,False
0.9999998807907104,0.3842746400885936,0.2790357044389303,1.0,0.0017953321364452424,1.0,1,346,0,556,333,334,0.0029940119760479044,0.0011074197120708748,1,False,False,False,False
1.0,0.3831672203765227,0.27702161729383507,0.0,0.0,1.0,0,346,0,557,334,334,0.0,0.0,0,False,False,False,False
